tree
version=v4
num_class=1
num_tree_per_iteration=1
label_index=0
max_feature_idx=71
objective=lambdarank
feature_names=exhibition_time exhibition_start_timing pred_course nat_win_rate nat_quinella_rate motor_rate boat_rate weight branch course_run_count course_quinella_rate course_trifecta_rate course_1st_rate course_avg_st wind_speed wind_direction wave_height local_win_rate venue_course_1st_rate venue_course_2nd_rate venue_course_3rd_rate st_std_dev syn_win_rate racer_rank_num makuri_rate makurizashi_rate sashi_rate nige_rate series_avg_rank inner_st_gap slit_formation anti_nige_potential wall_strength follow_potential ex_diff_from_race_min ex_diff_from_race_mean tenji_z_score ex_rank_in_race linear_rank is_linear_leader ex_momentum_diff ex_momentum_deviation is_strong_wind is_gale_wind wind_makuri_cross strong_wind_makuri wind_makurizashi_cross strong_wind_outer_adv wind_nige_vulnerability high_wind_alert wave_weight_prod wave_weight_ratio is_high_wave high_wave_heavy_penalty high_wave_inner_risk weight_diff local_perf_diff wind_vector_long wind_vector_lat corrected_st inner_st_gap_corrected motor_rank tenji_rank motor_gap specialist_score sashi_potential makuri_potential venue_code_y venue_frame_win_rate rank_numeric level_adjusted_win_rate rank_skill_gap
feature_infos=[6.3300000000000001:8.25] [0:0.95999999999999996] [1:6] [0:9.1600000000000001] [0:80.650000000000006] [0:90.909999999999997] [0:90.909999999999997] [40:66] -1:13:10:9:4:3:16:6:7:5:2:14:17:1:0:15:11:12:8 [1:6864] [0:89.700000000000003] [0:93.5] [0:78.599999999999994] [0.070000000000000007:0.31] [0:15] -1:2:3:0:4:5:6:1:8:7 [0:40] [0.67000000000000004:8.7100000000000009] [0.69999999999999996:67.700000000000003] [3.2000000000000002:32.700000000000003] [6.5:24.5] [0.054788097464989936:0.12842831326955226] [0:12.63385182375098] [1:4] [0:0.29032258064516131] [0:0.25] [0:0.23164335664335664] [0:0.76479750778816202] [1:6] [-0.90000000000000002:0.90000000000000002] [-0.59499999999999997:0.88] [0:0.27476958525345624] [0:89.700000000000003] [0:9.6920903954802249] [0:1.1799999999999997] [-0.38166666666666682:0.92166666666666774] [-2.0412414523193343:2.041241452319388] [1:6] [1:6] [0:1] [-2.04:1.5300000000000002] [-0.69749999999999979:1.3993333333333329] [0:1] [0:1] [0:2.903225806451613] [0:0.29032258064516131] [0:1.4803625377643503] [0:1] [0:10.741379310344827] [0:1] [0:2240] [0:0.76923076923076927] [0:1] [0:14] [0:1] [-11.833333333333336:16.666666666666664] [-3.9800000000000004:6.6200000000000001] [-14:12] [-10.606601717798211:10] [0.070000000000000007:0.31] [-0.14999999999999999:0.14999999999999997] [1:6] [1:6] [-5:5] [-6.3300000000000001:73.420000000000002] [0:23.144104803493452] [0:1.6875] -1:8:7:14:23:5:16:20:1:6:11:4:0:9:21:22:18:19:10:12:13:2:15:3:17 [0.017600000000000001:0.63149999999999995] [1:4] [0:36.640000000000001] [-6.6695218195488026:5.1308909419135613]
tree_sizes=3561 3561 3560 3562 3555 3560 3562 3571 3586 3571 3560 3563 3562 3574 3560 3578 3563 3569 3587 3604 3567 3586 3558 3581 3574 3580 3587 3589 3581 3569 3577 3579 3593 3561 3585 3586 3561 3581 3573 3570 3591 3556 3601 3594 3555 3568 3564 3585 3563 3553 3573 3563 3569 3553 3530 3558 3535 3566 3542 3515 3566 3527 3567 3547 3515 3570 3512 3528 3550 3546 3539 3547 3553 3472 3543 3529 3566 3527 3552 3570 3552 3520 3509 3559 3522 3544 3537 3501 3535 3603 3510 3524 3527 3539 3525 3554 3524 3513 3516 3527 3499 3472 3505 3529 3524 3525 3491 3530 3533 3523 3568 3537 3485 3494 3506 3541 3559 3504 3474 3477 3523 3500 3497 3515 3519 3530 3508 3509 3535 3504 3516 3551 3512 3482 3522 3475 3518 3529 3454 3506 3461 3518 3528 3543 3527 3520 3487 3454 3482 3514 3523 3498 3496 3490 3513 3531 3506 3550 3493 3462 3508 3517 3535 3504 3457 3528 3511 3486 3487 3452 3494 3443 3522 3518 3479 3524 3498 3461 3514 3536 3541 3486 3521 3481 3475 3526 3497 3489 3503 3510 3474 3468 3501 3519 3493 3514 3499 3502 3482 3469 3553 3463

Tree=0
num_leaves=31
num_cat=0
split_feature=22 27 27 22 22 10 22 22 22 22 2 2 22 22 10 27 26 31 31 22 31 68 65 22 27 22 10 65 22 36
split_gain=86245.2 6546.44 6463.35 6287.33 952.181 855.1 802.435 722.194 695.914 341.985 286.671 266.01 265.572 244.661 234.264 217.647 193.143 179.342 151.824 142.541 132.407 94.7615 80.0379 78.9104 67.6946 64.257 60.2965 59.8195 57.4595 57.1943
threshold=0.3335167437447088 0.20440038684719539 0.34434682964094737 0.11393472058094446 0.6653644978549339 22.350000000000005 0.20379238067461683 0.52342032118153825 0.044875039507629846 1.0000000180025095e-35 2.5000000000000004 2.5000000000000004 0.057256678547437719 0.066620616474119904 45.550000000000004 0.52269385292654691 0.058492931119513404 0.026473534694924594 0.041441580813737007 0.4848987609454154 0.024567770248000411 0.11515000000000002 0.42751477759781437 0.81574919152516401 0.46414285714285725 0.20093134348586741 35.750000000000007 0.15992052868809373 0.25964338961100797 0.36273812505501518
decision_type=2 2 2 2 2 2 2 2 2 2 2 2 2 2 2 2 2 2 2 2 2 2 2 2 2 2 2 2 2 2
left_child=1 3 7 5 19 12 11 10 24 21 -2 27 -1 -11 26 -6 18 -12 28 -4 -13 -7 -15 -17 -3 -10 -9 -5 -8 -16
right_child=2 8 4 6 15 9 16 14 25 13 17 20 -14 22 29 23 -18 -19 -20 -21 -22 -23 -24 -25 -26 -27 -28 -29 -30 -31
leaf_value=-0.090370084720054769 0.023872549505914858 0.04616612265507198 0.039295384761673768 -0.038291623642199131 0.069537164665703685 -0.051580352030650214 -0.034140266034946694 0.014136209515559633 -0.020893751826493456 -0.077871989694270241 -0.015237184488094753 -0.054265443359184054 -0.073566993589224763 -0.04960611458488165 0.039068851518650714 0.072891488181959119 -0.0024760605467578065 0.011269445933587471 -0.0040973042108376941 0.058302282653940718 -0.03857540273521453 -0.017413000556852975 -0.064552351633121105 0.083247632684893325 0.07611781648903021 0.012380504088503351 0.031842867580073007 -0.020075991051995781 -0.021400042266613767 0.052724675338611221
leaf_weight=8406.4600689122453 2560.2598632890731 278.52278288453817 1408.1163290292025 732.54513028264046 5505.2785070529208 394.26804330199957 1915.6197812147439 771.05750761553645 168.29800823237747 3501.8528525652364 1082.8460176615044 3729.5647803992033 3264.7137747369707 1287.3024847880006 1334.1398473270237 2229.7237658370286 1396.9752579079941 1553.8250550115481 795.78641037922353 3293.7176292799413 2102.7415148010477 418.16066019330174 2944.6196412397549 10507.801743064076 584.61738669499755 1052.2649069810286 1277.1848000362515 1171.4645369462669 1644.9855989413336 1802.9358673430979
leaf_count=103191 17822 1093 5798 9066 17541 4429 21198 7020 1021 44807 11141 43520 40454 17155 8137 6864 14854 15077 8538 11598 25101 4720 36244 29203 1758 5168 9941 13994 17403 9792
internal_value=-1.87892e-05 -0.0539146 0.0578616 -0.0592313 0.0726733 -0.0768706 -0.0327948 0.0251278 0.0320916 -0.0648539 0.0119554 -0.0433112 -0.0856698 -0.0680957 0.0383297 0.0778443 -0.0186538 0.000383523 -0.0238415 0.0526101 -0.0486087 -0.0339943 -0.0600059 0.0814348 0.0664528 0.00779246 0.0251772 -0.0270842 -0.0282543 0.0469171
internal_weight=69117.7 35790.8 33326.9 33707.1 22944.6 20217.4 13489.7 10382.2 2083.7 8546.2 5196.93 7736.32 11671.2 7733.77 5185.32 18242.8 5753.37 2636.67 4356.39 4701.83 5832.31 812.429 4231.92 12737.5 863.14 1220.56 2048.24 1904.01 3560.61 3137.08
internal_count=563648 413714 149934 404674 71004 251000 153674 78930 9040 107355 44040 91681 143645 98206 34890 53608 61993 26218 47139 17396 68621 9149 53399 36067 2851 6189 16961 23060 38601 17929
is_linear=0
shrinkage=0.05


Tree=1
num_leaves=31
num_cat=0
split_feature=22 22 64 64 64 22 22 22 22 22 22 64 22 10 10 64 64 22 35 64 1 68 36 22 30 36 22 35 10 35
split_gain=133646 22051.8 17931.5 10107.3 4823.52 2799.06 1716.02 1275.28 1594.5 1193.16 929.004 843.996 748.035 439.009 431.041 385.356 378.948 372.234 292.791 262.586 261.667 251.767 243.921 227.604 220.699 210.302 175.148 170.629 166.227 157.444
threshold=0.41527575646646758 0.14254214319506972 34.925000000000011 26.705000000000005 0.73499999999999999 0.6653644978549339 0.23636829237037724 0.083828051463234396 1.0000000180025095e-35 0.056330263808617893 0.60172900039740262 49.465000000000011 0.044875039507629846 40.350000000000001 48.150000000000013 3.1750000000000012 4.3050000000000015 0.4848987609454154 -0.0050000000000003366 2.6700000000000008 1.0000000180025095e-35 0.61910000000000009 -0.45042643182834002 0.04405103032770729 -1.0000000180025095e-35 -0.23739503567013384 1.0170905461693391 0.013333333333333199 4.1500000000000012 -0.0075000000000002833
decision_type=2 2 2 2 2 2 2 2 2 2 2 2 2 2 2 2 2 2 2 2 2 2 2 2 2 2 2 2 2 2
left_child=1 3 10 4 9 17 15 8 13 28 19 -7 -10 29 26 -3 -8 -4 -18 -2 21 24 -17 -22 -5 -9 -12 -21 -1 -6
right_child=2 6 5 20 7 11 16 25 12 -11 14 -13 -14 -15 -16 22 18 -19 -20 27 23 -23 -24 -25 -26 -27 -28 -29 -30 -31
leaf_value=-0.089703239827031322 -0.014666082649680799 -0.031917080192128987 0.024667406496887506 0.078574030364050904 -0.020693259010923778 0.060884451411195001 -0.015154297282548624 -0.041434581955574527 -0.071793414204066014 -0.05728093519103037 0.016855629942709692 0.076542884213344639 -0.051677981271824824 -0.00081185108180900883 0.03576397342808272 -0.025021941214784234 0.0051492409287824349 0.047790956689490932 -0.0053517969649918232 0.016526476464836713 0.068527142702092855 0.061889689541835463 -0.012821075526987561 -0.030814735212761391 -0.10137684163959598 -0.030743693340838901 0.034208354543970233 0.0049273700572497903 -0.078193899931769992 -0.047094998909702153
leaf_weight=4256.0839245524257 849.08771935477853 5213.3229205254465 2209.6769614070654 22.700145736336708 961.11926604807377 12232.582235485315 4775.6917846910655 8439.6821367982775 6931.4035785198212 7671.8094283174723 7038.59276195243 29024.422172743827 13869.827763674781 1404.1134032383561 9508.1563357338309 5925.9911191333085 13920.917350884527 8194.847765520215 12688.001133251935 13492.483752705157 1729.9399841055274 88.655631341040134 13268.638171169907 59.645292103290558 68.31556510925293 10110.735632469878 1832.8078065440059 4144.5443999543786 11933.267289660871 1368.9918366633356
leaf_count=24175 2241 19353 2740 28 2785 15746 14034 32153 31615 35440 11677 36658 57677 3347 12409 18812 29265 10818 28027 21968 2398 117 39315 175 130 35846 2664 7320 60258 4584
internal_value=6.45702e-05 -0.0332864 0.0470462 -0.0522042 -0.0554882 0.0660556 -0.00991863 -0.0455006 -0.0529803 -0.0735229 0.0204076 0.0719002 -0.0583809 -0.0228967 0.0283678 -0.0198621 -0.00218558 0.0428801 0.000142003 0.0124933 0.0594411 0.00191959 -0.0165879 0.0652162 -0.0564955 -0.0356076 0.0204407 0.0138008 -0.0812196 -0.0362049
internal_weight=213236 124709 88527.2 68916.3 66947 51661.5 55792.6 43085.9 24535.5 23861.2 36865.7 41257 20801.2 3734.22 18379.6 24408 31384.6 10404.5 26608.9 18486.1 1969.26 179.671 19194.6 1789.59 91.0157 18550.4 8871.4 17637 16189.4 2330.11
internal_count=563775 439534 124241 290728 287880 65962 148806 168007 100008 119873 58279 52404 89292 10716 26750 77480 71326 13558 57292 31529 2848 275 58127 2573 158 67999 14341 29288 84433 7369
is_linear=0
shrinkage=0.05


Tree=2
num_leaves=31
num_cat=0
split_feature=22 64 22 64 10 22 22 22 22 22 22 64 64 22 10 22 10 64 64 10 36 35 22 22 1 36 35 22 60 34
split_gain=96183.8 15727.3 15245.7 7557.69 3297.01 2333.05 1581.86 1331.15 904.234 643.23 786.893 514.499 484.612 424.256 377.49 264.114 217.662 212.091 204.53 192.501 191.005 189.312 146.013 138.618 138.063 135.17 121.84 114.334 111.598 111.143
threshold=0.4074751301636384 34.925000000000011 0.13186623070446055 26.705000000000005 24.050000000000004 0.6653644978549339 0.27269788907499298 0.057256678547437719 0.58955684867296432 0.0076280472056031957 0.059079537672672412 49.465000000000011 4.4950000000000019 0.4848987609454154 44.250000000000007 0.17916422940160559 8.1500000000000004 9.7650000000000023 3.7350000000000008 37.550000000000004 -0.47423635973974104 -0.014999999999999234 0.085014313407048278 0.04405103032770729 1.0000000180025095e-35 0.46106944597709681 0.018333333333333094 0.094344885067182568 0.0099999999999999898 0.029999999999999808
decision_type=2 2 2 2 2 2 2 2 2 2 2 2 2 2 2 2 2 2 2 2 2 2 2 2 2 2 2 2 2 2
left_child=2 8 3 4 7 13 12 16 17 19 -11 -7 -4 -3 25 -14 -1 -2 -8 -6 -12 -16 -9 -5 -21 -10 -17 -22 -20 -19
right_child=1 5 6 23 9 11 18 22 14 10 20 -13 15 -15 21 26 -18 29 28 24 27 -23 -24 -25 -26 -27 -28 -29 -30 -31
leaf_value=-0.080965850783552895 0.000464613799678861 0.020972244752853475 -0.028582815322036177 0.06202211856828739 -0.031191340643467253 0.05952731416241578 -0.01446570559463807 -0.056531990793013159 0.007108810077976091 -0.058069298196941579 -0.043628988660132713 0.073054537405142242 -0.021461716667199024 0.046417042817463117 0.036820747292974708 -0.007369657171632577 -0.069105640330780135 0.018155752118092127 0.0030762042490320449 -0.056265919240917055 -0.038388998846486944 0.023627647077133142 -0.044557956463962788 -0.037299494618718218 -0.00052608544409386956 0.022090248527669346 -0.017654220337300661 -0.027880893208499253 -0.006930448270551972 0.0086319668710094673
leaf_weight=6059.1940488256514 4795.3540589474142 2159.8840113803744 8598.0449991999194 1508.8943168260157 1312.7205929420888 10024.200585134327 2358.4670735783875 5032.298215392977 2637.0545510798693 6002.6148582361639 6665.6840750314295 23526.742222879082 8728.4553057271987 6782.6710585057735 6285.600613206625 9870.9399515222758 10699.525692868978 5493.2848679721355 14740.33099703677 120.77926378697157 4855.5511318016797 4792.123621724546 5152.926539269276 35.966905504465103 1385.1818905845284 3509.1576603464782 4065.9958696067333 5544.5549861509353 3435.6539301499724 6925.4411000423133
leaf_count=43381 10972 3013 35128 2664 4632 15688 7749 27624 4970 30592 30469 36572 31489 10787 9396 29699 65350 9078 32577 453 21246 7484 26015 129 3642 6224 13350 21807 9310 12157
internal_value=4.03299e-05 0.0426126 -0.0308067 -0.0492989 -0.0524865 0.0629644 -0.0113942 -0.0647298 0.0175003 -0.0397434 -0.0424985 0.0690129 -0.0184756 0.0402714 0.0255999 -0.0146415 -0.0733938 0.00939596 -0.000612787 -0.017196 -0.0370217 0.0311135 -0.0504741 0.0597097 -0.00499646 0.0156624 -0.0103701 -0.0327869 0.00118473 0.0128447
internal_weight=183105 76931.5 106174 54375.9 52831 42493.5 51797.9 26943.9 34438 25887.1 23068.4 33550.9 31263.4 8942.56 17223.9 22665.4 16758.7 17214.1 20534.5 2818.68 17065.8 11077.7 10185.2 1544.86 1505.96 6146.21 13936.9 10400.1 18176 12418.7
internal_count=563647 126341 437306 278004 275211 66060 159302 162370 60281 112841 104114 52260 109666 13800 28074 74538 108731 32207 49636 8727 73522 16880 53639 2793 4095 11194 43049 43053 41887 21235
is_linear=0
shrinkage=0.05


Tree=3
num_leaves=31
num_cat=0
split_feature=22 22 12 64 10 22 22 22 36 22 22 64 64 22 22 12 12 22 12 22 22 10 31 22 35 36 1 68 30 35
split_gain=75126.7 14290.3 11346.1 5718.45 3016.6 1348.51 1285.03 1181.76 534.164 449.602 370.454 368.468 311.116 302.33 293.217 292.162 208.973 206.815 199.536 153.334 150.346 149.292 136.049 128.101 124.093 122.254 112.674 109.122 106.589 105.13
threshold=0.45751449250414711 0.14633430096512764 39.250000000000007 26.705000000000005 24.050000000000004 0.29638833749756871 0.6653644978549339 0.057256678547437719 -0.16329931618554977 0.60172900039740262 0.0076280472056031957 49.465000000000011 2.0300000000000011 0.088409688319000548 0.083828051463234396 23.950000000000003 14.550000000000002 0.21926442824420064 2.9500000000000006 0.04405103032770729 0.4848987609454154 40.350000000000001 0.024158127949985158 0.094344885067182568 -0.013333333333334084 -0.12198750911855345 1.0000000180025095e-35 0.60960000000000003 -1.0000000180025095e-35 0.026666666666666842
decision_type=2 2 2 2 2 2 2 2 2 2 2 2 2 2 2 2 2 2 2 2 2 2 2 2 2 2 2 2 2 2
left_child=1 3 9 4 7 12 20 18 13 -2 -10 -8 -3 21 -12 22 -7 25 -1 26 -4 -6 -11 -9 -17 -14 27 28 -5 -18
right_child=2 5 6 19 8 16 11 23 10 15 14 -13 17 -15 -16 24 29 -19 -20 -21 -22 -23 -24 -25 -26 -27 -28 -29 -30 -31
leaf_value=-0.07567768176281521 0.010458994866439253 -0.027543601469520576 0.021317262359906386 0.067926672796290458 -0.05256954206317016 -0.0059689354511198063 0.057452379126099462 -0.052102963315214669 -0.005395369837755357 0.0076320426943562898 -0.042182526379434454 0.069588381002083741 -0.022323265917912449 -0.033760302621194498 -0.025107891864720622 0.037913692306635091 0.0069217196200232816 -0.0075370041569976579 -0.063866651406577768 -0.027098360870997918 0.044531216237712452 -0.036842739907964758 0.021706505807462018 -0.040696174599261441 0.02375464830618821 -0.012594999965768858 0.063367872442114198 0.054169151538910665 -0.093477145856392399 -0.0033665420881349461
leaf_weight=6796.7264372790232 11265.599818406627 4012.321028274484 787.35008853301406 14.593208163976668 6158.7625971017405 6130.3706274796277 9026.7121925763786 5563.1738900467753 1553.5280126743019 2430.6534240879118 4026.6577944438905 20364.923209700733 5656.038292536512 5768.5874522700906 6694.6925167934969 3613.3830866701901 12692.26085492596 11238.838938437402 7546.0489235948771 53.899595566093922 6110.7066240794957 1998.7507896851748 5848.0165467057377 4414.3198516778648 2706.5578022450209 7527.606103733182 1213.6766073741019 63.672326121479273 34.201668471097946 3086.9588804505765
leaf_count=55950 21905 18115 1191 27 34423 18020 16081 34606 4777 5219 20754 36543 22519 27169 28320 5852 26982 35383 52599 202 10993 9193 10730 24306 4363 27558 2371 123 126 6941
internal_value=-8.35742e-05 -0.0264365 0.043268 -0.0448465 -0.0475895 -0.00745712 0.0613031 -0.0602709 -0.0358184 0.0179633 -0.0282142 0.0658612 -0.0146402 -0.042521 -0.0315207 0.0237544 0.00186531 -0.0125204 -0.0694636 0.0555713 0.0418816 -0.0487162 0.0175742 -0.0470563 0.03185 -0.0167686 0.0589313 0.0110545 -0.0452057 0.00490898
internal_weight=164400 102246 62153.9 51901.3 50521.2 50344.4 36289.7 24320.3 26201 25864.2 12274.9 29391.6 28434.8 13926.1 10721.4 14598.6 21909.6 24422.5 14342.8 1380.04 6898.06 8157.51 8278.67 9977.49 6319.94 13183.6 1326.14 112.467 48.7949 15779.2
internal_count=563341 450464 112877 294946 292097 155518 64808 167461 124636 48069 53851 52624 103575 70785 49074 26164 51943 85460 108549 2849 12184 43616 15949 58912 10215 50077 2647 276 153 33923
is_linear=0
shrinkage=0.05


Tree=4
num_leaves=31
num_cat=0
split_feature=22 22 12 27 12 22 22 22 22 22 22 12 27 12 12 22 4 27 22 31 31 34 3 22 12 35 22 12 60 35
split_gain=61251.3 12363.4 8968.6 4620.53 2511.17 1213.76 775.314 699.498 554.36 634.512 430.487 398.575 290.225 254.006 227.636 227.54 185.65 154.266 137.385 136.007 134.213 133.197 120.987 114.852 106.705 105.826 95.4824 94.1256 90.6282 89.5273
threshold=0.4755122212658523 0.14633430096512764 39.250000000000007 0.25098267306597261 6.1500000000000012 0.26381719100287371 0.6653644978549339 0.049998767354275032 0.094344885067182568 1.0000000180025095e-35 0.049998767354275032 22.450000000000003 0.52842023291210938 8.4500000000000011 12.550000000000002 1.1148101346663457 35.965000000000011 0.35295188371824587 0.67961272532500361 0.044780034322725752 0.044780034322725752 0.050000000000000273 5.1050000000000013 0.58955684867296432 3.8500000000000001 -0.016666666666667048 0.18663525138983153 1.2500000000000002 -0.0099999999999999933 -0.014999999999999234
decision_type=2 2 2 2 2 2 2 2 2 2 2 2 2 2 2 2 2 2 2 2 2 2 2 2 2 2 2 2 2 2
left_child=1 3 11 4 7 14 -4 27 9 16 -11 18 -8 -7 24 21 -6 20 25 -18 -15 23 -5 -13 -3 -2 -16 -1 -20 -10
right_child=2 5 6 22 8 13 12 -9 29 10 -12 15 -14 17 26 -17 19 -19 28 -21 -22 -23 -24 -25 -26 -27 -28 -29 -30 -31
leaf_value=-0.076491411555805092 0.012978572290733107 -0.037160573745169949 0.042794473559577322 0.026743847745071943 -0.033248044275008819 -0.015256845885781099 0.055588824627900768 -0.04826783882717571 -0.021093214412678571 -0.057536110570533421 -0.039657825673456958 0.017840892300365837 0.066719357038312041 -0.0018406773921867245 -0.016568477861017065 0.042946721309833701 -0.014252346153852277 0.011072226185593635 0.023857605730650541 0.024335148685744615 0.0076223791452696456 0.014007967623547985 0.061497435456276867 0.031859716885876389 -0.01942531824181791 0.00054543964245336708 -0.0075800905533195406 -0.065834486483547811 0.0097858737592583667 -0.030541968326318111
leaf_weight=3030.4157750145532 3732.3835944384336 946.04363477788866 5811.2497018016875 343.92674106732011 1186.7229944802821 2331.2403980717063 8821.5028920508921 6834.9384037228301 3713.5562332328409 4952.5278900414705 10517.50893954467 2369.2519395686686 17424.974768768996 16476.166606085375 4691.9075427055359 1530.9153103381395 1124.0015735663474 3946.9662623777986 2898.2756075188518 286.57577378489077 4849.8279639929533 3270.5205196589231 921.16016134247184 3811.2583603784442 8192.4232972012833 3160.8881198354065 7979.4696823637933 6551.1806982532144 1890.6175801865757 7715.6393069885671
leaf_count=29860 7856 5058 11467 983 5127 8901 17648 47498 16885 33961 60600 4201 35036 44854 19129 2462 4335 6482 5761 722 11322 5998 1953 6940 35648 7334 28251 54497 4024 38818
internal_value=3.49206e-05 -0.0239091 0.0422997 -0.0422164 -0.0448137 -0.00643025 0.0593195 -0.0604879 -0.0360902 -0.041542 -0.0453813 0.0182257 0.0629784 0.000535217 -0.0152463 0.0250644 -0.018674 0.00199192 0.0117968 -0.00641283 0.000311353 0.0221678 0.0520493 0.0264857 -0.0212613 0.0072774 -0.0109083 -0.069205 0.0183022 -0.0274719
internal_weight=151314 96592.2 54721.8 47178.2 45913.1 49414 32057.7 16416.5 29496.5 18067.3 15470 22664.1 26246.5 27604.2 21809.8 10981.9 2597.3 25273 11682.2 1410.58 21326 9451.03 1265.09 6180.51 9138.47 6893.27 12671.4 9581.6 4788.89 11429.2
internal_count=563611 454884 108727 295239 292303 159645 64151 131855 160448 104745 94561 44576 52684 71559 88086 19601 10184 62658 24975 5057 56176 17139 2936 11141 40706 15190 47380 84357 9785 55703
is_linear=0
shrinkage=0.05


Tree=5
num_leaves=31
num_cat=0
split_feature=22 22 12 27 10 22 22 22 22 36 12 22 27 10 22 22 12 12 36 36 12 22 36 31 3 10 17 12 9 9
split_gain=50710.1 10630.9 7323.49 3713.12 2200.73 1126.28 875.105 583.517 365.772 347.64 260.503 230.952 221.386 217.924 217.606 210.936 171.009 166.458 122.572 119.437 111.983 106.439 105.974 105.964 103.198 103.117 92.4902 88.738 82.535 76.1094
threshold=0.4848987609454154 0.14633430096512764 39.250000000000007 0.26477557390737921 24.050000000000004 0.30168573691309003 0.061892604111933515 0.67961272532500361 1.0735953908002867 -0.31008683647304319 15.250000000000002 0.0076280472056031957 0.52451841933812482 48.150000000000013 0.065632547406429778 0.078136335427992074 2.9500000000000006 22.250000000000004 0.10783277320343597 0.32969023669788672 3.8500000000000001 0.18663525138983153 -0.94280904158208101 0.048204694871739083 4.8450000000000006 38.45000000000001 3.9350000000000005 3.7500000000000004 679.50000000000011 914.50000000000011
decision_type=2 2 2 2 2 2 2 2 2 2 2 2 2 2 2 2 2 2 2 2 2 2 2 2 2 2 2 2 2 2
left_child=1 3 8 4 6 10 16 -4 13 15 20 -11 -9 23 -13 25 -1 18 -7 29 -3 -12 -22 -2 -5 -6 -20 -8 -18 -15
right_child=2 5 7 24 9 17 27 12 -10 11 21 14 -14 19 -16 -17 28 -19 26 -21 22 -23 -24 -25 -26 -27 -28 -29 -30 -31
leaf_value=-0.069136539085628099 0.0078140950598888231 -0.03373846993441712 0.042547826344198889 0.020705015352380632 -0.049893225634633998 -0.0075191780372459022 -0.049505710374054566 0.053544335966855532 0.035360576930991684 -0.007227842317896878 -0.015227260741426704 -0.041911989459041142 0.063954854697536478 0.020086487204593814 -0.024530611913089723 -0.031103405121279428 -0.051131017818799189 0.0073366069065179135 -0.019850206927702507 0.027423613270336614 -0.028331825023193848 -0.0045641609080978611 -0.014553514340867244 0.020075784966810013 0.057042664642631295 -0.034488704680889534 0.0040744434864425872 -0.037664973366095075 -0.062290235884798983 0.0046530074327532219
leaf_weight=5551.6152659947984 7727.7413508389145 986.80001509189606 5549.272132281214 250.15297438949347 3663.3201184878126 4881.5662786569446 2231.6243258938193 7549.2092110514641 2665.6323487348855 1478.9958157725632 3197.9309214390814 2303.6545520694926 15784.154234930873 2465.2700745128095 8247.8012220915407 5221.6522722775117 3013.0889856549911 9930.1362526342273 428.81686016172171 4244.1221931949258 1592.9097556453198 8726.5284490343183 11264.178113210946 2282.3634687550366 892.47429953143001 1544.3341162651777 6970.5943981148303 5438.2525515272282 3681.457838492468 1181.7443320192397
leaf_count=57745 18152 5716 12147 764 25224 15057 17217 16502 4871 5177 13776 14727 35066 4599 41722 29409 24346 20148 1416 8334 7639 30388 48367 4410 2113 8392 19536 36004 32394 2466
internal_value=8.79187e-05 -0.0219598 0.0408835 -0.0398552 -0.0422534 -0.00572837 -0.0543537 0.0571208 0.018081 -0.0315236 -0.0128406 -0.0257317 0.0605867 0.015508 -0.0283254 -0.0382047 -0.0626483 0.00252294 -0.00136929 0.0217214 -0.0175064 -0.00742382 -0.0162606 0.0106098 0.0490873 -0.045325 0.00268794 -0.0411101 -0.0572677 0.0150856
internal_weight=140947 91497.9 49449.5 43518.4 42375.8 47979.5 19916 28882.6 20566.9 22459.8 25768.3 12030.5 23333.4 17901.2 10551.5 10429.3 12246.2 22211.1 12281 7891.14 13843.9 11924.5 12857.1 10010.1 1142.63 5207.65 7399.41 7669.88 6694.55 3647.01
internal_count=563824 457277 106547 295234 292357 162043 167706 63715 42832 124651 105886 61626 51568 37961 56449 63025 114485 56157 36009 15399 61722 44164 56006 22562 2877 33616 20952 53221 56740 7065
is_linear=0
shrinkage=0.05


Tree=6
num_leaves=31
num_cat=0
split_feature=22 22 12 27 10 22 22 22 22 35 12 12 22 12 22 27 34 12 22 35 12 35 22 31 22 22 60 25 9 22
split_gain=42480.5 8643.95 6540.53 3074.5 1772.48 1170.37 711.736 562.697 342.096 296.935 230.883 228.42 225.427 213.009 191.126 181.731 160.89 144.937 122.105 96.6888 94.9424 93.2192 92.4464 87.3269 85.2059 80.6673 74.1536 69.2889 67.4475 66.2858
threshold=0.4755122212658523 0.1353305732301511 39.250000000000007 0.25098267306597261 24.250000000000004 0.24360752026341911 0.059079537672672412 0.67961272532500361 1.0424500954245961 0.017500000000000075 15.850000000000003 10.15 0.0076280472056031957 14.750000000000002 0.066620616474119904 0.52451841933812482 0.015000000000000126 2.9500000000000006 0.064704153530090583 0.026666666666666842 5.7500000000000009 0.021666666666666948 0.044875039507629846 0.041948570048894573 0.0076280472056031957 0.31731928152482763 0.0099999999999999898 0.028911378731667173 552.50000000000011 0.57728401669147955
decision_type=2 2 2 2 2 2 2 2 2 2 2 2 2 2 2 2 2 2 2 2 2 2 2 2 2 2 2 2 2 2
left_child=1 3 8 4 6 11 17 29 13 12 20 -3 23 -2 -14 -9 -15 -1 24 26 -7 -13 -5 -6 -11 -22 -12 -8 -19 -4
right_child=2 5 7 22 9 10 27 15 -10 18 19 21 14 16 -16 -17 -18 28 -20 -21 25 -23 -24 -25 -26 -27 -28 -29 -30 -31
leaf_value=-0.066885352064177575 0.0033373009014462714 -0.024482376280997822 0.033582655142209913 0.048122065925289982 -0.013843330258190824 -0.020686372879956477 -0.042827526159729352 0.051431355739022348 0.033088728439034362 -0.028645601524497185 0.0065604695175463263 -0.0099974402492154675 -0.039994733317392575 0.023784614604300001 -0.023949384359301294 0.061263602920281129 0.012790333996835143 -0.048138419127235307 -0.03276195583788049 -0.0040770286146934271 -0.0099433026142982175 -0.019305813532106364 -0.042339801984530558 0.014874803992099402 -0.049253856746365766 -0.00043497069824174092 -0.0036627482568411317 -0.031067328128089634 -0.059273729316599459 0.044813858456997369
leaf_weight=4897.9839542903937 3560.8364255130291 5818.8788351491094 2329.4642804302275 1021.532925222069 1174.6653546150774 1020.5166890919209 5451.9712713118643 6973.4491111263633 2795.3764120414853 618.72803497035056 12225.881933243945 9588.4140940885991 2504.9655078984797 5415.4050752110779 7163.0319033851847 14413.11259633489 8631.4308566283435 2130.8717334857211 4691.3331028111279 3613.2917392477393 3969.2511453405023 3738.3009682437405 29.045246846973896 341.72058264538646 2648.7208164059557 5092.533359374851 2074.7853437811136 1626.0455409614369 3758.4586627366953 3012.9061531610787
leaf_count=56754 9330 31686 5369 2729 4533 4807 42215 16559 5409 3056 29511 41041 17111 11453 38949 35140 18547 18576 29428 9930 15460 17472 117 997 20062 15968 6839 11280 36257 7089
internal_value=6.98324e-05 -0.0210003 0.0381585 -0.0387249 -0.0411193 -0.0066906 -0.0524462 0.0544318 0.0168397 -0.0305485 -0.000175621 -0.0162173 -0.0252954 0.01426 -0.0281067 0.0580576 0.0170289 -0.0605302 -0.0379305 0.00323081 -0.00622808 -0.0126085 0.0456211 -0.00737164 -0.0453515 -0.00459982 0.00507725 -0.0401258 -0.0552448 0.0399167
internal_weight=132333 85200.9 47132 38059.1 37008.5 47141.9 17865.3 26728.9 20403 19143.2 27996.3 19145.6 11184.4 17607.7 9668 21386.6 14046.8 10787.3 7958.78 17914 10082.3 13326.7 1050.58 1516.39 3267.45 9061.78 14300.7 7078.02 5889.33 5342.37
internal_count=563674 454778 108896 282064 279218 172714 165082 64157 44739 114136 82515 90199 61590 39330 56060 51699 30000 111587 52546 46280 36235 58513 2846 5530 23118 31428 36350 53495 54833 12458
is_linear=0
shrinkage=0.05


Tree=7
num_leaves=31
num_cat=0
split_feature=22 22 27 10 12 22 22 22 35 12 12 12 22 27 22 22 22 27 22 36 35 17 22 22 22 22 12 22 22 12
split_gain=35507.8 7647.71 5683.24 2540.94 1769.53 976.533 602.192 471.974 281.566 276.535 178.492 163.9 157.822 157.698 148.477 132.538 171.052 121.615 119.165 110.057 108.983 86.0821 81.006 80.6276 80.1665 83.2628 80.1568 76.078 84.2274 69.6439
threshold=0.4848987609454154 0.16736081593049226 0.35680636480977773 26.350000000000005 37.350000000000001 0.064704153530090583 0.31731928152482763 0.73793818346089057 0.010000000000000233 22.250000000000004 3.7500000000000004 10.550000000000002 0.10238649527131873 0.57912309990334776 1.1742428421881845 0.0076280472056031957 0.094344885067182568 0.34989711934156381 0.57728401669147955 0.33968311024337244 0.027499999999999861 5.3850000000000007 0.57728401669147955 0.099767756080559877 0.0076280472056031957 0.050870730509508154 8.4500000000000011 1.0000000180025095e-35 0.032773653969280586 15.050000000000002
decision_type=2 2 2 2 2 2 2 2 2 2 2 2 2 2 2 2 2 2 2 2 2 2 2 2 2 2 2 2 2 2
left_child=1 3 9 5 8 10 11 22 15 18 -1 -3 24 -9 19 29 -17 26 -2 -11 -13 -20 -4 -7 -10 -26 -8 -12 -29 -5
right_child=2 6 7 4 -6 23 17 13 12 14 27 20 -14 -15 -16 16 -18 -19 21 -21 -22 -23 -24 -25 25 -27 -28 28 -30 -31
leaf_value=-0.062836213686491657 0.0019153675029476879 -0.01686237525157936 0.032528745913478971 -0.019867912727142469 0.047021085802698787 -0.03956182504358921 -0.011361392464942395 0.05143871882800545 -0.020833055069532948 0.013184110759308715 -0.033032978474556711 -0.0046527982255423648 -0.023695239071084024 0.060771345340818739 0.040217538507387685 -0.030377468402121906 -0.01663183855842686 0.011304977024880416 0.005232821865766929 0.025055772262098652 -0.014729640576854518 0.017763528892301327 0.044494360954900621 -0.030058272597718302 -0.049404870546897232 -0.035022148736817742 0.0019528416837015655 -0.060664204016970813 -0.047547887567523053 0.0038203067778075244
leaf_weight=5690.226099845022 3291.1107028480619 5606.5671915197745 2051.5057084150612 494.24582416005433 882.26602379977703 4217.9413579255342 1229.8136354889721 8541.5647049620748 695.0947723519057 3612.1732520610094 568.71323457360268 12088.010788420215 3856.4771439507604 9629.4341831486672 982.38252010568976 3647.8757889214903 5962.8548416420817 3425.1376361474395 2034.2332142852247 4248.2536648251116 3448.6928401831537 4201.0314045771956 4554.9205775633454 4739.5617157984525 1382.7292381529696 3695.8338883733377 13990.13006118685 1913.6085404539481 3396.2445085467771 833.6276374720037
leaf_count=69673 8328 28777 5083 2008 2518 33925 5170 22099 3411 7695 4208 47531 22095 25178 1971 23700 30674 6001 5017 9214 14771 10052 11935 32307 11548 25862 38585 19774 32020 2800
internal_value=-9.9194e-05 -0.0194642 0.0365987 -0.0343517 -0.0223182 -0.0469273 -0.00375768 0.0522234 -0.0252924 0.0155232 -0.0565236 -0.00953406 -0.0315271 0.0563844 0.0218907 -0.0198034 -0.0218492 0.00279265 0.00961264 0.0196003 -0.00688956 0.0136754 0.0407787 -0.0345333 -0.0367584 -0.0389381 0.000877015 -0.0504133 -0.0522749 -0.00499665
internal_weight=124912 81765.7 43146.6 41977.3 21451 20526.3 39788.4 24777.4 20568.7 18369.2 11568.8 21143.3 9630.14 18171 8842.81 10938.6 9610.73 18645.1 9526.38 7860.43 15536.7 6235.26 6606.43 8957.5 5773.66 5078.56 15219.9 5878.57 5309.85 1327.87
internal_count=563930 457358 106572 316523 124616 191907 140835 64295 122098 42277 125675 91079 62916 47277 18880 59182 54374 49756 23397 16909 62302 15069 17018 66232 40821 37410 43755 56002 51794 4808
is_linear=0
shrinkage=0.05


Tree=8
num_leaves=31
num_cat=1
split_feature=22 22 27 27 10 22 22 22 10 22 22 64 27 22 10 22 22 27 1 22 36 35 10 22 35 46 22 67 68 30
split_gain=30371.6 6746.99 4762.09 2141.9 1429.1 740.928 587.584 405.25 294.141 249.499 210.44 185.082 153.851 146.465 140.699 115.891 109.706 101.237 90.9201 99.4217 90.0917 89.1508 87.5004 85.7688 81.2271 79.6422 71.8008 69.7342 68.3958 73.8043
threshold=0.4848987609454154 0.14633430096512764 0.36215693173821256 0.26477557390737921 22.350000000000005 0.31178161823342304 0.057256678547437719 0.6653644978549339 41.95000000000001 1.0424500954245961 0.083828051463234396 8.8150000000000031 0.52842023291210938 1.0000000180025095e-35 50.350000000000001 0.013699686378948894 0.046586362438020675 0.34989711934156381 1.0000000180025095e-35 0.044875039507629846 1.3340806538015759 0.022499999999999968 4.1500000000000012 0.57728401669147955 -0.013333333333333195 0.11564964969038465 0.21926442824420064 0 0.61910000000000009 -1.0000000180025095e-35
decision_type=2 2 2 2 2 2 2 2 2 2 2 2 2 2 2 2 2 2 2 2 2 2 2 2 2 2 2 1 2 2
left_child=1 3 9 4 6 11 22 -4 10 14 13 24 -9 -6 20 -10 -15 25 28 -20 23 26 -1 -2 -3 -7 -13 -27 29 -5
right_child=2 5 7 18 8 17 -8 12 15 -11 -12 21 -14 16 -16 -17 -18 -19 19 -21 -22 -23 -24 -25 -26 27 -28 -29 -30 -31
leaf_value=-0.06745895725132367 0.0013881741380576782 -0.010787150150705202 0.036087689675557387 0.053452992933481658 -0.021226695017244526 -0.0013090157679350042 -0.036545243919773727 0.047093907685906128 0.00068988943862868292 0.030435612041386503 -0.02516347092572024 -0.0088460423097198159 0.056656861692346717 -0.049103772911672464 0.020126175339121571 -0.0204435658118606 -0.035437804131014224 0.010515046568065352 0.049825853394841774 -0.029234055107690712 0.019923106676430189 -0.013465760014146061 -0.054596391376283748 0.011748007819801537 -0.019274840637353154 -0.0021362079879757852 0.00015579900716030558 0.01141156704381908 0.035688223511802307 -0.093495655395948229
leaf_weight=1652.2880728002638 3248.0413523577154 5290.1511794934049 4162.7093971278518 11.802395448088644 1283.8663558922708 11084.498765658587 5932.6791183794849 6431.7599802259356 776.08247026801109 2469.4485307019204 7535.4589097863063 3997.866769567132 12152.938899679109 2114.9775836449116 5076.3293777368963 3952.4728126432747 4804.8406213540584 3346.4137495812029 794.167370127514 41.861805774271488 1857.7194500677288 3304.5545358164236 6618.2366043720394 5190.5050570480525 6033.8332906803116 1447.381711576134 4967.7226614262909 2758.8217615466565 44.358382049947977 30.955132216215134
leaf_count=24587 8406 26122 11088 32 6434 32562 51293 17687 2839 5325 47652 18538 34985 19563 11479 23857 37189 6104 2394 163 4465 14748 78725 13045 32359 4791 18282 8416 122 127
internal_value=-4.22804e-05 -0.0183295 0.0350212 -0.0343654 -0.0363668 -0.00481386 -0.0485528 0.0501889 -0.0279105 0.0156834 -0.0311959 -0.0107 0.0533473 -0.036737 0.0133137 -0.016975 -0.0396147 0.00263781 0.0408019 0.0458672 0.00995492 -0.0064457 -0.0571661 0.00776045 -0.0153097 0.000913859 -0.00385823 0.00677174 -0.00780828 -0.0529333
internal_weight=118415 77825.3 40589.5 35594 34670.9 42231.2 14203.2 22747.4 20467.7 17842 15739.1 23594.1 18584.7 8203.68 15372.6 4728.56 6919.82 18637.1 923.145 836.029 10296.3 12270.1 8270.52 8438.55 11324 15290.7 8965.59 4206.2 87.1159 42.7575
internal_count=563379 456899 106480 294977 292139 161922 154605 63760 137534 42720 110838 110049 52672 63186 37395 26696 56752 51873 2838 2557 25916 51568 103312 21451 58481 45769 36820 13207 281 159
cat_boundaries=0 1
cat_threshold=11407636
is_linear=0
shrinkage=0.05


Tree=9
num_leaves=31
num_cat=0
split_feature=22 22 12 12 12 22 22 22 22 22 22 12 12 12 64 12 22 36 3 9 12 35 3 36 12 22 22 34 22 22
split_gain=26376.7 5359.81 4477.82 1973.02 1136.69 742.188 505.403 290.733 273.837 448.66 250.374 174.831 143.132 143.005 142.282 139.468 108.942 105.334 99.8825 94.6175 87.6498 74.2729 69.8792 64.4171 63.6209 61.4025 60.1135 60.108 56.1271 52.4105
threshold=0.45751449250414711 0.12503015936726611 39.250000000000007 28.650000000000002 5.1500000000000012 0.2223982546547158 0.63896340529805962 0.58955684867296432 1.0000000180025095e-35 0.054462291851959665 0.039884273668514797 11.050000000000002 57.150000000000013 41.350000000000001 3.0850000000000004 22.250000000000004 0.35815615468449413 -0.047781848256731548 5.9150000000000009 743.50000000000011 10.950000000000001 0.0049999999999994502 6.4850000000000012 0.48382062482264038 6.5500000000000007 0.025869158525698096 0.089589347858038307 0.034999999999999705 0.4848987609454154 0.087297065925117198
decision_type=2 2 2 2 2 2 2 2 2 2 2 2 2 2 2 2 2 2 2 2 2 2 2 2 2 2 2 2 2 2
left_child=1 3 7 4 10 14 28 24 18 25 -1 -7 -8 -5 -3 22 27 -17 -6 20 -11 -16 -9 -20 -2 -10 -21 -13 -4 -12
right_child=2 5 6 13 8 11 12 15 9 19 29 16 -14 -15 21 17 -18 -19 23 26 -22 -23 -24 -25 -26 -27 -28 -29 -30 -31
leaf_value=-0.059946005227575143 -0.020921587728364721 -0.024042195630751467 0.017513662593130828 0.0059414764321873495 -0.022214890207947435 -0.010073218596650967 0.045323069564920153 0.0097944751171591474 -0.058641590156521095 -0.02827926503543407 -0.046540564856751059 0.0016425734430847543 0.054577209252601747 0.047358136461132967 -0.0092216754646767939 0.014632845309809257 0.0045666135320131685 0.029626579705543533 -0.011277240492947765 -0.036160705787040164 -0.016445703617242468 -0.016962960950192153 0.021441435084996352 0.016724220566019937 0.0080338595956783686 -0.043069236507878625 -0.026753457594353231 -0.0055253072883915573 0.033841930997537295 -0.034002190315658092
leaf_weight=4603.4292095024139 194.36849286034703 3516.8199635823257 629.61043467372656 297.89803114905953 1293.3890911452472 4847.9771299287677 6628.5256489273161 3473.7779338117689 753.75245245266706 3654.9468405041844 2857.2645830099937 4881.1780909989029 11303.719344059005 693.89865205064416 6970.428087641485 1650.9547662548721 9154.8235961552709 4032.1915687676519 520.40837383083999 3568.23940543551 2736.3089406974614 5577.8990735048428 2046.5725548714399 339.30340177938342 7906.9757460113615 3952.0454812301323 3240.3247318286449 7297.1705640926957 3207.4179113209248 1176.6694115959108
leaf_count=65373 817 23775 1194 1363 7070 22673 19548 8955 8706 27932 33573 17647 35089 2220 35229 3767 23541 9395 2542 29260 17596 31032 5325 1277 19779 39632 22387 27368 9047 10817
internal_value=0.000118505 -0.0181348 0.032086 -0.0344158 -0.0368121 -0.00669357 0.0476324 0.0145549 -0.0302821 -0.0323079 -0.0519771 -0.00150221 0.0511565 0.0349181 -0.0151538 0.0197727 0.000445556 0.0252709 -0.0134349 -0.0275822 -0.0232129 -0.0126628 0.0141124 -0.000225873 0.00733916 -0.0455635 -0.0316836 -0.00265236 0.0311627 -0.0428832
internal_weight=113008 71934.2 41074.1 29687.9 28696.1 42246.3 21769.3 19304.8 20058.7 17905.6 8637.36 26181.1 17932.2 991.797 16065.1 11203.5 21333.2 5683.15 2153.1 13199.8 6391.26 12548.3 5520.35 859.712 8101.34 4705.8 6808.56 12178.3 3837.03 4033.93
internal_count=563929 451013 112916 269748 266165 181265 64878 48038 156402 145513 109763 91229 54637 3583 90036 27442 68556 13162 10889 97175 45528 66261 14280 3819 20596 48338 51647 45015 10241 44390
is_linear=0
shrinkage=0.05


Tree=10
num_leaves=31
num_cat=0
split_feature=22 22 12 10 27 22 22 22 22 35 12 12 22 27 12 12 22 10 9 22 1 34 9 35 22 68 35 17 9 22
split_gain=22703 5176.75 3736.38 1671.08 1087.16 708.023 382.134 324.099 230.625 204.766 111.351 109.181 108.584 107.884 104.978 100.909 100.741 92.8145 87.0025 86.9868 90.7554 82.9557 76.4099 66.4376 64.1971 58.456 58.1145 56.2072 55.9256 53.8597
threshold=0.4848987609454154 0.16736081593049226 39.250000000000007 25.750000000000004 0.30405344714908278 0.051831202693823672 0.30655550884820376 0.73793818346089057 1.0170905461693391 0.024166666666666895 10.550000000000002 22.250000000000004 0.076001872151897132 0.57912309990334776 2.8500000000000001 22.250000000000004 0.088409688319000548 47.250000000000007 748.50000000000011 0.044875039507629846 1.0000000180025095e-35 0.050000000000000273 889.50000000000011 -0.046666666666666405 0.10810630500117754 0.61910000000000009 -0.053333333333333226 2.7250000000000005 659.50000000000011 0.57728401669147955
decision_type=2 2 2 2 2 2 2 2 2 2 2 2 2 2 2 2 2 2 2 2 2 2 2 2 2 2 2 2 2 2
left_child=1 3 8 5 9 14 10 29 11 17 27 23 -7 -9 -1 26 -11 18 -5 20 25 -13 -12 -2 -20 -6 -8 -3 -16 -4
right_child=2 6 7 4 19 12 15 13 -10 16 22 21 -14 -15 28 -17 -18 -19 24 -21 -22 -23 -24 -25 -26 -27 -28 -29 -30 -31
leaf_value=-0.059989037195960986 0.015536423113828163 -0.055331599923058764 0.028810758685111876 -0.015894510724972999 -0.055116242066088963 -0.040304707925962496 0.0065312639095299156 0.046128642063388542 0.028560918929993219 -0.036353086234520222 -0.0027987298195469024 0.020981245056100668 -0.028400606578419293 0.054791775439355983 -0.041273360880656654 0.0061308519416018994 -0.023467401478528369 -0.0081529792656313688 -0.029404355107565335 -0.023526872831736829 0.047547427689589 0.00933572458638318 -0.010668355203860704 0.0051132668445567258 -0.018292646737550076 0.031896333519237166 -0.0032112508598021758 -0.01402972067773299 -0.052920084940005697 0.039651800138933081
leaf_weight=3198.2083664964885 2135.4967487342656 83.836033523082733 1664.4120298027992 5166.4014134705067 36.951182719320059 2812.5604411433451 1892.2412570845336 6821.51365525648 2542.2247255519032 3068.3152503469028 7969.0936775738373 4318.1944368444383 6006.9722850136459 7594.8993484582752 1790.3894503116608 8275.8164289351553 2999.7257424672134 1765.4361774288118 3252.4876866182312 55.068457920104265 666.64871955662966 2367.6915163192898 5032.2267727074213 5381.3863431736827 2165.1504493569955 40.412101548165083 8010.6338732447475 4725.0148349292576 2429.237526670564 3676.0139330457896
leaf_count=52263 5676 609 4898 32278 161 30367 6166 21818 5888 26935 35230 10583 50616 25191 20904 19617 20668 9758 24607 226 2295 5685 23605 15134 13009 125 28339 27165 32228 11738
internal_value=-1.22986e-05 -0.0164027 0.0320676 -0.029963 -0.0199847 -0.0417721 -0.00304389 0.0467949 0.0146914 -0.0224619 -0.00824913 0.0122089 -0.0321968 0.0506926 -0.0531568 0.00205583 -0.0299831 -0.0187664 -0.0205367 0.0371104 0.0415985 0.0168572 -0.00584471 0.00807442 -0.0249636 -0.00966366 -0.00134965 -0.0147498 -0.0479784 0.0362731
internal_weight=107945 71442.8 36501.8 35454 19216.6 16237.4 35988.9 19756.8 16745 18417.5 17810.2 14202.8 8819.53 14416.4 7417.84 18178.7 6068.04 12349.5 10584 799.08 744.012 6685.89 13001.3 7516.88 5417.64 77.3633 9902.88 4808.85 4219.63 5340.43
internal_count=563782 457171 106611 316440 130062 186378 140731 63645 42966 127255 86609 37078 80983 47009 105395 54122 47603 79652 69894 2807 2581 16268 58835 20810 37616 286 34505 27774 53132 16636
is_linear=0
shrinkage=0.05


Tree=11
num_leaves=31
num_cat=0
split_feature=22 22 12 12 12 22 22 22 22 36 22 22 12 10 12 64 12 36 10 35 22 22 22 66 22 9 35 12 1 17
split_gain=19696.4 4538.04 3262.86 1440.07 1023.09 540.125 512.757 308.577 213.601 189.232 124.2 126.866 113.089 109.85 109.237 91.2768 80.5147 75.3696 74.9525 72.3249 71.5776 70.1503 67.346 56.9615 56.685 56.3346 54.6389 51.7608 50.3441 49.5934
threshold=0.4848987609454154 0.14254214319506972 39.250000000000007 8.8500000000000032 37.350000000000001 0.27269788907499298 0.046586362438020675 0.73793818346089057 1.0170905461693391 -0.48382062482264088 1.0000000180025095e-35 0.067607497555745674 5.2500000000000009 48.150000000000013 14.550000000000002 49.465000000000011 3.0500000000000003 1.1302411732813782 39.250000000000007 0.040000000000000487 0.19503700988824038 0.076001872151897132 0.071665105457038955 0.27746898538565468 0.41527575646646758 910.50000000000011 -0.061666666666666974 16.750000000000004 1.0000000180025095e-35 2.9050000000000007
decision_type=2 2 2 2 2 2 2 2 2 2 2 2 2 2 2 2 2 2 2 2 2 2 2 2 2 2 2 2 2 2
left_child=1 3 8 6 9 12 16 -4 13 18 27 -12 -3 17 26 -9 -1 -2 22 24 -14 -8 -5 -19 29 -15 -7 -11 -6 -16
right_child=2 5 7 4 28 14 21 15 -10 10 11 -13 20 25 19 -17 -18 23 -20 -21 -22 -23 -24 -25 -26 -27 -28 -29 -30 -31
leaf_value=-0.058731283947945412 0.0051128013723820637 -0.024573073583964961 0.034510016655645771 -0.040922232067157401 -0.0018455171397224841 0.00571029334184183 -0.039134750928133268 0.042690917432930825 0.027937966335374983 -0.014076716245360957 -0.03171967214744844 -0.016971504722856762 -0.01321835326599622 0.020207376140536786 -0.035966972985195293 0.05168461733559615 -0.047295551012306564 0.011409929036230535 -0.022092585534017804 -0.0059378133489771537 -0.0065864801182286053 -0.029426599573618054 -0.027479715247481936 0.030592777749229239 0.0089235302859529651 0.0094451098240606757 -0.0069974394934788214 0.0059097209702513734 0.045572303708381993 0.0025139128125819562
leaf_weight=2957.1963655806612 5824.6774475676939 1369.582098572515 5062.314694205299 1787.5190388043411 61.783515576273203 1025.0248059220612 3162.2216211864725 4026.3770140595734 2435.9951896015555 631.41791189648211 1917.3569296570495 6088.8094311514869 7493.0016704825684 4146.7352141048759 84.537675827741623 9424.602940119803 3209.8437371756881 1528.3680752124637 2091.4839596282691 1885.5792841818184 8902.5648068711162 4521.3284666421823 1946.1453456007876 518.1942590996623 4740.1729041393846 1720.390960065648 4839.7504151184112 665.24239796213806 595.55255805514753 8748.1315542804077
leaf_count=52166 16545 10026 16665 18728 242 3834 37487 13261 5867 3072 17680 41247 43405 10297 241 33746 43038 4175 15172 5761 43601 41371 15944 1350 11432 4592 20551 2629 2200 27508
internal_value=-1.58179e-05 -0.0155186 0.0306988 -0.0302745 -0.0199502 -0.00433108 -0.0420409 0.0450324 0.0142925 -0.0226036 -0.0181785 -0.0205035 -0.0107703 0.011873 0.00103369 0.0489925 -0.0527792 0.00801297 -0.0296705 0.003238 -0.00961734 -0.0334221 -0.0339154 0.0162671 0.00451273 0.0170516 -0.00477643 -0.00382282 0.0411155 0.00214561
internal_weight=103412 68724.2 34687.7 29635.9 15785.3 39088.3 13850.6 18513.3 16174.4 15128 9302.83 8006.17 17765.1 13738.4 21323.2 13451 6167.04 7871.24 5825.15 15458.4 16395.6 7683.55 3733.66 2046.56 13572.8 5867.13 5864.78 1296.66 657.336 8832.67
internal_count=563833 457335 106498 290976 116914 166359 174062 63672 42826 114472 64628 58927 97032 36959 69327 47007 95204 22070 49844 44942 87006 78858 34672 5525 39181 14889 24385 5701 2442 27749
is_linear=0
shrinkage=0.05


Tree=12
num_leaves=31
num_cat=0
split_feature=12 12 3 35 12 10 35 31 9 27 12 36 17 9 9 9 9 34 31 35 31 3 32 3 17 17 17 17 12 9
split_gain=15425 4114.67 1264.01 860.295 859.803 558.123 297.576 286.999 255.278 242.543 155.826 147.772 142.812 133.089 122.153 117.017 94.1737 91.8489 88.9608 85.4216 82.2971 80.7543 80.7257 78.7274 71.5763 69.038 67.9656 66.1285 65.7931 62.3425
threshold=33.45000000000001 9.5500000000000025 5.4050000000000011 -0.015000000000000123 3.7500000000000004 42.95000000000001 -0.0033333333333334099 0.046006073707954377 919.50000000000011 0.58245005549389572 18.150000000000002 0.46106944597709681 3.4350000000000005 753.50000000000011 782.50000000000011 897.50000000000011 674.50000000000011 0.084999999999999978 0.037117907155332634 -0.0075000000000002833 0.038680365156748366 5.6450000000000005 35.650000000000013 5.5750000000000011 5.9450000000000012 3.8250000000000006 7.0850000000000009 5.3550000000000013 49.050000000000004 883.50000000000011
decision_type=2 2 2 2 2 2 2 2 2 2 2 2 2 2 2 2 2 2 2 2 2 2 2 2 2 2 2 2 2 2
left_child=1 4 11 7 12 8 16 10 22 17 14 -2 -1 -8 27 20 25 28 -17 -14 -7 -10 -5 -9 -16 -6 -20 -3 -4 -12
right_child=2 3 9 5 6 15 13 23 21 -11 29 -13 19 -15 24 18 -18 -19 26 -21 -22 -23 -24 -25 -26 -27 -28 -29 -30 -31
leaf_value=-0.057560214580914017 0.014443417735496131 -0.0042128849959253136 0.030594287661234905 -0.0054064207113127261 -0.023381350625143672 -0.00031055614664958882 -0.025692502238512473 0.0042814997486012082 -0.02757330396487695 0.049274461120396192 0.0090351290136207792 0.026921746268135146 -0.033072205608342557 -0.03943092780036897 -0.018228342174148076 -0.013226237962530019 -0.025003561644083412 0.025641905993234682 -0.0042275421900098056 -0.047026962588878479 0.01195481148753425 -0.016069394392826859 -0.013975175794504927 0.018464506377188206 -0.0030181242673233302 -0.0096258570496170204 0.015269958098937594 0.0059056721244527049 0.042341563875631358 -0.00097364488252452857
leaf_weight=1776.0674704436678 5544.5165166575462 3615.0919903405011 1599.0624800603837 4527.2116110734642 1176.236849158071 5148.9549156175926 5270.6122039607726 1368.9759229337797 3890.6352940248325 7507.2968666274101 5192.880915495567 4147.228052880615 1984.9958493099548 2648.7303721755743 1795.2155887759291 2728.8842246830463 2219.0284760752693 1517.0171037372202 2619.8969595143571 2450.385130265262 1862.2452625446022 2509.4636142943054 6996.37352084741 3429.6686564721167 1358.9661734513938 4063.096076304093 538.90136036276817 2918.06889757514 4681.261292219162 2221.3732149172574
leaf_count=31283 15469 16919 5126 21738 9284 21210 47013 5253 30796 28270 17800 11668 23818 31747 10541 15136 20045 5162 10752 37514 6000 15371 43212 9641 6579 26396 1724 11836 16734 9920
internal_value=-6.43636e-05 -0.0114931 0.0339123 -0.0039643 -0.0298792 -0.00934804 -0.0235376 0.00361283 -0.0150558 0.0428596 0.000580845 0.0197831 -0.0455793 -0.0302875 -0.0035946 -0.00141685 -0.0163704 0.0366834 -0.00661374 -0.0407817 0.00294725 -0.0230626 -0.0106088 0.0144183 -0.0116751 -0.012714 -0.000901205 0.000306619 0.0393505 0.00603642
internal_weight=99308.3 74312 24996.4 52722.8 21589.2 30822.6 15377.7 21900.2 17923.7 15304.6 17101.6 9691.74 6211.45 7919.34 9687.34 12898.9 7458.36 7797.34 5887.68 4435.38 7011.2 6400.1 11523.6 4798.64 3154.18 5239.33 3158.8 6533.16 6280.32 7414.25
internal_count=563957 481528 82429 254428 227100 165939 134485 88489 111117 55292 73595 27137 92615 78760 45875 54822 55725 27022 27612 61332 27210 46167 64950 14894 17120 35680 12476 28755 21860 27720
is_linear=0
shrinkage=0.05


Tree=13
num_leaves=31
num_cat=2
split_feature=12 12 27 36 12 10 12 36 34 60 9 12 60 9 9 3 27 60 17 36 3 12 31 67 4 31 36 32 67 3
split_gain=13440.3 3734.12 1179.3 787.183 769.597 444.92 319.994 291.018 214.851 192.508 168.596 156.6 154.412 133.729 121.455 117.922 112.375 109.583 108.994 93.6474 78.5932 61.7359 60.2528 56.563 55.8985 54.3873 54.2228 53.8001 53.1719 51.5604
threshold=33.45000000000001 9.5500000000000025 0.50824892937257848 0.21258318945000301 3.0500000000000003 41.95000000000001 14.550000000000002 0.077991826884802454 0.084999999999999978 -0.019999999999999973 743.50000000000011 40.050000000000004 1.0000000180025095e-35 684.50000000000011 864.50000000000011 4.745000000000001 0.59126347168080728 -0.0099999999999999933 3.4350000000000005 0.95418564826077035 5.3650000000000011 5.7500000000000009 0.046006073707954377 0 31.335000000000004 0.020054033411795267 0.46106944597709681 41.350000000000001 1 5.205000000000001
decision_type=2 2 2 2 2 2 2 2 2 2 2 2 2 2 2 2 2 2 2 2 2 2 2 1 2 2 2 2 1 2
left_child=1 4 8 5 18 10 14 13 11 -8 23 28 22 21 27 -12 -4 -9 -1 -11 -13 -6 -7 -3 -10 -17 -20 -5 -2 -15
right_child=2 3 16 6 7 12 9 17 24 19 15 20 -14 29 -16 25 -18 -19 26 -21 -22 -23 -24 -25 -26 -27 -28 -29 -30 -31
leaf_value=-0.057771215536362108 0.00079811555696676227 -0.01608750513825458 0.038042832513472825 0.0025013283272959401 -0.032797323720417194 -0.0015278159237919475 0.014306555165644358 -0.0085871050923529649 0.0026959071106329724 -0.00093186870702082522 -0.03033649977781859 0.024766764683272852 -0.011193896618935049 -0.0446749545971179 -0.017291873568871918 -0.02330302544088475 0.048008360757262808 -0.020989497035148436 -0.046356297456625707 0.0080461465928171085 0.035897453118147973 -0.021157078607123486 0.0076712239402593613 -0.006575018940450302 0.01727416574619095 -0.012707656597539658 -0.032489436937978622 -0.0072474268727651392 0.01882073550494363 -0.031790417529267062
leaf_weight=1515.4148183206562 495.02973750978708 2402.4627518723719 4825.3681824002415 2909.4213185571134 1735.9733120561577 6156.0363017208874 5527.8382397955284 2720.0265877963975 1490.4195490125567 6632.8959339633584 2217.5832121791318 3619.6589949689806 3595.7885089302436 1580.1966852727346 1755.7587268003263 1907.5657985480502 6836.9875678662211 5159.2768321931362 1963.3354435199872 5167.2434846218675 2822.6255823727697 3312.8277816618793 2504.1331524886191 4604.247711812146 1176.685218507424 3317.6320314113982 1099.8934103292413 2755.6480368906632 2673.712701542303 1526.5635294094682
leaf_count=29487 1269 14697 18047 12750 19869 25918 18939 18500 4220 28294 19680 10910 20482 21872 10703 15367 27261 44057 32954 19015 10036 28010 8364 25532 3797 20499 14155 14225 6846 17980
internal_value=4.04513e-05 -0.010742 0.0324986 -0.0035382 -0.0287236 -0.00949172 0.00288602 -0.023561 0.0216832 0.00660664 -0.0154354 0.0251674 -0.00248421 -0.0301819 -0.00580182 -0.0206758 0.0438851 -0.016708 -0.0468032 0.00299958 0.0296436 -0.0251594 0.00113213 -0.00986901 0.00912761 -0.0165757 -0.0413772 -0.00224074 0.0160671 -0.0383439
internal_weight=96008.3 72067.8 23940.5 51454.3 20613.5 26705.4 24748.8 16034.9 12278.1 17328 14449.5 9611.03 12256 8155.56 7420.83 7442.78 11662.4 7879.3 4578.64 11800.1 6442.28 5048.8 8660.17 7006.71 2667.1 5225.2 3063.23 5665.07 3168.74 3106.76
internal_count=563735 481349 82386 254465 226884 150539 103926 150288 37078 66248 95775 29061 54764 87731 37678 55546 45308 62557 76596 47309 20946 47879 34282 40229 8017 35866 47109 26975 8115 39852
cat_boundaries=0 1 2
cat_threshold=10195104 9730
is_linear=0
shrinkage=0.05


Tree=14
num_leaves=31
num_cat=0
split_feature=27 10 10 3 10 35 35 36 9 27 10 31 9 36 9 17 31 35 17 4 4 9 25 31 13 28 28 35 28 64
split_gain=11738.7 3513.68 809.338 752.568 597.652 393.597 314.754 215.446 187.396 169.478 134.627 125.372 119.702 108.916 106.674 93.79 81.7471 79.822 78.3162 77.9019 77.5792 77.0812 66.4504 66.0809 63.0999 62.3087 60.7156 60.4305 58.1868 68.6248
threshold=0.34989711934156381 26.350000000000005 42.350000000000001 5.4450000000000012 13.15 -0.013333333333333195 -0.015000000000000123 -0.36273812505500297 868.50000000000011 0.58126743434941242 6.8500000000000005 0.031208659423254705 684.50000000000011 0.78173595997056733 897.50000000000011 5.4150000000000009 0.047423892166303633 -0.091666666666666327 4.1550000000000011 47.390000000000008 37.220000000000006 639.50000000000011 0.057890928478939757 0.01597286854686689 0.17500000000000002 1.5500000000000003 3.4500000000000006 0.020000000000000021 3.8166666666666669 20.205000000000005
decision_type=2 2 2 2 2 2 2 2 2 2 2 2 2 2 2 2 2 2 2 2 2 2 2 2 2 2 2 2 2 2
left_child=1 4 5 13 10 11 23 21 15 27 -1 22 18 26 16 -7 -9 -12 -8 28 -10 -4 -3 -6 -13 -23 -2 -5 29 -16
right_child=3 2 7 9 6 8 12 14 20 -11 17 24 -14 -15 19 -17 -18 -19 -20 -21 -22 25 -24 -25 -26 -27 -28 -29 -30 -31
leaf_value=-0.051175691832648029 0.025159733321517802 -0.0082048537043030428 0.0042557527571955162 0.037339620172529502 -0.016644463460543484 -0.013305673284082976 -0.031186062195739741 0.0074413414739567434 -0.025491126942098347 0.046385375643897206 -0.0011545439367445366 0.0086897906212805003 -0.035533132907872966 0.029896880713556274 -0.0043096938339386081 -0.0032540315834037347 0.018559941406042967 -0.037033951366530336 -0.018320482835562788 0.0092034850918679377 -0.0138947585195222 0.017747662516352947 0.0030709844665566585 -0.0048461757984355411 -0.0049921857418676642 -0.0081462275039440781 0.012939042811455382 0.024854881386816612 -0.015221695210233616 0.010818779941680658
leaf_weight=2214.3298301340546 1434.9264374822378 5883.2283917870373 2182.705856830813 5114.1053098039702 3421.8918078406714 6417.0441868696362 1928.5302236964926 9762.5370219834149 3592.4523777514696 6716.1574588250369 162.92455632332712 3129.6333621004596 3333.4016463244334 2195.4819792192429 2553.3955842163414 3635.4905171142891 1990.1552152801305 3192.7820346055087 3059.2259692884982 2115.7846290515736 2409.64933719486 243.71726661361754 1679.61263859272 1816.9742472227663 1153.2145993309096 4969.6775947185233 3484.3069191984832 1195.9079823940992 744.16145893745124 1061.1138961426914
leaf_count=44830 4684 31180 8517 20013 28624 40456 19457 35243 30364 28563 1194 11438 42764 7050 11611 20520 5813 47082 27930 8482 15939 957 8214 11219 5317 24304 10430 4468 3344 3694
internal_value=-6.16148e-05 -0.00942494 -0.00285126 0.0337144 -0.0278173 -0.00874343 -0.0221531 0.00356452 -0.0138446 0.0408573 -0.0416064 -0.00182971 -0.0281975 0.0206367 0.00648507 -0.00967051 0.00932412 -0.035292 -0.023295 0.00133151 -0.0208356 -0.00363295 -0.00570063 -0.0125525 0.00500573 -0.00693573 0.0165038 0.0349734 -0.0024897 0.000131582
internal_weight=92794.5 72653.6 53523.6 20140.9 19130.1 27900.3 13560 25623.2 16054.6 13026.2 5570.04 11845.7 8321.16 7114.72 18227.1 10052.5 11752.7 3355.71 4987.76 6474.46 6002.1 7396.1 7562.84 5238.87 4282.85 5213.39 4919.23 6310.01 4358.67 3614.51
internal_count=563701 488493 265393 75208 223100 163428 129994 101965 107279 53044 93106 56149 90151 22164 68187 60976 41056 48276 47387 27131 46303 33778 39394 39843 16755 25261 15114 24481 18649 15305
is_linear=0
shrinkage=0.05


Tree=15
num_leaves=31
num_cat=1
split_feature=22 22 27 27 12 22 22 22 22 22 22 27 70 17 17 22 22 17 17 9 17 35 17 3 10 67 35 17 12 9
split_gain=12445 2505.01 2397.56 851.627 599.637 517.611 371.561 276.467 185.029 251.253 147.616 103.633 84.7627 73.8249 70.6389 65.137 62.8099 61.6083 59.6563 53.8675 59.0412 53.786 51.785 49.4381 48.5359 48.0246 47.9588 47.0229 46.9898 50.0714
threshold=0.4074751301636384 0.11393472058094446 0.37637182392938096 0.26477557390737921 4.7500000000000009 0.62595469645606783 0.20667683066245843 0.6653644978549339 1.0000000180025095e-35 0.044875039507629846 0.029639322169598616 0.58040445495384219 10.430000000000001 5.9050000000000011 5.9150000000000009 0.4848987609454154 1.3614977444532925 3.9650000000000003 6.5650000000000004 475.50000000000006 4.2750000000000012 -0.052500000000000206 2.8150000000000004 5.4050000000000011 35.550000000000004 0 0.039999999999999598 3.9350000000000005 22.250000000000004 897.50000000000011
decision_type=2 2 2 2 2 2 2 2 2 2 2 2 2 2 2 2 2 2 2 2 2 2 2 2 2 1 2 2 2 2
left_child=1 3 7 4 10 15 14 17 12 -10 -1 -7 -6 22 26 -4 18 25 -9 20 -11 -19 -8 -5 -21 -2 27 -3 -23 -30
right_child=2 6 5 23 8 11 13 16 9 19 -12 -13 -14 -15 -16 -17 -18 21 -20 24 -22 28 -24 -25 -26 -27 -28 -29 29 -31
leaf_value=-0.055142463513340505 0.0080930221856420903 -0.024087294415094995 0.011031685752568215 0.01034390365926586 -0.025296237178725346 0.037642052520908235 -0.030287343731737498 0.015393335172203499 -0.042169908287603503 -0.026579452120380612 -0.038150053038857976 0.046766144563666831 -0.0024696513720569527 0.0017108480878188588 -0.0079195858120065781 0.025333747066330372 0.034341413859022583 0.014339284463835283 0.027432447744913976 -0.029847481811862059 -0.012578620330903428 0.003057642391756878 -0.0042877575265505242 0.040087844724529871 -0.021576890371320309 -0.015412448564207296 -0.024507322924818803 -0.012689574843137215 0.01430902908272434 0.0032348853897326661
leaf_weight=2188.7306932606734 363.21532773040235 1045.3033227836713 1290.1937533766031 218.10073472373188 626.03787994198501 6605.8741006003693 194.39874227996916 5267.3249560091645 2416.5491341063753 1338.5160811785609 3071.9540635752492 5884.3234641049057 1160.7233976637945 6915.637136281468 4263.2920990874991 2078.8415163047612 624.48504557088017 2562.5117522589862 1278.7959371190518 4498.7522067534737 1721.3244003946893 5345.8316239695996 12927.73726046551 388.64741205237806 2928.7300650598481 517.03652269486338 1325.9775536786765 6738.4997546421364 2666.2974095735699 1653.8682933412492
leaf_count=48742 1042 8349 2857 1051 4573 27740 930 15205 36623 13562 51637 27165 6740 32524 28468 7787 1695 7539 3854 49052 15056 18209 55491 1680 25235 1568 10821 46997 7013 4784
internal_value=-2.16481e-05 -0.0152271 0.022686 -0.0289598 -0.0307345 0.0372492 -0.00677726 0.0112971 -0.0255474 -0.0276354 -0.0452198 0.0419406 -0.0104675 -0.0024697 -0.0132316 0.0198567 0.0191906 0.0069793 0.0177452 -0.0242863 -0.0187032 0.00789895 -0.00467293 0.0293961 -0.0265863 -0.00579662 -0.0157175 -0.0142202 0.00619158 0.0100696
internal_weight=90107.5 53968.9 36138.6 20558.1 19951.3 15859.2 33410.8 20279.4 14690.6 12903.9 5260.68 12490.2 1786.76 20037.8 13373.1 3369.04 7170.61 13108.8 6546.12 10487.3 3059.84 12228.5 13122.1 606.748 7427.48 880.252 9109.78 7783.8 9666 4320.17
internal_count=563989 437531 126458 253951 251220 65549 183580 60909 150841 139528 100379 54905 11313 88945 94635 10644 20754 40155 19059 102905 28618 37545 56421 2731 74287 2610 66167 55346 30006 11797
cat_boundaries=0 1
cat_threshold=13129859
is_linear=0
shrinkage=0.05


Tree=16
num_leaves=31
num_cat=2
split_feature=22 22 12 12 12 22 22 22 22 22 22 17 1 1 36 12 22 12 12 22 12 59 36 67 17 12 20 9 67 12
split_gain=10872.4 2603.84 1893.08 713.763 574.769 457.389 300.612 176.927 154.067 253.118 145.614 86.1601 75.5766 71.5128 70.7393 70.1097 69.0167 64.4276 57.8906 55.9807 55.8521 49.0196 54.1461 47.0357 46.2841 46.0985 56.9893 44.7791 42.2342 41.1541
threshold=0.45751449250414711 0.11393472058094446 41.350000000000001 37.350000000000001 4.7500000000000009 0.2223982546547158 0.73793818346089057 0.95414056801272362 1.0000000180025095e-35 0.049998767354275032 0.036709308206807831 3.8950000000000005 1.0000000180025095e-35 1.0000000180025095e-35 0.95418564826077035 10.15 0.35815615468449413 62.650000000000013 16.750000000000004 0.57728401669147955 17.150000000000002 0.18500000000000003 -0.37392650224713098 0 3.8950000000000005 27.850000000000005 17.350000000000005 760.50000000000011 1 23.550000000000004
decision_type=2 2 2 2 2 2 2 2 2 2 2 2 2 2 2 2 2 2 2 2 2 2 2 1 2 2 2 2 1 2
left_child=1 3 7 4 10 15 19 14 12 -10 -1 28 23 -5 24 -3 21 -8 -14 -4 -16 22 -13 -6 -2 26 -26 -11 29 -7
right_child=2 5 6 13 8 11 17 -9 9 27 -12 16 18 -15 20 -17 -18 -19 -20 -21 -22 -23 -24 -25 25 -27 -28 -29 -30 -31
leaf_value=-0.052483392817517287 -0.0059090830525542568 -0.016886503646943992 0.019084702209597661 -0.021762621628946641 -0.007118505943852548 -0.014071242637547533 0.038500699272232417 0.024198355378690688 -0.039064975030398713 -0.018706944427966488 -0.035341489990495127 -0.0063059065390245021 -0.015542004337463037 0.037692114102918325 0.0074924340075278751 -0.0095438421134042828 0.00390330491680116 0.04660902616896976 0.0033107174080317988 0.030935192584974888 0.019738772535464563 -0.0095267585752317856 0.0015949274163721029 -0.065051549065628905 -0.002531458570995568 0.014810718586806507 0.0089847122604419828 -0.025570275679819933 -0.018072590825824977 0.012341462051982876
leaf_weight=2467.1323191693518 568.92728042788804 4790.9033028660342 1629.6796875186265 57.007145129144192 73.118821727111936 299.8327085711062 5203.422982795164 2737.2083293553442 2885.0804470542353 4728.5294358753599 2488.4161336384714 3064.3576220059767 934.03851489443332 448.37529528513551 1390.1554275620729 10113.999111977872 8077.9373786123469 4629.6756200985983 721.90654393285513 2565.2247635051608 2819.0667884666473 1857.9687159359455 7417.649135151878 87.8111317679286 1342.910357054323 2355.5913418252021 5370.4347036164254 4777.8937769369222 985.70373512711376 290.23589460551739
leaf_count=58724 1665 40500 5619 247 480 1622 23273 7651 44883 45138 41983 14948 6927 2162 4549 65173 26578 22924 3355 11144 8269 8785 34367 863 4292 6449 17299 49566 4042 692
internal_value=1.54451e-05 -0.0129739 0.0240182 -0.0276666 -0.0292134 -0.00514173 0.0375376 0.0125827 -0.0240995 -0.0260932 -0.0438756 -0.000559012 -0.0105022 0.0309856 0.0102866 -0.011904 0.000310379 0.0423183 -0.00732319 0.0263314 0.0156942 -0.00204161 -0.000714838 -0.0432141 0.00792483 0.00879268 0.00668106 -0.0221564 -0.0118241 -0.00106168
internal_weight=87180.2 56567.9 30612.3 19669.3 19163.9 36898.6 14028 16584.3 14208.4 12391.5 4955.55 21993.7 1816.88 505.382 13847.1 14904.9 20417.9 9833.1 1655.95 4194.9 4209.22 12340 10482 160.93 9637.86 9068.94 6713.35 9506.42 1575.77 590.069
internal_count=564169 451035 113134 254328 251919 196707 62960 50174 151212 139587 100707 91034 11625 2409 42523 105673 84678 46197 10282 16763 12818 58100 49315 1343 29705 28040 21591 94704 6356 2314
cat_boundaries=0 1 2
cat_threshold=8388608 1970392
is_linear=0
shrinkage=0.05


Tree=17
num_leaves=31
num_cat=0
split_feature=27 12 27 12 12 35 36 35 3 60 34 17 60 3 60 60 34 60 35 68 36 60 3 3 4 37 70 35 17 4
split_gain=7746.82 2614.62 630.618 577.089 486.535 269.019 268.877 186.77 145.038 141.888 138.102 129.658 116.345 92.6104 77.7459 74.6778 73.8943 73.7112 69.5314 68.6508 67.1526 59.9668 44.9372 44.4986 42.8159 41.7289 41.2466 38.3828 36.8211 36.6718
threshold=0.34727187537239868 8.8500000000000032 0.52451841933812482 17.350000000000005 3.7500000000000004 -0.013333333333333195 0.8725028717781963 0.016666666666666167 4.785000000000001 1.0000000180025095e-35 0.084999999999999978 3.4350000000000005 -0.0050000000000000036 5.4450000000000012 -0.024999999999999991 -0.024999999999999991 0.069999999999999854 -0.0050000000000000036 -0.0066666666666663757 0.10055000000000001 -0.340110519170221 -0.024999999999999991 4.3050000000000006 6.2950000000000008 34.660000000000004 5.5000000000000009 19.335000000000004 -0.054999999999999265 7.1450000000000005 40.530000000000008
decision_type=2 2 2 2 2 2 2 2 2 2 2 2 2 2 2 2 2 2 2 2 2 2 2 2 2 2 2 2 2 2
left_child=1 4 10 5 11 12 9 17 25 15 13 -1 27 -2 -8 23 26 -6 -13 21 -17 -10 -14 -5 -12 -7 -4 -3 -22 -11
right_child=2 3 16 6 7 8 14 -9 19 29 24 18 22 -15 -16 20 -18 -19 -20 -21 28 -23 -24 -25 -26 -27 -28 -29 -30 -31
leaf_value=-0.052839813989481711 0.019194124797279045 0.010363700279133234 0.035938671192032111 0.0014005721515053444 -0.0092365850528014215 -0.018338142967168462 0.023010964956876413 -0.029289258079370668 -0.0031412997453157533 -0.012905876688798347 0.0030410366899412738 -0.026599303766364043 -0.018178194847353887 0.03095241916928081 0.0088464263591618037 -0.0044554446238611557 0.030906031312458539 -0.01942610600441037 -0.040939048157437742 -0.0058771068089300809 0.0024284573306783668 -0.017234991697106097 -0.005054758197947414 0.013091991095178264 0.017974962666465418 -0.031242410994326026 0.044528240251355156 0.00074062881054536055 0.01862032504035676 -0.0041177994922450105
leaf_weight=1272.2658464203123 4551.4835813306272 1524.4102557552978 2052.069424056448 1315.6981688346714 2908.3208643123507 2787.1799865840003 1176.2935154894367 3624.6866425597109 963.22170776082203 1948.364254987333 1253.6402719020844 1611.7024538675323 758.68217703979462 2649.3666730243713 5490.656257873401 4603.441800200846 2058.9469857029617 4554.1284108795226 1777.854313259013 5636.2800026088953 7015.012928199023 3487.173947674688 4652.2697478365153 2133.7777608595788 777.68570377491415 808.12990358751267 4382.2217612881213 3235.6099768192507 369.60872305464 3038.18925385084
leaf_count=31214 15151 6161 9292 5775 23681 24918 4041 47922 6151 13593 4056 24393 5285 11524 20772 21109 9838 47743 36765 34249 26488 29733 26578 8046 3045 8901 22644 15928 1628 17461
internal_value=-6.2291e-05 -0.00787086 0.0293179 -0.00236641 -0.0256764 -0.00803777 0.00262707 -0.0199778 -0.012616 -0.000218877 0.0202723 -0.0392293 -0.00187914 0.0235203 0.0113456 0.00214967 0.0391506 -0.015455 -0.0341206 -0.00954251 0.000284242 -0.0141846 -0.00689483 0.00863265 0.00875844 -0.0212387 0.0417888 0.00382245 0.00323888 -0.00755151
internal_weight=84418.4 66693 17725.4 50944 15749 23853 27091 11087.1 13682 20424.1 9232.18 4661.82 10171 7200.85 6666.95 15437.5 8493.24 7462.45 3389.56 10086.7 11988.1 4450.4 5410.95 3449.48 2031.33 3595.31 6434.29 4760.02 7384.62 4986.55
internal_count=564085 488535 75550 276817 211718 157904 118913 119346 103952 94100 33776 92372 53952 26675 24813 63046 41774 71424 61158 70133 49225 35884 31863 13821 7101 33819 31936 22089 28116 31054
is_linear=0
shrinkage=0.05


Tree=18
num_leaves=31
num_cat=1
split_feature=22 22 27 10 22 22 10 22 22 22 22 22 22 22 71 27 1 48 46 17 1 13 36 22 68 13 64 17 67 27
split_gain=8681.34 1877.96 1606.51 647.053 396.677 351.197 331.242 230.542 226.529 119.126 106.007 99.1221 85.0044 73.9554 70.8161 68.2888 58.9058 53.8077 52.8906 51.5043 51.1834 48.5785 42.9449 42.2517 40.2077 39.8883 39.6956 39.5649 38.6521 35.7921
threshold=0.41527575646646758 0.12013680282277432 0.37637182392938096 34.45000000000001 0.73793818346089057 0.049998767354275032 64.250000000000014 0.2223982546547158 0.60172900039740262 1.0000000180025095e-35 0.025869158525698096 0.010120814359870329 0.57728401669147955 1.1742428421881845 -0.035717932738796414 0.58040445495384219 1.0000000180025095e-35 2.2061825251285732 0.18833485982086573 6.5850000000000009 1.0000000180025095e-35 0.17500000000000002 0.22263489151401383 0.067607497555745674 0.61910000000000009 0.17500000000000002 8.8150000000000031 3.9650000000000003 0 0.34727187537239868
decision_type=2 2 2 2 2 2 2 2 2 2 2 2 2 2 2 2 2 2 2 2 2 2 2 2 2 2 2 2 1 2
left_child=1 3 8 5 12 9 11 21 18 -1 -11 20 -4 19 17 -6 24 26 27 29 -5 -3 -16 -13 -8 -7 -9 -2 -20 -10
right_child=2 7 4 6 15 25 16 14 13 10 -12 23 -14 -15 22 -17 -18 -19 28 -21 -22 -23 -24 -25 -26 -27 -28 -29 -30 -31
leaf_value=-0.024025236631790133 -0.0079566921033829129 -0.0081585170730125462 0.014476621777718739 -0.03661623354111563 0.0351208850494985 -0.02080144998231865 -0.059349350161907621 -0.0088805537107135585 0.011629215341198415 -0.053397053985921941 -0.03806071331737193 -0.0260028460795604 0.028002771525377907 0.028079819747264086 -0.0023258418764204075 0.043881392116562237 0.038752559714006554 -0.017303432560687778 0.026055412973403663 0.023269959159206818 0.0021541309928961839 -0.014461231809548237 0.0042270439118981019 -0.014970243875791276 0.032049724587574858 -0.02794539187989193 -0.0010100352484568422 0.0049041119869519985 0.0084896298729787677 0.026466253164666571
leaf_weight=883.49109907867387 648.54992942512035 8399.0889862603508 2242.3485515657812 93.115583961829543 4449.7690982697532 3771.0245609066915 27.707816202193499 2516.1371428361163 5647.291944321245 1843.3575339259114 2898.4620077291038 1209.9362368108705 2409.8277746029198 1197.2349811978638 4855.2229629154317 4448.1983136152849 363.6969054909423 835.24964110180736 460.3691232688725 1420.8068229798228 992.30164570733905 4806.9480683370493 5154.8015919122845 3069.1209292341955 21.269561983644962 4055.0085904744919 4409.8173531405628 7675.1334938080981 1050.3874018713832 438.00045065023005
leaf_count=9873 2046 59795 7303 644 21685 43708 133 14466 17562 48489 58919 14121 11371 3511 22769 24852 1897 2365 1471 4556 5108 36832 22974 26601 84 53372 17748 24851 3478 1457
internal_value=-8.47681e-05 -0.0130677 0.0202288 -0.0253417 0.0333145 -0.0313526 -0.0113461 -0.00544893 0.0106638 -0.0408819 -0.0440226 -0.0146667 0.0214832 0.0165392 -0.00173057 0.0395004 0.0318203 -0.00531508 0.0054642 0.0146984 -0.00117189 -0.0104527 0.00104866 -0.0180898 -0.0196572 -0.024503 -0.00386932 0.00390205 0.0140711 0.0126971
internal_weight=82293.7 50205.8 32087.9 19228.5 13550.1 13451.3 5777.15 30977.3 18537.8 5625.31 4741.82 5364.47 4652.18 8703.33 17771.2 8897.97 412.674 7761.2 9834.44 7506.1 1085.42 13206 10010 4279.06 48.9774 7826.03 6925.95 8323.68 1510.76 6085.29
internal_count=564041 439898 124143 262949 65211 214361 48588 176949 58932 117281 107408 46474 18674 27086 80322 46537 2114 34579 31846 23575 5752 96627 45743 40722 217 97080 32214 26897 4949 19019
cat_boundaries=0 1
cat_threshold=5256224
is_linear=0
shrinkage=0.05


Tree=19
num_leaves=31
num_cat=1
split_feature=12 12 27 12 35 10 9 12 60 34 17 9 12 34 4 28 9 60 9 35 4 27 35 70 35 35 9 17 17 8
split_gain=5978.44 2073.35 630.973 561.028 397.034 222.389 194.58 169.226 136.111 131.204 126.943 115.507 114.907 93.594 78.0817 78.0785 76.2984 68.0636 61.6869 56.6325 54.905 54.5863 52.6146 52.2586 51.2251 50.7658 48.2966 45.2167 43.2301 42.6163
threshold=36.650000000000013 10.550000000000002 0.50234861346915693 3.7500000000000004 -0.0075000000000002833 42.95000000000001 776.50000000000011 21.050000000000004 -1.0000000180025095e-35 0.084999999999999978 4.3150000000000004 839.50000000000011 1.0500000000000003 0.069999999999999854 41.365000000000009 3.4500000000000006 965.50000000000011 -0.024999999999999991 489.50000000000006 0.0058333333333333579 23.650000000000002 0.59334526575580049 -0.052500000000000206 9.4500000000000011 -0.0033333333333334099 -0.01583333333333314 879.50000000000011 7.2350000000000012 5.4050000000000011 0
decision_type=2 2 2 2 2 2 2 2 2 2 2 2 2 2 2 2 2 2 2 2 2 2 2 2 2 2 2 2 2 1
left_child=1 3 9 12 7 11 10 8 26 15 19 -6 -1 21 -8 -2 29 -9 -12 -5 -10 -4 -19 -13 -14 -20 28 -18 -3 -7
right_child=2 4 13 6 5 16 14 17 20 -11 18 23 24 -15 -16 -17 27 22 25 -21 -22 -23 -24 -25 -26 -27 -28 -29 -30 -31
leaf_value=-0.050801008475457647 0.027203606832905444 0.0020963451262722694 0.03336610935365935 -0.015262886684655107 -0.0063097647362708635 0.0089523257120899865 -0.030479387336949285 0.019574646953746049 -0.015400878111665054 0.0049769102244557224 -0.004594351530237341 -0.024737105852328242 -0.025719452659938698 0.026610145387616593 -0.014590168850575647 0.015770757186064754 -0.0079520345124628102 0.013651035791458446 -0.0062766806121854245 -0.027152194862814595 -0.0029537822866301348 0.042638690045471717 0.004273590120336403 -0.013309401007800507 -0.038548930195674749 -0.019554002775070165 -0.0030742702752339255 0.0092008096105763611 0.01138190724624244 4.7525580858111518e-05
leaf_weight=1118.9604466287419 2296.4526493418962 2166.4784558461979 2811.3677160283551 2597.4629161814228 6477.3009941186756 1898.2968406826258 2794.6425532253925 1322.9427442532033 1047.1925553828478 1942.5626189168543 3809.229690737091 1365.8766435501166 1559.8637178363279 2175.8222545036115 1068.9227705607191 4270.2209878694266 3570.8565766997635 2175.3836633618921 1208.0167130222544 1630.2166917128488 5754.3662919127382 3644.9176019094884 4788.256552268751 3738.9307152675465 1552.3354805137496 1781.8268342223018 1377.2742522880435 430.53145561087877 2974.2999128988013 4551.103251860477
leaf_count=32068 9644 9919 14156 23374 42229 8145 40764 4738 6532 6817 30253 14869 25498 11060 12348 15212 20157 7787 9187 19944 32295 20963 19396 30004 34916 19785 7090 2114 12057 20404
internal_value=-0.000116066 -0.00726374 0.0260541 -0.0209928 -0.00124804 -0.00597084 -0.0164274 0.00356802 7.77762e-05 0.0163921 -0.0130441 -0.0107425 -0.0370594 0.0355785 -0.0260834 0.019769 -0.000682616 0.00917814 -0.00881372 -0.0198475 -0.00487018 0.038601 0.00720303 -0.0163671 -0.0321187 -0.0141894 0.00524095 -0.00610647 0.00746869 0.00268249
internal_weight=79901.9 62760.6 17141.3 19121.5 43639.1 22032.9 14890.3 21606.2 13319.6 8509.24 11026.8 11582.1 4231.16 8632.11 3863.57 6566.67 10450.8 8286.58 6799.07 4227.68 6801.56 6456.29 6963.64 5104.81 3112.2 2989.84 6518.05 4001.39 5140.78 6449.4
internal_count=563725 485873 77852 248137 237736 137922 155655 99814 67893 31673 102543 87102 92482 46179 53112 24856 50820 31921 59225 43318 38827 35119 27183 44873 60414 28972 29066 22271 21976 28549
cat_boundaries=0 1
cat_threshold=50196
is_linear=0
shrinkage=0.05


Tree=20
num_leaves=31
num_cat=0
split_feature=22 22 27 12 27 22 22 22 22 22 22 22 17 1 17 3 9 17 22 17 27 9 27 5 1 68 48 22 9 22
split_gain=6819.79 2089.77 916.905 626.751 309.664 187.985 176.304 190.374 173.19 133.171 130.099 127.864 75.3212 61.593 55.1991 50.3474 48.8948 47.264 46.4589 44.0393 39.8969 38.9826 43.2698 39.4585 37.8904 41.9321 37.3087 37.1072 37.0639 35.7839
threshold=0.52342032118153825 0.16736081593049226 0.43133018116494659 4.7500000000000009 0.4050355854538365 0.056330263808617893 0.091929434208846125 1.0000000180025095e-35 0.32793082086204911 0.046586362438020675 1.1742428421881845 0.81574919152516401 5.9450000000000012 1.0000000180025095e-35 2.8150000000000004 5.8350000000000009 817.50000000000011 5.8950000000000005 0.6653644978549339 4.1550000000000011 0.58997360807998789 889.50000000000011 0.35295188371824587 27.290000000000003 1.0000000180025095e-35 0.61910000000000009 0.60425184733641613 0.44831082245866843 760.50000000000011 0.029639322169598616
decision_type=2 2 2 2 2 2 2 2 2 2 2 2 2 2 2 2 2 2 2 2 2 2 2 2 2 2 2 2 2 2
left_child=1 3 10 5 6 29 7 13 12 -9 18 -4 14 -5 -3 26 19 21 -2 -16 -13 22 23 -10 25 -6 -15 -24 -11 -1
right_child=2 8 11 4 24 -7 -8 9 17 28 -12 20 -14 15 16 -17 -18 -19 -20 -21 -22 -23 27 -25 -26 -27 -28 -29 -30 -31
leaf_value=-0.050303306527345992 0.0095398997384265743 -0.034904345295904388 0.026996201821462243 -0.03799339598009828 -0.061073824767627752 -0.025136562252117786 -0.012507660898257254 -0.036338051948966089 -0.007032292159628104 -0.017447118647178711 0.028874618517832309 0.034963546314538456 0.00050949466893137469 -0.016186641842971514 -0.011490762665338368 0.0065238513263604957 -0.012243996950766379 0.0068487715841785944 0.015906112151055574 -0.0024305131697063749 0.042913965153161079 -0.0060073815267707303 0.0035569372768596607 0.0025807506733484006 0.033697089403012324 0.038339595949303681 0.010083003729156307 0.018260713590830018 -0.025406035796176171 -0.038509616459075385
leaf_weight=1573.5016389064258 5511.0254801483825 171.26865233946592 3272.9375777738169 147.16382246464491 23.498967546969652 1979.8520053811371 9705.9896736214869 2043.7074156689923 1366.2275328077376 2863.2752136164345 1423.7268216647208 2984.1288422988728 5353.752046065405 773.09916510432959 1703.3163366243243 649.10769381048158 2603.2362210922875 5419.5226013502106 5970.5784454718232 6309.1758710555732 3348.7492599766701 1640.2044764915481 1105.4393862150609 4881.7146381800994 340.46645995602012 19.33430658467114 163.79353950405493 701.29163735173643 2990.6812832315918 1087.8266563208308
leaf_count=48701 18647 1173 17449 1364 126 30908 83624 39116 5021 32907 4741 16062 31696 6091 10081 3814 15418 20950 20524 36704 20916 5486 2501 17938 1938 86 644 2190 38344 28669
internal_value=0.000104486 -0.00929384 0.0233242 -0.020272 -0.0163813 -0.0368033 -0.0172634 -0.0220563 -0.000737117 -0.0253495 0.0146182 0.0350205 -0.00433879 -0.00705006 -0.00674506 -0.00417886 -0.00629076 0.00310913 0.0128504 -0.00435656 0.0391676 0.00101863 0.00244937 0.000478682 0.0281211 -0.0162001 -0.011594 0.00926428 -0.0215132 -0.0454826
internal_weight=78127.6 55616.4 22511.1 24361.3 19720.1 4641.18 19336.8 9630.83 31255.1 7897.66 12905.3 9605.82 16140.7 1733.16 10787 1586 10615.7 15114.4 11481.6 8012.49 6332.88 9694.88 8054.67 6247.94 383.3 42.8333 936.893 1806.73 5853.96 2661.33
internal_count=563829 465490 98339 316332 208054 108278 205904 122280 149158 110367 43912 54427 95072 11913 63376 10549 62203 54086 39171 46785 36978 33136 27650 22959 2150 212 6735 4691 71251 77370
is_linear=0
shrinkage=0.05


Tree=21
num_leaves=31
num_cat=2
split_feature=12 12 27 3 12 36 35 28 35 35 12 9 17 35 70 27 17 60 60 12 67 60 68 27 67 13 9 17 34 64
split_gain=4533.58 1414.87 921.147 520.478 261.071 221.12 175.852 152.306 128.371 120.528 102.663 94.7825 99.1399 92.0864 76.8412 69.7618 69.3926 67.6074 63.4664 59.3656 53.3349 49.179 48.8722 48.4893 46.8228 46.3167 45.9109 43.6241 43.3627 41.7693
threshold=27.050000000000004 7.1500000000000012 0.50824892937257848 5.4050000000000011 2.3500000000000001 -0.45042643182834002 0.016666666666667055 3.4500000000000006 -0.051666666666666299 -0.0049999999999994485 15.250000000000002 616.50000000000011 4.6750000000000007 0.050833333333333293 19.185000000000006 0.42266259166525594 3.4350000000000005 -0.020000000000000007 -0.019999999999999973 16.450000000000003 0 0.029999999999999988 0.1087 0.35885651103671562 1 0.17500000000000002 1024.5000000000002 2.8150000000000004 0.064999999999999961 9.7650000000000023
decision_type=2 2 2 2 2 2 2 2 2 2 2 2 2 2 2 2 2 2 2 2 1 2 2 2 1 2 2 2 2 2
left_child=1 4 7 6 16 17 11 23 18 21 -10 12 27 15 -4 20 -1 -5 -7 -13 -9 -6 -8 -2 -15 -11 -12 -3 -16 -19
right_child=2 3 14 5 9 8 22 13 10 25 26 19 -14 24 28 -17 -18 29 -20 -21 -22 -23 -24 -25 -26 -27 -28 -29 -30 -31
leaf_value=-0.051569958792882044 0.013891952551253953 -0.030894480573323557 0.026630441034241722 0.00084268555606448908 -0.011474723636740784 0.017786181996371091 -0.026157466752576131 -0.001647912966329037 -0.0045625659515890239 -0.020807168643393433 0.0058828572853085251 -0.01602067385531834 0.0061254383925259627 0.0057097030786816315 0.039818386077977969 0.016537864684711454 -0.033230607552336304 -0.015249917258924281 0.0055666338157149805 -0.0056847853855987451 0.0091844592798764665 -0.025897960677847772 -0.015483985675094791 0.023835229071319294 -0.019635278458678181 -0.031886151670810541 -0.0015099676736379871 -0.006480817934757222 0.029070117140360716 -0.0063889517219647973
leaf_weight=823.61654184036888 2492.1001166924834 193.15348292468116 2826.5988316349685 1948.9100548420101 3072.884147638455 1762.0439452100545 1524.311532559339 1516.2387798838317 5721.8004960590042 1733.6970274450723 7402.655164109543 3560.9135906917509 1976.4319227319211 311.57451263535768 3580.315700026229 2414.7780365496874 1380.1450550998561 2241.2617255009245 2676.9714687652886 2277.9674015669152 4549.6343683805317 731.74588510580361 3618.164488372393 2413.5652188165113 424.11309772264212 2069.3705169034656 2931.8033840805292 3473.6688654758036 1271.6838120194152 3270.8577966815792
leaf_count=27302 9069 1460 14533 10803 33688 6857 20470 5020 37880 25776 35960 31772 11599 1072 23122 9845 33649 20565 12794 13124 15078 11006 32425 11014 1666 39313 15590 22451 7721 21209
internal_value=-1.9517e-05 -0.00774096 0.0192454 -0.00395782 -0.0249306 0.000208304 -0.0109637 0.0116668 0.00289128 -0.0205409 0.000810634 -0.00752221 -0.00290135 0.00787841 0.0331837 0.00935045 -0.0400846 -0.00716176 0.0104171 -0.0119883 0.0064892 -0.0142488 -0.0186478 0.018784 -0.00909059 -0.0268356 0.00378557 -0.00776683 0.0370013 -0.00999187
internal_weight=76193 54392.4 21800.6 44580.9 9811.46 27956.3 16624.6 14122 20495.3 7607.7 16056.3 11482.1 5643.25 9216.34 7678.6 8480.65 2203.76 7461.03 4439.02 5838.88 6065.87 3804.63 5142.48 4905.67 735.688 3803.07 10334.5 3666.82 4852 5512.12
internal_count=563833 465693 98140 294959 170734 161658 133301 52764 109081 109783 89430 80406 35510 32681 45376 29943 60951 52577 19651 44896 20098 44694 52895 20083 2738 65089 51550 23911 30843 41774
cat_boundaries=0 1 2
cat_threshold=4269570 10536076
is_linear=0
shrinkage=0.05


Tree=22
num_leaves=31
num_cat=0
split_feature=22 22 12 10 12 22 22 22 22 22 22 22 22 22 22 17 9 48 17 12 1 35 9 22 1 59 46 5 17 12
split_gain=5631.39 1284.52 1023.26 450.119 248.616 245.925 222.812 217.143 153.587 88.9809 74.843 71.0535 58.5108 56.0282 51.4126 50.9543 65.1061 49.7682 45.0604 52.4441 45.0162 45.0043 43.6436 42.4406 42.3588 37.5953 33.9462 34.8498 31.6424 31.0763
threshold=0.4074751301636384 0.11393472058094446 49.850000000000001 27.350000000000005 37.350000000000001 0.60172900039740262 0.044875039507629846 0.62595469645606783 0.23636829237037724 1.3614977444532925 0.0076280472056031957 1.0000000180025095e-35 0.042367701886314786 0.023661628398005775 1.6777501848701686 4.2350000000000012 523.50000000000011 2.0655473578559986 6.5950000000000006 38.250000000000007 1.0000000180025095e-35 0.020000000000000021 760.50000000000011 0.076001872151897132 1.0000000180025095e-35 0.18500000000000003 0.1578426147885075 32.435000000000009 5.6050000000000013 15.250000000000002
decision_type=2 2 2 2 2 2 2 2 2 2 2 2 2 2 2 2 2 2 2 2 2 2 2 2 2 2 2 2 2 2
left_child=1 3 5 6 10 26 11 -4 15 18 24 -1 -12 -13 -9 -3 28 21 19 -7 -6 25 -14 -8 -5 -10 27 -2 -17 -11
right_child=2 8 7 4 20 9 23 14 17 29 12 13 22 -15 -16 16 -18 -19 -20 -21 -22 -23 -24 -25 -26 -27 -28 -29 -30 -31
leaf_value=-0.022076091200346891 0.0010140363412132864 -0.015841770564488374 0.014329108410558745 -0.035219286001626243 -0.0205959572370829 0.011425096824820184 -0.02827124547355921 0.033071709057365568 0.0024991362609010984 -0.0030019268524326907 -0.033918011953201752 -0.051467514665804265 -0.011328165991830149 -0.037499656729017575 0.0441178438340456 -0.0047816393996761601 -0.0096962518660149467 -0.010416702620161965 0.023424945980211408 0.02125796599837769 0.030920187495678791 -0.0055486833017446236 -0.020419608963378754 -0.018868739914554677 -0.0022975228291389708 -0.0064082682930108048 0.011937872844449818 0.0072833338728287116 0.0052482663134184489 0.035267305863396589
leaf_weight=460.57935241051018 3960.002410845831 2032.6754166320898 1535.7766823973507 106.46325223986059 48.258008996024728 5744.9710928462446 2455.1472008882556 5911.8628470646217 8797.1387039385736 57.056751661002636 542.84794382750988 1210.0198084879667 2231.4074067655019 1765.3995678671636 1281.7789815021679 2686.2966097248718 8667.8571734777652 1342.6739944647998 1431.3872431684285 1775.0325191617012 349.66071634553373 3139.8732870048843 3232.1570299230516 2347.8333485722542 1187.7058071587235 1368.9352560406551 1863.5294271311723 5035.2301320382394 1111.8053276324645 755.06347029283643
leaf_count=7320 13634 17939 6157 904 247 19041 45379 38765 42127 206 9467 41713 22530 47875 7658 20606 67580 3835 4897 8866 2170 16336 37573 32121 7008 6903 6647 17422 8006 2867
internal_value=2.75647e-06 -0.0110938 0.0170472 -0.0225072 -0.0138144 0.0109733 -0.0306297 0.0313963 -0.00485303 0.0167315 -0.0159121 -0.0403511 -0.0182621 -0.04318 0.0350399 -0.00850127 -0.00730434 -0.00124214 0.0152938 0.0137461 0.0246725 -0.000316356 -0.0167065 -0.023675 -0.00500579 0.00129969 0.00579582 0.00452338 -0.00184562 0.0325786
internal_weight=74436.4 45084.7 29351.7 15937.5 7698.5 20622.3 8238.98 8729.42 29147.3 9763.51 7300.58 3436 6006.41 2975.42 7193.64 14498.6 12466 14648.6 8951.39 7520 397.919 13305.9 5463.56 4802.98 1294.17 10166.1 10858.8 8995.23 3798.1 812.12
internal_count=563799 437639 126160 254307 79899 73580 174408 52580 183332 35877 77482 96908 69570 89588 46423 114131 96192 69201 32804 27907 2417 65366 60103 77500 7912 49030 37703 31056 28612 3073
is_linear=0
shrinkage=0.05


Tree=23
num_leaves=31
num_cat=3
split_feature=10 12 27 36 12 12 9 34 70 36 36 27 17 34 9 9 10 55 70 13 9 17 17 17 66 9 32 8 67 67
split_gain=3664.14 1154.01 826.072 309.926 212.151 204.487 138.421 130.786 113.524 99.1402 79.5977 76.6257 74.9152 73.2387 69.78 58.9719 53.0119 49.8739 46.654 44.9194 44.212 40.9774 40.6187 39.3505 39.3484 38.5397 36.1359 36.0321 36.0006 34.3268
threshold=50.350000000000001 6.8500000000000005 0.50824892937257848 -0.58365499496976969 14.350000000000003 1.2500000000000002 874.50000000000011 0.044999999999999936 9.5300000000000011 0.88561488554009793 -0.39528470752107164 0.35680636480977773 4.6750000000000007 0.064999999999999961 897.50000000000011 1013.5000000000001 38.750000000000007 -4.0833333333333313 19.335000000000004 0.19500000000000003 605.50000000000011 6.035000000000001 3.8950000000000005 5.7950000000000008 0.30242727364873428 776.50000000000011 32.350000000000001 0 1 2
decision_type=2 2 2 2 2 2 2 2 2 2 2 2 2 2 2 2 2 2 2 2 2 2 2 2 2 2 2 1 1 1
left_child=1 5 7 8 6 -1 12 11 20 15 -7 29 -5 18 -9 17 25 -6 -4 22 -3 -17 -12 -19 -11 -10 -14 28 -16 -2
right_child=2 3 13 4 9 10 -8 14 16 24 19 -13 26 -15 27 21 -18 23 -20 -21 -22 -23 -24 -25 -26 -27 -28 -29 -30 -31
leaf_value=-0.044873092837209756 0.0056681417296949536 -0.012668947162253922 0.027683223218484061 -0.0089224292840735138 -0.017012871638773807 -0.028897845318432591 -0.015570313250115375 0.0095502416645236194 -0.0086999284914169011 0.0048988836153181425 -0.024792240010723818 0.020108372168839997 0.0047461206370933611 0.022527630307896951 -0.0043375750950921431 -0.013199676906082447 -0.0044677887751501206 -0.00057810241778704795 0.037629567051161217 -0.028420540979581174 -0.026446091684698577 -0.00201704784936069 -0.013155376857096949 0.0063893150670828449 0.014505405260244842 -0.019133755338857059 -0.0030822971513547164 -0.0047519768122772279 0.0118571601195833 0.014340082317112349
leaf_weight=1062.1593206049874 2161.2724290126935 935.05938577651978 1871.8752350611612 4142.705875387881 346.22380584804341 2425.0964606301859 3182.8439328819513 4564.5079833846539 2112.4383758285549 3958.8524866476655 971.25327605032362 3567.7961273388937 2285.7960507208481 1943.4705080706626 544.40461332816631 1286.1232887473889 3527.7269970434718 4813.3574713920243 3184.9529930083081 846.05567374289967 1543.64767192211 2256.558943237178 3290.0984881486511 3500.0976250879467 1458.7096988465637 1523.2057137335651 4151.2812856771052 1799.2269825255498 908.53422227501869 2525.7474314048886
leaf_count=36850 8583 8198 10875 33304 1994 51297 31191 17889 18171 17511 14954 16029 13478 11574 2549 9907 23282 24033 22873 16870 20445 13645 43985 18179 6423 17866 28634 8464 4217 10220
internal_value=-2.08025e-05 -0.00767555 0.0164419 -0.00418543 -0.00177654 -0.0243348 -0.00642811 0.0101978 -0.0120258 0.00185673 -0.0214387 0.0145869 -0.00367775 0.0307772 0.00556262 -0.000642306 -0.00883437 0.00158093 0.0339478 -0.017897 -0.0212488 -0.00607675 -0.0158077 0.00235529 0.00748549 -0.0130713 -0.000302438 -3.41216e-05 0.00580095 0.010384
internal_weight=72691.1 49619.3 23071.8 41024.6 31382.6 8594.66 13762.6 16071.5 9642.08 17619.9 7532.5 8254.82 10579.8 7000.3 7816.67 12202.4 7163.37 8659.68 5056.83 5107.41 2478.71 3542.68 4261.35 8313.46 5417.56 3635.64 6437.08 3252.17 1452.94 4687.02
internal_count=563490 450217 113273 286261 198299 163956 106607 67951 87962 91692 127106 34832 75416 45322 33119 67758 59319 44206 33748 75809 28643 23552 58939 42212 23934 36037 42112 15230 6766 18803
cat_boundaries=0 1 2 3
cat_threshold=56373 1294411 583410
is_linear=0
shrinkage=0.05


Tree=24
num_leaves=31
num_cat=4
split_feature=12 27 12 3 12 34 35 35 27 12 35 68 28 60 31 17 68 12 65 33 67 34 31 8 25 67 35 60 67 35
split_gain=3159.55 1001.93 890.459 313.117 171.894 163.923 135.722 125.023 80.7391 80.3723 79.6868 71.2777 67.2812 60.7632 58.6698 51.781 48.999 46.3351 46.266 51.8539 45.6965 42.6142 41.6232 40.5771 39.0397 38.9875 38.2607 38.0809 37.6736 37.1456
threshold=22.050000000000004 0.50234861346915693 6.0500000000000007 5.4050000000000011 1.7500000000000002 0.034999999999999705 -0.018333333333333087 0.016666666666667055 0.61600893379826427 38.250000000000007 -0.0049999999999994485 0.10055000000000001 3.4500000000000006 -0.019999999999999973 0.046006073707954377 3.4350000000000005 0.1087 27.050000000000004 0.2985474710780564 1.2250287356321843 0 0.069999999999999854 0.028839058749712602 1 0.044837464887836541 2 0.051666666666667201 -0.0099999999999999933 3 -0.051666666666666299
decision_type=2 2 2 2 2 2 2 2 2 2 2 2 2 2 2 2 2 2 2 2 1 2 2 1 2 1 2 2 1 2
left_child=2 5 4 7 15 9 14 13 21 18 -6 24 17 22 29 -1 -9 27 28 -20 -11 -3 -4 26 -8 -13 -14 -7 -2 -5
right_child=1 8 3 6 10 12 11 16 -10 20 -12 25 23 -15 -16 -17 -18 -19 19 -21 -22 -23 -24 -25 -26 -27 -28 -29 -30 -31
leaf_value=-0.051526966098130726 0.012833853116334013 0.028391903689029791 -0.0068022425740001547 0.0062161667059761781 -0.014932976736998178 0.010163511270248267 -0.013800380892843835 -0.024689033862259607 0.036116396739443717 -0.00062583688309857121 -0.02686150870971207 0.0021546788311313145 0.008206234860942508 -0.0097580973925221921 0.013034150305602565 -0.032128344799125443 -0.013902576773425164 0.01333095725420522 0.021122435162337888 0.0073747082556815296 0.021330632734323604 0.016991518883849251 0.0062905431979478916 -0.0021959147546927451 -0.0052793250711106136 -0.0052213890550319251 -0.0095877254837407697 -0.0029300502006880877 0.0019591560636764184 -0.0011556314854311565
leaf_weight=597.0202673021704 1205.9449280742556 2867.8488874314353 1316.7919068536721 2800.7424161285162 2841.4587350816 1056.2069676965475 2345.3670222098008 1561.2657578396611 2868.7685101437382 268.3098582951352 2760.0366608884651 3768.5839545447379 2177.7836764166132 8137.9364859312773 1362.7635104255751 811.73949054279365 3233.2163787339814 2363.1126982774585 1390.0219047237188 1354.0405221227556 2715.460679016076 1147.756180446595 1126.2031213827431 4474.5363763878122 3148.9022134449333 3399.0500587131828 350.75347840599716 1170.9210006147623 2344.7471179943532 4383.1844812212512
leaf_count=24482 4603 18607 10235 14433 40174 4815 23444 23891 20881 1176 59077 22445 8809 69058 4420 23461 32968 9892 4999 6611 12589 6560 5954 19124 26364 20563 1623 6857 8949 26608
internal_value=-1.68961e-05 0.0131693 -0.00841245 -0.00528433 -0.024737 0.00771345 -0.00134579 -0.0107171 0.0297101 0.0126665 -0.0208105 -0.00463196 0.00374934 -0.00768207 0.00352265 -0.0403493 -0.0174151 0.00845413 0.00946262 0.0143387 0.0194256 0.0251334 -0.000766563 0.000665539 -0.00891675 -0.00134749 0.00571529 0.00327952 0.00569426 0.00171835
internal_weight=71350.5 27756.2 43594.3 36584 7010.26 20871.8 21208.6 15375.4 6884.37 9278.53 5601.5 12661.9 11593.3 10580.9 8546.69 1408.76 4794.48 4590.24 6294.75 2744.06 2983.77 4015.61 2443 7003.07 5494.27 7167.63 2528.54 2227.13 3550.69 7183.93
internal_count=563672 136095 427577 280383 147194 90047 138277 142106 46048 38927 99251 92816 51120 85247 45461 47943 56859 21564 25162 11610 13765 25167 16189 29556 49808 43008 10432 11672 13552 41041
cat_boundaries=0 1 2 3 4
cat_threshold=8194 52245 10677830 11403412
is_linear=0
shrinkage=0.05


Tree=25
num_leaves=31
num_cat=1
split_feature=22 22 27 10 22 22 22 22 22 22 22 17 1 27 9 17 61 37 67 30 9 5 17 22 4 17 70 17 35 64
split_gain=4156.37 1388.88 528.395 341.76 220.213 214.621 147.564 103.718 102.947 94.862 76.4377 65.2698 64.9532 81.9449 58.5615 46.9079 46.0616 45.6121 43.2142 55.149 40.471 38.9901 37.1207 36.1006 33.0127 32.8803 36.0376 31.381 31.3713 30.0707
threshold=0.52342032118153825 0.11393472058094446 0.46414285714285725 34.45000000000001 0.28635755900987564 0.049998767354275032 0.010120814359870329 1.0000000180025095e-35 0.81574919152516401 1.1742428421881845 0.027402438254846284 4.8750000000000009 1.0000000180025095e-35 0.46552103850985627 417.50000000000006 3.8950000000000005 4.5000000000000009 2.5000000000000004 0 -1.0000000180025095e-35 889.50000000000011 36.380000000000003 4.1550000000000011 0.19208924823931386 61.955000000000005 5.9450000000000012 11.390000000000002 2.5050000000000003 -0.055000000000000153 14.085000000000003
decision_type=2 2 2 2 2 2 2 2 2 2 2 2 2 2 2 2 2 2 1 2 2 2 2 2 2 2 2 2 2 2
left_child=1 3 9 5 11 7 12 28 -4 17 -9 27 18 -14 -13 -6 20 22 -5 -20 25 -19 -2 -16 -22 26 -17 -3 -1 -11
right_child=2 4 8 6 15 -7 -8 10 -10 29 -12 14 13 -15 23 16 -18 21 19 -21 24 -23 -24 -25 -26 -27 -28 -29 -30 -31
leaf_value=0.0079477837008539217 0.0031684781116531739 -0.038187836640172529 0.021856995827753675 0.0066191436782865867 -0.0080356473409384701 -0.019663114579966542 -0.014882823426622994 -0.047301546230438148 0.034712942564854229 0.012164485705354184 -0.032036038828143702 0.0033206035118317797 0.0023556420157117217 0.036222171801386531 -0.0085885937022734636 0.0080585848240808458 -0.0017942126568350862 0.0050978225527438803 0.024366826668202675 -0.085205728981111797 -0.00085597422450124248 0.01420773589757323 0.016036980796047332 -0.0027212780650905338 0.035632058966873097 0.011810372685787385 0.00023804570776879321 -0.010203598435753192 -0.021745824678324671 0.029165739810411474
leaf_weight=102.95071090850979 625.23784323688596 102.04840007517487 2334.7517567817122 54.630105180665851 1165.8707621842623 5962.2662096854765 3249.506860258989 1370.1013183549512 4675.8433989114128 337.64188545290381 2042.4538403323386 2138.6998501000926 935.44299346581101 220.77064862474799 5431.8571661892347 3029.4412369797938 4754.2064682338387 3344.7088634660468 14.789728492498396 51.368753900751472 3655.693713394925 1810.2106020031497 5404.2434558318928 5067.4085147497244 63.059102866798639 1905.8421878367662 2867.2926520472392 5471.1093138735741 654.07855348126031 1132.3471963498741
leaf_count=952 2277 1130 15131 292 4581 91586 37384 52799 34757 1092 54767 15300 5432 1510 47055 10407 19595 12859 82 478 15137 6604 20763 32783 248 8694 12641 43934 9072 4666
internal_value=-7.11163e-05 -0.00768961 0.01942 -0.0206457 -0.00236277 -0.0257487 -0.00922349 -0.0344507 0.0304315 0.0133196 -0.038165 -0.00620841 0.00517746 0.00882221 -0.00422062 0.00165259 0.00234659 0.0117502 -0.0297109 -0.0527391 0.00405526 0.00829688 0.0147026 -0.00575677 -0.000237245 0.0061011 0.00425584 -0.010716 -0.0177077 0.0252607
internal_weight=69975.9 50310.9 19665 14658.4 35652.5 10131.9 4526.51 4169.58 7010.6 12654.4 3412.56 18211.1 1277 1156.21 12638 17441.4 16275.5 11184.4 120.789 66.1585 11521.3 5154.92 6029.48 10499.3 3718.75 7802.58 5896.73 5573.16 757.029 1469.99
internal_count=564008 465859 98149 254354 211505 209176 45178 117590 49888 48261 107566 140202 7794 6942 95138 71303 66722 42503 852 560 47127 19463 23040 79838 15385 31742 23048 45064 10024 5758
cat_boundaries=0 1
cat_threshold=8388608
is_linear=0
shrinkage=0.05


Tree=26
num_leaves=31
num_cat=2
split_feature=22 22 27 10 22 22 22 27 22 22 22 22 17 22 22 71 37 8 17 1 10 4 1 17 22 34 67 11 45 36
split_gain=3589.5 934.727 666.909 313.665 196.305 176.384 161.836 143.119 112.657 96.6729 69.3037 68.0043 53.1321 52.5159 47.9997 45.4313 41.4797 36.7223 36.3384 35.7394 33.7341 31.3685 31.147 30.9482 30.1253 30.0374 35.4453 29.5991 28.3033 29.8219
threshold=0.4074751301636384 0.11393472058094446 0.46263573830042132 33.45000000000001 0.049998767354275032 0.78434855209300725 0.60172900039740262 0.4497972190034763 0.18663525138983153 1.0000000180025095e-35 1.0735953908002867 0.028886224378234539 4.8750000000000009 0.010120814359870329 0.53372636630039094 0.43900718380486264 5.5000000000000009 0 3.0050000000000003 1.0000000180025095e-35 64.850000000000009 24.725000000000005 1.0000000180025095e-35 4.0450000000000008 1.6777501848701686 0.020000000000000021 1 78.65000000000002 0.059270057229240912 -0.95623586599139399
decision_type=2 2 2 2 2 2 2 2 2 2 2 2 2 2 2 2 2 1 2 2 2 2 2 2 2 2 1 2 2 2
left_child=1 3 6 4 9 14 17 13 20 -1 16 -11 18 22 -4 28 23 -2 -10 -9 -3 -6 -5 -8 -7 -19 -27 -17 29 -14
right_child=2 8 5 7 21 24 10 19 12 11 -12 -13 15 -15 -16 27 -18 25 -20 -21 -22 -23 -24 -25 -26 26 -28 -29 -30 -31
leaf_value=-0.016352883925057793 0.0098105906056161762 -0.0083021240522891324 0.0064780793502904653 -0.030630259094636042 -0.023431262713330639 0.030652055053018597 0.0014945668548706711 -0.023253343636531861 -0.023900105893597423 -0.04539315986343323 0.022574079620802767 -0.030676838096632981 -0.010504575297704587 -0.014130755296629788 0.021068713695732794 0.0057441048438422364 -0.002247213761142969 0.0072185471580605322 -0.0047887060571042694 0.033939643971061362 -0.08149221168157271 -0.015745710980379503 0.0011916470665116121 0.01399284546197869 0.040238927254363961 0.0046027604118125181 -0.0043156574510270027 -0.015955726375505404 0.005270381658563892 -0.0015904851778877267
leaf_weight=678.34178804699332 2948.7120257299393 8707.7944470429793 792.64537319540977 83.590971962548792 2207.9209932931699 3710.8961552451365 538.67782998085022 31.048872580751777 261.17234019516036 1399.8071656365646 1962.2128126984462 1787.3856519474648 1079.5787813719362 3512.6831099111587 1951.3427284648642 3604.3338089166209 478.82677433360368 2846.6761030741036 5219.1030052844435 227.1395932585001 15.772146534174679 3330.0588963562623 960.10782147198915 6151.9655896732584 1051.6694508991204 2505.0948525564745 1990.3895896654576 164.31081296131015 1266.5874547706917 7167.4054004205391
leaf_count=9514 10771 79389 2759 692 36930 29701 1923 177 1639 56522 7608 49932 6615 41904 12650 20435 1854 10269 27688 1630 75 51261 5685 24460 7623 9000 7613 454 6805 40394
internal_value=6.47184e-05 -0.00912371 0.0142945 -0.0195315 -0.0248454 0.0269513 0.00940281 -0.00915266 -0.00373994 -0.0334924 0.0142479 -0.0371402 -0.00155723 -0.0112048 0.016854 0.000151873 0.0119692 0.00510345 -0.00569949 0.0270618 -0.00843445 -0.0188098 -0.001357 0.0129866 0.032769 0.00319529 0.000654742 0.004798 -0.00168862 -0.00275739
internal_weight=68633.3 41704.1 26929.1 14218.1 9403.51 7506.55 19422.6 4814.57 27486.1 3865.53 9131.68 3187.19 18762.5 4556.38 2743.99 13282.2 7169.47 10290.9 5480.28 258.188 8723.57 5537.98 1043.7 6690.64 4762.57 7342.16 4495.48 3768.64 9513.57 8246.98
internal_count=563972 437741 126231 254247 204159 52733 73498 50088 183494 115968 35845 106454 104030 48281 15409 74703 28237 37653 29327 1807 79464 88191 6377 26383 37324 26882 16613 20889 53814 47009
cat_boundaries=0 1 2
cat_threshold=53526 10669342
is_linear=0
shrinkage=0.05


Tree=27
num_leaves=31
num_cat=2
split_feature=22 22 27 11 22 22 10 22 22 10 9 5 26 10 68 67 22 17 36 27 66 44 25 4 17 17 36 22 13 67
split_gain=3241.92 1164.26 412.688 322.454 167.624 144.689 141.499 92.7945 90.5356 63.2376 51.6641 48.5077 40.313 39.1353 36.3633 36.9557 35.3217 32.5608 37.1419 34.6814 31.2486 30.7699 30.732 30.7162 30.1791 30.0804 29.3453 27.9613 27.9432 31.335
threshold=0.52342032118153825 0.14254214319506972 0.46414285714285725 40.150000000000013 0.044875039507629846 0.29638833749756871 64.250000000000014 1.0735953908002867 0.81574919152516401 35.550000000000004 864.50000000000011 32.010000000000012 0.14409272183449653 4.1500000000000012 0.12809999999999996 0 0.090732602401426152 6.7550000000000008 -0.7271212629197602 0.3411689855509234 0.32828522753333561 0.069296888306987006 0.090940417267088541 49.625000000000007 6.6550000000000011 3.7250000000000005 0.78173595997056733 0.076001872151897132 0.18500000000000003 1
decision_type=2 2 2 2 2 2 2 2 2 2 2 2 2 2 2 1 2 2 2 2 2 2 2 2 2 2 2 2 2 1
left_child=1 3 7 4 13 12 9 17 -4 10 -5 20 21 -1 22 -16 -12 18 -2 23 26 -3 -11 -20 -13 -6 -7 -27 -28 -30
right_child=2 5 8 6 25 11 -8 -9 -10 14 16 24 -14 -15 15 -17 -18 -19 19 -21 -22 -23 -24 -25 -26 27 28 -29 29 -31
leaf_value=-0.051565875438744059 0.00088756463106104638 -0.0079577443748894919 0.019612850516951358 -0.013425744685260166 -0.028961812658203648 -0.0045183068449652147 0.021830660630649035 0.022260424075245668 0.032119510175019142 -0.014183753120895313 -0.027482527635108264 0.0034206163579327993 0.0079391663191855002 -0.034719376231446462 0.0034692488236357484 -0.0098886884010820075 -0.014839486647677293 0.018109729691597475 0.0070331735162670987 0.016767861720650114 0.0077774701329302483 -0.0032403340852951604 0.0070765301376230745 0.015637547808768748 0.011883892136054827 -0.023756172726169957 0.005961342508717004 -0.013060491581126626 -0.029676769157609553 0.0041942689378917661
leaf_weight=428.81428224593401 1134.2877760790288 5876.0620410777628 2194.5131804151461 4238.8017897512764 743.62667741021141 4286.161622101441 290.62118842452765 1948.6879869392142 4248.2713537588716 2760.5422499305569 1453.0763221351663 8206.9078257316723 610.35778211522847 1758.2735101301223 891.62900799885392 1217.4396989559755 891.27808252442628 1201.9501114161685 4993.7826871033758 1754.8671148223802 880.82739319745451 8395.3762588878162 181.13111495040357 1309.1193134002388 1208.444426573813 1047.1435956477653 1446.7868524678051 1467.2796590565704 116.94541005790234 148.5385217089206
leaf_count=22976 4492 43766 15138 53828 15406 17565 2125 7699 34911 30017 27678 33330 4273 61124 7669 11469 10389 4403 17762 9174 3785 60149 1589 4821 5493 23961 5656 22585 483 564
internal_value=-3.49888e-05 -0.00685988 0.0176021 -0.0172336 -0.0273151 -0.00108023 -0.0126301 0.0122478 0.0278595 -0.0134909 -0.0167199 0.00217499 -0.00464449 -0.0380224 -0.00928237 -0.00427193 -0.0226759 0.0103707 0.0093587 0.0105512 -0.00101656 -0.00518266 -0.0128747 0.00882031 0.00450686 -0.0201275 -0.0023079 -0.0175148 0.0032252 -0.0116857
internal_weight=67331.5 48546.1 18785.5 17369.7 5445.14 31176.4 11924.5 12342.7 6442.78 11633.9 6583.16 16294.6 14881.8 2187.09 5050.74 2109.07 2344.35 10394 9192.06 8057.77 6879.26 14271.4 2941.67 6302.9 9415.35 3258.05 5998.43 2514.42 1712.27 265.484
internal_count=564280 465880 98400 290816 146052 175064 144764 48351 50049 142639 91895 66876 108188 84100 50744 19138 38067 40652 36249 31757 28053 103915 31606 22583 38823 61952 24268 46546 6703 1047
cat_boundaries=0 1 2
cat_threshold=10638052 2681034
is_linear=0
shrinkage=0.05


Tree=28
num_leaves=31
num_cat=3
split_feature=22 22 22 12 27 10 22 9 22 22 22 44 27 22 10 46 64 45 67 1 35 35 3 67 22 1 22 67 9 56
split_gain=2933.14 792.745 534.963 264.033 241.017 175.13 133.728 80.2537 73.1712 56.4418 44.0608 38.9369 36.9417 36.555 36.2735 35.5518 33.1554 39.5933 36.5772 32.3538 30.6464 29.904 29.8444 29.7417 29.4579 28.6285 26.7945 25.6203 25.2794 34.1312
threshold=0.41527575646646758 0.099767756080559877 0.6653644978549339 4.7500000000000009 0.46552103850985627 50.750000000000007 0.2223982546547158 776.50000000000011 0.03114293434804296 1.3614977444532925 1.6777501848701686 0.069296888306987006 0.4957381803117395 1.0000000180025095e-35 33.45000000000001 0.11066996638542871 33.655000000000008 0.066084067945456557 0 1.0000000180025095e-35 0.025000000000000803 0.03666666666666752 6.7550000000000008 1 0.043218856951565229 1.0000000180025095e-35 0.062822325017179437 2 1008.5000000000001 -0.76500000000000001
decision_type=2 2 2 2 2 2 2 2 2 2 2 2 2 2 2 2 2 2 1 2 2 2 2 1 2 2 2 1 2 2
left_child=1 3 16 8 9 7 11 13 -1 22 -6 -3 -7 25 26 28 17 -2 -19 -14 -18 -13 -4 -17 -15 -5 -9 -22 29 -8
right_child=2 6 4 5 10 12 15 14 -10 -11 -12 21 19 24 -16 23 20 18 -20 -21 27 -23 -24 -25 -26 -27 -28 -29 -30 -31
leaf_value=-0.043234463798801248 0.0037445129163067542 -0.010865766580661615 0.01161313074558095 -0.035885988278299967 0.026775401287040024 0.0013301213326771298 -0.0064743975921454011 -0.031487288486177753 -0.026368048026490638 0.02809670086822226 0.038670291127207074 -0.0040235600929423108 -0.026551109079135646 -0.026307558239665275 -0.017330222924094474 0.0088906510169973526 0.013288162668614651 0.023952716031076751 0.0051824444267583808 0.034760157551765584 0.0098626770426943795 -0.012035541656267676 0.020416555957912405 1.6691827855622136e-06 -0.012866276565588511 0.00031413082061698948 -0.020238791610691777 -0.0091523951831085273 -0.0070434847196412511 0.00067444558833386619
leaf_weight=1079.5442583643598 8849.7157326582819 5379.3403100173455 5141.2820962779224 59.295239183586091 4260.6686088996939 566.95025405939668 2196.2613236848265 1269.2737650489435 1590.3083033275325 713.46276944316924 952.58244893606752 6810.5869691525586 24.731695830821991 472.8382203662768 1891.3548497371376 1478.3549018092453 2497.3745086174458 483.31045925244689 588.12624155730009 165.5461118305102 388.02845059707761 1404.8712847568095 1184.5259753344581 2568.9640602748841 2955.5587358633056 692.0521524772048 908.24661962664686 309.57154554128647 2168.4195785550401 6963.0265521621332
leaf_count=51141 33185 55294 20974 653 36581 4641 12604 31657 45991 3149 7589 57658 152 11980 24352 7895 11376 1722 2118 1292 1597 14026 4605 14660 41153 5143 14577 1321 11107 33728
internal_value=-5.27863e-05 -0.00837924 0.0132878 -0.0193785 0.0208001 -0.0152845 -0.00394623 -0.0173971 -0.0331879 0.0147652 0.0289489 -0.00755891 0.00772801 -0.0125311 -0.0223957 -0.000751854 0.00627015 0.00484357 0.0139214 0.0267911 0.0107 -0.00539364 0.0132616 0.0032705 -0.0147201 -0.00254273 -0.0267955 0.00143461 -0.00218901 -0.00103974
internal_weight=66014.2 40645.5 25368.6 11675.7 12252.5 9005.85 28969.8 8248.62 2669.85 7039.27 5213.25 13594.8 757.228 4179.74 4068.88 15375 13116.1 9921.15 1071.44 190.278 3194.97 8215.46 6325.81 4047.32 3428.4 751.347 2177.52 697.6 11327.7 9159.29
internal_count=563921 439704 124217 232732 72898 135600 206972 129515 97132 28728 44170 126978 6085 58929 70586 79994 51319 37025 3840 1444 14294 71684 25579 22555 53133 5796 46234 2918 57439 46332
cat_boundaries=0 1 2 3
cat_threshold=5520033 1157171 9480172
is_linear=0
shrinkage=0.05


Tree=29
num_leaves=31
num_cat=0
split_feature=22 22 22 12 27 22 22 22 22 27 22 22 46 22 4 17 25 13 17 9 56 70 61 17 24 17 1 17 1 30
split_gain=2571.41 635.981 616.685 248.812 201.727 155.516 100.057 79.0487 72.3157 66.9488 60.159 49.7118 44.1335 39.075 38.2313 37.1399 36.8073 34.6099 33.8297 32.1877 42.3171 31.8155 31.687 33.6776 26.7539 26.6892 26.1037 25.5919 24.6431 23.1249
threshold=0.35815615468449413 0.67961272532500361 0.099767756080559877 4.7500000000000009 0.46552103850985627 1.0000000180025095e-35 0.18663525138983153 0.054462291851959665 0.03114293434804296 0.46552103850985627 1.3614977444532925 0.57728401669147955 0.21056207093821513 1.6777501848701686 30.385000000000002 6.6850000000000014 0.090940417267088541 0.17500000000000002 3.2350000000000008 889.50000000000011 0.044999999999999936 30.180000000000003 2.5000000000000004 3.5850000000000004 0.0013893755000834883 2.6250000000000004 1.0000000180025095e-35 4.1550000000000011 1.0000000180025095e-35 0.024999999999999988
decision_type=2 2 2 2 2 2 2 2 2 2 2 2 2 2 2 2 2 2 2 2 2 2 2 2 2 2 2 2 2 2
left_child=2 11 3 8 10 9 16 -7 -1 14 15 12 18 -6 -5 22 24 27 -2 20 -20 -21 -3 -24 -4 -10 -16 -8 -11 -13
right_child=1 4 6 5 13 7 17 -9 25 28 -12 29 -14 -15 26 -17 -18 -19 19 21 -22 -23 23 -25 -26 -27 -28 -29 -30 -31
leaf_value=-0.042830227317266448 -0.016651917166551337 0.015901405333501147 -0.022397928474007667 -0.01571127390004726 0.025655375427114886 -0.026138142391999117 -0.0079968308399452747 -0.014583890918122811 -0.048400563444735582 -0.018281360109041772 0.028152867553112373 0.0077284799722854352 0.011830796281673276 0.037164036787969812 -0.026134574843077088 0.023151173673640023 0.010407590862473214 -0.0054936551446282175 0.0023310759851763261 -0.0016697962458895007 0.0099961616774187322 0.036972218391854321 -0.019730478582198237 0.0089133887711911313 -0.0084262129044304322 -0.023712582587424057 0.0031750980391314259 0.00060774967016981676 0.031374688900268288 0.016619291972647578
leaf_weight=1016.4639774058014 223.88019859138876 2101.7896954715252 355.57286879234016 546.77427850547247 3990.6233823285438 2120.4982407370117 958.73971921950579 4903.1804546376225 118.67238481156528 28.863229004666209 706.57576031051576 2849.0965583436191 1448.9773981105536 904.76465946482494 82.84918565955013 743.33975586760789 252.30745341908187 4631.3082941146567 6071.0791361751035 3456.1312738782726 2559.8411625828594 54.100990576669574 106.37452830374241 2904.758829862345 9413.8380922614597 1412.0699931385461 914.38463476952165 8757.7626897082664 185.98645485797897 983.95319880824536
leaf_count=51177 869 8530 4262 4914 35801 52115 5733 69300 4926 182 3202 12868 5883 7628 845 2926 2004 28983 24076 13695 8911 220 395 12138 94885 40984 6553 53869 1536 4312
internal_value=-0.000102038 0.0109285 -0.00909513 -0.0187331 0.0201009 -0.0147427 -0.0046143 -0.0180722 -0.0324917 -0.00144689 0.0143711 0.00497285 0.00357495 0.0277824 -0.00508578 0.0127083 -0.00844777 -0.00193668 0.00260751 0.00296265 0.00460446 -0.00107423 0.01119 0.00790148 -0.00893474 -0.0256265 0.00074008 -0.000241275 0.0247038 0.0100108
internal_weight=64804.6 29105.3 35699.3 11329.7 11458.2 8782.54 24369.5 7023.68 2547.21 1758.86 6562.84 17647.1 13814 4895.39 1544.01 5856.26 10021.7 14347.8 12365 12141.2 8630.92 3510.23 5112.92 3011.13 9769.41 1530.74 997.234 9716.5 214.85 3833.05
internal_count=563722 141454 422268 232532 70620 135445 189736 121415 97087 14030 27191 70834 53654 43429 12312 23989 101151 88585 47771 46902 32987 13915 21063 12533 99147 45910 7398 59602 1718 17180
is_linear=0
shrinkage=0.05


Tree=30
num_leaves=31
num_cat=1
split_feature=22 22 22 22 22 12 22 22 3 22 8 22 61 18 25 9 3 22 17 22 17 9 36 17 6 17 34 71 68 12
split_gain=2294.73 760.454 422.374 262.421 186.452 172.667 73.1815 70.6009 65.2581 51.8717 42.9978 36.3604 33.9912 33.4867 31.2638 30.9218 29.529 29.2584 28.7265 28.3 27.5731 34.1468 27.3291 26.9317 26.5338 25.7358 25.061 24.4366 23.22 23.1053
threshold=0.27269788907499298 0.67961272532500361 0.085014313407048278 1.0000000180025095e-35 0.033542570544213481 49.850000000000001 0.52342032118153825 0.14633430096512764 5.9150000000000009 1.3614977444532925 0 1.6777501848701686 2.5000000000000004 55.650000000000013 0.076267074890904465 924.50000000000011 7.2650000000000006 0.066620616474119904 6.5250000000000012 0.01681894774930531 5.0750000000000011 552.50000000000011 0.48382062482264038 2.9050000000000007 38.755000000000003 2.5050000000000003 0.084999999999999978 0.54900718380486213 0.11655000000000001 33.45000000000001
decision_type=2 2 2 2 2 2 2 2 2 2 1 2 2 2 2 2 2 2 2 2 2 2 2 2 2 2 2 2 2 2
left_child=2 6 3 8 19 9 10 14 13 12 16 -7 -3 26 25 18 23 -6 24 -5 -9 -22 28 -2 -12 -4 -1 -14 -10 -8
right_child=1 5 7 4 17 11 29 20 22 -11 15 -13 27 -15 -16 -17 -18 -19 -20 -21 21 -23 -24 -25 -26 -27 -28 -29 -30 -31
leaf_value=-0.0085344894463117733 -0.024777125262471025 0.017149039764946073 -0.044941197356820776 -0.050198422311271411 -0.022324617553888093 0.024582258318409156 0.0059844553046315098 -0.0070285034481826535 -0.012711098582106948 0.027267542841130778 -0.0012436952706328156 0.035945354082049685 0.0070960307961910676 0.011423726638186053 0.0031589638502786573 -0.0049955250118335591 0.017490416609412703 -0.01506267686914132 0.013066784084341442 -0.034897825213751031 0.0039051681744078654 -0.0039355247105120972 0.020356725188322079 0.0041355861806840911 0.0069492697712875895 -0.01059854389977416 -0.026585433497799661 0.017294690982794313 0.011133921672606411 0.01226182057321263
leaf_weight=697.50172732304782 81.345907806418836 2370.5316626736894 54.983364362502471 413.85719170724042 3462.8759908988141 3892.5912161292508 4100.3996834708378 4368.0633678087033 180.21125899627805 667.96815885044634 4693.719744799193 859.44110074895434 2654.1580745396204 156.54270212864503 421.11404862161726 2627.7366396682337 416.84644117578864 2313.8031649200711 490.830127206631 1120.2532645944739 1831.1513257669285 5745.8366576074623 313.10572180058807 8157.5659041539766 1251.7789713321254 6950.9646064895205 265.46305371425115 754.25787247624248 235.53247357625514 2281.5032052136958
leaf_count=7313 420 9582 1097 23355 82129 36215 15622 34640 1960 3048 20167 7598 11115 981 3899 11831 2173 36747 2429 46674 13758 44207 2177 35387 5276 83489 3672 3053 1581 12069
internal_value=0.000117201 0.00864007 -0.0104278 -0.0192753 -0.0235308 0.019406 0.00363765 -0.00624474 -0.00244349 0.0140757 0.0019842 0.0266374 0.0125509 -0.010024 -0.0100727 -0.000424502 0.00450181 -0.0194159 0.00144103 -0.0390255 -0.0038646 -0.00204064 0.00920015 0.00385012 0.00048127 -0.0108681 -0.0135106 0.00935292 0.000797888 0.00822859
internal_weight=63831.9 35300.7 28531.3 9159.15 7310.79 11198.9 24101.7 19372.1 1848.36 6446.92 17719.8 4752.03 5778.95 1119.51 7427.06 9064.07 8655.76 5776.68 6436.33 1534.11 11945.1 7576.99 728.849 8238.91 5945.5 7005.95 962.965 3408.42 415.744 6381.9
internal_count=563664 175985 387679 206589 188905 70611 105374 181090 17684 26798 77683 43813 23750 11966 88485 39703 37980 118876 27872 70029 92605 57965 5718 35807 25443 84586 10985 14168 3541 27691
cat_boundaries=0 1
cat_threshold=31254
is_linear=0
shrinkage=0.05


Tree=31
num_leaves=31
num_cat=1
split_feature=22 22 22 12 22 27 22 22 22 70 27 17 22 71 9 35 35 68 17 17 24 68 8 17 4 9 1 17 12 9
split_gain=2046.51 703.343 326.54 211.962 125.303 118.537 107.106 104.07 62.1345 60.8132 60.1715 53.2826 52.7486 42.3048 36.9398 36.1356 35.8671 34.1898 32.5581 30.8584 29.9432 28.8676 28.705 27.2989 25.4022 25.6185 24.9736 24.5594 24.3626 27.9471
threshold=0.45751449250414711 0.11393472058094446 0.84877520768717696 3.7500000000000004 1.0000000180025095e-35 0.57912309990334776 0.20667683066245843 0.054462291851959665 0.028154661878886669 11.030000000000003 0.48158386444495643 5.8150000000000004 1.3614977444532925 0.094282067261203931 417.50000000000006 -0.053333333333333226 0.040000000000000487 0.53805000000000003 7.205000000000001 6.6350000000000007 0.0015898291375998385 0.093550000000000008 0 4.3150000000000004 24.905000000000005 350.50000000000006 1.0000000180025095e-35 2.6250000000000004 14.65 1078.5000000000002
decision_type=2 2 2 2 2 2 2 2 2 2 2 2 2 2 2 2 2 2 2 2 2 2 1 2 2 2 2 2 2 2
left_child=1 3 10 8 9 12 16 -6 -1 -5 15 13 19 -8 -13 23 20 26 28 -4 -3 -22 -20 -2 -9 -26 -11 -10 -17 -30
right_child=2 6 5 4 7 -7 11 24 27 17 -12 14 -14 -15 -16 18 -18 -19 22 -21 21 -23 -24 -25 25 -27 -28 -29 29 -31
leaf_value=-0.043692050329334424 -0.0016047635080411625 -0.019549872123329617 0.012774590420998603 -0.013005758208045618 -0.025266895429235853 0.031845905147565572 -0.0046768364320831906 -0.017628002770692375 -0.047049038589247305 -0.025558037943464201 0.015849486684429519 0.013257481037668281 0.02654421653700725 0.0012933160803244614 0.0021233513830739028 -0.00093134819108320376 -0.013730426876611633 0.026039797371974732 -0.0024672215980340757 0.025843601643879461 -0.0088271838671799933 -0.0024665750207413092 0.027524258788725671 0.014378381035988597 -0.003095710896688151 -0.012598772823659388 0.0047015567388608822 -0.022556073408335695 0.0074027309435302988 -0.00080443245512122228
leaf_weight=692.83062743733171 305.61353244446218 345.60126365348697 3302.5390053102747 675.24481245619245 2255.0427354457788 1992.8251719162799 6643.8455945397727 1927.2549068538938 113.03773667092901 74.531637192703784 2244.4886843976565 842.87049106042832 1208.6711056521162 5362.1271434687078 6411.7236679159105 1488.8623960008845 1415.8345447480679 180.22507054312155 115.2083481438458 523.23768919613212 2636.5420721722767 5515.512558738701 284.26177601143718 2122.8501735785976 875.80814654519781 3727.9668192812242 800.87348944414407 1082.1507213317091 6356.1937435492873 1239.5504255918786
leaf_count=40860 1283 3554 16352 6471 62758 21114 33792 30327 5498 807 17012 4734 7338 27303 36030 6843 15455 1439 442 2546 27034 48684 1031 8684 11452 52506 6007 35562 25137 5331
internal_value=6.44246e-05 -0.00638015 0.0127134 -0.0163529 -0.0135837 0.0215243 -0.00213967 -0.0160061 -0.0317786 -0.00128754 0.00833978 3.38218e-05 0.0174387 -0.00201044 0.00341696 0.00692485 -0.00636246 0.00620813 0.00553136 0.014562 -0.00513484 -0.00452373 0.0195019 0.012367 -0.0128085 -0.0107909 0.00212527 -0.0248726 0.00491704 0.0060634
internal_weight=62763.3 41579 21184.3 12405 10516.9 7027.27 29174.1 8786.07 1888.02 1730.88 14157 19260.6 5034.45 12006 7254.59 11912.5 9913.49 1055.63 9484.08 3825.78 8497.66 8152.05 399.47 2428.46 6531.03 4603.77 875.405 1195.19 9084.61 7595.74
internal_count=563386 450273 113113 253687 171767 47350 196586 157043 81920 14724 65763 101859 26236 61095 40764 48751 94727 8253 38784 18898 79272 75718 1473 9967 94285 63958 6814 41060 37311 30468
cat_boundaries=0 1
cat_threshold=246560
is_linear=0
shrinkage=0.05


Tree=32
num_leaves=31
num_cat=3
split_feature=12 27 12 36 36 17 27 13 12 3 17 4 10 48 60 28 67 34 36 31 34 3 18 5 32 33 63 67 67 60
split_gain=1262.3 548.273 316.153 147.203 132.89 80.8071 62.2729 59.3368 56.8354 57.9704 52.3061 43.2752 41.8793 40.951 42.7518 37.439 34.8074 34.3872 34.1356 34.7574 32.5776 31.5236 31.019 29.7947 29.7715 35.1229 28.7756 28.4421 26.2663 26.2623
threshold=15.250000000000002 0.4946088459094643 3.7500000000000004 -0.58365499496976969 -0.027265067090268682 3.6850000000000005 0.61600893379826427 0.18500000000000003 38.250000000000007 6.2750000000000012 3.9350000000000005 24.365000000000006 47.250000000000007 2.9048949188613995 0.020000000000000007 3.183333333333334 0 0.015000000000000126 0.92668216633232747 0.051623901428909102 0.14999999999999994 4.1250000000000009 12.750000000000002 32.435000000000009 43.550000000000004 1.4348106591865359 4.5000000000000009 1 2 -0.024999999999999991
decision_type=2 2 2 2 2 2 2 2 2 2 2 2 2 2 2 2 1 2 2 2 2 2 2 2 2 2 2 1 1 2
left_child=2 4 5 11 12 -1 20 10 9 13 -5 -4 23 14 -6 -14 -17 -7 19 -12 -3 -15 -13 29 -11 -26 -20 -10 -25 -2
right_child=1 6 3 7 8 17 -8 -9 27 24 18 22 15 21 -16 16 -18 -19 26 -21 -22 -23 -24 28 25 -27 -28 -29 -30 -31
leaf_value=-0.03918034874653209 0.0022879247182420598 0.017508410724354759 -0.021615338092230874 -0.012248768980881475 0.0045188726674604152 -0.0097029972744570713 0.027479441903728627 -0.010237831252069132 0.004281039424290152 0.013035289416478036 -0.0041990536622307081 -0.014098785795344152 0.007309634456341885 -0.022664679725709617 -0.0072183392298749887 -0.0060072825303914036 0.0027583039346501604 -0.02427260385783752 0.0037475400129959933 0.014002928150976977 -0.0060221670570779536 -0.0011311095617456187 -0.0040904706831754387 -0.0059209042178843358 0.0096520320797104774 -0.00030888427208160079 -0.010752902448069541 0.01485203317843533 0.0034149621434911553 -0.0099225196331573923
leaf_weight=735.81987453659531 553.39838968822733 3251.1112354621291 1384.0350980372168 1348.9034737888724 7606.3261997858062 595.80812281230465 2046.6640965230763 3488.073535855161 898.79281197022647 2351.7216034755111 8123.3910450236872 2774.4231778262183 2337.0557593735866 267.76734819170088 863.94763188436627 1753.3867195751518 3155.9756150208414 1264.5126506221713 3220.1267458437942 271.02053834684193 154.06428129505366 465.29019292071462 1073.8347681686282 1234.1274001966231 2325.0485297786072 1428.8294158596545 382.81247405800968 2430.0329026430845 1900.2198785804212 2155.8938211393543
leaf_count=35575 3513 25946 26443 16151 36323 12448 20889 44017 4359 11030 79533 42795 12792 985 7037 9059 14949 44297 22016 1266 977 1574 10105 10199 12655 9145 2875 12870 13522 18292
internal_value=0.000121104 0.00593914 -0.00864971 -0.00670795 0.00342223 -0.0251542 0.0205867 -0.00443124 0.00613411 0.00484659 -0.00291368 -0.014033 -0.000438975 0.00234052 0.00332171 0.0021007 -0.000378957 -0.0196064 -0.0018641 -0.00361139 0.0164438 -0.00899678 -0.011306 -0.00358831 0.00862413 0.00586063 0.00220687 0.0120553 -0.000268965 -0.00742842
internal_weight=61842.4 37179.7 24662.8 22066.6 31727.8 2596.14 5451.84 16834.3 18637.8 15308.9 13346.3 5232.29 13090.1 9203.33 8470.27 7246.42 4909.36 1860.32 11997.4 8394.41 3405.18 733.058 3848.26 5843.64 6105.6 3753.88 3602.94 3328.83 3134.35 2709.29
internal_count=563637 226116 337521 245201 178304 92320 47812 165858 95978 78749 121841 79343 82326 45919 43360 36800 24008 56745 105690 80799 26923 2559 52900 45526 32830 21800 24891 17229 23721 21805
cat_boundaries=0 1 2 3
cat_threshold=13830211 77835 9917057
is_linear=0
shrinkage=0.05


Tree=33
num_leaves=31
num_cat=3
split_feature=22 22 22 12 27 22 22 4 17 22 17 22 9 17 9 22 22 9 24 67 67 10 61 17 67 56 17 36 9 64
split_gain=1765.02 555.259 345.082 172.07 133.21 108.513 66.111 54.0169 51.1979 50.732 49.5636 46.3157 41.6682 51.4251 41.0055 39.6957 33.8099 33.6753 32.0631 38.3148 32.8182 31.4436 28.5092 25.2566 24.8411 23.8301 23.7513 23.2933 23.2486 32.0683
threshold=0.28635755900987564 0.6653644978549339 0.091929434208846125 3.7500000000000004 0.46552103850985627 1.0000000180025095e-35 0.039884273668514797 29.645000000000003 5.9750000000000005 0.52342032118153825 3.4950000000000006 0.028154661878886669 504.50000000000006 4.1750000000000007 417.50000000000006 1.5713288405396557 1.0735953908002867 760.50000000000011 0.069457139955311817 0 1 53.95000000000001 2.5000000000000004 3.7950000000000004 2 -1.7399999999999998 4.5550000000000006 0.70710678118655923 897.50000000000011 9.0650000000000031
decision_type=2 2 2 2 2 2 2 2 2 2 2 2 2 2 2 2 2 2 2 1 1 2 2 2 1 2 2 2 2 2
left_child=2 9 3 11 10 7 -7 -5 12 18 24 -1 13 -4 -10 27 22 23 20 -20 -2 -9 -12 -8 -3 -22 -14 -6 29 -27
right_child=1 4 8 5 15 6 17 21 14 -11 16 -13 26 -15 -16 -17 -18 -19 19 -21 25 -23 -24 -25 -26 28 -28 -29 -30 -31
leaf_value=-0.04261023182284341 -0.0024423168297926876 0.0255165954664009 -0.010370061862591994 -0.016216909454715295 0.017817338948672417 -0.028554387016184971 -0.02154530056390206 -0.001516802242477274 0.011528830795687509 0.0072938588425844539 0.015757180929011648 -0.025138079220867561 -0.017195569826875888 -0.00075425491775140806 -0.002758082231559298 0.032771636109920274 0.019226802353258569 -0.018898696280744545 0.010641166458077344 0.00077897447422299885 -0.018310791120545462 0.01751308680881344 0.0078373797870498838 -0.0084404259557148264 -0.020667172040761 -0.00049601915909890419 -0.0085559435441370582 0.026255935113512426 -0.0019326306635093875 0.0076506231625483841
leaf_weight=631.31596619461197 5228.0668001370504 27.704495986923575 2115.4788783828262 516.96719460189342 2004.0466279867105 1047.306781680556 445.15341495117173 874.25476622860879 556.89078565966338 5709.8630728479475 1918.297327702865 950.13048930023797 916.24245330551639 4056.715767887421 5117.0605194596574 961.74019234068692 1737.7994463993236 2480.3873557266779 1974.072868866846 1972.207366194576 131.55442295596004 288.76842356333509 2787.4817129774019 2112.0611120399553 152.69250982627273 1859.5120717417449 6036.3397441741545 1381.5041734552942 1693.2351781218313 3447.6271122554317
leaf_count=41037 22472 89 22769 5185 19885 36360 8659 7264 4428 25388 8265 37075 9518 35990 45237 9208 7477 47063 8773 9526 742 2327 12185 34532 581 10299 56812 14995 7459 12126
internal_value=-3.04611e-05 0.00781712 -0.00922821 -0.0170801 0.0170065 -0.0140184 -0.0171242 -0.00276933 -0.00532442 0.00323779 0.0125432 -0.032113 -0.00704007 -0.00405001 -0.00135584 0.0238073 0.0132668 -0.0147478 0.00181751 0.00574134 0.000564714 0.00320815 0.0110659 -0.0107217 -0.0133057 0.00276856 -0.00969451 0.0212608 0.00316865 0.00479621
internal_weight=61132.5 32987.4 28145.1 9346.35 10971.3 7764.9 6084.91 1679.99 18798.7 22016.1 6623.98 1581.45 13124.8 6172.19 5673.95 4347.29 6443.58 5037.6 16306.3 3946.28 12360 1163.02 4705.78 2557.21 180.397 7131.93 6952.58 3385.55 7000.37 5307.14
internal_count=563726 169470 394256 219502 72685 141390 126614 14776 174754 96785 28597 78112 125089 58759 49665 44088 27927 90254 71397 18299 53098 9591 20450 43191 670 30626 66330 34880 29884 22425
cat_boundaries=0 1 2 3
cat_threshold=15818795 11870731 1176
is_linear=0
shrinkage=0.05


Tree=34
num_leaves=31
num_cat=3
split_feature=22 22 22 22 22 27 22 22 4 22 17 68 71 17 17 70 71 71 17 35 67 27 67 68 22 22 36 35 67 28
split_gain=1558.7 401.41 388.121 166.704 147.574 91.8499 80.8453 77.9931 50.8058 46.0191 35.912 30.8313 29.8008 29.7407 29.5107 28.9129 28.8231 28.7094 28.3469 29.6304 28.6785 28.1338 28.4884 25.9297 25.4386 24.9823 23.6238 23.4076 28.0869 23.3434
threshold=0.33923897748280224 0.84877520768717696 0.085014313407048278 1.0000000180025095e-35 0.03114293434804296 0.57912309990334776 0.17916422940160559 0.58955684867296432 29.150000000000002 1.3614977444532925 7.0850000000000009 0.52060000000000006 0.81900718380486259 6.7550000000000008 3.0050000000000003 8.3300000000000018 0.15900718380486237 0.25068456118237897 4.0150000000000006 0.028333333333333769 0 0.26477557390737921 1 0.029099999999999956 0.065632547406429778 0.01681894774930531 -0.047781848256731548 -0.023333333333332981 2 2.4500000000000006
decision_type=2 2 2 2 2 2 2 2 2 2 2 2 2 2 2 2 2 2 2 2 1 2 1 2 2 2 2 2 1 2
left_child=2 7 3 8 25 9 16 10 -1 13 17 29 18 -3 -6 21 -4 23 20 -20 -8 -9 -23 -2 -16 -5 -17 28 -25 -10
right_child=1 5 6 4 14 -7 12 15 11 -11 -12 -13 -14 -15 24 26 -18 -19 19 -21 -22 22 -24 27 -26 -27 -28 -29 -30 -31
leaf_value=-0.015790098110913014 -0.030357377470500903 0.011506810114103814 -0.0099603669339810783 -0.048405984209156261 -0.03445828682007248 0.028982452099007711 -0.02170120489752568 -0.016164151241721183 0.013988080690646984 0.024556208660329152 0.014750746035701732 0.020277006876527923 0.004771598901457794 0.026362935911922732 -0.019343091558074534 0.0061890426352735773 -0.0046520544786498577 0.0056598412838124142 -0.00050734685812932464 -0.0071989749956714007 -0.0041277587732028919 0.025616185623512373 -0.0046479342593462002 -0.0013540068483179168 -0.012256453749204246 -0.032166971193017278 0.012696631543676912 -0.00084154364710041128 0.0075680115032423154 -0.0049799208147308536
leaf_weight=546.27930299146101 65.377878340892494 3349.5747225084342 5870.1399141976144 337.3717933523003 235.9951767945895 1770.2884003086947 359.99233764084056 204.51940451562405 204.71643188921735 1120.9832877321169 643.31533979997039 204.85186123149469 1550.7885592763778 374.55490170046687 3029.5541402467061 2079.0028406037018 4531.114771776367 5189.2976547516882 8351.0249752216041 2062.9593364489265 666.78670495189726 120.10458738543093 190.98520492576063 1401.6266753971577 2175.8503574887291 794.79059491003864 4236.3768159556203 5491.7131267637014 2374.2375897169113 781.07221392495558
leaf_count=6933 411 17006 70329 23337 9039 21078 2640 723 1641 7305 2848 1724 10463 1902 79523 11700 50161 21673 55821 15054 4670 503 786 5780 36962 40288 24383 22556 9207 7291
internal_value=-2.43636e-05 0.00843653 -0.00766025 -0.016942 -0.0205821 0.0192357 -0.00436283 0.00518871 -0.00316544 0.0156744 0.00319054 0.0026269 -0.00173276 0.013001 -0.0171649 0.00962489 -0.0076479 0.00267844 -0.00261442 -0.00183293 -0.0105406 -0.0017596 0.00771037 0.00102072 -0.0163809 -0.037006 0.0105544 0.00124208 0.00427255 -0.00104088
internal_weight=60315.2 28612 31703.3 8310.48 6573.56 6615.4 23392.8 21996.6 1736.92 4845.11 15165.6 1190.64 12991.6 3724.13 5441.4 6830.99 10401.3 14522.3 11440.8 10414 1026.78 515.609 311.09 9332.96 5205.4 1132.16 6315.38 9267.58 3775.86 985.789
internal_count=563737 147861 415876 206738 189149 47291 209138 100570 17589 26213 62475 10656 88648 18908 125524 38095 120490 59627 78185 70875 7310 2012 1289 37954 116485 63625 36083 37543 14987 8932
cat_boundaries=0 1 2 3
cat_threshold=12691523 7178048 8447809
is_linear=0
shrinkage=0.05


Tree=35
num_leaves=31
num_cat=1
split_feature=22 22 22 12 22 27 10 22 9 22 17 9 3 17 17 9 34 56 17 24 8 64 12 17 55 9 56 71 17 64
split_gain=1394.3 443.552 277.524 169.067 103.866 81.7898 77.0346 64.7115 62.4677 44.7433 40.8915 36.4769 32.6641 31.651 31.0303 31.1161 30.9225 33.5733 28.415 27.3199 26.0949 25.4655 24.0441 23.6057 22.9953 23.1438 48.8964 30.4894 26.6375 23.7796
threshold=0.4074751301636384 0.14254214319506972 0.84877520768717696 6.0500000000000007 0.036709308206807831 0.57912309990334776 49.250000000000007 0.58955684867296432 547.50000000000011 1.3614977444532925 5.9050000000000011 1008.5000000000001 4.8850000000000007 6.5650000000000004 2.7250000000000005 562.50000000000011 0.069999999999999854 0.27499999999999997 3.0050000000000003 0.019373021072169452 0 55.065000000000005 0.65000000000000002 3.7250000000000005 -3.2499999999999996 562.50000000000011 -0.4599999999999998 0.67900718380486247 5.0250000000000012 2.8850000000000011
decision_type=2 2 2 2 2 2 2 2 2 2 2 2 2 2 2 2 2 2 2 2 1 2 2 2 2 2 2 2 2 2
left_child=1 3 7 4 22 9 8 24 18 13 14 -12 -10 -4 -3 16 17 -16 -5 -13 -17 -8 -1 -6 -2 26 27 -26 -27 -28
right_child=2 10 5 6 23 -7 21 -9 12 -11 11 19 -14 -15 15 20 -18 -19 -20 -21 -22 -23 -24 -25 25 28 29 -29 -30 -31
leaf_value=-0.05030566257386182 -0.0061860773530846014 -0.025152356515734661 0.010308777986316584 -0.027215855959696934 -0.026144501980897458 0.02780237217474903 -0.00010883954647816343 0.0099432538714861775 -0.018563515476841 0.023797070010622243 0.0045873944753330358 -0.016948808277582748 -0.011326981763911144 0.023178055170457665 -0.00032632887766092709 -0.011401465828052683 -0.0056430006466254862 0.010819813246600045 -0.0048293006213176067 -0.0010534178743583915 -0.0037361266369181239 0.025633182502544611 -0.031536281317701739 -0.013967358922131315 -0.0014528225361955813 -0.0067696450437229371 -0.011375616551258565 0.012775709730537066 0.0034538872661653828 0.01390421226053355
leaf_weight=210.32794479490258 562.87936561089009 158.59572096727788 3068.0372758666053 148.20806672004983 506.09943181579001 1690.7149338964373 1079.6783427977934 6781.1331625380553 2562.3455339481588 1106.3485002210364 4083.3069524080493 297.3254321673885 3983.7877206837293 565.89354364108294 4536.4377182961907 1435.304102178663 2262.4103538389318 793.81165174208581 3251.3791289287619 2976.0260811089538 4975.0779987932183 105.45831280201674 903.96140635572374 1863.0229490492493 1654.026569057256 736.47257810365409 97.820084948092699 487.46363825630397 4723.5756973200478 1897.4114949251525
leaf_count=17478 2290 1444 15909 2775 16076 21041 10011 38248 46268 7355 28728 1829 59477 2932 30073 9990 16294 4548 42136 20543 33325 952 48725 46802 6800 2796 622 1998 19358 6800
internal_value=1.17967e-06 -0.00615442 0.00951769 -0.0128766 -0.0224899 0.0183607 -0.00986808 0.00616072 -0.011304 0.0149932 -0.00158904 0.00143508 -0.0141596 0.0123128 -0.00316 -0.00291092 -0.000745228 0.00133362 -0.00580526 -0.00249723 -0.00547603 0.00218179 -0.0350791 -0.0165687 0.00363605 0.00421214 0.00703309 0.00178599 0.0020749 0.0126648
internal_weight=59504.3 36132.6 23371.8 14614.3 3483.41 6430.99 11130.9 16940.8 9945.72 4740.28 21518.3 7356.66 6546.13 3633.93 14161.6 14003 7592.66 5330.25 3399.59 3273.35 6410.38 1185.14 1114.29 2369.12 10159.6 9596.77 4136.72 2141.49 5460.05 1995.23
internal_count=563623 437474 126149 290700 129081 47237 161619 78912 150656 26196 146774 51100 105745 18841 95674 94230 50915 34621 44911 22372 43315 10963 66203 62878 40664 38374 16220 8798 22154 7422
cat_boundaries=0 1
cat_threshold=98693
is_linear=0
shrinkage=0.05


Tree=36
num_leaves=31
num_cat=4
split_feature=22 22 22 22 22 22 4 12 17 61 9 9 12 1 67 30 64 9 56 25 67 22 8 67 17 9 12 45 61 17
split_gain=1256.43 417.762 271.634 140.077 132.653 92.5797 50.555 50.5067 45.935 43.7272 36.0973 34.6264 32.4027 32.0417 36.2215 51.6239 34.7066 31.0214 52.3319 36.131 30.5371 29.161 28.9801 28.6121 27.3944 27.996 27.0926 26.5892 26.2157 27.6479
threshold=0.27269788907499298 0.6653644978549339 0.083828051463234396 1.0000000180025095e-35 0.028886224378234539 1.3614977444532925 29.645000000000003 63.850000000000001 5.9650000000000007 4.5000000000000009 423.50000000000006 1047.5000000000002 15.250000000000002 1.0000000180025095e-35 0 -1.0000000180025095e-35 49.465000000000011 889.50000000000011 0.044999999999999936 0.073644135720010703 1 0.055388395350964473 2 3 4.6950000000000012 360.50000000000006 17.350000000000005 0.096159350094667792 2.5000000000000004 3.5850000000000004
decision_type=2 2 2 2 2 2 2 2 2 2 2 2 2 2 1 2 2 2 2 2 1 2 1 1 2 2 2 2 2 2
left_child=2 9 3 6 -5 7 -1 28 11 17 -10 24 -7 14 -8 -16 -15 18 27 22 -21 -6 23 -19 -4 -26 -11 -2 -3 -30
right_child=1 5 8 4 21 12 13 -9 10 26 -12 -13 -14 16 15 -17 -18 19 -20 20 -22 -23 -24 -25 25 -27 -28 -29 29 -31
leaf_value=-0.015873603978610814 0.0027312899984437925 0.014580238718963238 -0.0086217966447026725 -0.037403126053274276 -0.021208581127953111 -0.017568530284442385 0.010159305175424873 0.022231600323119351 0.010991688463742669 -0.0058799448054126209 -0.0025580446131301883 -0.013652268974805452 0.026066531714865983 0.001943138162476103 0.031626985809340098 -0.081027556548622537 0.030860650448531264 -0.003393251046210936 0.010688704500608281 -0.0074288023034941881 0.01944970031972203 -0.01358490825747209 -0.0050361679377608952 0.0085728752397416386 0.0021991706904416672 -0.0054734583015351237 0.001150053698394025 0.022941161525969152 -0.016360563059540364 0.0091590748097701291
leaf_weight=553.66533980309032 7770.0624084845185 3002.579634497175 4662.0842485758476 902.95501243765466 2096.3773335737642 43.613722356036305 48.69101086910814 1148.6280807149597 546.05181934637949 1953.3306976472959 4923.144771724008 1564.8529557916336 1736.5026445381809 920.70671606389806 13.280374738387762 43.41099800914526 116.93839658005163 892.03519797511399 3248.1864691972733 140.33066891692579 399.56739066727459 3122.8406959763961 2179.9560998072848 1117.1190764633939 1577.4640856450424 4826.6872838521376 4593.2290409794077 166.2309697214514 108.78844629693776 4349.3471078891307
leaf_count=7182 36248 16641 52166 57545 69306 188 367 15586 4621 11066 46730 17057 14922 8072 108 706 1157 4203 13402 777 1837 60318 10266 5228 14381 48237 19452 705 444 25079
internal_value=-0.000166894 0.00632711 -0.00839729 -0.0161852 -0.0197084 0.0146176 -0.00347265 0.0124714 -0.0050331 0.00249215 -0.00120522 -0.00669055 0.0249975 0.00253419 -0.0237346 -0.0464448 0.00520202 0.00390717 0.00534265 0.000512162 0.0126861 -0.0166471 -0.00105683 0.0032696 -0.0057061 -0.00358354 -0.000947523 0.0031546 0.0109687 0.00853634
internal_weight=58768.7 32849.5 25919.2 7818.87 6122.17 10389.5 1696.69 8609.34 18100.3 22460 5469.2 12631.1 1780.12 1143.03 105.382 56.6914 1037.65 15913.5 11184.5 4729.01 539.898 5219.22 4189.11 2009.15 11066.2 6404.15 6546.56 7936.29 7460.72 4458.14
internal_count=563997 176044 387953 204761 187169 72860 17592 57750 183192 103184 51351 131841 15110 10410 1181 814 9229 72666 50355 22311 2614 129624 19697 9431 114784 62618 30518 36953 42164 25523
cat_boundaries=0 1 2 3 4
cat_threshold=8388608 10668168 190996 4791107
is_linear=0
shrinkage=0.05


Tree=37
num_leaves=31
num_cat=1
split_feature=22 22 12 22 35 22 22 12 9 22 17 17 22 8 46 34 48 10 56 9 37 45 26 21 2 17 36 30 24 46
split_gain=1222.77 408.995 191.675 94.9371 92.007 70.2154 61.3826 59.9563 51.0782 48.7312 46.0144 39.751 39.4039 35.3416 27.2329 26.3248 25.0431 23.9856 23.7711 22.9134 22.7284 22.6595 24.6328 33.8598 22.404 21.8114 21.5761 21.5139 20.1991 19.6784
threshold=0.2223982546547158 0.67961272532500361 3.7500000000000004 1.3614977444532925 0.026666666666666842 0.047406254855346171 0.076001872151897132 19.650000000000002 543.50000000000011 0.4848987609454154 5.8350000000000009 4.2750000000000012 0.088409688319000548 0 0.13699933527104 0.050000000000000273 4.9804795824044374 77.65000000000002 0.18000000000000008 879.50000000000011 5.5000000000000009 0.11063550754995356 0.026385399218313794 0.062277336620168551 3.5000000000000004 2.2450000000000006 0.14030338331657419 0.050000000000000037 0.11780127559583754 0.28801175606171936
decision_type=2 2 2 2 2 2 2 2 2 2 2 2 2 1 2 2 2 2 2 2 2 2 2 2 2 2 2 2 2 2
left_child=2 9 5 10 7 25 -6 8 11 13 16 -4 14 29 -10 -12 26 -9 -13 -17 27 22 -21 -24 -5 -1 -3 -15 -11 -2
right_child=1 3 4 24 6 -7 -8 17 12 28 15 18 -14 20 -16 19 -18 -19 -20 21 -22 -23 23 -25 -26 -27 -28 -29 -30 -31
leaf_value=-0.053418161676340115 0.0027736348601619747 0.0040562705199378444 -0.009364987656930425 0.025934256166070604 -0.021128412629913967 -0.015853112926243581 -0.009618900771903036 -8.8116290453366499e-05 -0.01835716186146813 0.0052942712742179284 0.019169840934250004 -0.0026975595368343573 -0.0073894076571695477 -0.001342831731198185 -0.0052394581477656346 0.018381941318810529 -0.035468941311518357 0.026415365358858463 0.0072253103924922292 0.010296910819289858 -0.0084182854437346907 0.055696246233755291 0.028315473354232852 -0.016438745582929331 -0.0093823373409034662 -0.031425451881709164 0.011541814288780016 0.0052772055033817123 0.018949642794102439 0.012960297458379495
leaf_weight=133.28643567266408 8681.2853786810301 1494.6885272073559 1847.0246548154391 1699.0126382762101 1755.214577061357 1121.3010618874105 3407.1207482302561 2772.4641354568303 1814.424859574181 7698.7798341899179 2480.3270262491424 2323.957064733142 4232.4918931878638 7188.6012223390862 505.99479877669364 557.25779361650348 32.078881546854973 88.077916939742863 815.28980900952592 521.80358290998265 934.8986755926162 21.673845703713596 51.928250105120242 227.05349052138627 46.12543841265142 731.2276729621226 2704.4107038320508 1479.9201007923111 280.68320036865771 501.48241407144815
leaf_count=12458 45136 8173 27012 14914 45193 29429 43039 24143 40573 34981 20695 25781 45288 37189 9002 3396 128 845 8891 5372 5346 64 189 936 208 47549 16498 7370 1114 2634
internal_value=0.000142046 0.00570517 -0.00930767 0.0144238 -0.00780518 -0.0241086 -0.0135322 -0.00575204 -0.00735841 0.00250107 0.0121425 -0.00354486 -0.0102602 0.00111063 -0.0154967 0.0160902 0.00854109 0.000727943 -0.000120504 0.010554 -0.00101041 0.00525013 0.00388477 -0.00810842 0.0250008 -0.0348162 0.0088773 -0.000212636 0.00577461 0.00332632
internal_weight=58149.9 36602 21547.9 9836.36 19562.1 1985.82 5162.34 14399.7 11539.2 26765.7 8091.22 4986.27 6552.91 18786.2 2320.42 3860.04 4231.18 2860.54 3139.25 1379.72 9603.42 822.459 800.785 278.982 1745.14 864.514 4199.1 8668.52 7979.46 9182.77
internal_count=563546 204343 359203 70573 269767 89436 88232 181535 156547 133770 55451 61684 94863 97675 49575 30652 24799 24988 34672 9957 49905 6561 6497 1125 15122 60007 24671 44559 36095 47770
cat_boundaries=0 1
cat_threshold=31254
is_linear=0
shrinkage=0.05


Tree=38
num_leaves=31
num_cat=5
split_feature=22 22 22 10 22 12 17 17 9 27 9 22 9 17 4 17 56 1 4 67 21 13 67 8 31 34 67 67 68 9
split_gain=1033.74 328.851 226.283 133.221 85.0236 71.1988 49.7505 46.7126 43.9219 42.9385 40.9533 39.1961 38.4895 37.4913 33.8985 33.8485 33.0508 32.9568 31.8628 30.7576 29.0886 26.6153 25.8264 26.6537 25.8104 28.4317 32.1942 25.3452 23.3467 27.9396
threshold=0.27269788907499298 0.67961272532500361 0.083828051463234396 34.850000000000001 1.3614977444532925 0.65000000000000002 5.9650000000000007 3.8950000000000005 897.50000000000011 0.60172771745615095 679.50000000000011 0.012905935348229423 547.50000000000011 4.2750000000000012 61.955000000000005 4.3550000000000013 -0.84500000000000008 1.0000000180025095e-35 42.905000000000008 0 0.078543392974542173 0.20500000000000004 1 2 0.046006073707954377 0.074999999999999747 3 4 0.12110000000000001 562.50000000000011
decision_type=2 2 2 2 2 2 2 2 2 2 2 2 2 2 2 2 2 2 2 1 2 2 1 1 2 2 1 1 2 2
left_child=2 7 3 5 9 -1 12 19 16 -3 13 17 15 -7 22 27 -9 -5 -19 21 -8 -2 23 -10 25 28 -27 -4 -18 -30
right_child=1 4 6 11 -6 10 20 8 14 -11 -12 -13 -14 -15 -16 -17 24 18 -20 -21 -22 -23 -24 -25 -26 26 -28 -29 29 -31
leaf_value=-0.045729502765662157 -0.012789866613133345 0.0099127970259476755 -0.0021812182523545027 -0.026571039914212603 0.023723454491694728 -0.020097722823670235 -0.0017085908719869231 2.1614800887855563e-05 -0.0014236134376584817 0.020602378802937971 -0.022991139728776665 -0.010933833881873042 -0.0091913416103658885 -0.0083350401088735857 0.02601890854689768 -0.00055050398341251747 0.0019690645185788331 -0.0024632939025438314 0.016150313575518712 0.00011911774931024943 0.01160893905904724 -0.065462432137535609 -0.0036904836482304169 0.0080421424394389995 0.011631150621954267 0.007302701864426552 -0.0041182388594889589 -0.012309490987619425 0.011366345037263611 0.0038764128695294876
leaf_weight=243.86656522873091 576.51260481681675 6886.4115016069263 1092.074374100659 90.79434592043981 1687.9641236704774 1288.1821455500321 4921.5299200145528 3058.0990365473554 1741.3412498235703 1087.8314518299885 2288.0563565436169 1228.4111132561229 6096.1414408818819 1428.772558684519 120.34756861627102 3698.0484378051478 2032.317004095763 577.58551682857797 381.95192769868299 819.20225170021877 447.29644005745649 25.023895220831037 3485.095852104947 1287.1448546620086 1663.4704900179058 1006.8929733550176 1559.3761772597209 1461.6925485723186 3039.3786268597469 2109.1128331134096
leaf_count=21308 2626 39704 12708 834 15114 42705 47321 15790 8272 15770 75529 20979 65670 36726 527 35956 11526 4035 2749 3610 4051 121 16998 6102 6051 4549 7317 17706 12444 9220
internal_value=-0.000128451 0.00581254 -0.00770296 -0.0149653 0.013529 -0.019348 -0.00461728 0.00250229 0.00309311 0.011371 -0.0180626 -0.00487017 -0.00636439 -0.013912 -0.000275657 -0.00360782 0.00463771 0.00222156 0.00494601 -0.00627341 -0.000599059 -0.0147361 -0.000761486 0.00261268 0.00587485 0.00489246 0.000375253 -0.00803505 0.00650681 0.00829805
internal_weight=57429.9 32185.5 25244.4 7527.62 9662.21 5248.88 17716.8 22523.3 21102.6 7974.24 5005.01 2278.74 12348 2716.95 6633.93 6251.82 14468.6 1050.33 959.537 1420.74 5368.83 601.537 6513.58 3028.49 11410.5 9747.08 2566.27 2553.77 7180.81 5148.49
internal_count=564018 175741 388277 204865 70588 176268 183412 105153 98796 55474 154960 28597 132040 79431 31899 66370 66897 7618 6784 6357 51372 2747 31372 14374 51107 45056 11866 30414 33190 21664
cat_boundaries=0 1 2 3 4 5
cat_threshold=2410316 3551293 75209 2151748 944001
is_linear=0
shrinkage=0.05


Tree=39
num_leaves=31
num_cat=4
split_feature=22 22 22 22 22 22 70 22 17 9 56 71 27 17 9 67 28 17 26 40 68 46 67 8 48 4 25 34 67 31
split_gain=972.743 339.875 177.938 148.553 90.3556 86.291 48.4313 47.3246 37.5678 37.6565 53.5835 37.0441 36.7063 32.1379 37.2506 27.0351 26.6563 27.2114 25.8572 24.6046 23.734 23.4418 34.6694 34.5361 32.1422 24.2478 23.2643 23.0865 22.0459 21.6256
threshold=0.25128052685211544 0.58955684867296432 0.067607497555745674 1.0000000180025095e-35 1.3614977444532925 0.028886224378234539 10.830000000000002 0.14633430096512764 7.0850000000000009 648.50000000000011 0.18000000000000008 0.054282067261203888 0.58126743434941242 3.7950000000000004 417.50000000000006 0 3.4500000000000006 3.4950000000000006 0.028279088973932467 -1.0000000180025095e-35 0.11785000000000002 0.10629645944606576 1 2 3.1713867736974386 12.080000000000002 0.081601459117830025 0.050000000000000273 3 0.046006073707954377
decision_type=2 2 2 2 2 2 2 2 2 2 2 2 2 2 2 1 2 2 2 2 2 2 1 1 2 2 2 2 1 2
left_child=2 8 3 6 12 -5 -1 13 9 10 11 15 16 -4 -15 29 -3 -18 -17 28 -8 22 24 -23 -11 -26 -25 -19 -10 -2
right_child=1 4 7 5 -6 -7 20 -9 19 21 -12 -13 -14 14 -16 18 17 27 -20 -21 -22 23 -24 26 25 -27 -28 -29 -30 -31
leaf_value=-0.013679229653567417 0.00022702348754477452 0.011727465070386049 -0.018627726298054915 -0.035460881290461981 0.022863107704459509 -0.017154149931972323 -0.0046593258612113919 -0.0029735845124886813 0.012696054356307489 6.8511595986264147e-05 0.010632150500575059 0.0043443811956001077 0.017784291337719856 -0.0012304358013151689 -0.0092462424651029978 -0.0099853226591485565 -0.013111773108469114 0.0099452659283800014 0.0022776566344408981 0.019402129968172099 0.010810297869287618 0.010185715996237651 -0.0057735717364769444 -0.0043644066036254451 -0.067828486334061175 0.025532319416940671 0.010536124666946827 0.0024603066339334619 -0.010990299036095864 0.017224003716897009
leaf_weight=646.60689591662958 1608.9368468271568 4851.0756246615201 674.03006151050795 806.27688578236848 1639.1627225610428 3192.3433929404709 449.59474894125015 9248.2891942202114 211.69693390652537 2645.7738794460893 1937.95912004821 4846.3389592058957 1413.0325745383743 1931.9285966688767 5802.5421284100739 1401.0959460134618 171.79975991882384 2779.1750106201507 620.11867515090853 472.57276581507176 552.8007118399255 975.78905315045267 3986.0842102747411 1393.6828801371157 7.2436048015952101 174.42736210487783 322.587919854559 1637.0002727806568 166.97826249152422 211.77100086025894
leaf_count=8417 7831 26615 13238 57249 15108 96868 4997 81538 1020 12354 8240 23626 19690 26133 83513 6767 662 15261 3150 2411 4252 5059 19067 7563 26 564 1663 8267 962 753
internal_value=-6.92039e-05 0.00539139 -0.00791276 -0.0156379 0.0119213 -0.0208455 -0.00301028 -0.00544182 0.00150414 0.0010691 0.00311436 0.00143748 0.0102686 -0.00815656 -0.00724404 -0.0022294 0.00914344 0.00641123 -0.00619234 0.0117927 0.00387186 -0.00121728 -0.00277803 0.00273292 0.00146029 0.0218098 -0.00155466 0.00717072 0.00229651 0.00219195
internal_weight=56778.7 33474.3 23304.4 5647.62 12491.2 3998.62 1649 17656.8 20983.1 20131.8 10626.2 8688.26 10852.1 8408.5 7734.47 3841.92 9439.05 4587.98 2021.21 851.248 1002.4 9505.59 6813.53 2692.06 2827.44 181.671 1716.27 4416.18 378.675 1820.71
internal_count=562864 186659 376205 171783 85603 154117 17666 204422 101056 96663 50367 42127 70495 122884 109646 18501 50805 24190 9917 4393 9249 46296 32011 14285 12944 590 9226 23528 1982 8584
cat_boundaries=0 1 2 3 4
cat_threshold=1595611 6709580 172832 2962215
is_linear=0
shrinkage=0.05


Tree=40
num_leaves=31
num_cat=3
split_feature=22 22 12 22 35 12 36 12 17 9 69 67 11 9 67 22 24 4 12 67 9 17 28 36 9 17 48 12 51 40
split_gain=897.363 336.029 140.143 84.3561 70.7172 62.1846 46.001 41.8937 36.4337 51.6459 40.7761 41.2769 35.8922 35.6455 35.5154 34.2411 31.4651 30.1658 29.1504 29.1411 26.9422 26.3751 26.2711 26.1402 25.88 43.9358 34.7354 25.1592 25.0572 24.4178
threshold=0.18408902566722196 0.58955684867296432 2.8500000000000001 1.3614977444532925 0.040000000000000487 9.9500000000000011 0.48382062482264038 1.0000000180025095e-35 5.9050000000000011 1047.5000000000002 2.5000000000000004 0 71.250000000000014 523.50000000000011 1 0.071665105457038955 0.077927404834705907 59.175000000000004 29.350000000000005 2 987.50000000000011 4.4150000000000009 3.2916666666666674 1.3340806538015759 547.50000000000011 4.0450000000000008 2.5010402219140087 60.350000000000001 0.043015726179463469 0.10999999999999989
decision_type=2 2 2 2 2 2 2 2 2 2 2 1 2 2 1 2 2 2 2 1 2 2 2 2 2 2 2 2 2 2
left_child=2 8 7 6 5 13 22 -1 10 14 11 18 20 21 -10 -6 24 -11 -2 -12 -7 -4 -3 -18 25 26 -13 -8 -27 -21
right_child=1 3 4 -5 15 12 27 -9 9 17 19 16 -14 -15 -16 -17 23 -19 -20 29 -22 -23 -24 -25 -26 28 -28 -29 -30 -31
leaf_value=-0.051082431222856585 0.001535195190942934 0.0098311722903293812 -0.011575018432096174 0.021545992568640322 -0.022608885420151974 -0.0029912619877006824 0.011138453508802139 -0.022497194830048594 0.011253888680627207 -0.0020396012949777833 -0.00017368789792388762 -0.0035076772456807039 0.0076558010667708253 -0.015697154179514432 0.0031148202140736333 -0.011272046292165838 0.0066637486713821527 0.02065642417820019 0.0096901626841924948 -0.0079243856859062944 -0.009180183077262434 -0.001529650806867838 0.0028601517170989575 0.041557225447454819 -0.0062398818592639266 0.010050551560099982 -0.027807436757049442 0.020864218344621273 -0.0010730917705745935 0.010080050110801481
leaf_weight=145.36213021876756 2534.4682018833701 2476.9147687824443 1527.1800953707425 1603.4079966074787 1068.6794056574581 5117.9502191990614 4518.5711445333436 1084.0825295338873 2250.1997666978277 3665.8135176366195 3195.1176523584872 977.21239025983959 591.67473167832941 2375.3540675974218 3358.7682800432667 1767.8352593469899 344.29053658805788 152.49494300968945 1930.5128542836756 3176.7584948996082 2678.9910492345225 1142.1121838975232 2974.640369089786 63.586348503828049 2372.4071676945314 1125.9693755256012 173.11795520596206 779.68870544573292 919.85786037147045 200.18314033746719
leaf_count=14197 16130 16244 29294 15109 32508 58008 24466 55319 12687 20764 18305 5732 5548 57175 19875 26131 2028 771 6358 19474 35580 17887 17979 294 12027 5595 711 11697 4662 1260
internal_value=-0.000200283 0.00403959 -0.00959966 0.0108476 -0.00836964 -0.00685489 0.00925192 -0.0258769 0.000858846 0.00335222 -0.00052275 0.00141924 -0.00421679 -0.0112417 0.00640566 -0.0155433 -0.00129944 -0.00113317 0.00504983 -0.00360811 -0.00511775 -0.0072769 0.00602744 0.0121035 -0.00228348 0.000653225 -0.00716465 0.0125697 0.00504907 -0.00683685
internal_weight=56293.2 38794 17499.2 12353.2 16269.8 13433.3 10749.8 1229.44 26440.8 9427.28 17013.5 10441.4 8388.62 5044.65 5608.97 2836.51 5976.44 3818.31 4464.98 6572.06 7796.94 2669.29 5451.56 407.877 5568.56 3196.16 1150.33 5298.26 2045.83 3376.94
internal_count=563815 232168 331647 85495 262131 203492 70386 69516 146673 54097 92576 53537 99136 104356 32562 58639 31049 21535 22488 39039 93588 47181 34223 2322 28727 16700 6443 36163 10257 20734
cat_boundaries=0 1 2 3
cat_threshold=10621404 190211 1674798
is_linear=0
shrinkage=0.05


Tree=41
num_leaves=31
num_cat=6
split_feature=22 22 68 17 22 4 22 35 46 28 9 17 69 64 17 11 9 17 67 67 4 22 67 67 67 35 25 64 4 67
split_gain=827.958 328.883 128.892 79.5175 67.9464 56.4803 54.7098 39.6825 36.9963 36.5158 35.8901 35.2945 38.6677 35.4959 34.1009 32.4113 31.7024 33.9203 31.6557 29.4951 29.3733 29.3208 28.5174 27.3054 26.5172 26.3741 25.0013 24.6347 23.7801 23.7
threshold=0.19503700988824038 0.60172900039740262 0.045750000000000006 2.5050000000000003 1.4664848830526844 24.015000000000004 0.028886224378234539 0.040000000000000487 0.21056207093821513 3.2916666666666674 1024.5000000000002 5.4150000000000009 2.5000000000000004 0.91499999999999992 3.5850000000000004 71.250000000000014 547.50000000000011 3.8950000000000005 0 1 40.665000000000006 0.10377004564670229 2 3 4 0.0016666666666664833 0.076267074890904465 9.6550000000000029 10.775 5
decision_type=2 2 2 2 2 2 2 2 2 2 2 2 2 2 2 2 2 2 1 1 2 2 1 1 1 2 2 2 2 1
left_child=2 8 6 -4 9 21 20 15 10 -3 11 12 13 -2 -11 26 17 23 28 -10 -1 -5 -13 -15 -19 -16 -7 -6 -18 -8
right_child=1 4 3 5 27 7 29 -9 19 14 -12 22 -14 16 25 -17 18 24 -20 -21 -22 -23 -24 -25 -26 -27 -28 -29 -30 -31
leaf_value=-0.037873537964522981 -0.013254815852909467 0.012839037590641792 -0.038454663290534069 -0.015388031369449129 -0.017971778796273079 -0.0050394826943948702 -0.0072558423352383676 -0.011424649408606921 -0.0010777703477690631 -0.013363239835726962 -0.0036333704810225572 0.00043624742065107719 -0.0052975503336263633 0.0082833123715928113 0.010239847468506843 0.0079520321193683342 -0.044338033030202423 0.0010826385618313661 -0.0079185116204730319 0.0097908323991535654 -0.012155827132501289 -0.0068529803014726583 0.0067282425859402813 -0.0065523439049477543 0.010222227962401235 0.0027482813055073559 0.0052879333496272905 0.023305957108629233 0.0040013081208128201 -0.019129133184539678
leaf_weight=485.82892123080092 395.50656909565441 5054.2752484490629 199.87605535361217 2350.7145370099461 37.250312583521008 8187.7442197503988 692.87848807580303 1928.4753557946533 919.02966427430511 199.26691230759025 4568.8096365239471 3189.5963698718697 3014.2318732475396 438.37116236053407 3478.312223987421 574.94570283545181 25.945189260877669 1224.0269391713664 1282.4263431299478 1957.0115368431434 143.91619381180499 1759.3479795351159 4151.8047506785952 999.96932492125779 2310.3214185424149 1774.0082074427046 631.20623218175024 1218.902981877327 1311.8958385176957 1256.942471243965
leaf_count=37943 4139 35379 10408 58129 168 109024 18609 32925 5107 810 25208 18567 18021 2032 23393 5491 151 5833 6190 10835 6850 21105 22721 4897 10528 10884 6515 12723 5890 33483
internal_value=-8.00638e-05 0.00416289 -0.00882859 -0.00711988 0.0110917 -0.00671404 -0.0191834 -0.00489159 0.00100277 0.00977759 0.000331817 0.00131939 -0.0004721 0.00134865 0.00693926 -0.00355042 0.00210933 0.00445457 -0.00234142 0.0063481 -0.0319962 -0.0117345 0.00400434 -0.00201876 0.00708896 0.00770952 -0.00430031 0.0220819 0.00304112 -0.0150452
internal_weight=55762.8 37551 18211.9 15632.3 11762 15432.4 2579.57 11322.4 25788.9 10505.9 22912.9 18344.1 11002.7 7988.46 5451.59 9393.9 7592.96 4972.69 2620.27 2876.04 629.745 4110.06 7341.4 1438.34 3534.35 5252.32 8818.95 1256.15 1337.84 1949.82
internal_count=563958 223476 340482 243597 83357 233189 96885 153955 140119 70466 124177 98969 57681 39660 35087 121030 35521 23290 12231 15942 44793 79234 41288 6929 16361 34277 115539 12891 6041 52092
cat_boundaries=0 1 2 3 4 5 6
cat_threshold=14697404 2491660 11278064 921808 5448841 1693763
is_linear=0
shrinkage=0.05


Tree=42
num_leaves=31
num_cat=2
split_feature=22 22 12 22 10 22 27 9 12 61 9 17 66 35 17 22 22 46 67 41 36 10 71 36 67 10 17 71 48 5
split_gain=773.577 283.861 120.826 67.5824 59.5255 48.1159 42.9333 40.3842 37.3365 35.0505 33.7424 30.8926 29.8201 26.1488 25.9799 24.2118 23.893 23.7888 33.0978 23.5553 22.0977 21.9908 21.6804 20.6475 29.662 21.9347 20.6329 20.4246 20.2619 20.2183
threshold=0.16736081593049226 0.84877520768717696 2.8500000000000001 0.3335167437447088 31.250000000000004 0.065632547406429778 0.58040445495384219 1128.5000000000002 1.0000000180025095e-35 4.5000000000000009 523.50000000000011 2.8150000000000004 0.35970833129126439 0.021666666666666948 3.3850000000000002 0.043218856951565229 0.58955684867296432 0.21056207093821513 0 -0.046871234939759081 -0.95623586599139399 49.750000000000007 0.29900718380486208 -1.2452441171884463 1 54.850000000000001 4.3550000000000013 0.6890071838048627 3.3526610644257713 35.595000000000006
decision_type=2 2 2 2 2 2 2 2 2 2 2 2 2 2 2 2 2 2 1 2 2 2 2 2 1 2 2 2 2 2
left_child=2 3 8 11 5 10 14 21 -1 16 26 -2 23 27 -3 -10 17 -5 -19 -15 -9 29 -22 24 -11 -25 -4 -13 -16 -6
right_child=1 6 4 9 7 -7 -8 20 15 12 -12 13 -14 19 28 -17 -18 18 -20 -21 22 -23 -24 25 -26 -27 -28 -29 -30 -31
leaf_value=-0.050222349861859888 -0.026466142834192841 -0.018614025383744268 -0.015859168427374129 0.0030359350971943958 -0.006595643565890064 -0.0083752394211823629 0.021899355166853263 -0.021262139125734381 -0.030689396490994187 -0.033049259881498635 -0.021784977573231026 -0.0002643858626127048 0.011064496349867024 -0.015927876805230997 0.012796401904852168 -0.014909829798208776 0.008207012858697493 0.00032352097257086444 0.017801296876216021 -0.0028507041946517491 -0.012507416993156087 0.0045492271500041448 0.00026555078929283289 -0.0024479458574242653 -0.0017908072057506892 0.0041904023485865921 -0.00094715801364064073 0.0058981803118976685 -0.0073152453760691478 0.00045258914218455437
leaf_weight=131.05025139986537 115.69853972364217 69.495754964649677 564.64511897007469 9512.9229114037007 2856.4511460771319 4705.5086941279005 1351.2477076975629 419.0553264990449 432.42988164594863 105.44914792198688 1474.0180859010434 8084.1071342313662 617.7268750956282 395.20418122317642 4223.4318108265288 555.21568084368482 4465.8488103426062 466.26002455130219 659.37321157380939 2676.1197485169396 1002.5211213389412 884.44833565503359 496.87542230729014 3038.9091880712658 238.80019159708172 2107.2669359538704 393.71375843021087 1612.7628467013128 129.06205407530069 1580.4250719673
leaf_count=14239 1169 301 16759 40821 36290 74730 20819 7318 35676 558 55621 59607 2715 3285 25377 18988 26837 2127 2895 21613 13700 8254 6007 14093 1171 11697 9760 11696 735 19140
internal_value=0.000161768 0.00384639 -0.00931819 0.00211037 -0.00808666 -0.0113267 0.0140993 -0.00489218 -0.0251461 0.00384521 -0.0170365 -0.000745942 0.00064913 -0.00051288 0.0117158 -0.0218187 0.00513769 0.00384924 0.0107227 -0.00453342 -0.0111116 -0.00264996 -0.00827466 -0.000522701 -0.0123778 0.000270339 -0.009733 0.000760559 0.0122 -0.00408505
internal_weight=55366 39869.7 15496.4 34096.4 14377.7 7137.89 5773.24 7239.78 1118.7 21212.6 2432.38 12883.9 6108.15 12768.2 4421.99 987.646 15104.4 10638.6 1125.63 3071.32 1918.45 5321.32 1499.4 5490.43 344.249 5146.18 958.359 9696.87 4352.49 4436.88
internal_count=563998 247516 316482 200284 247579 156870 47232 90709 68903 102914 82140 97370 30234 96201 26413 54664 72680 45843 5022 24898 27025 63684 19707 27519 1729 25790 26519 71303 26112 55430
cat_boundaries=0 1 2
cat_threshold=3115277 4918032
is_linear=0
shrinkage=0.05


Tree=43
num_leaves=31
num_cat=2
split_feature=22 22 22 12 22 17 22 17 28 17 22 9 71 22 66 36 56 22 56 1 56 46 9 55 8 61 28 54 8 71
split_gain=705.732 206.468 162.65 84.2117 48.9182 48.7152 45.7668 40.7272 40.1884 37.4376 36.367 35.9661 32.1233 31.46 29.752 25.7118 24.7409 24.6045 23.7529 24.7018 27.6302 26.42 25.373 25.3727 24.9709 23.653 23.1505 29.3972 26.949 22.6105
threshold=0.27269788907499298 0.89863065873183701 0.098371921434055778 4.7500000000000009 1.0000000180025095e-35 6.5650000000000004 0.58955684867296432 2.6250000000000004 2.9166666666666674 5.4750000000000005 0.044875039507629846 409.50000000000006 -0.39099281619513743 1.3614977444532925 0.38152670365743252 0.73126779216096083 -1.0000000180025095e-35 0.028886224378234539 -1.9099999999999997 0.095000000000000015 -0.57999999999999974 0.29606256956590876 643.50000000000011 -2.9166666666666674 0 2.5000000000000004 2.7750000000000004 1.0000000180025095e-35 1 1.3442820672612041
decision_type=2 2 2 2 2 2 2 2 2 2 2 2 2 2 2 2 2 2 2 2 2 2 2 2 1 2 2 2 1 2
left_child=2 6 3 7 8 13 12 -1 -5 25 -6 -11 16 -3 18 -10 -2 -9 -14 21 29 22 26 -24 -25 -4 27 28 -20 -21
right_child=1 5 9 4 10 -7 -8 17 15 11 -12 -13 14 -15 -16 -17 -18 -19 19 20 -22 -23 23 24 -26 -27 -28 -29 -30 -31
leaf_value=-0.044317678048890696 -0.0073842497495596408 0.0089667134803412384 -0.0021410871253924788 0.012039578204750609 -0.020810539357772592 0.023874321783941541 0.0068211770869284483 -0.029548266755057596 -0.011093100625381129 0.0086410152128282361 -0.0098043159766968407 -0.0019889275220710194 -0.014619697883092784 0.01891356312589592 0.010060092138987901 0.0057197431405668284 0.00093711770400306126 -0.015205707777977223 0.006597131878953862 -0.0013519583942149653 0.007599975459357847 0.012416613792005385 -0.020345136690525335 0.003965342681233862 -0.0049974059606323487 -0.0077662539908697125 0.005246918534610818 -0.060929779748564707 -0.010397928035106835 0.021950134863719214
leaf_weight=181.56224992446369 1358.0818498297594 2714.0818391575012 3012.9117071512155 401.65082229115069 906.8477860140847 1086.1052977263462 6993.7122648656368 415.55686540179886 811.1934969832655 907.01932861050591 4354.2028089035302 6485.9964722781442 201.22621699236333 1124.1948628663085 1410.0193065367639 315.97750295512378 2609.6397609747946 1066.2736044068588 432.1360072074458 1684.5658889752813 3846.491002779454 466.01900744531304 196.35397784598172 1189.4512135526165 2204.0470008235425 4921.1075906550977 2843.2912190034986 21.994741018861532 485.54831790179014 110.95919349603355
leaf_count=18712 6752 19045 31890 3440 36523 10920 44460 34280 8084 8143 82945 64046 1114 11087 6706 2488 11503 43615 2211 8391 17006 2187 959 5771 11195 53399 13127 77 2719 519
internal_value=0.000162954 0.00513629 -0.00631567 -0.0118837 -0.00941367 0.0145255 0.00336164 -0.0219665 -0.00154082 -0.00324473 -0.0117015 -0.000684783 0.00209222 0.0118801 0.0031447 -0.00637999 -0.00191114 -0.0192279 0.00243203 0.00268656 0.00520937 0.000870768 0.000140981 -0.00287006 -0.00185892 -0.00563012 0.00299831 -0.00380553 -0.0024364 8.80557e-05
internal_weight=54758.2 30977.9 23780.3 8453.27 6789.87 4924.38 26053.5 1663.39 1528.82 15327 5261.05 7393.02 19059.8 3838.28 15092.1 1127.17 3967.72 1481.83 13682.1 13480.9 5642.02 7838.84 7372.82 3589.85 3393.5 7934.02 3782.97 939.679 917.684 1795.53
internal_count=563314 175749 387565 230087 133480 41052 134697 96607 14012 157478 119468 72189 90237 30132 71982 10572 18255 77895 65276 64162 25916 38246 36059 17925 16966 85289 18134 5007 4930 8910
cat_boundaries=0 1 2
cat_threshold=31232 106002
is_linear=0
shrinkage=0.05


Tree=44
num_leaves=31
num_cat=7
split_feature=22 22 12 22 22 12 71 28 9 22 36 17 9 56 31 67 34 8 17 1 8 67 22 25 35 25 67 67 17 67
split_gain=629.485 212.405 96.1311 62.7533 56.4298 58.9419 40.9537 31.0907 30.2649 29.867 29.4228 27.8907 24.9794 31.997 26.6133 35.641 23.9358 22.1576 22.0834 22.0408 21.7794 21.6083 20.8607 20.7854 20.3125 19.9424 19.5596 19.2289 19.1539 24.4363
threshold=0.17916422940160559 0.60172900039740262 1.2500000000000002 1.3614977444532925 0.083828051463234396 20.250000000000004 0.69900718380486249 3.2916666666666674 776.50000000000011 0.29638833749756871 -0.089514359254918921 4.2350000000000012 889.50000000000011 -1.1299999999999994 0.046006073707954377 0 0.084999999999999978 1 6.5250000000000012 0.13500000000000004 2 3 0.038261832993113011 0.028310235431624649 -0.081666666666665652 0.057890928478939757 4 5 4.1550000000000011 6
decision_type=2 2 2 2 2 2 2 2 2 2 2 2 2 2 2 1 2 1 2 2 1 1 2 2 2 2 1 1 2 1
left_child=2 6 22 7 5 8 9 -3 11 18 -9 -4 13 17 -15 -16 -7 -11 -2 21 27 -20 -1 -10 -13 -6 -19 -8 29 -12
right_child=1 3 4 -5 25 16 20 10 23 12 28 24 -14 14 15 -17 -18 26 19 -21 -22 -23 -24 -25 -26 -27 -28 -29 -30 -31
leaf_value=-0.04186567490072491 -0.0033044339903824161 0.01081699193614624 -0.01640638246962282 0.018972737931483293 -0.0060108310656555551 0.0049709527819837458 0.0080857260803068372 -0.00027565370418732417 -0.02241336693447759 0.010059000408067923 -0.024544233289227453 0.024290863700299464 -0.001451644592516155 0.002858573656557192 0.019296891515878274 0.0026097123346181909 -0.012145890080745975 -0.019055935457536276 0.0090463782523166492 0.017375902715798665 0.0081401841589385081 -0.007136322255974061 -0.01966994918878081 -0.012994412587889454 -0.00727054164668963 0.00044609767124231836 -0.0032654129121065128 -0.0049710108093886565 0.0091355814275454594 0.0041328536377917002
leaf_weight=228.79164103057701 6521.9768410774413 4750.5724185456056 1080.0359953070874 1467.0935365958139 7937.5213133145589 711.13106405967847 447.15892075188458 1658.0580646041781 1110.0216485070996 194.5840190127492 85.715969268232584 52.334501831792295 4585.2771652941592 8115.9028765889816 605.75837717857212 691.34784742631018 286.53372435318306 280.24270506948233 377.78766639856622 252.30223770719022 2868.8627059170976 430.78609844110906 197.01792115264107 1240.0676846042043 1968.2269417783828 1407.9296457427554 648.83544328715652 725.90414205938578 3118.3429405966308 324.38042811024934
leaf_count=26725 51982 34529 35547 15155 104666 6941 2509 10141 42570 1041 409 755 21428 37124 2085 2584 3606 1505 2946 1818 16497 3658 9462 31714 49776 15702 3376 4405 21975 1423
internal_value=9.84215e-05 0.00360634 -0.0081527 0.00931986 -0.00752066 -0.0111186 0.00117023 0.00789472 -0.0131638 0.000344727 0.00521807 -0.00992012 0.00162889 0.00296945 0.00392143 0.0105716 5.49201e-05 -0.00500533 -0.00221618 0.0044741 0.00580732 0.000448298 -0.0315959 -0.0174433 -0.00645307 -0.00503807 -0.00818059 3.23519e-05 0.00779964 -0.00235879
internal_weight=54370.5 38150.9 16219.6 11404.2 15793.8 6448.35 26746.7 9937.07 5450.69 22704.8 5186.5 3100.6 15121.9 10536.7 9413.01 1297.11 997.665 1123.66 7582.85 1060.88 4041.93 808.574 425.81 2350.09 2020.56 9345.45 929.078 1173.06 3528.44 410.096
internal_count=564054 236590 327464 83632 291277 170909 152958 68477 160362 129547 33948 86078 69143 47715 41793 4669 10547 5922 60404 8422 23411 6604 36187 74284 50531 120368 4881 6914 23807 1832
cat_boundaries=0 1 2 3 4 5 6 7
cat_threshold=10735114 65670 233697 8594045 446732 10502620 4194862
is_linear=0
shrinkage=0.05


Tree=45
num_leaves=31
num_cat=5
split_feature=22 22 22 17 68 22 17 13 17 4 17 36 71 21 17 1 56 34 67 15 67 22 24 31 60 64 64 56 67 67
split_gain=552.21 196.382 116.824 70.7077 58.8164 41.2432 38.632 34.893 32.27 30.4254 27.4677 27.3643 30.5831 27.936 28.7544 25.4611 25.0833 24.9743 24.835 24.814 26.3513 24.7892 24.1907 30.4324 22.7638 22.5017 22.4321 22.1705 31.4405 24.6922
threshold=0.24360752026341911 0.84877520768717696 0.091929434208846125 3.0050000000000003 0.13685000000000003 0.53372636630039094 6.5650000000000004 0.18500000000000003 4.2350000000000012 38.650000000000006 7.1050000000000013 -0.67806350362082823 -0.51099281619513748 0.076808416995804055 5.2950000000000008 0.13500000000000004 -0.3299999999999999 0.044999999999999936 0 1 2 1.4664848830526844 0.086668872392931071 0.037500725928220228 -0.050000000000000003 2.4650000000000003 9.4150000000000027 0.62000000000000044 3 4
decision_type=2 2 2 2 2 2 2 2 2 2 2 2 2 2 2 2 2 2 1 1 1 2 2 2 2 2 2 2 1 1
left_child=2 5 3 -1 7 10 21 17 -4 -6 11 18 27 14 16 -10 19 -5 -2 20 -14 -3 23 -22 -7 -15 -23 28 -13 -29
right_child=1 6 8 4 9 24 -8 -9 15 -11 -12 12 13 25 -16 -17 -18 -19 -20 -21 22 26 -24 -25 -26 -27 -28 29 -30 -31
leaf_value=-0.033258178797676521 -0.0089809177589094524 0.0085925017755370883 -0.0095867837478538775 -0.0047808903281895757 -0.005431519706800305 0.019082898899846538 0.020580083829485701 -0.018167522419539086 -0.0039975812900761264 0.011551196960386333 0.010692764824697691 -0.016380354523977826 0.012064657065537401 -0.0061218289175070176 0.0025732640432510646 0.0012264942120462693 0.0022660183228002113 -0.012834080949591684 5.8836412525724847e-05 -0.013809991290797486 -0.0097635154572210028 -0.024155357859439917 0.038757898535703064 -0.068368310340269522 0.0047114801889541454 0.0067020003566617414 0.019705245160467375 -0.008042461705630893 -0.0015160905505892611 0.0087982519291431843
leaf_weight=349.75413795019267 1273.8146576574072 3538.2167302789167 1906.771925545414 1541.9213127666153 920.54395779664628 285.19110998651013 1192.1722415196709 1794.4005883021164 8565.77645011805 369.62741480767727 701.14781242888421 580.15200508292764 238.52245984226465 372.88691005297005 5725.5117155946791 3205.0901970197447 893.45969684887677 2562.8661847939948 1870.7593372822739 818.13689563143998 185.19284900277853 30.235704245045781 21.627918189391494 25.161515068262815 8142.570762201678 4139.6313294097781 812.97768975282088 339.9949135184288 917.27889721957035 568.69916953053325
leaf_count=27136 6935 25631 25425 33755 13580 1206 12416 70972 94068 3790 3909 3041 1143 3069 30288 33633 3925 70279 10062 4622 1058 146 103 126 47528 18375 9073 1477 4513 2494
internal_value=-2.62045e-05 0.00405239 -0.00630715 -0.0113045 -0.0102365 0.00229443 0.0125999 -0.0123515 -0.0035526 -0.000566059 0.000983965 0.000605167 0.00150372 0.00250324 0.000711908 -0.00257512 -0.00417202 -0.00980898 -0.00363139 -0.00863573 0.000641424 0.0104285 -0.0111171 -0.0167735 0.0051978 0.00564232 0.0181325 -0.00365568 -0.00739449 0.00250549
internal_weight=53890.1 32673.3 21216.8 7539.11 7189.36 27099.7 5573.6 5899.19 13677.6 1290.17 18672 17970.8 14826.3 12420.1 7907.61 11770.9 2182.1 4104.79 3144.57 1288.64 470.505 4381.43 231.982 210.354 8427.76 4512.52 843.213 2406.12 1497.43 908.694
internal_count=563778 191140 372638 219512 192376 143874 47266 175006 153126 17370 95140 91231 74234 62709 41265 127701 10977 104034 16997 7052 2430 34850 1287 1184 48734 21444 9219 11525 7554 3971
cat_boundaries=0 1 2 3 4 5
cat_threshold=7799346 133 5541450 13154884 8553675
is_linear=0
shrinkage=0.05


Tree=46
num_leaves=31
num_cat=0
split_feature=22 22 12 22 22 12 36 44 71 12 48 70 17 9 56 22 60 9 17 71 64 10 56 22 50 17 20 36 0 4
split_gain=534.193 171.094 102.43 53.8863 42.4028 40.3955 35.5099 32.5933 30.2403 29.1993 28.8039 25.4954 25.4339 29.6806 34.9237 23.7867 23.5943 23.5138 21.4491 21.7872 21.2207 21.1388 21.0377 19.728 19.1352 20.5144 19.9241 18.516 17.583 17.0521
threshold=0.21926442824420064 0.67961272532500361 3.7500000000000004 0.1353305732301511 1.4664848830526844 1.0000000180025095e-35 -0.88561488554012657 0.3522934204178948 0.15900718380486237 20.450000000000003 5.9273159394562276 25.420000000000005 2.8150000000000004 567.50000000000011 0.16000000000000006 0.047406254855346171 -0.059999999999999977 874.50000000000011 5.8750000000000009 0.6890071838048627 6.6350000000000016 32.550000000000004 -1.9099999999999997 0.056330263808617893 272.50000000000006 3.3050000000000002 22.050000000000004 1.2441632158377052 6.6550000000000011 10.050000000000002
decision_type=2 2 2 2 2 2 2 2 2 2 2 2 2 2 2 2 2 2 2 2 2 2 2 2 2 2 2 2 2 2
left_child=2 7 5 6 10 -1 23 12 9 17 11 -3 -2 14 20 -7 -9 -8 29 -20 -14 -22 -23 -4 26 -26 -24 -16 -29 -15
right_child=1 4 3 -5 -6 15 8 16 -10 -11 -12 -13 13 18 27 -17 -18 -19 19 -21 21 22 24 -25 25 -27 -28 28 -30 -31
leaf_value=-0.047846280914139554 -0.017897104969019216 0.0065683640270939817 -0.020356650669734352 -0.0022371991489756617 0.018746716478423117 -0.024671451852816027 -0.0078203609069334799 0.03409631848937824 -0.0028322039928823498 0.00036643142158787308 -0.069055022336569988 0.012797063720605562 -0.002170905377974998 -0.031637823625597153 0.0069031660707609193 -0.011740598406558167 0.0065751003656329453 -0.015753506781742244 0.00042766228974478468 0.0084456147428614396 0.015152476299720148 -0.016009105706698747 0.0044809833929079241 -0.010212620691213417 -0.078361556047882933 -0.0062366399209621308 -0.012755524079585152 -0.00098456934406090566 0.025446632976352468 -0.0021806923446082206
leaf_weight=110.973394666682 174.96315584843978 5329.15299558267 722.44335682160454 7053.7710604227614 1127.986723894719 569.44642374612158 2682.2724829692161 81.074620829895139 3446.770323078963 714.61066615348682 11.994296012446283 2375.0766385244206 2399.0148149579763 49.509641946293414 1664.3166209650226 947.25594813725911 1974.8539975006133 1433.1129771459382 5480.440295599401 1002.1897417968139 359.3232111018151 147.20686561148614 4971.1144807105884 1424.0822455605958 10.166782554239033 325.54360655322671 173.50854355655611 81.442573547363281 276.68525721505284 6388.3338934951462
leaf_count=14256 1151 36222 24726 70167 12899 47668 49060 333 56731 7357 42 21481 16793 259 7888 27654 10078 32501 30838 5668 1982 771 22671 27244 49 1440 1029 362 1293 33075
internal_value=-2.53245e-05 0.00369751 -0.00672943 -0.00561215 0.00969172 -0.0187261 -0.00789608 0.00162339 -0.00640987 -0.00896296 0.00836803 0.00848856 0.00109531 0.00123776 0.00322481 -0.0165955 0.00766039 -0.0105829 -0.00036295 0.00166721 0.00180247 0.00339465 0.0026439 -0.0136267 0.00314494 -0.0084209 0.00389966 0.00912241 0.0194359 -0.00240723
internal_weight=53508.6 34403.9 19104.7 17477.1 8844.21 1627.68 10423.3 25559.7 8276.77 4830 7716.22 7704.23 23503.8 23328.8 10408.3 1516.7 2055.93 4115.39 12920.5 6482.63 8385.88 5986.86 5627.54 2146.53 5480.33 335.71 5144.62 2022.44 358.128 6437.84
internal_count=563688 206324 357364 267786 70644 89578 197619 135680 145649 88918 57745 57703 125269 124118 54278 75322 10411 81561 69840 36506 44735 27942 25960 51970 25189 1489 23700 9543 1655 33334
is_linear=0
shrinkage=0.05


Tree=47
num_leaves=31
num_cat=5
split_feature=22 22 17 68 17 61 9 22 22 17 56 9 61 22 8 71 30 67 17 9 67 12 68 66 41 67 35 30 25 67
split_gain=483.428 180.159 81.4724 62.521 51.4091 47.1978 41.3052 37.8727 36.8207 32.8618 28.5601 27.7317 26.6005 25.4228 24.4144 21.2804 23.7083 22.2391 20.2075 25.7704 19.7138 19.4011 18.8164 18.7882 20.9071 18.7359 18.3088 18.2971 19.5484 26.8953
threshold=0.17916422940160559 0.84877520768717696 2.3850000000000002 0.045750000000000006 5.4350000000000014 4.5000000000000009 839.50000000000011 0.52342032118153825 0.026658942197252775 6.5650000000000004 0.36499999999999982 1068.5000000000002 2.5000000000000004 1.3614977444532925 0 0.17068456118237887 -0.10499999999999995 1 3.8550000000000004 355.50000000000006 2 5.6500000000000012 0.10430000000000002 0.50243753899171162 0.13430387409200953 3 -0.023333333333332981 0.050000000000000037 0.057890928478939757 4
decision_type=2 2 2 2 2 2 2 2 2 2 2 2 2 2 1 2 2 1 2 2 1 2 2 2 2 1 2 2 2 1
left_child=2 5 -1 8 11 7 10 14 -4 13 22 12 20 -3 21 23 -17 -18 -14 -20 -5 -2 -6 -7 -25 -10 -11 28 -16 -30
right_child=1 9 3 4 6 15 -8 -9 25 26 -12 -13 18 -15 27 16 17 -19 19 -21 -22 -23 -24 24 -26 -27 -28 -29 29 -31
leaf_value=-0.040571338427083971 -0.0088136467035071966 0.0071647456540423751 -0.027704128011122278 0.0018368383784935314 -0.006053378887043573 -0.0041103010897518095 -0.0056779716074550554 0.0060465165394035028 -0.0054054614238563956 0.025287621607754798 0.01380312407810262 -0.018711565604332788 -0.017046651251919759 0.016176785548929293 -0.002055876409189568 -0.011067153299843955 -0.0018457542429523828 0.0058854132763606209 -0.0027550721331185096 -0.011400042862368683 -0.0071438404762076777 0.0046478410189747616 0.0044538180983838419 0.015987641866360244 -0.094043097725132474 -0.016157750993290188 0.012720756870171194 0.0045954823565540689 0.015455331809663561 0.00023023736033730231
leaf_weight=184.12419204699108 280.78913427493535 3273.2574316414539 450.40034974645823 1032.5931548554217 728.05913795996457 5110.6356028676964 3405.9833740766626 6276.3879250790924 743.57386813429184 561.43731692899019 485.01100424304605 610.91448665957432 809.49850093363784 1028.4348767595366 7067.2732479162514 357.87870598677546 1691.1032915879041 2051.9075304185972 1334.4198016102891 2435.2652934223879 1483.9147660627495 5723.5833408357576 1027.3219142328016 160.60640870872885 4.4364947322756043 982.58257312449859 599.10990167316049 1795.4357518441975 383.54518276918679 1115.5250712311827
leaf_count=17633 2987 23949 34339 16986 11225 30685 50195 35782 23007 6341 6144 14126 20723 11014 41875 2247 10132 12082 20866 44370 27000 32747 10958 838 28 29977 6124 10399 2279 7023
internal_value=-0.000145402 0.00294085 -0.00750695 -0.00711493 -0.00583407 0.00150909 -0.00220958 0.00274443 -0.0149729 0.0113337 0.00306328 -0.00848962 -0.00760955 0.00931932 0.00147808 -0.001474 0.0012277 0.00240324 -0.00987901 -0.00833983 -0.00347991 0.00401165 9.58693e-05 -0.00357409 0.0130299 -0.0116509 0.0188002 6.07054e-06 -0.000955826 0.00423029
internal_weight=53195 37481.3 15713.7 15529.5 13353 32019.1 5646.38 22642.5 2176.56 5462.24 2240.39 7706.61 7095.69 4301.69 16366.2 9376.57 4100.89 3743.01 4579.18 3769.69 2516.51 6004.37 1755.38 5275.68 165.043 1726.16 1160.55 10361.8 8566.34 1499.07
internal_count=564081 236532 327549 309916 222593 189104 78522 133092 87323 47428 28327 144071 129945 34963 97310 56012 24461 22214 85959 65236 43986 35734 22183 31551 866 52984 12465 61576 51177 9302
cat_boundaries=0 1 2 3 4 5
cat_threshold=26646 998435 11707937 1956035 1646625
is_linear=0
shrinkage=0.05


Tree=48
num_leaves=31
num_cat=5
split_feature=12 27 17 36 9 17 9 12 17 59 67 17 61 36 5 12 67 56 5 67 9 17 48 67 25 48 4 34 67 9
split_gain=322.378 112.952 84.6577 78.4935 61.1665 56.646 48.6371 43.5194 42.7316 36.0986 41.6895 31.0114 32.511 30.1471 29.8534 28.7058 28.6556 28.4156 28.3043 27.342 26.1687 24.3445 23.5498 23.4996 22.8987 22.1416 29.3589 24.2924 22.8595 21.3496
threshold=13.950000000000001 0.55991008608689452 2.5050000000000003 0.95418564826077035 864.50000000000011 4.7350000000000012 1008.5000000000001 5.4500000000000011 3.1750000000000003 0.18500000000000003 0 6.5250000000000012 4.5000000000000009 0.5990304542942666 37.335000000000008 25.550000000000004 1 0.33000000000000035 34.225000000000001 2 409.50000000000006 7.0850000000000009 1.1249296962879642 3 0.026073191398444693 1.8723397786152096 20.320000000000004 0.12500000000000003 4 504.50000000000006
decision_type=2 2 2 2 2 2 2 2 2 2 1 2 2 2 2 2 1 2 2 1 2 2 2 1 2 2 2 2 1 2
left_child=2 3 -1 6 5 7 8 -4 -2 23 -11 12 15 18 21 -10 -14 19 -7 -15 -13 -8 -3 -5 -6 26 29 -28 -27 -17
right_child=1 22 4 9 24 13 14 -9 11 10 -12 20 16 17 -16 25 -18 -19 -20 -21 -22 -23 -24 -25 -26 28 27 -29 -30 -31
leaf_value=-0.035739063960429203 -0.016068828302965028 0.016813218176869843 -0.013959349399199168 0.0047942290714892569 -0.015728246632043932 -0.0066352080618317256 -0.0058837577290813065 -0.0046048930113622979 0.00092414943065535413 -0.014928667937747934 0.0064620737552244139 0.021319417393640461 -0.006738899635810619 0.009164589595350504 0.0020528101464600389 0.030627059520717332 0.0012279012430210005 0.013305085095153116 0.0011422736782806307 -0.0027658867181875797 0.0057689938277904898 0.0051569421146077628 0.0069520591968340074 0.011070319538175135 -0.0077241324149788281 -0.0053098033594509301 0.0084929390647696598 -0.0084528252430799214 0.0063135846970717143 0.0090444227233793615
leaf_weight=228.50021480565192 318.15773486439139 1527.4035026894417 1670.4394578880165 2986.3764705830254 1431.2891495857039 2560.3945789401187 4804.0395427087788 4862.6874754782766 5849.6933610059787 385.28077938873321 529.1971137272194 322.80499813426286 1787.3573665171862 682.51066220039502 2319.8938563815318 246.02583268284798 3030.8873620075174 581.10693777888082 2153.8921496126568 1557.8754724268802 1671.0903583336622 557.19315749011002 1003.0231391456909 3091.3852512999438 2378.4212508446071 675.96800235239789 2028.2721331738867 236.10860933642834 1096.987073672004 214.46998756751418
leaf_count=19872 1669 21317 59522 16807 38262 39231 41296 61231 41457 1984 2799 1981 11486 6091 18531 847 19262 6057 30089 14622 12051 3948 13263 19292 40219 3002 11167 1147 4807 795
internal_value=-9.0008e-05 0.00273329 -0.00549764 0.00193279 -0.00511114 -0.00358927 0.000630369 -0.00699671 0.00208776 0.00661905 -0.00264269 0.0024244 0.00165368 -0.0006352 -0.00268582 0.0032334 -0.00173887 0.00345267 -0.00308178 0.000897171 0.00828656 -0.0047363 0.0129044 0.00801259 -0.0107312 0.00623672 0.00906647 0.00672599 0.00188764 0.0205752
internal_weight=52788.7 34681.6 18107.1 32151.2 17878.6 14068.9 25158.9 6533.13 17477.8 6992.24 914.478 17159.7 15165.8 7535.78 7681.13 10347.5 4818.24 2821.49 4714.29 2240.39 1993.9 5361.23 2530.43 6077.76 3809.71 4497.83 2724.88 2264.38 1772.96 460.496
internal_count=564104 248908 315196 214328 295324 216843 173446 120753 109671 40882 4783 108002 93970 96090 63775 63222 30748 26770 69320 20713 14032 45244 34580 36099 78481 21765 13956 12314 7809 1642
cat_boundaries=0 1 2 3 4 5
cat_threshold=2158168 1347883 1155716 59215 5267011
is_linear=0
shrinkage=0.05


Tree=49
num_leaves=31
num_cat=5
split_feature=22 22 17 13 22 22 17 31 9 56 17 61 17 36 4 67 30 1 57 11 1 36 26 66 67 67 67 27 67 5
split_gain=417.27 184.321 72.7213 44.7633 43.3968 41.7072 38.9148 29.8312 24.2621 31.343 22.3432 22.2851 21.3337 20.0837 19.9501 19.6552 18.8763 18.8449 18.5032 18.3779 18.8817 18.0761 22.4493 23.2225 21.6475 17.7831 17.7518 25.3547 17.5593 20.7523
threshold=0.16736081593049226 0.86543588090885371 2.5050000000000003 0.17500000000000002 0.40024976973966403 0.076001872151897132 6.5650000000000004 0.053737550956894094 924.50000000000011 0.8899999999999999 4.0450000000000008 2.5000000000000004 3.0050000000000003 -1.0132792932120758 59.175000000000004 0 -0.04499999999999995 0.41500000000000004 3.7677669529663693 70.950000000000017 1.0000000180025095e-35 -0.4399296168914793 0.097455373658897546 0.38981233828531564 1 2 3 0.2291287878787879 4 32.095000000000006
decision_type=2 2 2 2 2 2 2 2 2 2 2 2 2 2 2 1 2 2 2 2 2 2 2 2 1 1 1 2 1 2
left_child=2 4 -1 13 12 7 11 -5 9 10 17 -3 26 -4 -10 -13 -7 28 -16 -15 -21 -14 23 -23 -25 -12 27 -2 -6 -30
right_child=1 6 3 5 8 16 -8 -9 14 -11 25 15 21 19 18 -17 -18 -19 -20 20 -22 22 -24 24 -26 -27 -28 -29 29 -31
leaf_value=-0.037304754138444633 -0.01583743925723536 0.013838975206272303 -0.010422764445475057 -0.015508742289302865 0.0059792437221057549 -0.012591310025906808 0.019891520820977549 0.019493134502501615 -0.00062749848774670141 0.015986739800167422 0.0015961407600751391 0.011261102856681532 -0.0030107297757630508 -0.0040495678708473582 0.019707787505923943 0.0021483336782478408 -0.0042374192459168677 -0.086399685608491816 -0.046972842702990507 -0.030035651985160242 0.0093567908608624181 -0.00078861804406064493 0.006216703548449551 -0.0015718095633047429 0.014704205610713277 0.006062580972726688 -0.023061385426596664 0.058657500880550176 -0.016797857812070577 0.00022616281118980469
leaf_weight=199.0984225065622 29.986800176091492 1595.7874518765602 1182.1879268978955 2655.894485216355 403.25047412049025 918.56993622845039 1094.0148569450248 62.301358316559345 4352.4328961386345 553.41253919247538 3398.6171058751643 1066.6640344448388 4376.4067122773267 6379.329188852571 180.43514245189726 1350.2466934029944 2562.8752335116733 6.7057273536920539 11.040260326117275 32.840169651433825 412.73991919821128 9751.154286491219 1619.7053488511592 355.76696298643947 477.11835456825793 6603.3661593878642 166.44365893653594 18.449522390961647 310.63770781829953 422.4691084753722
leaf_count=19556 321 12980 25938 103910 1712 14489 12015 731 24404 2342 17133 9024 33487 106927 923 11212 40432 27 77 254 4275 66401 11472 2456 3122 33475 1590 48 1387 1862
internal_value=-4.62286e-05 0.00269186 -0.00729621 -0.00687566 0.00132536 -0.0100653 0.0115323 -0.0147065 0.00316809 0.00437246 0.00379574 0.00925331 -0.000456734 -0.00440605 6.73957e-05 0.00622559 -0.00644157 -0.00282657 0.0158631 -0.00336385 0.00645349 -0.000253865 0.00073478 -0.000104135 0.00790958 0.00455257 -0.0161101 0.0103923 -0.0023334 -0.00689336
internal_weight=52549.9 38144.1 14405.8 14206.7 33037.4 6199.64 5106.71 2718.2 16242.4 11698.5 11145 4012.7 16795 8007.1 4543.91 2416.91 3481.45 1143.06 191.475 6824.91 445.58 16580.2 12203.7 10584 832.885 10002 214.88 48.4363 1136.36 733.107
internal_count=563982 247470 316512 296956 202239 159562 45231 104641 83342 57938 55596 33216 118897 137394 25404 20236 54921 4988 1000 111456 4529 116938 83451 71979 5578 50608 1959 369 4961 3249
cat_boundaries=0 1 2 3 4 5
cat_threshold=2562504 13122589 3158200 786500 9719954
is_linear=0
shrinkage=0.05


Tree=50
num_leaves=31
num_cat=7
split_feature=22 22 17 22 22 22 59 35 4 71 5 9 67 17 1 35 67 17 67 17 21 9 17 35 67 64 67 35 67 67
split_gain=400.244 131.973 74.9477 56.2257 62.0342 41.4366 31.0651 30.3842 29.6892 25.2662 27.8642 27.4538 25.3406 24.9851 23.4354 23.1689 21.3261 21.1622 20.1428 19.9806 21.0256 20.7681 18.2985 17.7456 26.5825 17.6164 17.5735 17.5464 19.5912 17.3874
threshold=0.21588784223716942 0.86543588090885371 3.0050000000000003 0.067607497555745674 1.0000000180025095e-35 0.025869158525698096 0.17500000000000002 -0.078333333333332686 38.32500000000001 -0.39099281619513743 35.010000000000012 868.50000000000011 0 6.5650000000000004 0.13500000000000004 0.040000000000000487 1 2.1150000000000007 2 6.2150000000000007 0.078543392974542173 482.50000000000006 4.6750000000000007 0.020000000000000021 3 11.455000000000004 4 -0.056666666666666192 5 6
decision_type=2 2 2 2 2 2 2 2 2 2 2 2 1 2 2 2 1 2 1 2 2 2 2 2 1 2 1 2 1 1
left_child=2 6 17 4 8 -6 7 -2 27 12 11 16 -9 29 25 19 -11 -1 -16 21 -21 22 -5 -13 -25 -12 -17 28 -4 -3
right_child=1 13 3 15 5 -7 -8 9 -10 10 14 23 -14 -15 18 26 -18 -19 -20 20 -22 -23 -24 24 -26 -27 -28 -29 -30 -31
leaf_value=-0.044262700456364365 0.009721911333303114 0.0051236256240774049 -0.016186139687991662 -0.0041896338205250688 -0.029715034971255341 -0.012025431783462898 -0.00063977436128627831 0.0035396139436056785 0.0057575170954536747 0.0074220845388277487 0.00028364760424595795 8.1804559299304178e-06 -0.0050929849718317523 0.017535727162189468 0.0025179162532083044 -0.015387493200191449 0.0012938315982705777 -0.019543972100305201 0.01474046593863476 5.6356697608518011e-05 0.0192764679115488 -0.0059791253782628777 0.0028755786612279632 0.0010927272093974078 -0.016794338613537567 0.0064377960209211806 -0.0053035321927237559 -0.011081025644318369 0.027226176230448585 0.011881169654654545
leaf_weight=112.92036093620118 1560.203604712151 1763.8960479472298 35.397303621750325 2067.4603317063302 377.09139336488442 2711.1003002427169 8097.9078853393439 1477.2783996807411 697.50495248148218 2118.5927708959207 1877.7123303515837 1917.2833203102928 1977.1963994647376 1069.4321531909518 505.28681761678308 646.84834811277688 4305.8367608583067 371.27739949105307 1112.5481782341376 2168.3498400556855 152.28403531946242 5071.3916985322721 1646.1173101193272 385.01396333472803 449.25732882786542 3054.3973881527781 1384.3883522755932 702.47781613375992 58.115693549159914 2213.1539626964368
leaf_count=13581 8626 13889 382 29754 34347 95874 44010 8333 6802 12208 11257 11618 11296 12004 2812 10697 24296 16969 5963 25528 1643 69033 19111 2250 2757 17732 21673 8950 504 19235
internal_value=7.94468e-05 0.00329185 -0.00590054 -0.00537017 -0.0101395 -0.0141855 0.00198653 0.00301193 -0.00177339 0.00246612 0.00331666 0.00153847 -0.00140582 0.0107512 0.00580776 -0.0037068 0.00332832 -0.0253087 0.0110298 -0.00280878 0.00131761 -0.0038988 -0.00105784 -0.00264054 -0.00872771 0.00409484 -0.00861664 -0.00837252 0.011974 0.00892683
internal_weight=52087.7 33885 18202.7 17718.5 4581.69 3088.19 28838.5 20740.6 1493.5 19180.4 15725.9 9175.98 3454.47 5046.48 6549.94 13136.8 6424.43 484.198 1617.83 11105.6 2320.63 8784.97 3713.58 2751.55 834.271 4932.11 2031.24 795.991 93.513 3977.05
internal_count=563134 208286 354848 324298 146859 130221 163158 119148 16638 110522 90893 53129 19629 45128 37764 177439 36504 30550 8775 145069 27171 117898 48865 16625 5007 28989 32370 9836 886 33124
cat_boundaries=0 1 2 3 4 5 6 7
cat_threshold=1008689 12602177 2818212 11801293 7215312 2428220 5317183
is_linear=0
shrinkage=0.05


Tree=51
num_leaves=31
num_cat=7
split_feature=22 22 12 22 22 28 17 22 34 44 40 5 8 17 71 25 8 67 68 67 5 71 55 67 0 22 57 46 67 67
split_gain=366.818 123.231 66.1611 39.405 45.0931 39.4931 35.6415 34.1076 30.1597 38.0829 32.8635 25.5792 28.1984 24.8206 24.1287 22.9866 21.8322 31.1916 21.6574 28.7063 21.2235 20.8085 19.4338 23.3971 21.3094 20.4316 19.4165 19.3616 19.2129 19.1461
threshold=0.18163936464831912 0.91646930730615939 1.0500000000000003 0.067607497555745674 1.0000000180025095e-35 2.9166666666666674 2.8150000000000004 0.027402438254846284 0.055000000000000167 0.16317403939296096 0.15999999999999973 34.435000000000009 0 6.5650000000000004 0.63900718380486243 0.10096367409450439 1 2 0.12510000000000002 3 40.040000000000006 0.15900718380486237 3.4166666666666683 4 6.9250000000000007 0.30168573691309003 -2.9142135623730949 0.32013071895424844 5 6
decision_type=2 2 2 2 2 2 2 2 2 2 2 2 1 2 2 2 1 1 2 1 2 2 2 1 2 2 2 2 1 1
left_child=2 6 -1 4 5 -4 -2 -6 9 18 11 12 -10 29 28 21 -11 -18 -8 -20 -7 -5 25 24 -24 -13 -21 -27 -14 -3
right_child=1 13 3 15 7 20 8 -9 10 16 -12 22 14 -15 -16 -17 17 -19 19 26 -22 -23 23 -25 -26 27 -28 -29 -30 -31
leaf_value=-0.030414849366578751 -0.018891835397343258 0.0038329188614255674 0.010786945822702822 -0.0067245812554435642 -0.027044379216630162 -0.010971885073510417 -0.0010251856220556996 -0.011479229358873893 -0.0056791571875813227 0.0099936304258345324 0.0097726260266845569 -0.0022835641330980548 0.0032515343333320334 0.017807418543538581 0.0099884340576633507 0.015059454058459513 0.0090593317694364125 -0.0015477426350912656 0.0061608586750134184 -0.0099009918639086474 0.0069465715354282802 -0.0022045486222307151 0.01108183253763566 -0.020111539293237769 -0.035090122092342177 0.0040156657460340217 0.0014138409221387774 0.02209203745149254 -0.0054797346435349935 0.011629433488841037
leaf_weight=286.78473255748395 212.33879698324017 1344.0047190913465 387.21541697136126 5886.2385337654268 405.98084166814806 916.50391296949238 5139.0033659674227 2644.6815200100536 3851.5003254758194 2449.9229666735046 774.37370463088155 1432.0656717945822 1182.1936716702767 924.46987268235534 573.65502846986055 148.24670076929033 1307.7887219414115 1461.6264138380066 4028.5891432915814 415.29583719419315 201.60688438499346 4487.345008592587 164.57811976131052 203.19601528067142 29.462929561268538 3160.3757712896913 4356.6136694862507 155.41997085511684 1328.4493187291082 2014.6456903121434
leaf_count=31507 1626 10585 3879 90096 34612 10725 35171 92201 24016 13593 4538 11965 6957 10375 3340 1515 7360 8163 23622 2552 2097 62667 926 1235 191 16536 24729 707 8513 17906
internal_value=-0.000143131 0.00258445 -0.00662444 -0.00617194 -0.0100564 -0.00297505 0.00152544 -0.0135506 0.00166086 0.00291795 -0.000212657 -0.000852704 -0.00283429 0.0105525 0.000734262 -0.00448996 0.00656101 0.00347576 0.00155389 0.00305993 -0.007741 -0.00476933 0.00181855 -0.00880515 0.00387162 0.0027074 0.000428222 0.00486295 -0.00137729 0.0085556
internal_weight=51874.2 36509.6 15364.6 15077.8 4555.99 1505.33 32226.4 3050.66 32014.1 19158.8 12855.3 12080.9 6935.8 4283.12 3084.3 10521.8 5219.34 2769.42 13939.5 8800.5 1118.11 10373.6 5145.1 397.237 194.041 4747.86 4771.91 3315.8 2510.64 3358.65
internal_count=563905 234606 329299 297792 143514 16701 195740 126813 194114 115190 78924 74386 42826 38866 18810 154278 29116 15523 86074 50903 12822 152763 31560 2352 1117 29208 27281 17243 15470 28491
cat_boundaries=0 1 2 3 4 5 6 7
cat_threshold=239296 158246 2054298 11440948 374565 11958 1061439
is_linear=0
shrinkage=0.05


Tree=52
num_leaves=31
num_cat=0
split_feature=22 22 12 36 22 22 17 26 60 2 71 56 44 36 51 51 20 1 46 5 5 45 0 61 40 64 18 11 53 1
split_gain=340.221 122.385 58.6285 41.9792 35.167 34.6631 32.1645 30.4793 31.8725 24.8025 24.8024 25.1868 24.3524 20.6793 19.7243 19.1462 17.8165 21.7779 16.9618 16.9549 16.2879 16.1759 16.0594 15.7539 18.7385 18.0688 30.5017 24.0472 25.9967 23.0943
threshold=0.17916422940160559 0.67961272532500361 0.45000000000000007 -0.59672644917957718 0.078136335427992074 1.4664848830526844 4.3550000000000013 0.14409272183449653 -0.059999999999999977 3.5000000000000004 0.71900718380486206 -1.085 0.20619420848419909 1.3727030725871516 0.13680926916221037 0.04124149659863946 19.100000000000005 0.23500000000000001 0.29606256956590876 29.305000000000003 32.865000000000002 0.15487018208459163 6.785000000000001 3.5000000000000004 0.15999999999999973 25.415000000000003 43.350000000000009 70.950000000000017 2.5000000000000004 0.03500000000000001
decision_type=2 2 2 2 2 2 2 2 2 2 2 2 2 2 2 2 2 2 2 2 2 2 2 2 2 2 2 2 2 2
left_child=2 7 -1 4 -4 12 -5 8 -2 -8 11 14 15 -12 -10 20 17 -9 21 -6 -3 23 -11 -13 25 26 -25 28 29 -27
right_child=1 5 3 6 19 -7 9 16 10 22 13 18 -14 -15 -16 -17 -18 -19 -20 -21 -22 -23 -24 24 -26 27 -28 -29 -30 -31
leaf_value=-0.040349575130128414 0.012310696346300078 0.0039761880561422682 -0.015637165789354548 -0.0098651700450177824 -0.012728637894299226 0.016400534373448232 -0.00024846796005022437 7.4008350311767631e-05 -0.0049721650660532607 -0.0023313801561864697 0.0026910557625851035 0.0010331289951359475 0.013629693538783287 0.014304150327993689 -0.034943528847243825 0.0018628461781662964 0.013699419769622204 0.036423460402385956 0.0060638889565113561 -0.0037588200483685331 0.010452153812339479 0.034042256445144824 -0.0084128344718246185 -0.0027345044703437817 0.010810402350024829 -0.0072167417418074267 -0.015878292407216568 -0.002203801419313946 -0.029629681829089413 0.014001304292528789
leaf_weight=126.51110611486365 560.9545806357637 1758.6868626208743 1810.854715843685 2199.4529541603406 756.41564950055908 1024.6386213460937 4039.6319049587473 645.86582655645907 1849.0257616392337 1972.428027978749 3279.7771962843835 10567.150304920739 1051.0581005439162 434.06969860801473 56.573917971923947 2373.1043734611012 703.99548172485083 44.014166841283441 1143.9686212558299 1735.6992056064773 2167.7261440011207 34.422897001728415 2414.3357026422163 5298.1122056590393 283.1406128462404 158.6052555795759 481.50453965645283 1751.9099441273138 43.698653917759657 669.90687448810786
leaf_count=18717 3056 14379 70114 55410 12792 12906 49098 3835 12471 39974 19834 61851 4520 2440 366 21385 4004 214 6489 27419 17519 153 54083 36282 1663 578 2057 7964 168 2302
internal_value=-0.000133862 0.00248199 -0.0064552 -0.00616797 -0.0103345 0.00778502 -0.00448073 0.00089616 0.000518668 -0.00307529 0.000264759 -0.000364293 0.00658406 0.00404838 -0.00586196 0.00540851 0.00810351 0.00239309 0.000148439 -0.00648137 0.00755149 -0.000202398 -0.00567842 -0.000263621 -0.00184105 -0.00226731 -0.00382952 0.00117347 0.007957 0.00993945
internal_weight=51437.2 36381.9 15055.3 14928.8 4302.97 8375.21 10625.8 28006.7 26612.8 8426.4 26051.9 22338 7350.58 3713.85 1905.6 6299.52 1393.88 689.88 20432.4 2492.11 3926.41 19288.5 4386.76 19254 8686.88 8403.74 5779.62 2624.12 872.211 828.512
internal_count=564043 236436 327607 308890 110325 70709 198565 165727 157674 143155 154618 132344 57803 22274 12837 53283 8053 4049 119507 40211 31898 113018 94057 112865 51014 49351 38339 11012 3048 2880
is_linear=0
shrinkage=0.05


Tree=53
num_leaves=31
num_cat=7
split_feature=22 22 17 9 17 68 13 4 22 9 17 69 4 40 28 8 48 67 17 67 67 67 8 29 4 9 67 70 17 70
split_gain=320.976 113.632 57.7038 62.1599 39.7087 36.1026 30.6441 27.2335 26.6279 24.9133 36.8816 32.4316 25.9093 25.2592 24.7235 24.3475 29.0642 28.6958 21.3578 19.9384 19.6532 19.5846 19.5453 18.2969 18.0048 19.0643 17.7626 19.3607 17.6717 21.7686
threshold=0.20379238067461683 0.83279000726765007 4.3550000000000013 475.50000000000006 2.1150000000000007 0.045750000000000006 0.18500000000000003 28.290000000000003 0.065632547406429778 1100.5000000000002 5.5450000000000008 2.5000000000000004 61.955000000000005 0.090000000000000316 3.183333333333334 0 5.9273159394562276 1 6.6150000000000011 2 3 4 5 -0.23499999999999996 27.375000000000004 274.50000000000006 6 26.700000000000003 5.5150000000000006 15.345000000000002
decision_type=2 2 2 2 2 2 2 2 2 2 2 2 2 2 2 1 2 1 2 1 1 1 1 2 2 2 1 2 2 2
left_child=2 6 4 28 -1 18 9 -7 -6 10 11 15 22 20 23 17 -17 -2 -5 -8 -13 -15 -11 -3 25 -12 27 -24 29 -4
right_child=1 14 3 5 8 7 19 -9 -10 12 24 13 -14 21 -16 16 -18 -19 -20 -21 -22 -23 26 -25 -26 -27 -28 -29 -30 -31
leaf_value=-0.042353640863668468 0.0038913441734471283 0.042585441726347033 0.0026823025519652436 -0.015925200933564147 -0.017111958377063568 -0.0091588040362409247 0.00054435512432908311 -0.0030306965387649027 -0.0074299507869122726 -0.0057183185908213962 0.037775807698505769 -0.0094152048982036399 0.022360305328468791 -0.0083685020462063164 0.0062289417234184068 0.0051172404577266711 -0.061648761619013538 -0.0070776441765261298 -0.0011585878337490938 -0.0067906589653005563 -0.001501470601285017 0.015573587520423324 0.0098488875743725172 0.012374093918572584 0.0047170352678073827 0.0099765360385275365 -0.0029213918151209436 -0.00857228799949512 0.0073410259197349368 -0.0080255860971462506
leaf_weight=101.4049795914907 1265.5747773060575 51.140697829425335 1528.6465687155724 1268.8594437870779 1052.4142747766455 2574.2858364954009 2102.9956654203124 6130.3159711782355 2183.5408711581258 1910.6499208332971 79.402303841896355 1106.6797378468327 111.40049610380083 113.34930874314159 2894.6829725757707 5037.5032678823918 16.352918054908514 1110.4767697416246 303.4255954483524 1648.3955848040059 2681.3692827154882 299.73867605626583 762.84701097011566 2501.1690907896264 9172.0174705311656 276.20250923931599 1133.7169350441545 175.43776546465233 1008.4610588357318 688.37633957585786
leaf_count=13587 6756 189 25079 49096 51847 50031 11778 87482 37899 11679 381 7294 579 725 24215 25352 85 5746 6826 9704 16733 1855 4398 25016 55028 1314 7050 1070 13985 10706
internal_value=3.79797e-07 0.00276574 -0.00565706 -0.00420194 -0.0115443 -0.00610252 0.00152132 -0.00484301 -0.0105788 0.00214773 0.00283854 0.000949189 -0.00142253 -0.00256199 0.00939204 0.00293454 0.00489152 -0.00124332 -0.0130755 -0.00269537 -0.00384229 0.00917842 -0.00208777 0.0129794 0.00514502 0.0161838 0.00128148 0.00633701 0.00185362 -0.000642452
internal_weight=51290.8 34451.1 16839.7 13502.4 3337.36 10276.9 29004.1 8704.6 3235.96 25252.7 21158.7 11631 4094.05 4201.14 5446.99 7429.91 5053.86 2376.05 1572.29 3751.39 3788.05 413.088 3982.65 2552.31 9527.62 355.605 2072 938.285 3225.48 2217.02
internal_count=563485 216947 346538 243205 103333 193435 167527 137513 89746 146045 121269 64546 24776 26607 49420 37939 25437 12502 55922 21482 24027 2580 24197 25205 56723 1695 12518 5468 49770 35785
cat_boundaries=0 1 2 3 4 5 6 7
cat_threshold=164577 11785028 13370807 15073541 3145884 74828 2895997
is_linear=0
shrinkage=0.05


Tree=54
num_leaves=31
num_cat=8
split_feature=22 22 12 22 9 9 17 17 64 9 70 30 67 48 4 27 18 17 67 22 8 12 61 67 34 67 8 27 8 67
split_gain=312.329 104.37 50.9413 39.2815 33.5022 33.3417 43.0115 31.7431 29.8669 27.5407 24.1752 28.0903 27.3211 24.6408 23.734 23.2048 28.4498 22.524 21.7384 22.6699 21.6847 21.4244 21.9726 24.0457 20.6505 30.4988 20.6884 20.6457 21.8581 20.5377
threshold=0.17916422940160559 0.9745684888144811 4.7500000000000009 0.030381885901492867 1078.5000000000002 1024.5000000000002 5.4250000000000007 4.3550000000000013 0.91499999999999992 360.50000000000006 12.265000000000002 0.059999999999999998 0 1.4362834779328557 61.955000000000005 0.26025210084033618 55.800000000000004 6.035000000000001 1 0.31178161823342304 2 22.850000000000005 1.5000000000000002 3 0.10999999999999989 4 5 0.41895666616337013 6 7
decision_type=2 2 2 2 2 2 2 2 2 2 2 2 1 2 2 2 2 2 1 2 1 2 2 1 2 1 1 2 1 1
left_child=2 5 3 -1 7 6 8 -4 -2 -9 11 12 13 -10 24 16 -14 -6 20 -20 -13 22 -8 -24 -7 26 -26 28 -15 -3
right_child=1 29 4 -5 17 14 21 9 10 -11 -12 18 15 27 -16 -17 -18 -19 19 -21 -22 -23 23 -25 25 -27 -28 -29 -30 -31
leaf_value=-0.027226732039274965 -0.0095966930128277561 0.014292007345745181 -0.0091057494406489321 -0.0099745094118464609 -0.014125680258393867 -0.00065628507818716372 0.0082060701838168101 0.0035970728350952531 0.0012498607907516571 -0.003702260489664311 -0.0020762629887861208 0.011900656237211669 0.0024599474956255333 -0.030098919719923768 0.019237397277204527 0.0076211780113722601 -0.015638092063960756 -0.0052987065401101166 0.0039680014464266306 0.021708433789853404 -0.010498423828657953 0.0078456333652291814 0.0051839801553251498 -0.0011431375738808652 -0.014178584543036124 -0.017299869489462005 0.0048857255220789231 0.0062769427381859288 -0.0074188714513935246 0.0065096795657255237
leaf_weight=420.65321917098481 686.48640778637491 1839.4789186870912 2100.5859048181446 1530.0444295807101 1461.503702659742 5783.0506439523306 1712.0268899290822 1631.1544002757873 2475.1818586539011 6219.7571415891871 4163.339766508434 198.75734166894108 1887.387442661915 114.63667784910649 135.76280240062624 2295.9380236691795 245.37957486137748 1429.6679372610524 293.32383528165519 466.42832687310874 214.00299275899306 3670.0878377431072 2785.3417782764882 3242.0709898383357 193.08555294619873 488.56311329314485 465.91918811295182 230.71109878411517 943.50969638582319 1686.5356986229308
leaf_count=49745 7691 17464 39781 59421 32662 39150 9888 21203 13840 102543 27439 1004 12336 488 855 9315 1063 21649 2121 1846 1157 26454 16998 19851 1361 3326 2957 1011 3711 14948
internal_value=-4.47331e-05 0.00245575 -0.0061664 -0.0136948 -0.00502289 0.00157423 0.00241277 -0.0036464 0.000577526 -0.00218571 0.0010938 0.00250306 0.00146712 -0.00166495 -0.00146651 0.00412358 0.000377728 -0.00976079 0.00974148 0.0146662 0.000313821 0.00469928 0.00320727 0.00178741 -0.00187208 -0.00799894 -0.000828477 -0.00727562 -0.0102305 0.0106286
internal_weight=51010.4 36217 14793.4 1950.7 12842.7 32691 25624.6 9951.5 14215.1 7850.91 13528.6 9365.26 8192.74 3764.04 7066.38 4428.71 2132.77 2891.17 1172.51 759.752 412.76 11409.5 7739.44 6027.41 6930.62 1147.57 659.005 1288.86 1058.15 3526.01
internal_count=563278 236274 327004 109166 217838 203862 156213 163527 83022 123746 75331 47892 41764 19050 47649 22714 13399 54311 6128 3967 2161 73191 46737 36849 46794 7644 4318 5210 4199 32412
cat_boundaries=0 1 2 3 4 5 6 7 8
cat_threshold=5368843 136846 37998 1273225 642285 37098 161 7261632
is_linear=0
shrinkage=0.05


Tree=55
num_leaves=31
num_cat=6
split_feature=22 22 22 10 61 12 28 9 35 35 17 9 27 17 30 35 67 67 26 66 67 45 6 65 67 9 56 44 67 8
split_gain=253.325 82.0807 68.9622 40.3875 31.8674 30.028 24.2364 23.9462 23.4147 22.4254 21.7344 37.0582 20.6952 20.3726 19.2703 19.054 17.8118 17.6896 17.6465 17.4039 30.6034 17.1474 16.705 18.264 16.6296 16.5859 20.9417 19.4937 25.8571 17.79
threshold=0.29638833749756871 0.078136335427992074 0.91646930730615939 30.850000000000005 3.5000000000000004 0.45000000000000007 3.183333333333334 523.50000000000011 0.024166666666666895 -0.083333333333332579 5.4750000000000005 417.50000000000006 0.55658732368083752 4.3550000000000013 0.055000000000000042 0.0016666666666664833 0 1 0.075037537537537544 0.38152670365743252 2 0.11770891321828418 28.955000000000002 3.4423129270945005 3 1078.5000000000002 -0.69499999999999973 0.27029201365484556 4 5
decision_type=2 2 2 2 2 2 2 2 2 2 2 2 2 2 2 2 1 1 2 2 1 2 2 2 1 2 2 2 1 1
left_child=1 3 4 5 14 -1 22 13 12 -6 -3 18 -5 -7 21 -8 -16 -15 -12 25 -21 -2 23 -4 -13 26 -11 -28 29 -29
right_child=2 10 6 8 9 7 15 -9 -10 19 11 24 -14 17 16 -17 -18 -19 -20 20 -22 -23 -24 -25 -26 -27 27 28 -30 -31
leaf_value=-0.039895759872337545 0.0028444904241694889 -0.003900599148350488 0.0085301942929941945 -0.0021602620563290907 0.009182067926057828 -0.012202161685450682 0.008669648419780766 -0.015971894965160226 -0.011647289350692395 -0.0044154295856562954 0.0048912838239193977 0.00066711025157704831 0.023928797531243776 0.01035390818708417 0.002335580625606569 -0.0014624574970303825 0.012720508224731026 -0.0072126986476394352 0.020384899563721224 0.019819032852529193 -0.00041207419416172382 0.022168139866072471 0.015930886580212727 -0.023393712073015188 -0.0040830510797612964 -0.0059497183482627829 0.00057187108325986986 -0.026367128048167862 0.018881207677295061 0.0087111474475874764
leaf_weight=99.626619612245122 11042.848539510742 9247.5340927174548 477.22276417096145 1534.3443126585335 637.93120359117165 809.46782283572247 1480.1165316877887 1702.3210767079145 732.28643003222533 2096.1107747894712 833.19538224698044 3773.5698296206538 79.976016737055033 236.47928399615921 699.86630332143977 675.902489625616 1059.6672828248702 332.39463540411089 235.78565208800137 271.94160372111946 562.33003203198314 116.0106109092012 1449.1960273800651 49.44452188629657 3590.5871505751275 1491.3227714523673 4940.982441522181 56.450784489512444 315.35671592038125 73.576468784362078
leaf_count=17847 59947 113406 5308 21330 3382 38933 13386 79994 15733 12348 8216 40434 953 7486 3546 5331 5104 11274 2136 1253 2758 530 14722 199 40856 9528 25611 246 1550 313
internal_value=-4.21434e-05 -0.00388904 0.00320474 -0.00920748 0.00215172 -0.012879 0.00915919 -0.0120052 -0.00423165 9.82173e-05 -0.00222652 -0.000390775 -0.000867768 -0.00710624 0.00381221 0.00549328 0.0086754 0.000144908 0.00830872 -0.000492609 0.00641514 0.00304538 0.0131594 0.00553312 -0.00165359 -0.00113481 -0.000175151 0.00147496 0.0114936 -0.00731336
internal_weight=50703.8 23207.6 27496.3 5526.9 23364.4 3180.29 4131.88 3080.66 2346.61 10446 17680.7 8433.14 1614.32 1378.34 12918.4 2156.02 1759.53 568.874 1068.98 9808.07 834.272 11158.9 1975.86 526.667 7364.16 8973.8 7482.48 5386.37 445.384 130.027
internal_count=563660 398598 165062 193550 126116 155534 38946 137687 38016 56989 205048 91642 22283 57693 69127 18717 8650 18760 10352 53607 4011 60477 20229 5507 81290 49596 40068 27720 2109 559
cat_boundaries=0 1 2 3 4 5 6
cat_threshold=956972 1302857 10543752 7444751 8390105 140558
is_linear=0
shrinkage=0.05


Tree=56
num_leaves=31
num_cat=7
split_feature=22 22 22 3 68 22 61 35 67 8 36 4 10 17 17 9 60 67 5 66 21 8 8 35 67 61 67 36 30 9
split_gain=247.426 75.3934 59.6437 44.0863 33.8889 30.6777 27.9622 22.5099 33.1632 32.3737 21.8811 20.8629 20.3523 19.7285 19.6154 22.2189 19.2971 29.4469 18.5697 17.5992 21.5659 21.1183 18.9608 17.3502 17.25 17.1293 24.8011 17.1346 17.1204 16.5343
threshold=0.29638833749756871 0.098371921434055778 0.9745684888144811 5.0650000000000004 0.12809999999999996 0.042367701886314786 3.5000000000000004 0.035000000000000593 0 1 -0.7271212629197602 10.050000000000002 4.1500000000000012 6.5050000000000008 5.4750000000000005 417.50000000000006 -0.054999999999999986 2 27.765000000000004 0.37360836517598711 0.070591411764668668 3 4 -0.076666666666665759 5 2.5000000000000004 6 -1.1322770341445767 0.055000000000000042 914.50000000000011
decision_type=2 2 2 2 2 2 2 2 1 1 2 2 2 2 2 2 2 1 2 2 2 1 1 2 1 2 1 2 2 2
left_child=1 3 6 5 23 10 16 11 9 -9 -1 -8 -12 18 25 -16 17 -2 -4 20 22 -22 -10 -5 -7 -3 27 -27 -18 -13
right_child=2 14 13 4 -6 24 7 8 19 -11 12 29 -14 -15 15 -17 28 -19 -20 -21 21 -23 -24 -25 -26 26 -28 -29 -30 -31
leaf_value=-0.027914980447217894 -0.0078081555603175343 -0.0007361270905899078 -0.00045043299707482143 0.017106169760017255 0.0048735242034798898 -0.002538728542100915 -0.026575572239331952 0.0086141312439247854 0.0051800216912675995 -0.020614496766388987 -0.037088206232391667 0.0027428528877219763 -0.011463467751352166 0.016141368227963793 0.0068449348516212765 -0.0011781746132588037 0.0027686774391977556 0.02615636189635643 0.0095082599706129318 0.022388089962636529 -0.019951741250841457 0.0083415788719192908 -0.02186602233725541 -0.0073946796051542881 -0.011546864824900473 -0.015686231546075357 -0.0085353726383706318 1.872657451117526e-05 0.0080758226937300889 -0.0020177123321660018
leaf_weight=392.80510776530718 89.878531207796186 3065.1974478869233 610.12980378372595 74.2238958356902 808.74330683471635 822.6285750111565 66.872682617045939 116.7315491666086 98.857226381078362 458.61089785210788 85.368722092884127 6731.4597239603754 839.39738807379035 804.47048314160202 991.18187722587027 6669.274925386766 11178.798304929864 204.99077562987804 2010.875290512573 84.849558148533106 67.5719855427742 452.34958333102986 178.43003012659028 2727.0815253054025 1604.4480948046548 190.74721770244651 2840.8879407017957 1940.5868326069321 1758.6826843847521 2501.809329288546
leaf_count=27062 413 34047 5392 1348 10150 21898 334 613 544 2668 15326 36139 32377 9398 9129 68943 62662 931 17556 361 372 2209 1130 77654 44817 2715 32526 21241 8682 15645
internal_value=-8.9827e-05 -0.00390771 0.00312049 -0.00808519 -0.00414254 -0.0118861 0.00223923 0.000346 -0.00543171 -0.0146384 -0.0180284 0.00125141 -0.013829 0.00929224 -0.00195049 -0.000140069 0.00377838 0.016426 0.00719003 0.000731249 -0.00156459 0.00444111 -0.0128254 -0.0067455 -0.0085517 -0.003676 -0.00548832 -0.00138034 0.00349011 0.00145295
internal_weight=50467.9 23052.6 27415.4 7354.7 3610.05 3744.65 23989.9 10757.5 1457.4 575.342 1317.57 9300.14 924.766 3425.48 15697.9 7660.46 13232.4 294.869 2621.01 882.058 797.209 519.922 277.287 2801.31 2427.08 8037.42 4972.22 2131.33 12937.5 9233.27
internal_count=564282 399233 165049 230632 89152 141480 132703 60015 7897 3281 74765 52118 47703 32346 168601 78072 72688 1344 22948 4616 4255 2581 1674 79002 66715 90529 56482 23956 71344 51784
cat_boundaries=0 1 2 3 4 5 6 7
cat_threshold=8064290 18498 8921134 131090 17488 2794080 8933048
is_linear=0
shrinkage=0.05


Tree=57
num_leaves=31
num_cat=6
split_feature=22 22 22 3 48 22 8 35 1 35 12 41 61 67 17 67 22 40 17 9 24 17 0 66 67 27 22 67 59 67
split_gain=262.402 65.4053 54.345 38.5501 31.2516 31.0507 27.0906 24.5077 24.1736 26.2573 22.6864 22.4823 20.5547 33.9017 21.17 20.4393 20.0329 19.775 19.0491 24.5887 18.9447 17.6168 17.0735 16.5319 17.0034 15.9502 15.7607 15.6081 15.2272 19.7415
threshold=0.2223982546547158 0.57728401669147955 0.066620616474119904 4.705000000000001 1.4696881307680643 1.0000000180025095e-35 0 0.040000000000000487 1.0000000180025095e-35 -0.054999999999999265 1.0000000180025095e-35 -0.082727272727272524 3.5000000000000004 1 2.1150000000000007 2 1.3614977444532925 -0.26999999999999996 3.9350000000000005 482.50000000000006 0.081386823978721975 4.3550000000000013 6.8950000000000005 0.58259439916470579 3 0.4957381803117395 0.01755481180708961 4 0.17500000000000002 5
decision_type=2 2 2 2 2 2 1 2 2 2 2 2 2 1 2 1 2 2 2 2 2 2 2 2 1 2 2 1 2 1
left_child=2 6 3 10 16 8 28 18 11 27 -1 -5 14 17 -8 -6 23 -14 -4 -20 22 -21 -19 -3 -25 -11 -7 -10 -2 -30
right_child=1 4 7 5 15 26 12 -9 9 25 -12 -13 13 -15 -16 -17 -18 20 19 21 -22 -23 -24 24 -26 -27 -28 -29 29 -31
leaf_value=-0.046170240707134096 2.4795552247079289e-05 0.0060186224651606465 -0.0088723242761137178 0.019718945084156281 0.0068143896209019676 -0.035552820682758175 -0.080883787990841893 -0.0083855842188450113 -0.00041738103875808998 -0.0027578031502099982 -0.014373750603250024 -0.036103090868458643 -0.062428510310465229 -0.0033820902412817415 0.0042172368724476784 -0.0021558006012013949 0.014147276688246011 0.0047640464313121059 0.0018353042200360558 -0.015246500800295493 0.014195997258383268 -0.0028990569593823211 -0.0059825269036803842 0.0011110949801849223 0.03482435187231675 0.020489542048597268 -0.0094670218354587915 0.033668476187143338 0.00081949517133630869 -0.0088977195644453621
leaf_weight=57.985089114139555 5691.1735132322647 7439.737508288119 1039.8568392380839 23.61239975458011 981.13093994685914 60.283246054779738 7.3151009674184015 2032.3841907408787 60.009599623735994 770.39478220650926 1723.7350675440975 76.391701310873032 11.101981619372962 3139.461066946853 7394.0496698650531 1759.7601543576457 927.3355002142489 1932.371865675319 3238.7044952585129 301.78994521126151 422.35391028271988 6751.4097491705325 456.9986505843699 71.684299652464688 90.626985128968954 81.598397463094443 1467.0331136327586 89.325902852229774 891.99297458305955 1261.9235420436598
leaf_count=12988 31136 52723 19289 190 7714 7105 76 34066 556 8168 77748 1190 73 17048 39891 15182 11500 10721 40798 4996 2482 90137 2653 348 404 1025 60150 701 5062 7231
internal_value=-3.3978e-05 0.00263883 -0.00491795 -0.00973059 0.00571681 -0.00588203 0.0010032 -0.0033297 0.000517448 0.00285845 -0.0154085 -0.0229227 0.00237135 0.000188316 0.00413313 0.00107217 0.00720934 0.00415647 -0.00242292 -0.00177129 0.00443416 -0.00342738 0.00270862 0.00636302 0.022149 -0.000531323 -0.0104966 0.0221979 -0.00132868 -0.00491107
internal_weight=50253.5 32479 17774.5 4410.37 11270.3 2628.65 21208.7 13364.1 1101.33 1001.33 1781.72 100.004 13363.7 5962.29 7401.36 2740.89 8529.38 2822.83 11331.8 10291.9 2811.72 7053.2 2389.37 7602.05 162.311 851.993 1527.32 149.336 7845.09 2153.92
internal_count=563351 204244 359107 169821 87871 79085 116373 189286 11830 10450 90736 1380 72944 32977 39967 22896 64975 15929 155220 135931 15856 95133 13374 53475 752 9193 67255 1257 43429 12293
cat_boundaries=0 1 2 3 4 5 6
cat_threshold=197097 13938225 10653717 10564045 2472122 670156
is_linear=0
shrinkage=0.05


Tree=58
num_leaves=31
num_cat=8
split_feature=12 17 9 36 17 17 5 56 9 17 34 67 67 64 67 18 8 24 33 17 24 67 9 41 67 8 3 67 12 28
split_gain=160.282 54.4099 54.3368 47.3202 44.3048 37.1168 34.4941 28.7336 25.8879 25.1729 24.6837 24.1033 23.0121 22.4759 25.6054 23.4725 22.4066 22.4029 21.76 21.7164 23.115 21.2234 21.1733 20.7358 19.7032 19.6902 24.4567 22.121 19.5907 19.2662
threshold=15.250000000000002 2.5050000000000003 1024.5000000000002 -0.92790226002885967 5.4250000000000007 6.035000000000001 34.295000000000009 0.13999999999999982 504.50000000000006 3.9350000000000005 0.11999999999999968 0 1 22.995000000000005 2 55.650000000000013 3 0.04104975949750108 1.809540061758492 6.8750000000000009 0.050670229281108196 4 557.50000000000011 -0.021666666666666941 5 6 5.7550000000000008 7 25.250000000000004 3.183333333333334
decision_type=2 2 2 2 2 2 2 2 2 2 2 1 1 2 1 2 1 2 2 2 2 1 2 2 1 1 2 1 2 2
left_child=1 -1 4 21 13 -4 8 17 9 -5 16 19 29 15 23 -2 28 -6 -10 20 -8 -3 -14 -15 -20 27 -27 -19 -7 -9
right_child=2 3 5 6 7 10 11 12 18 -11 -12 -13 22 14 -16 -17 -18 25 24 -21 -22 -23 -24 -25 -26 26 -28 -29 -30 -31
leaf_value=-0.030639053649294496 -0.00051274875563157374 -0.014873332629244044 -0.0058739376536159349 -0.0092166533593491529 0.0085510456081214249 -0.0050029642220665782 8.4330538217887332e-05 0.020357085386240825 -0.0090232347293154984 0.00022577325398607305 -0.0064475276341561293 -0.0027054037980275615 0.014615473522677109 0.010383953939511232 -5.1878736734555327e-05 -0.013503159511138701 0.0058340181972704984 0.0043118630094537659 -0.0082923592158621398 0.022439277443661369 0.0093782425127142081 -0.0055358766183535111 0.0021058113648194342 0.0025883971786235969 0.0056266470289372999 0.025116176413950003 0.0038130743410022118 -0.0066577569282506872 0.0035430281818069893 0.0092861636135031459
leaf_weight=183.1619734648848 3146.7653175496962 1088.5818294114433 2722.2696609643754 886.64217175930389 2153.1710767576005 1338.9307433879003 3030.775420877384 699.28604586212896 3433.0916949910461 3461.3994940686971 911.56960325990804 3862.9845910386648 468.84882234688848 1519.096049607615 3551.6868608964141 390.94155107624829 2529.6102145486511 830.40152251999825 453.24490916985087 136.31706440472044 858.5270979590714 1464.3693154241773 1214.3104216889478 1945.5273163316306 553.76993098203093 139.5975417396985 3861.0155116152018 1006.5595491495915 1343.487315360806 897.1491938745603
leaf_count=20145 22124 29726 24039 21946 24094 11006 47721 4805 62445 41868 8287 55748 3340 8129 17998 1766 22524 5196 6081 1400 7779 35135 9462 10075 7671 918 26310 7037 12904 6178
internal_value=3.89733e-05 -0.00351636 0.00228934 -0.00325802 0.0036292 -0.00101633 -0.00228757 0.00580924 -0.00444203 -0.0016997 0.00114314 0.000112559 0.00975 0.00130119 0.00293961 -0.00194828 0.00247073 0.00419186 -0.0071275 0.0028164 0.00213587 -0.00959732 0.0055574 0.00598914 -0.000664597 0.00258398 0.00454506 -0.00170242 -0.000720025 0.0140476
internal_weight=50083.1 19412.9 30670.2 19229.7 21824.4 8845.87 16676.8 11270.3 8788.15 4348.04 6123.6 7888.6 3279.59 10554 7016.31 3537.71 5212.03 7990.75 4440.11 4025.62 3889.3 2552.95 1683.16 3464.62 1007.01 5837.57 4000.61 1836.96 2682.42 1596.44
internal_count=563857 337665 226192 317520 147432 78760 252659 87340 140011 63814 54721 112648 23785 60092 36202 23890 46434 63555 76197 56900 55500 64861 12802 18204 13752 39461 27228 12233 23910 10983
cat_boundaries=0 1 2 3 4 5 6 7 8
cat_threshold=3205587 12750351 9392596 67064 12501200 14725308 201737 7356971
is_linear=0
shrinkage=0.05


Tree=59
num_leaves=31
num_cat=11
split_feature=22 22 12 46 67 26 68 22 36 3 22 36 67 8 44 51 8 67 67 8 67 8 29 6 1 36 8 67 9 17
split_gain=231.461 57.583 40.0462 35.0006 29.3121 28.7984 28.0495 31.7313 21.9181 21.6957 21.352 20.1057 19.9968 19.2556 19.093 18.6367 18.3636 18.2026 17.4871 18.3167 17.3394 17.2012 24.8366 17.4017 16.8345 16.3519 21.289 16.1287 19.1564 16.1078
threshold=0.16736081593049226 0.9745684888144811 0.45000000000000007 0.31132741158890925 0 0.14409272183449653 0.12809999999999996 0.063781550543110674 0.76948376406384933 5.245000000000001 0.41527575646646758 0.5990304542942666 1 2 0.1863205681053923 0.16807909604519775 3 4 5 6 7 8 -0.010000000000000002 70.295000000000016 0.39500000000000007 1.2441632158377052 9 10 1285.5000000000002 3.3850000000000002
decision_type=2 2 2 2 1 2 2 2 2 2 2 2 1 1 2 2 1 1 1 1 1 1 2 2 2 2 1 1 2 2
left_child=2 3 -1 5 -5 10 7 8 -4 -8 16 20 21 14 -6 25 24 -9 -11 -20 -3 22 -12 -23 -2 -14 -27 28 -7 -13
right_child=1 11 6 4 13 27 9 17 -10 18 12 29 15 -15 -16 -17 -18 -19 19 -21 -22 23 -24 -25 -26 26 -28 -29 -30 -31
leaf_value=-0.037006800235176836 -0.0033659246757861334 -0.0019876617828796512 -0.012908747597704856 0.016314301959255421 -0.037561405251343334 0.0034037042776024831 -0.0048963441765163367 -0.0086210692057788751 -0.0013289849101511724 0.011991184440799515 -0.015478115793195718 -0.032901558362225074 -0.00013562857967033628 0.0069007659947773747 -0.0024584142258379776 -0.035487888221284229 0.00042994643105355359 -0.002969018541179981 0.0057105618484796575 -0.0067489313386918191 0.0083245937508289996 0.0056680216725917311 0.0031327228636532645 0.065739209075947921 -0.043033019181798055 -0.0014998970918384234 0.010425708693960771 0.010903866831227441 -0.028453471862280939 0.012901956389682397
leaf_weight=100.583961282362 3538.3146726959385 635.79999054665677 2512.4832418456208 699.99069250747561 50.306744086556137 449.69111936958507 2134.4219369554194 2119.3439465708798 488.01673093263526 382.93666696874425 240.93607923388481 19.427326863631606 7359.0329524707049 615.89385668677278 168.43205126468092 35.436765514314175 11919.142627030145 4428.3055851900717 609.99607255356386 552.70802938239649 1125.1931990094017 4521.8580709858797 700.37919589830562 12.08808636292815 26.95104795275256 638.27357099670917 899.41734186396934 1120.7068412648514 52.721339510753751 1602.4117300867802
leaf_count=18706 26287 5546 115114 4051 298 2592 34139 38795 15783 4422 1248 116 43033 3528 1011 200 85340 75541 7283 6795 10033 25960 4405 47 180 4087 5400 6723 321 16660
internal_value=6.08304e-05 0.00212343 -0.005577 0.00148747 0.00886112 0.00112841 -0.00533802 -0.00676741 -0.0110254 -0.00162939 0.000776206 0.00833664 0.00216158 0.00238622 -0.0100712 0.000699306 -0.000512812 -0.00481618 0.00288206 -0.000219281 0.00463738 0.00453752 -0.00161371 0.00581535 -0.00365553 0.00084423 0.00553361 0.00761471 5.95427e-05 0.0123533
internal_weight=49761.2 36432.4 13328.8 33049.6 1534.62 31514.9 13228.2 9548.15 3000.5 3680.06 29891.8 3382.83 14407.4 834.633 218.739 8932.16 15484.4 6547.65 1545.64 1162.7 1760.99 5475.26 941.315 4533.95 3565.27 8896.72 1537.69 1623.12 502.412 1621.84
internal_count=563644 247066 316578 214711 8888 205823 297872 245233 130897 52639 196187 32355 84380 4837 1309 52720 111807 114336 18500 14078 15579 31660 5653 26007 26467 52520 9487 9636 2913 16776
cat_boundaries=0 1 2 3 4 5 6 7 8 9 10 11
cat_threshold=1751587 8586708 164169 33221 2245308 8799104 108860 11673629 139296 21591 9470165
is_linear=0
shrinkage=0.05


Tree=60
num_leaves=31
num_cat=0
split_feature=22 22 22 4 48 12 22 66 33 30 41 24 5 36 44 34 10 56 9 40 32 27 41 9 10 26 30 71 29 68
split_gain=201.071 47.7999 45.2527 33.0589 26.5963 23.7616 22.3648 20.3626 19.1098 18.8342 22.7164 18.6434 18.1238 20.5785 20.18 17.3984 19.0735 17.3569 39.5947 25.9552 17.2095 17.5961 16.7583 16.7349 16.217 18.506 15.9201 15.5105 15.4266 15.3937
threshold=0.2223982546547158 0.58955684867296432 0.099767756080559877 24.540000000000003 1.4696881307680643 1.0000000180025095e-35 1.6777501848701686 0.38981233828531564 4.0250305623471894 -0.049999999999999975 -0.073333333333332792 0.0013893755000834883 32.865000000000002 1.2761264544453785 0.22036356923555248 0.084999999999999978 49.250000000000007 0.32499999999999979 397.50000000000006 0.084999999999999978 68.350000000000009 0.23347153742716273 -0.03666666666666573 409.50000000000006 56.150000000000013 0.18705731450829491 0.4275000000000001 0.24428206726120386 -0.28499999999999992 0.13225000000000001
decision_type=2 2 2 2 2 2 2 2 2 2 2 2 2 2 2 2 2 2 2 2 2 2 2 2 2 2 2 2 2 2
left_child=2 7 3 5 6 -1 12 8 17 10 -4 -11 13 14 28 16 -5 19 -19 22 21 -6 -2 -7 -9 29 -14 -24 -3 -26
right_child=1 4 9 15 20 23 -8 24 -10 11 -12 -13 26 -15 -16 -17 -18 18 -20 -21 -22 -23 27 -25 25 -27 -28 -29 -30 -31
leaf_value=-0.044757459504296174 0.00094344125565111719 0.042317831943959855 -0.018360569817506164 -0.0044950861752358941 -0.016856128197218542 -0.0065462103864868549 0.0171287840204092 0.0070757161505359814 0.010574013942158575 -0.01188339561253228 -0.004204977778249238 -0.00048675772233553751 0.0080549489416133872 0.011764628717907802 0.01069766683678266 -0.0093649128402595073 0.0069188195826406359 0.011938326659487878 0.00062536265480364747 0.0051621683031351792 0.04899488566038826 0.001235420266923066 -0.004831648012047514 -0.015238611883699486 -0.045826141658000384 0.063260567235348716 -0.1044702280590189 -0.00034242388146877851 -0.00093076843882329346 -0.0013453652029276363
leaf_weight=55.26395376608707 4340.6689388239756 20.800804344937205 324.94094988657162 2878.8699311882956 142.24202137999237 957.1030940679484 457.96719207963906 1692.1210021697916 452.47113107144833 377.43459483888 2217.729425370926 7287.18043955951 4153.0335276846308 566.33584868488833 478.8010211000219 1624.9847933818819 419.33153384039178 934.90647742338479 4478.169398562517 1632.1705919182859 18.226176138967276 2438.2838378697634 4532.3038709661923 1313.7557561334688 36.67898709513247 6.8871792294085017 3.1456847768276921 3343.4688568986021 2358.5793758602813 41.411012222990394
leaf_count=13333 24465 82 4246 76145 602 40380 6929 9298 2806 4617 28289 89844 30483 4534 2198 49648 4631 4451 23033 9322 78 21632 25909 48415 183 25 7 19087 18972 181
internal_value=-0.000110894 0.00223605 -0.00443041 -0.0074512 0.0049773 -0.0123634 0.00639883 0.00087922 0.000417135 -0.00228502 -0.00601399 -0.00104797 0.0057506 0.00305729 0.00133197 -0.00513028 -0.00304393 0.000178542 0.00257925 -0.000759836 0.000580142 0.00023819 -0.00155104 -0.011575 0.00600534 -0.0153086 0.00796978 -0.00292586 -0.000552684 -0.0222381
internal_weight=49585.3 32128.7 17456.6 7249.31 10637.4 2326.12 8038.66 21491.3 19714.2 10207.3 2542.67 7664.62 7580.7 3424.52 2858.18 4923.19 3298.2 19261.7 5413.08 13848.6 2598.75 2580.53 12216.4 2270.86 1777.1 84.9772 4156.18 7875.77 2379.38 78.09
internal_count=563825 204277 359548 232552 85517 102128 63205 118760 109073 126996 32535 94461 56276 25786 21252 130424 80776 106267 27484 78783 22312 22234 69461 88795 9687 389 30490 44996 19054 364
is_linear=0
shrinkage=0.05


Tree=61
num_leaves=31
num_cat=0
split_feature=22 22 22 17 71 60 35 71 9 56 9 3 68 5 11 24 0 17 1 12 17 36 19 64 11 51 6 18 35 5
split_gain=181.62 60.5324 36.318 32.3935 26.4625 24.1358 22.5362 20.3949 20.4353 28.7408 38.8175 28.329 19.4767 19.1931 18.9042 18.2072 17.3101 17.1616 18.8545 16.5842 16.3848 16.0362 15.1046 26.5265 17.7983 17.2006 17.0694 17.6001 16.0674 15.4385
threshold=0.31731928152482763 0.11393472058094446 0.9745684888144811 2.1150000000000007 0.13900718380486235 -0.054999999999999986 -0.059999999999999158 0.30900718380486275 1276.5000000000002 0.16000000000000006 385.50000000000006 5.6550000000000011 0.04710000000000001 34.165000000000006 62.45000000000001 0.082420961005566076 7.0650000000000004 4.1550000000000011 0.13500000000000004 14.65 6.5850000000000009 0.5990304542942666 15.650000000000002 2.2550000000000003 48.750000000000007 0.040408163265306128 37.885000000000012 11.65 -0.031666666666665837 30.365000000000006
decision_type=2 2 2 2 2 2 2 2 2 2 2 2 2 2 2 2 2 2 2 2 2 2 2 2 2 2 2 2 2 2
left_child=1 3 5 -1 6 -2 -5 8 9 -7 14 -12 -8 16 15 -11 19 -3 -19 -13 -20 -4 -9 25 29 28 -26 -28 -24 -25
right_child=2 17 21 4 -6 7 12 22 -10 10 11 13 -14 -15 -16 -17 -18 18 20 -21 -22 -23 23 24 26 -27 27 -29 -30 -31
leaf_value=-0.040512053495534564 0.013239498755838906 -0.0058830550495375059 0.0045226938849198496 0.0049587067840742155 -0.0028924012472232954 -0.00031728278786285655 -0.016587741681135346 0.010007556478329066 -0.0052868310542934878 0.0036909283776571551 -0.00044313267073582463 -0.021703437656545529 -0.0079477644899296155 0.01498052828119719 0.020571773687735915 0.0420218203324913 -0.049523426374316969 -0.0017592096608257833 0.0011963757905339271 0.0065695904930613905 0.011417492101594668 0.011460245866080798 -0.042374924195853148 -0.0023865830858105829 0.0015964046864110557 -0.043173495796197579 0.023428156150200285 0.005883484003196918 0.015858542905767079 0.024263956127687485
leaf_weight=69.339417830778984 487.82761587621644 1744.6541584952502 1745.8815947993426 289.79295199050102 3527.5157193412888 8310.6858088450972 785.65665439295117 955.21245686337352 1220.0486442944966 432.77917591482401 2772.0179215229582 57.603222051635385 3842.1157066770247 609.16106246085837 479.95679957978427 33.368896773084998 15.658524646423755 9834.4483863522764 3257.312425134005 520.84240026003681 445.74489677464589 1592.9995809259126 17.29544872418046 76.934202739968896 4515.2853472756688 49.345014777965844 160.30818679789081 1319.6259076194838 37.588334977626801 185.05121646961197
leaf_count=13188 2265 20273 15619 6338 89219 47711 50216 5715 8361 1994 12777 399 95550 3485 2269 137 100 98446 30518 3219 3997 16710 125 427 25109 323 806 7440 248 937
internal_value=4.64589e-05 -0.00309801 0.00296993 -0.00647649 -0.00619704 0.00224044 -0.00856755 0.00199395 0.000905013 0.00147593 0.00450409 0.00233776 -0.00941457 0.00874423 0.0136065 0.00643482 0.00234987 -0.0012157 -0.00061419 0.00375408 0.00242671 0.00783264 0.00414487 0.00326455 0.00368126 -0.0217521 0.00312381 0.00778394 -0.00249249 0.0164378
internal_weight=49392.1 23796.6 25595.5 8514.42 8445.08 22256.6 4917.57 21768.8 14452.1 13232.1 4921.39 3975.28 4627.77 1203.27 946.105 466.148 594.104 15282.2 13537.5 578.446 3703.06 3338.88 7316.65 6361.43 6257.2 104.229 5995.22 1479.93 54.8838 261.985
internal_count=563921 407745 156176 254511 241323 123847 152104 121582 80452 72091 24380 19980 145766 7203 4400 2131 3718 153234 132961 3618 34515 32329 41130 35415 34719 696 33355 8246 373 1364
is_linear=0
shrinkage=0.05


Tree=62
num_leaves=31
num_cat=7
split_feature=22 22 4 35 67 55 12 68 67 17 9 67 56 5 1 35 35 30 68 71 21 25 67 1 71 67 67 40 40 67
split_gain=162.372 60.2058 33.5862 32.584 29.3197 22.7343 22.4288 22.3229 21.9897 20.3137 21.9954 30.5617 28.7206 19.5777 19.4349 19.3764 18.5604 18.2356 23.6951 20.2231 19.9789 18.2034 18.9481 18.1446 26.3232 24.2771 21.538 17.988 17.4581 17.4293
threshold=0.14254214319506972 0.9745684888144811 18.285000000000004 0.023333333333332987 0 -3.9166666666666674 0.65000000000000002 0.12809999999999996 1 6.3850000000000007 1008.5000000000001 2 0.20999999999999988 37.335000000000008 1.0000000180025095e-35 0.074999999999999747 0.068333333333332927 0.060000000000000026 0.58250000000000013 0.20068456118237912 0.081845400519132069 0.056063327356427467 3 0.12500000000000003 -0.89571793273879619 4 5 0.23000000000000001 -0.20500000000000004 6
decision_type=2 2 2 2 1 2 2 2 1 2 2 1 2 2 2 2 2 2 2 2 2 2 1 2 2 1 1 2 2 1
left_child=2 3 6 5 13 -2 -1 15 -9 10 12 -12 17 27 -10 21 -6 19 -19 -7 -20 22 -4 25 -25 -11 -26 -5 -28 -14
right_child=1 -3 7 4 16 9 -8 8 14 23 11 -13 29 -15 -16 -17 -18 18 20 -21 -22 -23 -24 24 26 -27 28 -29 -30 -31
leaf_value=-0.038456988479653703 -0.0052935039431035837 0.0079925038591246462 -0.010309784510674986 -0.0020264034544658464 -0.0038868245929828144 -0.0016174624971804876 -0.010992386242408831 0.0049480676191682449 -0.049828615646844363 -0.0023635730543463216 -0.0082686418634745698 0.0016179915440457414 0.0023510119557206798 0.0068638919419317145 -0.0036948306508904137 -0.017485988315161211 -0.014454704140346393 0.0042929348521241585 0.007390963183275011 0.00249762775274999 0.058219867896644739 0.0006572498423698535 -0.0041464895408600735 -0.041958412061139816 0.018055356066095679 0.0059284254046452533 -0.044520761477437748 0.019134240195882616 0.006211444558239524 0.0089451943678313574
leaf_weight=78.698727783223148 1105.9185460046865 3323.8914517699741 1927.4638564458583 2596.2284527841257 2996.4615108915605 6697.5263485863106 1340.9690765204723 1125.1474690063624 23.221679831854999 1340.9413555816282 1322.9358855998144 1887.3269446799532 1995.0168209404219 1040.7018145879265 1349.4250166954007 332.90373178652953 482.36463915905915 1898.7658853516914 39.093943119514734 5386.9248136188835 38.245566462166607 1130.8276539493818 3658.417821543233 24.095788147300482 566.69210908585228 2559.8969737573061 17.359699445776641 104.47168826777488 732.5242410316132 2054.1135331874248
leaf_count=17483 7359 32409 57171 18743 22496 46731 49023 15845 363 9534 9727 13109 11525 7380 19530 12764 3784 12409 255 36453 129 18516 99951 199 3721 19057 144 715 5104 11916
internal_value=2.34343e-05 0.0015626 -0.00533934 0.00095 -0.0020412 0.0017306 -0.0125149 -0.00427237 -0.000210672 0.00202306 0.00133745 -0.00247697 0.00201363 0.00103461 -0.00444293 -0.00571149 -0.0053368 0.000945084 0.00539793 0.000216935 0.0325266 -0.00512791 -0.00629908 0.00481177 0.00982979 0.00308713 0.0107776 -0.00120784 0.00497072 0.00572412
internal_weight=49178.6 38211.5 10967.1 34887.6 7220.23 27667.4 1419.67 9547.41 2497.79 26561.5 21319.9 3210.26 18109.7 3741.4 1372.65 7049.61 3478.83 14060.6 1976.11 12084.5 77.3395 6716.71 5585.88 5241.51 1340.67 3900.84 1316.58 2700.7 749.884 4049.13
internal_count=563545 272899 290646 240490 53118 187372 66506 224140 35738 180013 142254 22836 119418 26838 19893 188402 26280 95977 12793 83184 384 175638 157122 37759 9168 28591 8969 19458 5248 23441
cat_boundaries=0 1 2 3 4 5 6 7
cat_threshold=128397 10908384 3533344 10675744 591562 1074643 6336981
is_linear=0
shrinkage=0.05


Tree=63
num_leaves=31
num_cat=8
split_feature=22 22 17 17 9 48 9 40 22 59 69 31 26 25 40 67 8 67 67 67 9 17 22 34 67 8 33 67 34 56
split_gain=174.465 64.9477 36.2357 28.56 28.8116 27.4993 21.645 20.8999 19.4259 19.1785 24.553 25.8541 25.8064 34.5635 23.3154 21.9485 21.485 40.4421 20.8857 19.2275 19.1106 21.9313 21.0096 18.8478 18.0794 17.8005 18.3041 17.7686 18.4408 16.9481
threshold=0.14254214319506972 0.58955684867296432 2.1150000000000007 5.3450000000000006 489.50000000000006 1.0677987742594486 1128.5000000000002 0.069999999999999854 0.042367701886314786 0.18500000000000003 2.5000000000000004 0.058769601628757863 0.14707866952448997 0.034161778326644035 -0.18500000000000003 0 1 2 3 4 901.50000000000011 5.5650000000000004 0.44006183788362169 0.17500000000000029 5 6 5.2421327661900632 7 0.044999999999999936 -0.70999999999999963
decision_type=2 2 2 2 2 2 2 2 2 2 2 2 2 2 2 1 1 1 1 1 2 2 2 2 1 1 2 1 2 2
left_child=2 7 -1 4 -4 -3 -5 9 -6 10 11 16 13 15 -13 -12 17 -2 -11 -14 21 -19 -23 -21 -15 -9 29 -7 -29 -27
right_child=1 5 3 6 8 27 -8 25 -10 18 12 14 19 24 -16 -17 -18 20 -20 23 -22 22 -24 -25 -26 26 -28 28 -30 -31
leaf_value=-0.041858855778086602 0.0062032540733039472 0.006707270305330526 -0.0044603299461643897 -0.00053047732097889462 -0.01901889581784158 -0.0031768549939522328 -0.0077004068916717355 0.0082619610522417213 -0.0091855692212224737 -0.0087340520499601566 -0.00042469539113027259 -0.048041608860661826 -0.0034815777964714231 0.0031596128218047987 0.015784920249889509 -0.0075856205418380895 0.0035952351363039642 -0.0056626276585575036 -0.00070104980027154795 0.013055298831045045 -0.01643783988053648 0.030209389866510273 -0.033191651780393579 -0.063823442099106995 -0.0022671351445807228 -0.0059595548111143213 0.038428318012773549 0.0078605887006570618 -0.0012574262021331148 0.0028741716681391603
leaf_weight=68.779463810424204 937.85763024026528 6862.0714204480173 3022.1337673232774 3502.4997918328154 658.03718279802706 1362.0823226119392 1504.8742590931943 1295.4987918534316 2121.4954850755166 1321.8255560876569 1646.5122412196361 14.774722476024179 304.26386989047751 3202.8693375033326 453.0077826846391 3095.0284940935671 4888.4972510195803 1155.4756982931867 2081.7257300543133 602.08998979348689 391.69070357829332 77.613749547861516 15.71184234600514 8.0793587397783977 2929.281254747184 694.73766415566206 32.905429724603891 1323.4841566825053 954.40856706281193 2485.4551450060681
leaf_count=13295 5984 51526 86891 74634 34245 12865 31069 8692 50681 9803 10411 75 2095 22289 2362 21760 30546 7539 15536 3852 2566 462 88 59 20746 5256 207 13268 7939 17383
internal_value=-9.64424e-05 0.00149671 -0.00568194 -0.00545175 -0.00783947 0.00484383 -0.00268527 0.000224714 -0.0115135 -0.000382415 0.00021573 0.00236602 -0.00123164 -0.00191006 0.013769 -0.00511586 0.00165165 -0.00203937 -0.00384852 0.00683558 -0.00676066 -0.00377952 0.0195355 0.0118432 0.000568752 0.00333891 0.00132413 0.00133088 0.0040226 0.000944376
internal_weight=49014.8 38136.9 10877.8 10809 5801.67 10502 5007.37 27634.9 2779.53 23126.3 19722.8 7934.63 11788.1 10873.7 467.783 4741.54 7466.85 2578.35 3403.55 914.433 1640.49 1248.8 93.3256 610.169 6132.15 4508.6 3213.1 3639.98 2277.89 3180.19
internal_count=564124 273309 290815 277520 171817 85598 105703 187711 84926 156173 130834 49622 81212 75206 2437 32171 47185 16639 25339 6006 10655 8089 550 3911 43035 31538 22846 34072 21207 22639
cat_boundaries=0 1 2 3 4 5 6 7 8
cat_threshold=5415946 164707 2249556 584218 9450945 9791771 17670 5794827
is_linear=0
shrinkage=0.05


Tree=64
num_leaves=31
num_cat=10
split_feature=22 59 22 22 17 22 71 59 22 5 8 26 60 56 9 67 48 12 8 8 67 67 8 5 17 9 67 67 9 8
split_gain=134.606 40.0619 37.2044 31.5304 29.0429 21.6603 20.5539 20.7884 20.2379 20.1651 19.4074 19.3855 17.6971 17.3911 20.6652 28.2617 22.674 26.3677 23.5061 19.4708 28.8643 18.1403 17.8602 17.324 19.5287 20.2999 20.4555 18.7117 17.0766 24.4584
threshold=0.2223982546547158 0.17500000000000002 1.3614977444532925 0.046586362438020675 6.6150000000000011 1.0000000180025095e-35 -0.39099281619513743 0.22500000000000006 0.01681894774930531 39.030000000000008 0 0.1498898678414097 -0.074999999999999997 -0.060000000000000268 760.50000000000011 1 2.3393056108005763 26.750000000000004 2 3 4 5 6 33.965000000000011 4.0150000000000006 397.50000000000006 7 8 1292.5000000000002 9
decision_type=2 2 2 2 2 2 2 2 2 2 1 2 2 2 2 1 2 2 1 1 1 1 1 2 2 2 1 1 2 1
left_child=1 9 4 5 6 -3 13 10 -7 11 23 -1 -12 -2 16 -16 17 -15 -18 21 -21 -19 -17 24 27 26 -26 -8 -6 -30
right_child=2 3 -4 -5 28 8 7 -9 -10 -11 12 -13 -14 14 15 22 18 19 -20 20 -22 -23 -24 -25 25 -27 -28 -29 29 -31
leaf_value=-0.0031664644589827471 -0.0053830578345106656 -0.0051097116445787145 0.01079362814719481 -0.0047897768035666272 0.0072492366961866804 -0.038338751734544735 -0.02151393748186458 -0.036616867524921264 -0.015211121638557224 0.0027640552611835488 0.031885603783535527 0.0099784885271335909 9.6920634624945975e-06 0.00088317764951853636 0.0025603119884813272 0.0033905720099278343 0.008814460560018075 0.0029419023019500779 -0.016773661196715788 -0.017312084731976759 0.015840788287364564 0.025945542235972591 -0.014052624871292883 0.0053565132430599049 0.013439760673090939 0.00022713089368892568 0.001848384310714042 -0.00024027967535927058 0.011673867508415115 -0.0046384167464778537
leaf_weight=7532.1349449404515 2006.1958324615844 506.84790548705496 1151.2936047287658 5758.2114440115402 3244.9173325222218 108.56259340140969 164.27339280303568 35.235518703237176 734.90210933599155 2176.6170114478446 43.745617196895182 291.32652603788301 9391.7768743459601 963.73279486875981 899.67230656556785 189.73162166774273 137.25010551791638 132.45705629955046 230.68500926345587 104.32370503782295 144.54708612104878 326.65455031674355 653.12485726550221 5173.626584065496 679.34140443289652 3799.8647926459089 876.67353147733957 265.16313776001334 312.36601639445871 790.21471290080808
leaf_count=129878 13009 7612 15149 108953 21952 19524 963 216 55993 34397 191 3155 58289 5491 5484 1099 561 618 1008 474 715 1462 4052 31075 3843 23328 4984 1413 2141 6607
internal_value=4.18911e-05 -0.00353262 0.00197004 -0.00640235 0.00163769 -0.0132789 0.00101007 0.00175526 -0.0181879 -0.00149268 0.00182155 -0.00267698 0.000157311 -0.00162001 0.000376042 -0.00362255 0.00379215 0.00626536 -0.0074449 0.0135918 0.00181158 0.019513 -0.0101324 0.00325134 0.00137437 0.00219694 0.00700732 -0.00888472 0.00542259 4.67348e-05
internal_weight=48825.5 17108.6 31716.9 7108.52 30565.6 1350.31 26218.1 20429.7 843.465 10000.1 20394.5 7823.46 9435.52 5788.37 3782.18 1742.53 2039.65 1671.72 367.935 707.982 248.871 459.112 842.856 10958.9 5785.32 5355.88 1556.01 429.437 4347.5 1102.58
internal_count=563636 359512 204124 192082 188975 83129 158275 124302 75517 167430 124086 133033 58480 33973 20964 10635 10329 8760 1569 3269 1189 2080 5151 65606 34531 32155 8827 2376 30700 8748
cat_boundaries=0 1 2 3 4 5 6 7 8 9 10
cat_threshold=28178 2999701 101443 141016 7341783 1444611 98310 810833 2190859 133506
is_linear=0
shrinkage=0.05


Tree=65
num_leaves=31
num_cat=5
split_feature=22 22 17 17 48 56 9 56 25 35 8 64 48 1 17 8 4 9 9 8 9 61 17 9 34 59 35 17 8 8
split_gain=142.807 49.1068 26.4994 23.3936 21.8268 21.4066 34.3115 31.1145 24.9555 20.9269 19.6758 21.4769 24.9277 19.6831 18.7566 17.5978 17.9394 18.3608 20.5249 17.3977 17.232 15.9997 15.9402 16.0272 15.892 18.7364 15.685 15.3227 15.297 15.216
threshold=0.12013680282277432 0.67961272532500361 2.3850000000000002 2.1150000000000007 1.4696881307680643 -0.84500000000000008 397.50000000000006 0.84000000000000008 0.072768642051918506 0.043333333333333453 0 2.4650000000000003 2.2406969046520495 0.03500000000000001 6.6150000000000011 1 15.105000000000002 1008.5000000000001 2869.5000000000005 2 822.50000000000011 5.5000000000000009 6.6650000000000009 497.50000000000006 0.069999999999999854 0.19500000000000003 0.12583333333333349 4.3550000000000013 3 4
decision_type=2 2 2 2 2 2 2 2 2 2 1 2 2 2 2 1 2 2 2 1 2 2 2 2 2 2 2 2 1 1
left_child=2 3 -1 -2 14 26 7 10 15 22 -7 -12 13 28 20 -8 -17 21 -19 -10 -3 -18 23 27 -15 -26 -5 -4 -13 -25
right_child=1 4 9 5 -6 6 8 -9 19 -11 11 12 -14 24 -16 16 17 18 -20 -21 -22 -23 -24 29 25 -27 -28 -29 -30 -31
leaf_value=-0.032124791584060772 -0.044031803859597415 0.0068102914311493875 -0.0060379532074842923 -0.0023234715477693678 0.00016779844430484615 -0.0018136859379355242 0.00088909836510938202 0.015345637047857097 -0.00027871282113546293 -0.010973750217243028 -0.003632120982464326 -0.0077873796949605298 -0.0039635802143902837 0.012395680067338379 0.01172366866369688 -0.016016200208483888 0.0009861035627513452 -0.0055494450657667619 0.022846833126662993 0.0093000122656522102 0.0002045124722296522 -0.0067764386457687528 0.0036630557817495003 -0.010878854787110703 0.0050638445779135422 -0.038679176565898719 -0.054602023271699246 0.0016345430978130277 0.0069811418172837994 -0.0045829367348618312
leaf_weight=94.50037939795584 29.660413501202129 3273.9241754378891 1242.1957078245468 5431.7925676247105 1948.7155206266325 1523.7257847462315 9367.4347454330418 566.62386266654357 817.50564708653837 1459.0278959714924 644.05170303210616 305.51626389008015 513.48813133267686 1824.4440052839927 1244.4614188686246 229.77962743700482 4676.4027321657632 3008.3274030799512 65.010489142499864 1134.0243499132339 1413.4837472687941 773.62728570541367 563.53006236581132 1582.1299967166851 649.28802260477096 25.438959453254938 14.385530946776269 1366.6642399495468 384.7326351730153 2569.0108704022132
leaf_count=17037 556 25439 43510 42241 18508 10486 66385 3631 5770 52940 7732 2000 2156 10930 13056 1731 33174 22441 327 7756 13781 5761 10652 42302 4351 199 128 28132 2447 68129
internal_value=-5.36785e-05 0.00122342 -0.00578897 0.000352365 0.0047588 0.000393561 0.000980126 0.00415652 -3.85717e-05 -0.00550559 0.00307657 0.0047839 0.00626063 0.0079067 0.00626701 -0.000617145 -0.00222757 -0.00185845 -0.00494878 0.00533366 0.00481832 -0.000115783 -0.0044162 -0.00508971 0.00997097 0.00341462 -0.00246156 -0.00201868 0.000432655 -0.00701976
internal_weight=48742.9 39865.8 8877.06 31985.3 7880.58 31955.6 26509.4 6437.31 20072.1 8782.56 5870.69 4346.96 3702.91 3189.42 5931.87 18120.6 8753.15 8523.37 3073.34 1951.53 4687.41 5450.03 7323.53 6760 2499.17 674.727 5446.18 2608.86 690.249 4151.14
internal_count=563688 300986 262702 230202 70784 229646 187277 43932 143345 245665 40301 29815 22083 19927 52276 129819 63434 61703 22768 13526 39220 38935 192725 182073 15480 4550 42369 71642 4447 110431
cat_boundaries=0 1 2 3 4 5
cat_threshold=135377 162346 134712 8490 85129
is_linear=0
shrinkage=0.05


Tree=66
num_leaves=31
num_cat=7
split_feature=22 12 22 22 9 17 30 67 61 1 61 9 8 45 67 5 4 40 64 56 41 46 48 67 11 67 67 1 8 55
split_gain=128.022 47.0162 42.3682 35.4153 25.1693 24.553 23.38 24.7415 22.6046 21.25 18.6291 20.7918 35.7046 21.7946 19.9334 19.345 20.5926 19.3353 19.2472 18.6887 21.8901 29.1021 18.3344 27.9505 18.2325 19.7034 17.4249 17.2908 17.0281 16.861
threshold=0.31731928152482763 11.350000000000003 0.044875039507629846 0.91646930730615939 797.50000000000011 6.5650000000000004 0.075000000000000039 0 2.5000000000000004 0.10500000000000002 5.5000000000000009 1024.5000000000002 1 0.097730048471432393 2 39.140000000000008 15.735000000000001 -0.17000000000000035 11.075000000000003 0.089999999999999983 0.14857142857142905 0.021754906291411625 1.4299409860157526 3 69.65000000000002 4 5 0.115 6 -3.0833333333333317
decision_type=2 2 2 2 2 2 2 1 2 2 2 2 1 2 1 2 2 2 2 2 2 2 2 1 2 1 1 2 1 2
left_child=1 2 -1 6 22 -5 10 28 9 -4 11 13 -13 19 15 -14 -17 -15 -16 29 -21 -22 -3 -24 25 -7 -6 -18 -8 -2
right_child=3 4 8 5 26 24 7 -9 -10 -11 -12 12 14 17 18 16 27 -19 -20 20 21 -23 23 -25 -26 -27 -28 -29 -30 -31
leaf_value=-0.013605140668482849 -0.0064510063970292146 0.0022137016436689369 -0.0041063251320111521 0.0047974702769403898 -0.0061253541101040556 0.0051557100186680671 -0.0020039841548349924 0.0038240683734699038 -0.0061589316173471806 0.0042895184260712208 -0.0026637485038953513 0.0051828484060240298 -0.0045878824236445263 -0.047596063140229183 0.0069240460280536849 -0.073439583349389784 0.0043198049928246428 0.020396962681880584 -0.012126813370224277 0.0046309102940711227 0.034595600854069507 -0.021119288604756613 0.01057659363253079 -0.012324563187174609 0.009543770945865785 0.035780703052875173 -0.0010151824828492644 0.029794066845732527 0.023072435676245551 0.0018183039904576641
leaf_weight=1350.2157846881746 664.62093555927277 6114.5781070981175 1865.3793535774457 3060.5880333229434 2630.9739269734127 97.784608190879226 91.107980214990675 1438.863929014653 4876.0315175086726 1264.5620242449222 2738.2645371004473 1274.2360976538621 834.16780955158174 10.938524534925817 151.63366753095761 7.309348799288272 239.54009094135836 236.98430624138564 1055.1064928737469 3555.5661473325454 123.21245074924082 28.943862972781062 173.04054146725684 501.27467246865854 568.97996777179651 157.06287495885044 4566.1888341513695 92.271009087562561 323.98425110336393 8502.0231220133137
leaf_count=100420 3545 63004 32876 28380 34990 397 496 7170 94838 22602 15516 7694 5107 39 879 32 1527 1109 6645 17315 486 175 928 2816 9330 640 55267 503 1602 47811
internal_value=8.32648e-07 -0.00266849 -0.00541209 0.00246816 -0.000833116 0.00685988 0.00166984 0.00703564 -0.00403032 -0.000714228 0.00116007 0.00178419 -0.00155137 0.00271308 -0.00515689 -0.000490129 0.00957506 0.0173971 -0.00965297 0.0024303 0.00542566 0.0239973 0.00135082 -0.00647367 0.0145219 0.0256362 -0.00289316 0.0114038 0.0176508 0.00121874
internal_weight=48595.4 23342.2 9356.19 25253.2 13986.1 3884.42 21368.8 1853.96 8005.97 3129.94 19514.8 16776.6 3654.26 13122.3 2380.03 1173.29 339.12 247.923 1206.74 12874.4 3707.72 152.156 6788.89 674.315 823.827 254.847 7197.16 331.811 415.092 9166.64
internal_count=564139 407741 250736 156398 157005 38747 117651 9268 150316 55478 108383 92867 22387 70480 14693 7169 2062 1148 7524 69332 17976 661 66748 3744 10367 1037 90257 2030 2098 51356
cat_boundaries=0 1 2 3 4 5 6 7
cat_threshold=13648001 170503 4472692 8409108 8500316 424336 163853
is_linear=0
shrinkage=0.05


Tree=67
num_leaves=31
num_cat=9
split_feature=22 22 17 22 25 9 64 11 68 67 9 56 17 48 67 67 40 9 67 56 8 17 67 5 56 67 5 67 48 8
split_gain=126.897 36.4957 34.3111 24.4772 22.0052 23.5597 25.3954 22.8652 24.3866 24.4365 21.7449 21.4363 20.3844 19.9261 27.125 18.6961 18.6145 18.7369 22.6594 22.452 16.9831 18.2637 16.8691 16.6542 16.6209 16.5367 15.6757 19.8027 15.3077 15.2607
threshold=0.16084867136449885 0.95414056801272362 5.3450000000000006 0.056330263808617893 0.072768642051918506 914.50000000000011 3.0850000000000004 41.650000000000013 0.046350000000000009 0 839.50000000000011 -1.6099999999999994 6.5050000000000008 3.8757413061023973 1 2 0.15999999999999973 380.50000000000006 3 0.25000000000000028 4 4.2950000000000008 5 36.660000000000004 0.35500000000000004 6 36.010000000000012 7 3.0773504273504284 8
decision_type=2 2 2 2 2 2 2 2 2 1 2 2 2 2 1 1 2 2 1 2 1 2 1 2 2 1 2 1 2 1
left_child=2 4 3 -1 5 6 25 -8 9 -9 23 15 26 16 -15 -10 17 18 19 -13 -20 -22 -6 -4 -24 -2 27 -3 -21 -18
right_child=1 12 10 -5 22 -7 7 8 11 -11 -12 13 -14 14 -16 -17 29 -19 20 28 21 -23 24 -25 -26 -27 -28 -29 -30 -31
leaf_value=-0.011671318868658328 0.0025106799785131876 -0.0090196257420477339 -0.00078328364091766591 -0.0048788249309459075 -0.0032889224243768389 -0.0015870131964930659 0.011723213240165613 -0.031082140192578933 -0.019684170751777631 0.0030737954281273502 -0.0041141176530190117 0.0057910672431877395 0.013469518081000687 0.0030157114928171295 -0.021201448130273595 -0.0011948679419922364 0.0013312423697261764 0.0010453897144767734 -0.0059861612275197368 0.01972569275658562 -0.0024422985861179934 0.0062406033653351302 0.0049187802260199486 0.008102940976994032 0.015398642890607901 -0.0061238201384492246 0.0092156334462114558 0.004195241873827779 -0.018503496781261911 0.018681983710928673
leaf_weight=1859.276353589521 831.02807369141374 353.27857383550145 1619.8816087771556 4626.8194672456011 464.08927747514099 8442.7416599686258 603.81547130970284 101.92551784170792 188.67342885257676 102.25143220368773 3377.9953650476527 2344.9852086503524 795.1822073989315 258.36539864260703 199.60339613957331 457.68401219835505 224.33602325199172 10438.819261664408 582.91397716989741 462.1790013120044 905.62277736188844 1828.1893489467911 1739.2579327076674 781.70880801836029 483.52137374645099 1641.9940928828437 1018.3429541417863 1284.8083855195437 27.758113811723888 312.08471910958178
leaf_count=102231 8113 3290 31587 92580 3217 60259 4602 676 1307 613 69422 13537 10015 1094 924 3230 1449 66368 3486 2347 4485 10865 10885 14285 2875 16500 9137 12010 126 1775
internal_value=6.40245e-05 0.00155712 -0.00432963 -0.00682593 0.00104011 0.000651305 0.00152976 0.00214891 0.00183532 -0.0153487 -0.00152816 0.00202777 0.00644649 0.00235647 -0.00793631 -0.00691497 0.0026317 0.0023353 0.00452416 0.00779745 0.00169774 0.00335198 0.00537479 0.00210915 0.00716623 -0.00323691 0.0043442 0.0013158 0.0175598 0.0117988
internal_weight=48359.1 36093.5 12265.7 6486.1 32641.8 29955 21512.2 19039.2 18435.4 204.177 5779.59 18231.2 3451.61 17584.9 457.969 646.357 17126.9 16590.5 6151.65 2834.92 3316.73 2733.81 2686.87 2401.59 2222.78 2473.02 2656.43 1638.09 489.937 536.421
internal_count=563290 253185 310105 194811 218733 201756 141497 116884 112282 1289 115294 110993 34452 106456 2018 4537 104438 101214 34846 16010 18836 15350 16977 45872 13760 24613 24437 15300 2473 3224
cat_boundaries=0 1 2 3 4 5 6 7 8 9
cat_threshold=14832689 12910623 6297622 679636 6280 2263168 1126793 1057297 207025
is_linear=0
shrinkage=0.05


Tree=68
num_leaves=31
num_cat=10
split_feature=22 22 17 68 26 61 71 56 36 67 1 67 17 45 67 22 71 8 67 26 8 8 67 66 26 67 48 67 5 22
split_gain=114.518 42.963 26.8674 28.2693 26.8229 25.0697 23.2307 22.9682 20.0161 19.4862 21.6171 19.3933 19.6071 18.2254 17.8242 16.0672 16.0205 19.5953 22.6864 15.9304 20.9215 15.3692 17.5883 18.6376 18.2585 16.9034 21.4775 15.0785 23.8982 18.8207
threshold=0.11393472058094446 0.6653644978549339 6.7550000000000008 0.044900000000000002 0.14409272183449653 2.5000000000000004 0.69900718380486249 -0.079999999999999946 -0.91287092917525892 0 1.0000000180025095e-35 1 3.5850000000000004 0.082763809968604871 2 0.023661628398005775 -0.13099281619513767 3 4 0.043493516399694891 5 6 7 0.35970833129126439 0.021756661991584856 8 2.6326550731495724 9 23.820000000000004 0.40024976973966403
decision_type=2 2 2 2 2 2 2 2 2 1 2 1 2 2 1 2 2 1 1 2 1 1 1 2 2 1 2 1 2 2
left_child=2 4 3 15 6 -3 7 16 -5 -10 -11 -7 -13 -9 -6 -1 17 18 -2 -15 -21 25 -23 -24 -25 -18 -27 28 -19 -30
right_child=1 5 -4 8 14 11 -8 13 9 10 -12 12 -14 19 -16 -17 21 27 -20 20 -22 22 23 24 -26 26 -28 -29 29 -31
leaf_value=-0.023920002482647664 -0.0038524534275350252 0.0075942618720123353 0.0056581413770006028 -0.010685283476217628 -0.0036372680620451584 -0.0033860745468202199 0.0029717007491309967 0.0001588432004325865 0.0010693171903181343 -0.036458477824383023 -0.0051927410588329271 -0.02024143958629343 0.0043120419169192991 0.014528320102140245 0.0093149327758446053 -0.010214069778803504 0.0042215270196207045 -0.019915731050263633 -0.016693677368748532 -0.024969538375508166 0.0069739060632180274 0.00046334094660663522 -0.0070575903509866242 0.027501025542641073 -0.0024448017370159226 -0.0033286516314938834 0.022705949274654615 -0.0047410241237161163 0.0004575409867863526 0.018293008882846299
leaf_weight=282.18024693822372 777.05456775380298 3154.5697946288856 495.04026492894627 1279.7235385912354 339.00964019354433 1283.8400798640214 4628.1619332204573 12482.667333896854 1520.0265989010513 56.129374050709885 3670.8979333274183 83.205171489622444 3563.8713636649773 422.14239998999983 1193.9634391469881 882.74489621669636 2066.3662201950792 92.576003356429283 638.03322624671273 59.44136471580714 186.34659688360989 1954.6257035518065 2452.9918493677396 78.198670919984579 145.81941205263138 1896.3778748433106 82.67126046307385 1878.5328045061324 385.33911237353459 240.06111890356988
leaf_count=35106 5972 27928 10304 41370 2356 10882 34097 89972 32206 1335 88199 419 33256 2843 8025 46041 15015 783 5158 418 1191 15631 19089 477 928 14553 331 14943 3866 1131
internal_value=-0.000243617 0.000856952 -0.00563248 -0.00635915 3.41468e-05 0.00411341 -0.000290563 -0.000874878 -0.00507855 -0.0037111 -0.00564845 0.00188653 0.00374161 0.000589417 0.00648765 -0.0135341 -0.00239248 -0.00500541 -0.0097188 0.00863624 -0.00148346 -0.00118447 -0.00314714 -0.00577525 0.00800848 0.00106775 -0.00222984 -0.00239 0.00374192 0.00730372
internal_weight=48272.6 40085.9 8186.74 7691.7 32000.4 8085.49 30467.4 25839.2 6526.78 5247.05 3727.03 4930.92 3647.08 13150.6 1532.97 1164.93 12688.6 4011.6 1415.09 667.93 245.788 8677.05 4631.64 2677.01 224.018 4045.42 1979.05 2596.51 717.976 625.4
internal_count=563825 309264 254561 244257 236779 72485 226398 192301 163110 121740 89534 44557 33675 94424 10381 81147 97877 31853 11130 4452 1609 66024 36125 20494 1405 29899 14884 20723 5780 4997
cat_boundaries=0 1 2 3 4 5 6 7 8 9 10
cat_threshold=12198400 533042 9438401 149940 1605240 131429 84510 11618768 921483 4858241
is_linear=0
shrinkage=0.05


Tree=69
num_leaves=31
num_cat=5
split_feature=22 22 17 9 33 26 67 12 67 67 8 9 56 1 40 4 32 0 46 51 12 33 17 63 65 66 30 35 67 17
split_gain=112.096 43.1156 27.5622 30.3926 23.8477 25.7931 26.2787 25.3508 26.0326 21.294 20.8838 20.3935 20.0403 19.6554 20.763 18.9497 18.9377 18.7388 18.8288 25.5265 18.6369 18.2673 19.2292 18.1205 18.0946 17.2512 16.6251 16.573 20.5262 17.8143
threshold=0.11393472058094446 0.33923897748280224 4.2750000000000012 748.50000000000011 2.3272447207041238 0.1529197362890202 0 10.550000000000002 1 2 3 567.50000000000011 -1.5049999999999999 0.045000000000000005 -0.069999999999999826 52.545000000000009 67.65000000000002 7.1950000000000012 0.23120844017558348 0.040408163265306128 1.0000000180025095e-35 1.900364330096316 5.9150000000000009 1.5000000000000002 1.2393037372924744 0.044306749480445877 -0.035000000000000003 0.030000000000000696 4 3.8950000000000005
decision_type=2 2 2 2 2 2 1 2 1 1 1 2 2 2 2 2 2 2 2 2 2 2 2 2 2 2 2 2 1 2
left_child=2 27 20 -4 5 6 12 -6 -9 -7 15 17 -3 23 24 -10 -14 18 19 21 -1 -8 -23 -12 -15 -18 -25 29 -29 -2
right_child=1 4 3 -5 7 9 11 8 10 -11 13 -13 16 14 -16 -17 25 -19 -20 -21 -22 22 -24 26 -26 -27 -28 28 -30 -31
leaf_value=-0.042763133342598111 -0.0064132254592897779 -0.0079470912878391274 -1.7379872922042502e-05 -0.0068941015301642499 -0.02065705774490471 0.018425429379823638 0.0056819851201303602 0.013978734867353033 0.015442629994399631 0.0033338574306940381 -0.025825381810063726 -0.0018368387557308472 0.0036700554814842073 0.062660999280510554 0.0078985532238768918 -0.0054717586855529366 0.037544430012347557 -0.072044898201463523 0.015933964176894515 -0.0024206166860357326 -0.010201719381570247 -0.00041838295711711079 -0.047042189011208491 0.020716198768720218 -0.030315550263681809 0.010012573327506387 -0.0273718848333761 0.00043004585298654348 -0.0078033235600067563 0.00048723634524398428
leaf_weight=45.208033763134154 1012.1449851207435 355.16793734696694 2907.0817826717393 3592.0707241375931 78.413851880002767 412.48474600818008 2725.5913351419149 1055.7049722536467 435.19510885840282 558.08807856636122 141.26815369538963 6368.6628521049861 8069.0276685151039 5.7218126794323316 367.8709719767794 144.19038231484592 70.229531296528876 8.4390129735693318 248.9933977406472 2042.7476866215002 1572.5573915116256 65.288973528891802 33.442857751622796 51.815598225221038 61.242683727294207 299.70521457865834 27.518807919695973 1377.5283069664147 1680.0799638608005 12319.827034644317
leaf_count=13593 11734 2599 70824 103041 550 1954 16044 5168 2132 2616 739 43017 53891 26 1814 718 441 34 1101 11679 66699 359 176 271 323 2170 118 14673 19343 115821
internal_value=8.57565e-05 0.00117248 -0.00527179 -0.00381813 0.00253942 0.00200914 0.00162819 0.00729796 0.00825497 0.00997183 0.00322217 5.24009e-05 0.00368336 -0.00288614 0.00323703 0.010064 0.00417721 0.00240042 0.00252322 0.00183715 -0.0111116 0.00491666 -0.016211 -0.0150865 -0.0223711 0.0152393 0.00403584 -0.000798067 -0.0041181 -3.66372e-05
internal_weight=48133.3 40016.4 8116.92 6499.15 23626.8 21257.9 20287.3 2368.94 2290.53 970.573 1234.82 11493.2 8794.13 655.438 434.835 579.385 8438.96 5124.5 5116.06 4867.07 1617.77 2824.32 98.7318 220.603 66.9645 369.935 79.3344 16389.6 3057.61 13332
internal_count=563668 309511 254157 173865 147940 136081 131511 11859 11309 4570 6141 72410 59101 3291 2163 2850 56502 29393 29359 28258 80292 16579 535 1128 349 2611 389 161571 34016 127555
cat_boundaries=0 1 2 3 4 5
cat_threshold=15632580 1795849 3492380 35770 341518
is_linear=0
shrinkage=0.05


Tree=70
num_leaves=31
num_cat=6
split_feature=22 26 71 22 12 48 13 8 71 1 8 9 17 24 8 56 8 8 9 41 71 9 31 19 35 19 8 4 19 26
split_gain=112.521 27.8379 26.5151 24.4732 22.0499 20.087 18.6188 18.0012 16.678 19.4737 15.774 14.9412 16.5822 18.357 20.4161 14.6778 16.5362 14.5353 16.6763 19.9664 14.5863 18.1972 14.2893 16.2591 13.8191 13.7842 13.6987 13.6157 13.6101 15.1763
threshold=0.16736081593049226 0.1529197362890202 -0.035717932738796414 0.67961272532500361 1.0000000180025095e-35 1.6309939212125999 0.18500000000000003 0 0.37900718380486215 0.12500000000000003 1 1139.5000000000002 6.5050000000000008 0.11545193429674179 2 -0.90999999999999992 3 4 321.50000000000006 -0.00070197044334996395 0.6890071838048627 1857.0000000000002 0.081856872080390469 14.850000000000003 -0.079999999999999613 24.400000000000002 5 48.165000000000006 26.600000000000005 0.14707866952448997
decision_type=2 2 2 2 2 2 2 1 2 2 1 2 2 2 1 2 1 1 2 2 2 2 2 2 2 2 1 2 2 2
left_child=2 3 4 8 -1 11 -6 27 -2 10 -10 12 -5 14 -14 16 -11 -17 -19 24 -21 -22 23 26 -20 -18 -12 -4 29 -13
right_child=1 -3 7 5 6 -7 -8 -9 9 15 22 28 13 -15 -16 17 25 18 19 20 21 -23 -24 -25 -26 -27 -28 -29 -30 -31
leaf_value=-0.04232138990753366 -0.00035361397753632491 0.0086980027634139378 -0.0067802281980738613 0.0049921168306514682 -0.0045255491292881334 -0.0011484861661787197 -0.010913046596095296 7.1367352350416445e-05 -0.003637411972536616 0.0071251210728718126 0.016019824456495618 -0.00083492681537623121 0.018450460960795577 0.041609085082329328 0.0010860808474025484 0.015062698867529856 -0.01395502834468104 0.016085116148211776 0.020900132595423993 0.00079636573989778523 0.020778544744956998 -0.093818340324030497 0.021595645214014306 0.00058484628493986996 -0.0077591252116604587 0.016280835117884619 0.00051473772758234824 0.0026584621262862561 0.034805491234153156 -0.070852911617742861
leaf_weight=42.888774520819425 18763.770414388971 1272.4342057080939 2247.3886521988898 4024.462261472363 4029.7992853542091 1658.4929602799239 1591.3814078826981 4186.6195622788509 1485.8286099478137 328.2444135248661 333.97220516623929 974.59072041977197 383.58203783573117 52.500954332761467 311.66188463324215 564.70121537940577 245.44784753676504 274.52637478616089 46.558367444202304 225.72718165442348 214.55284467991441 3.5210119001567355 94.402994280681014 3399.8472095127217 435.54294850211591 44.533788731321692 255.48421930940822 460.34734656068031 26.675066718831658 7.8009944520890704
leaf_count=13062 119581 7460 51691 33862 92673 15121 59683 91065 10051 2140 2482 12365 3880 236 3551 3248 1752 1547 258 1417 1280 17 382 21379 2716 276 2026 8190 113 34
internal_value=-5.02179e-06 0.00143647 -0.00407165 0.00116595 -0.00660638 0.0037022 -0.00633388 -0.00198923 0.00045969 0.00237857 0.000760057 0.00509373 0.00626256 0.0131002 0.0109474 0.00616079 -0.00046933 0.00848295 0.00521877 0.00205331 0.00970598 0.0189283 0.00236317 0.00191397 -0.00499139 -0.00900117 0.00958006 -0.00515649 -0.000434061 -0.00139093
internal_weight=47987.3 35428.9 12558.4 34156.4 5664.07 7439.77 5621.18 6894.36 26716.7 7952.89 5569.54 5781.27 4772.21 747.745 695.244 2383.36 618.226 1765.13 1200.43 925.902 443.801 218.074 4083.71 3989.3 482.101 289.982 589.456 2707.74 1009.07 982.392
internal_count=563538 247174 316364 239714 165418 69162 152356 150946 170552 50971 36320 54041 41529 7667 7431 14651 4168 10483 7235 5688 2714 1297 26269 25887 2974 2028 4508 59881 12512 12399
cat_boundaries=0 1 2 3 4 5 6
cat_threshold=87489 98412 18297 91281 18968 161024
is_linear=0
shrinkage=0.05


Tree=71
num_leaves=31
num_cat=5
split_feature=22 12 35 22 55 31 71 25 66 12 44 8 55 71 9 56 70 30 48 26 8 8 8 5 55 8 5 12 20 71
split_gain=108.307 30.5535 26.0163 22.1369 20.3034 20.2543 19.2712 18.7313 17.6815 17.0047 16.9549 32.9799 20.2145 16.7849 16.4442 22.7871 16.8143 15.9568 19.2419 18.226 17.9218 17.4061 15.0283 14.8972 19.9348 14.861 14.0328 19.1491 18.9953 16.5956
threshold=0.2223982546547158 3.7500000000000004 0.040000000000000487 1.6777501848701686 -3.9166666666666674 0.050658980663980079 0.17068456118237887 0.063684202724537162 0.30242727364873428 1.0000000180025095e-35 0.23897737482643147 0 1.4166666666666681 -0.44099281619513725 482.50000000000006 0.16000000000000006 7.5500000000000007 0.032500000000000008 2.013471831624785 0.001857024622387751 1 2 3 26.965000000000003 -5.916666666666667 4 40.785000000000004 21.250000000000004 16.600000000000005 -0.85904055536127955
decision_type=2 2 2 2 2 2 2 2 2 2 2 1 2 2 2 2 2 2 2 2 1 1 1 2 2 1 2 2 2 2
left_child=1 9 4 6 -3 7 17 14 -8 -1 11 -10 23 -4 15 -6 -16 18 -2 20 -20 26 -14 -12 -25 -7 27 28 -19 -29
right_child=3 2 13 -5 5 25 8 -9 10 -11 12 -13 22 -15 16 -17 -18 21 19 -21 -22 -23 -24 24 -26 -27 -28 29 -30 -31
leaf_value=-0.03946885179201684 0.00046623949694360483 -0.010981078106160497 -0.015621812809131178 0.011911920588253515 -0.002049441674012891 0.013769746560867741 0.0022344914007788579 0.0036574949783712337 0.013906094011537633 -0.0095698514771899029 0.027583360281894672 -0.0039695499321439507 0.010902402259363186 -0.0052708592867227889 -0.015167954421504592 0.0073069342708098079 -0.003490574230442941 -0.030647186797056625 -3.0748907845597659e-05 0.025733564672444954 -0.0098594057263074932 0.00081035496973689788 -0.015161634120109763 -0.058271986552859083 0.012675529816039083 0.00017469765643811705 0.017333181286999368 -0.015638565817765456 0.001399813157165559 0.014070394223242686
leaf_weight=49.525953059506719 11724.698465057649 565.04197074379772 486.73496861429885 528.63372448296286 2809.6132984902943 358.22945468546823 11043.121965469443 1372.2990210505668 404.70715677645057 1194.8715102238057 186.92745866812766 676.38142985478044 99.847474489826709 2004.8418087954633 324.42938529676758 846.90330386417918 6188.4844113661675 51.203882203437388 818.57238170690835 47.357749594375491 1078.1291593073402 2531.8815894869622 102.05634535290301 10.053909890353678 650.91179966693744 453.80890673142858 302.6284830137156 51.573455587495118 476.91845322027802 530.8516654164996
leaf_count=14266 77519 9470 13421 8667 44726 3224 72883 17565 2169 75183 883 3823 524 45118 7577 12341 112194 334 4225 212 5893 15164 545 74 3383 4404 1717 290 2973 3006
internal_value=3.43083e-05 -0.0032235 -0.00261494 0.00176688 -0.00171272 -0.0012888 0.00159269 -0.00182581 0.00303914 -0.0107598 0.00720914 0.00281414 0.0117351 -0.00729294 -0.00256575 0.000117633 -0.00407226 0.000510841 -0.000297656 -0.00490474 -0.00566973 0.0033121 -0.00248314 0.0151209 0.0115964 0.00634385 0.00773384 0.00518762 -0.00170729 0.0114397
internal_weight=47971.2 16654.8 15410.4 31316.5 12918.8 12353.8 30787.8 11541.7 13174 1244.4 2130.89 1081.09 1049.8 2491.58 10169.4 3656.52 6512.91 17613.8 13668.8 1944.06 1896.7 3945.06 201.904 847.893 660.966 812.038 1413.18 1110.55 528.122 582.425
internal_count=563773 359489 270040 204284 211501 202031 195617 194403 84284 89449 11401 5992 5409 58539 176838 57067 119771 111333 87849 10330 10118 23484 1069 4340 3457 7628 8320 6603 3307 3296
cat_boundaries=0 1 2 3 4 5
cat_threshold=52996 52312 36358 144471 62368
is_linear=0
shrinkage=0.05


Tree=72
num_leaves=31
num_cat=6
split_feature=12 9 56 71 17 9 56 71 56 71 48 9 67 48 9 36 8 67 67 56 67 5 35 18 9 50 68 67 4 48
split_gain=68.9158 48.2498 35.4287 33.3488 32.0413 21.8245 31.8936 27.9981 20.9986 25.2626 23.5642 22.9399 22.8329 22.0763 21.7442 19.8714 19.6381 19.1129 18.6654 18.3606 22.5718 17.7554 21.9439 18.602 18.0255 17.2874 17.1806 16.657 16.5101 16.988
threshold=10.950000000000001 914.50000000000011 -1.1699999999999995 -0.78099281619513772 6.7550000000000008 489.50000000000006 0.11499999999999978 0.39900718380486261 0.35500000000000004 -0.39099281619513743 3.9883301578660864 385.50000000000006 0 3.0773504273504284 629.50000000000011 0.44074127735354035 1 2 3 -1.0000000180025095e-35 4 35.305000000000007 0.04500000000000038 58.95000000000001 1143.5000000000002 163.00000000000003 0.030450000000000001 5 16.735000000000003 3.8757413061023973
decision_type=2 2 2 2 2 2 2 2 2 2 2 2 1 2 2 2 1 1 1 2 1 2 2 2 2 2 2 1 2 2
left_child=3 2 -2 -1 21 6 17 15 9 19 14 12 16 -14 26 -7 -10 -5 -16 27 -21 22 -3 24 -24 -12 -11 -4 -23 -30
right_child=1 4 8 5 -6 7 -8 -9 11 10 25 -13 13 -15 18 -17 -18 -19 -20 20 -22 28 23 -25 -26 -27 -28 -29 29 -31
leaf_value=-0.011909226340023733 -0.0028384092166631918 -0.0032218433753433669 -0.011426902698169539 0.0015155753716858747 0.0034243599413055869 -0.010411294321527901 0.0078564329048758392 0.0013870835270470532 0.011384163584859899 -0.039597732638409752 -0.073307869679689303 0.0038144819809989489 0.019734634686480765 -0.01023597700045251 -0.0030148898508205475 -0.0025907832407926403 -0.0091035018037416843 -0.0054319914120612746 0.0031620222289573483 -0.0086665055108964464 0.0082250230576624197 -0.017423466866489736 -0.0033125089405709272 -0.060306985866888908 -0.018235544670224004 -0.0099173170579370754 0.005022163510711798 -0.0015149422275025776 7.8739997758605533e-05 0.030449367852891936
leaf_weight=1059.6584745599685 2871.6418149867095 5227.6250168103725 618.03007093118504 1831.6153884280648 2701.7386584670749 2082.2563828515413 974.48542026162613 1249.4742072345107 267.59585801139474 21.625595890916884 11.356509222649036 2861.1912180205109 726.28272239747457 67.121981808915734 1945.9093271822203 1331.7739674092736 193.2375225010328 2140.1972685761284 3256.6551550196018 263.62690356140956 715.63845979224425 133.76856774557382 402.36088067782111 19.443912957794964 407.08554947073571 203.13754784595221 8953.6720093429321 1337.0908375422005 3886.4108937798301 46.596181566826999
leaf_count=45393 22917 50421 4730 34070 25533 65828 18803 28851 1647 180 51 21150 4573 302 16027 22754 1229 40473 26897 1759 4952 1552 4948 126 5893 924 64416 9824 37224 201
internal_value=5.06242e-05 0.00106813 0.00237702 -0.00349115 -0.0014133 -0.0025629 -0.00024923 -0.00501687 0.0030755 0.00231293 0.003175 0.00628606 0.0119243 0.016985 0.00342385 -0.0073606 0.00278235 -0.00223796 0.000851962 -0.00191529 0.00367317 -0.00270439 -0.00442027 -0.0119785 -0.0108176 -0.0132736 0.00491465 -0.00471439 -0.000148981 0.000438555
internal_weight=47808.3 37138.8 24313.8 10669.5 12825 9609.8 4946.3 4663.5 21442.2 17326.7 14392.4 4115.43 1254.24 793.405 14177.9 3414.03 460.833 3971.81 5202.56 2934.39 979.265 10123.3 6056.52 828.89 809.446 214.494 8975.3 1955.12 4066.78 3933.01
internal_count=563648 307476 181578 256172 125898 210779 93346 117433 158661 129760 108495 28901 7751 4875 107520 88582 2876 74543 42924 21265 6711 100365 61388 10967 10841 975 64596 14554 38977 37425
cat_boundaries=0 1 2 3 4 5 6
cat_threshold=3416363 57973 2207649 1642681 4588130 4776216
is_linear=0
shrinkage=0.05


Tree=73
num_leaves=31
num_cat=10
split_feature=22 17 34 71 22 8 67 17 17 67 4 9 56 7 6 67 8 64 8 67 13 8 1 67 8 5 50 3 65 56
split_gain=103.402 26.2067 23.7387 22.4465 21.6828 20.9068 20.8244 20.31 19.9681 29.6784 17.3621 17.8539 34.1419 19.8474 19.8147 17.952 22.3736 16.2344 15.4628 20.938 15.1237 14.5485 18.4781 14.1383 25.4241 15.5407 19.1884 15.4121 18.3322 17.6788
threshold=0.14633430096512764 6.7550000000000008 0.044999999999999936 0.15900718380486237 1.6777501848701686 0 1 2.1150000000000007 3.8950000000000005 2 63.350000000000001 562.50000000000011 0.16000000000000006 58.500000000000007 14.825000000000001 3 4 5.5150000000000015 5 6 0.15500000000000003 7 0.095000000000000015 8 9 37.525000000000006 209.00000000000003 5.9150000000000009 4.3809594467310946 -0.3050000000000001
decision_type=2 2 2 2 2 1 1 2 2 1 2 2 2 2 2 1 1 2 1 1 2 1 2 1 1 2 2 2 2 2
left_child=3 2 4 7 8 -4 -7 -1 9 -2 11 12 13 15 -14 16 -10 -17 19 20 -11 -3 -23 24 25 -13 27 29 -29 -27
right_child=1 21 5 -5 -6 6 -8 -9 10 18 -12 23 14 -15 -16 17 -18 -19 -20 -21 -22 22 -24 -25 -26 26 -28 28 -30 -31
leaf_value=-0.037629456191656904 0.0044925866898525681 0.009047208511448461 0.0015646491814773839 -0.0016770187455079301 0.015671541129678973 6.579125860602156e-05 -0.0046814654791264374 -0.0060621320612254627 -0.010625718143192525 0.017272838482277102 0.022760291104033988 -0.0024626984984118228 0.033402101581014927 0.035976395835735149 0.0092785178621227603 -0.0019055996691307955 0.0012597981597087333 0.0057558107051627972 -0.018581164343803289 0.0036157262644676718 -0.028842377919231294 -0.00061486834443431231 0.0085719929833226443 0.0014521527208259156 -0.010579774019199 -0.056346936428419092 -0.022009359839059633 0.040231544993590551 -0.06988705053404512 0.013176979103135575
leaf_weight=51.374727342117694 565.58207274903543 1444.540741140605 6090.1484302203171 4449.6099418252124 284.23198439390399 4833.03984526766 4422.6873926830012 6215.5960694904352 521.5036205642391 21.228579885326326 102.33760581165552 471.58179662702605 90.829597381874919 43.274189008399844 1354.7164987302385 898.08533348143101 1549.3523837624816 3005.1516197437886 333.29191780602559 290.32314476906322 109.41314563341439 1529.7437352733687 852.30583615368232 7268.7263811607845 714.36382721259724 10.002921362407504 33.11762560904026 81.75055875023827 3.9626886881887904 106.4535334254615
leaf_count=13041 3750 11441 42927 103718 4800 34273 33084 178368 3408 127 715 3421 487 245 8158 7538 9849 20632 2346 1944 802 12721 6472 52724 5259 79 233 541 27 649
internal_value=-6.74528e-05 0.00118423 0.000732699 -0.00439273 0.00197195 -0.000709523 -0.00220521 -0.00632091 0.0017504 -0.00416421 0.00223063 0.00210056 0.00389433 0.00223676 0.0107943 0.00199236 -0.00177001 0.00398281 -0.0105749 -0.003952 -0.0198309 0.00510243 0.00266105 0.000560079 -0.0039845 0.0027353 0.0132698 0.0190489 0.0351406 0.00720529
internal_weight=47748.3 37031.7 33205.2 10716.6 17859.3 15345.9 9255.73 6266.97 17575 1319.84 16255.2 16152.9 7462.91 6017.37 1445.55 5974.09 2070.86 3903.24 754.257 420.965 130.642 3826.59 2382.05 8689.96 1421.23 706.869 235.287 202.17 85.7132 116.456
internal_count=563779 268652 238018 295127 127734 110284 67357 191409 122934 8969 113965 113250 50317 41672 8645 41427 13257 28170 5219 2873 929 30634 19193 62933 10209 4950 1529 1296 568 728
cat_boundaries=0 1 2 3 4 5 6 7 8 9 10
cat_threshold=19507 8970955 14357648 21775 143584 111244 57347 61709 106497 55514
is_linear=0
shrinkage=0.05


Tree=74
num_leaves=31
num_cat=6
split_feature=22 22 3 61 22 19 67 22 71 16 56 67 24 63 26 25 67 9 8 55 35 64 67 64 5 46 65 56 8 9
split_gain=94.3682 27.2735 29.5582 22.8431 21.89 21.514 21.2101 18.1996 17.2755 15.9887 15.7588 15.6568 20.5245 15.629 15.2231 21.7788 17.7006 16.0312 17.4776 15.3085 15.0616 15.7669 14.6363 17.5865 14.057 13.9136 19.1107 15.0932 17.1353 18.2197
threshold=0.29638833749756871 0.055388395350964473 5.9150000000000009 3.5000000000000004 1.0170905461693391 14.850000000000003 0 1.0000000180025095e-35 -0.32099281619513759 22.500000000000004 -0.57999999999999974 1 0.11545193429674179 1.5000000000000002 0.099711199311928428 0.035361655136574757 2 341.50000000000006 3 1.0833333333333324 -0.094999999999999293 -2.1249999999999991 4 0.82500000000000007 32.225000000000001 0.22740253071006064 0.95273993502414167 0.13999999999999982 5 530.50000000000011
decision_type=2 2 2 2 2 2 1 2 2 2 2 1 2 2 2 2 1 2 1 2 2 2 1 2 2 2 2 2 1 2
left_child=1 2 -1 4 5 6 -2 -4 10 22 -3 20 -13 -8 15 -10 19 18 -17 -16 21 -5 25 -24 -15 27 -27 -7 -29 -30
right_child=3 8 7 11 -6 9 13 -9 14 -11 -12 12 -14 24 16 17 -18 -19 -20 -21 -22 -23 23 -25 -26 26 -28 28 29 -31
leaf_value=-0.0095784084110280884 0.014451299555852013 -0.012548626076741832 0.0066434048099292256 -0.080740567031571481 0.0089517429500374553 0.0011820104599330494 -0.0039908360878580657 -0.0090068818594324068 -0.0033729991643178859 -0.098199869675391738 -0.0032877656290893603 -0.0020247121279655801 0.013369357907933402 0.063690343508663802 0.00219291051414934 -0.012888109679270055 0.0083109896938695881 -0.00021963143782278895 0.00989183961266938 -0.013852801433798054 0.0017293906329455212 0.016916098970658655 -0.031395177621152952 0.00073634238892125563 0.0071112107706114494 0.044455004669491704 0.009195038565355652 0.013035991009172417 0.014575125872064521 -0.00080640021429984597
leaf_weight=2343.8467560942881 707.73979823663831 517.48948816442862 553.15259592561051 4.2137019354850045 1572.7909773896681 3044.0647682871204 339.22994843171909 279.68911199248396 6476.1519386948785 3.9738026168197385 4090.0833694248868 5597.5666140796384 225.23641095869243 16.560516390949488 576.33205486880615 87.724821982905269 915.43594516185112 4602.7546361397253 725.19247189373709 200.31095305643976 5702.8346313996008 216.21988583868369 42.867281065322459 6466.7701597160194 32.565691206604242 42.603698644787073 392.12360804155469 696.20602992828935 253.66333424975164 798.75073787919246
leaf_count=122087 4413 9258 5751 33 15553 18421 2182 16731 97430 21 61311 35509 1039 67 6467 1089 9726 58746 8022 2369 36513 1348 391 37433 192 172 1988 3605 1171 4694
internal_value=3.63333e-05 -0.00242873 -0.00670341 0.00205017 0.00338424 0.00270211 0.00940136 0.00138765 -0.00168226 0.00207669 -0.00432788 0.000413552 -0.00142679 -0.000169408 -0.000784884 -0.00141627 0.00365247 0.000923617 0.00739672 -0.00192085 0.00222134 0.0150493 0.00211064 0.000523945 0.0261841 0.00407774 0.0126505 0.00330864 0.00701076 0.0028737
internal_weight=47524.1 21368.2 3176.69 26156 14409.9 12837.1 1096.1 832.842 18191.5 11741 4607.57 11746.1 5822.8 388.356 13583.9 11891.8 1692.08 5415.67 812.917 776.643 5923.27 220.434 11737 6509.64 49.1262 5227.41 434.727 4792.68 1748.62 1052.41
internal_count=563732 398987 144569 164745 90303 74750 6854 22482 254418 67896 70569 74442 36548 2441 183849 165287 18562 67857 9111 8836 37894 1381 67875 37824 259 30051 2160 27891 9470 5865
cat_boundaries=0 1 2 3 4 5 6
cat_threshold=5794259 15027604 4001121 69664 8885354 153362
is_linear=0
shrinkage=0.05


Tree=75
num_leaves=31
num_cat=9
split_feature=22 22 1 71 12 5 27 67 59 26 67 31 35 67 71 67 12 8 8 67 5 44 5 36 35 51 8 5 11 67
split_gain=88.4314 26.4529 22.8213 20.075 18.1856 17.656 18.4759 17.3786 17.0608 21.0044 17.651 19.3989 16.9244 25.6219 16.7915 16.6718 22.1426 19.3334 16.6231 25.5218 18.5371 16.6183 16.256 18.3392 16.2551 16.1037 19.0132 16.0791 15.6212 23.1039
threshold=0.13186623070446055 0.9745684888144811 0.13500000000000004 0.5090071838048621 1.0000000180025095e-35 37.255000000000003 0.56260888501742168 0 0.18500000000000003 0.051296669882758827 1 0.027878344153406107 -0.053333333333333226 2 -0.17571793273879607 3 16.950000000000003 4 5 6 48.490000000000002 0.3522934204178948 26.365000000000006 -1.6094805951116842 0.043333333333333453 0.01941930618401207 7 37.030000000000008 68.550000000000011 8
decision_type=2 2 2 2 2 2 2 1 2 2 1 2 2 1 2 1 2 1 1 1 2 2 2 2 2 2 1 2 2 1
left_child=3 2 12 4 -1 6 15 -5 18 10 11 -10 13 -2 -15 17 -17 -4 19 -7 -21 -14 23 -3 -6 26 -18 -27 29 -24
right_child=1 22 5 7 24 8 -8 -9 9 -11 -12 -13 21 14 -16 16 25 -19 -20 20 -22 -23 28 -25 -26 27 -28 -29 -30 -31
leaf_value=-0.03976768506837796 0.0077220701265740327 -0.073560794015505956 0.0028522983067674418 0.0047740697826429111 -0.0044312668638438702 -0.01114278362571614 0.014619562204532347 -0.004376640645241789 0.010765426830836174 0.016610213446118342 -0.019252257113064459 -0.031271934102484265 -0.0011654546607235109 -0.006075461099654649 0.0024391337053176606 -0.0024499850618845765 0.0002563642290962613 -0.0070636883413206543 0.0097810964378656252 0.016286021818084095 -0.018807375641085557 0.0041572458971383041 0.0021598089857906475 -0.0010529407300357092 -0.010815123504518733 0.0035918006307992453 0.018859854760909255 -0.036130698987764463 0.0042554515539333822 0.018881353872827862
leaf_weight=38.852777050604345 1574.8946352382191 8.8536711805500072 825.49709122837521 970.4429622621974 6131.4449574986211 263.46262033935636 248.20910525694489 1092.0854824621347 146.06365294428542 106.74861029535532 177.68394860764965 33.793457086198032 19655.539120838861 857.21810026909225 1784.2541126457509 1473.9395570738707 221.99361222051084 1195.1046945594717 1897.5995589748491 231.52470341557637 44.932622944004834 1584.6553343627602 353.10356435133144 580.56690363108646 1190.8191137152608 2127.0214104403276 382.96075164200738 25.784700531512499 1700.1890724996338 531.8308894271031
leaf_count=13580 10920 81 5457 23021 168321 1790 2706 26863 1101 782 1380 271 149174 5863 12203 13390 1309 7965 12720 1556 351 10266 1552 5956 46126 11859 2161 164 22577 2234
internal_value=-9.28698e-05 0.000981489 0.000583558 -0.00442894 -0.0056505 0.00268863 0.00124099 -6.9201e-05 0.00593156 -0.0028529 -0.00866387 0.00271599 -0.000193943 0.00269965 -0.000322825 0.000709874 0.00249139 -0.00301851 0.00760479 -0.000221092 0.0102129 -0.000768347 0.00535107 -0.00214208 -0.00546947 0.00514145 0.0123491 0.00311603 0.00705955 0.012447
internal_weight=47457.1 38033.4 34858.9 9423.65 7361.12 9402.32 6500.51 2062.53 2901.81 464.29 357.541 179.857 25456.6 4216.37 2641.47 6252.3 4231.7 2020.6 2437.52 539.92 276.457 21240.2 3174.54 589.421 7322.26 2757.76 604.954 2152.81 2585.12 884.934
internal_count=563699 285788 253388 277911 228027 64962 45011 49884 19951 3534 2752 1372 188426 28986 18066 42305 28883 13422 16417 3697 1907 159440 32400 6037 214447 15493 3470 12023 26363 3786
cat_boundaries=0 1 2 3 4 5 6 7 8 9
cat_threshold=9726566 3949959 6230420 276998 170825 168352 2444198 148835 2208045
is_linear=0
shrinkage=0.05


Tree=76
num_leaves=31
num_cat=4
split_feature=12 9 61 8 36 12 8 28 48 36 61 71 5 8 55 65 12 26 41 8 31 3 34 28 36 53 35 27 1 28
split_gain=58.7672 39.4412 26.0201 33.8612 25.382 21.1209 18.2335 17.928 16.9807 16.7308 15.7454 17.5528 14.5955 14.5681 14.1778 13.9725 19.0735 13.9341 20.3286 16.9646 14.3641 13.9261 14.9349 13.8525 13.6155 19.2372 13.5922 13.5716 13.5293 13.2779
threshold=10.550000000000002 1024.5000000000002 4.5000000000000009 0 -1.225765704968599 1.0000000180025095e-35 1 4.366666666666668 4.0525630810092972 -0.95623586599139399 1.5000000000000002 0.77068456118237927 33.965000000000011 2 -4.0833333333333313 1.5880020734389666 5.8500000000000005 0.13908368325882012 0.011538461538461943 3 0.036317938889231197 7.5250000000000012 0.090000000000000316 3.8166666666666669 -0.13222147133698278 1.0000000180025095e-35 -0.12333333333333261 0.32519682492570318 0.085000000000000006 2.5500000000000003
decision_type=2 2 2 1 2 2 1 2 2 2 2 2 2 1 2 2 2 2 2 1 2 2 2 2 2 2 2 2 2 2
left_child=5 2 3 -2 7 -1 9 12 -5 23 11 26 -4 -13 28 16 -12 29 19 -19 -21 22 -8 -3 25 -10 -7 -9 -6 -16
right_child=1 6 4 8 14 10 21 27 24 -11 15 13 -14 -15 17 -17 -18 18 -20 20 -22 -23 -24 -25 -26 -27 -28 -29 -30 -31
leaf_value=-0.037056893840585546 0.0052382201106941128 -0.0070726218276902855 -0.0089034398357057867 0.0012873035413515197 -0.021134057333327422 0.030548667239743144 0.0017806707738142529 -0.017305777870414606 0.042797014162076062 -0.0025297658077040033 -0.006810087041603608 0.023303456312941458 0.026427905262936875 0.00052263726132357785 0.0049380985339565839 -0.0093156481054590783 -0.0012067143904108248 0.015245784089577717 0.021719400324091569 -0.018370983930408227 0.013044887083846471 0.015538651269112587 -0.0049735771826520106 -0.023545911780016398 -0.026225408224393589 -0.022292655308220218 -0.0017052313294544494 -0.059252425583859583 -0.0001575890783486742 -0.00073478876434095891
leaf_weight=46.155807060538791 9011.7568541279761 619.82331987866201 473.04876169376075 10203.788919007289 145.93628618866205 33.245790068758652 3307.1645575719886 57.603756940690801 20.437765715643764 4464.2208808776923 2442.0984397508 134.64540886296891 31.155801650602371 148.14025091694202 1258.5737582212314 1146.2713088296587 4016.4446379279252 110.99732162989676 191.61460365820676 125.76016320288181 51.196996288374066 151.27361516235396 1087.5973778134212 160.70449882629327 100.11080548539758 25.533592701889575 1865.4612257016706 28.986301318742335 162.41967891808599 5716.5098969356623
leaf_count=14339 67236 7377 4798 79698 1222 294 33235 776 89 43123 101290 2053 282 2586 10582 21559 65762 804 1242 1032 226 1413 13226 2421 493 121 39851 160 1300 45219
internal_value=0.000127383 0.00102939 0.00199309 0.0029994 -0.000339256 -0.00331334 -0.00169862 -0.0103298 0.00104397 -0.00370353 -0.00315419 0.000590403 -0.00672025 0.012212 0.000421059 -0.00422836 -0.00332546 0.000855641 0.00909978 0.000702264 -0.00878532 0.000621222 0.000109158 -0.0104643 -0.0158814 0.00664465 -0.00114048 -0.0313476 -0.0100852 0.000288819
internal_weight=47338.7 37506.2 27715.4 19361.6 8353.8 9832.46 9790.78 590.795 10349.9 5244.75 9786.31 2181.49 504.205 282.786 7763.01 7604.81 6458.54 7454.65 479.569 287.954 176.957 4546.04 4394.76 780.528 146.082 45.9714 1898.71 86.5901 308.356 6975.08
internal_count=563809 316075 215280 147637 67643 247734 100795 6016 80401 52921 233395 44784 5080 4639 61627 188611 167052 59105 3304 2062 1258 47874 46461 9798 703 210 40145 936 2522 55801
cat_boundaries=0 1 2 3 4
cat_threshold=50270 83164 12852 236896
is_linear=0
shrinkage=0.05


Tree=77
num_leaves=31
num_cat=12
split_feature=22 56 9 64 56 67 38 20 22 28 67 8 4 67 71 40 8 46 8 67 35 29 46 8 67 10 67 40 67 67
split_gain=66.603 22.1954 30.4551 39.8526 27.5584 27.0058 21.4712 19.0312 18.4808 18.0258 17.9474 17.5546 17.554 19.8192 17.0986 16.9705 20.3286 23.124 17.4725 21.5172 17.3705 16.5994 18.9882 18.2436 17.6127 17.5221 19.3639 16.6005 25.1356 16.2352
threshold=0.099767756080559877 -1.6099999999999994 562.50000000000011 3.0850000000000004 0.17000000000000007 0 3.5000000000000004 14.200000000000001 1.9076434590085467 3.7083333333333335 1 2 24.540000000000003 3 0.91900718380486224 -0.034999999999999691 4 0.30305624740556253 5 6 -0.10916666666666684 -0.11499999999999996 0.20190366497567039 7 8 47.650000000000013 9 0.020000000000000021 10 11
decision_type=2 2 2 2 2 1 2 2 2 2 1 1 2 1 2 2 1 2 1 1 2 2 2 1 1 2 1 2 1 1
left_child=12 10 3 7 14 -6 8 -3 15 21 -2 -7 13 -1 -5 16 17 20 19 -17 -4 25 23 -23 -24 -8 -27 -25 -29 -11
right_child=1 2 6 4 5 11 9 -9 -10 29 -12 -13 -14 -15 -16 18 -18 -19 -20 -21 -22 22 24 27 -26 26 -28 28 -30 -31
leaf_value=-0.0024656635834573132 -0.01292010266409466 0.014582437937510184 0.017485831883459479 0.001853066658858283 0.014724830476022709 -0.0059213646607504623 -0.012617603477868226 -0.0046689529176947896 0.02045278457451075 0.0012036135145686569 -0.00043837708161361305 0.0067475772407519039 -0.002905580584990743 -0.012467073646096881 0.0081968705639899001 0.0068767912792650644 -0.004881259712471173 0.019695599264616944 0.0039222653965752556 -0.0030976634483241201 -0.00055545739876831143 -0.0043148718723167558 0.016681393847204209 -0.0018337014598973234 0.0017825462329952209 0.020677632353336708 -0.010414496414408819 0.012753473816501366 -0.0011220975932290569 -0.0087935349984787411
leaf_weight=854.47028443611634 512.99099200591445 136.59073193697259 140.06326039799023 9934.2360217480455 984.74289251165465 332.38203308545053 537.83916997653432 2134.3305279718479 121.39717321121134 555.62240934325382 654.21790825715289 1406.7451337508392 4580.9510644034017 1230.4874134315614 1189.3557777267415 692.61423401720822 2301.3638896124903 162.11788866203278 5506.9956435720669 2338.5845985596534 2812.3613937012851 2508.6601399326464 283.8173875840148 1662.7255305505823 638.13875824026763 89.011614754796028 93.497547228820622 631.53366756788455 668.36150390072726 1529.5059720638674
leaf_count=40463 4662 1985 993 70248 6343 2145 5019 27939 2323 4703 5918 8639 130237 61635 8080 5857 18300 968 45051 18180 22849 22670 2167 14436 5174 545 566 5281 6316 13693
internal_value=-4.82834e-06 0.00075639 0.000957726 0.00262831 0.00363514 0.0081427 -0.000199228 -0.00351103 0.00102847 -0.0020778 -0.00603857 0.00430628 -0.00463659 -0.00843986 0.00253136 0.000859485 -0.00132986 0.00130579 0.00224822 -0.000803431 0.000300423 -0.000879474 -6.87323e-05 -0.0011873 0.00656932 -0.00807497 0.00531179 0.00147064 0.00570861 -0.006166
internal_weight=47225.7 40559.8 39392.6 16118.4 13847.5 2723.87 23274.2 2270.92 14075.5 9198.71 1167.21 1739.13 6665.91 2084.96 11123.6 13954.1 5415.91 3114.54 8538.19 3031.2 2952.42 7113.59 6393.24 5471.28 921.956 720.348 182.509 2962.62 1299.9 2085.13
internal_count=563385 331050 320470 125379 95455 17127 195091 29924 114521 80570 10580 10784 232335 102098 78328 112198 43110 24810 69088 24037 23842 62174 56044 48703 7341 6130 1111 26033 11597 18396
cat_boundaries=0 1 2 3 4 5 6 7 8 9 10 11 12
cat_threshold=892432 6695254 69763 3318315 144601 83344 12980356 237722 532722 13064585 11020045 2392078
is_linear=0
shrinkage=0.05


Tree=78
num_leaves=31
num_cat=4
split_feature=22 17 9 21 35 22 13 71 25 8 6 19 40 8 8 5 71 40 51 1 35 1 51 40 53 51 26 8 25 20
split_gain=68.0805 22.3195 21.5001 20.5462 20.411 21.4189 19.2936 18.5386 19.673 17.2865 17.1031 16.8367 16.2017 16.1789 15.2815 26.5626 18.6409 15.2688 15.206 19.7016 16.3134 15.0917 14.4381 14.2798 19.053 17.404 15.2601 19.5424 17.3594 17.0212
threshold=0.14633430096512764 6.5650000000000004 914.50000000000011 0.081108493073543217 -0.018333333333333975 0.88219995782416316 0.20500000000000004 -0.33099281619513782 0.097627367173119525 0 41.865000000000002 17.900000000000002 0.039999999999999598 1 2 30.440000000000001 -0.11099281619513766 -0.034999999999999691 0.018693221523410204 0.095000000000000015 -0.073333333333332792 0.10500000000000002 0.086581709145427302 0.069999999999999854 4.5000000000000009 0.10084745762711866 0.020129033598603695 3 0.04168023887079262 18.550000000000004
decision_type=2 2 2 2 2 2 2 2 2 1 2 2 2 1 1 2 2 2 2 2 2 2 2 2 2 2 2 1 2 2
left_child=7 2 6 4 5 17 10 -1 21 22 13 -11 -6 -2 -12 16 -16 -3 19 -17 -21 -9 -8 26 -25 -26 -15 28 -28 -30
right_child=1 3 -4 -5 12 -7 9 8 -10 11 14 -13 -14 23 15 18 -18 -19 -20 20 -22 -23 -24 24 25 -27 27 -29 29 -31
leaf_value=-0.007111712932843255 -0.00081651136741732369 -0.0010496112886121006 -0.0020096879433476821 0.02743327217417714 -0.0017751793026378152 0.01682860689387854 0.0083584473897085482 -0.004595608452921493 0.016844004545702663 -0.0051910817427463021 0.0096093579892482205 -0.03249288113155633 0.005564234638906645 0.0028580299943464214 -0.018683533357111697 0.0052130160026885352 0.00043487400856921719 0.0082300549329135126 0.0037865535880520929 -0.039271079039598214 0.045644359422800776 -5.7686549309474903e-05 -0.037411748743015137 0.0067653077197669213 -0.058115542424100233 0.010695186665600627 -0.00034513360493436022 -0.0045747067146766985 0.024737112801068828 0.004553976381490632
leaf_weight=2843.3579555432952 8856.269351264229 722.96585598960519 7260.9953800134826 90.361130741424859 2097.8015937177697 446.58141504833475 144.95414150645956 4430.4187735264422 130.73479599040002 109.55902011389844 1081.1569847308565 116.53469272633083 1172.0312758416403 5991.0264207329601 212.55185279110447 99.649448370095342 318.62178351311013 1145.8657543980516 855.3356237874832 6.1459504058584562 70.950542383827269 3124.121009857161 19.554219956509769 1818.8599243338685 21.827760013751686 15.870366398245094 1471.2349138758145 2021.5616178223863 146.67043703980744 362.9798437571153
leaf_count=103853 63192 5129 55901 636 17072 6257 889 110715 1558 857 7559 886 8927 43716 1513 717 2214 7807 5950 35 398 79019 152 12636 148 83 9681 13271 823 2372
internal_value=-0.000118347 0.000898988 0.000371249 0.0037817 0.00339905 0.006991 0.00109943 -0.00366237 -0.0023862 -0.00992121 0.00128378 -0.0184472 0.000855543 0.000800196 0.00507033 0.00185776 -0.00721545 0.00464017 0.0065454 0.0198964 0.0388751 -0.00271899 0.00275078 0.00200746 0.00603609 -0.0291472 0.00126104 -0.0011294 0.00239764 0.0103624
internal_weight=47206.5 36677.9 31002.3 5675.61 5585.25 2315.41 23741.3 10528.6 7685.27 390.602 23350.7 226.094 3269.83 20706.3 2644.41 1563.26 531.174 1868.83 1032.08 176.746 77.0965 7554.54 164.508 11850 1856.56 37.6981 9993.47 4002.45 1980.89 509.65
internal_count=563966 268821 222993 45828 45192 19193 167092 295145 191292 2784 164308 1743 25999 145922 18386 10827 3727 12936 7100 1150 433 189734 1041 82730 12867 231 69863 26147 12876 3195
cat_boundaries=0 1 2 3 4
cat_threshold=55821 47336 59587 131858
is_linear=0
shrinkage=0.05


Tree=79
num_leaves=31
num_cat=6
split_feature=22 5 35 1 17 8 68 34 22 17 55 55 30 15 22 9 41 9 68 8 8 15 40 19 46 17 9 17 8 21
split_gain=65.1566 28.0473 22.5803 19.3271 18.1926 18.2475 17.7325 17.5806 17.4003 17.1654 17.0439 16.9835 16.2853 16.1081 16.0478 15.2309 14.3994 14.3541 18.5328 22.6316 21.4568 17.1332 14.994 14.5301 14.4246 14.2703 14.06 22.0305 21.1862 20.211
threshold=0.11393472058094446 36.225000000000001 0.023333333333332987 1.0000000180025095e-35 3.9650000000000003 0 0.044900000000000002 0.044999999999999936 0.95414056801272362 4.1550000000000011 -3.4166666666666674 -4.0833333333333313 -1.0000000180025095e-35 1 0.027402438254846284 834.50000000000011 -0.10249999999999958 392.50000000000006 0.13395000000000004 2 3 4 -1.0000000180025095e-35 24.550000000000004 0.31132741158890925 6.9150000000000009 1143.5000000000002 5.4750000000000005 5 0.069748287898204142
decision_type=2 2 2 2 2 1 2 2 2 2 2 2 2 1 2 2 2 2 2 1 1 1 2 2 2 2 2 2 1 2
left_child=3 2 4 12 5 13 14 11 -3 -9 -7 -8 -1 -2 -5 -11 -14 18 19 -6 21 23 24 -20 -19 -13 27 -4 -29 -30
right_child=1 8 26 6 17 10 7 9 -10 15 -12 25 16 -15 -16 -17 -18 22 20 -21 -22 -23 -24 -25 -26 -27 -28 28 29 -31
leaf_value=-0.0035513001331912292 0.0077981433128250293 0.0018696206515539848 -0.0053221471539566453 -0.019339718392047369 0.0053061976656273201 -0.035812403040447936 -0.017647567474636316 -0.012535549473185843 0.0079711611996925499 -0.00032855842996263034 -0.0084502441889889902 0.00047714397151131283 0.010246345556155109 -0.0065317866506343584 -0.0061008233319836697 -0.0070811211151362982 -0.042621994589556157 -0.0020282579847307187 0.0019633268900654485 -0.0053498962652284909 0.0076858436375755873 -0.011990179720374639 0.0018101113939715684 0.041828738320114675 0.0088463944342743149 0.019937364310873784 -0.0084764930596401885 0.0095063474168141059 -0.0078588791226690581 0.0038380273752690514
leaf_weight=76.53930316545302 370.6641267046798 12953.345006746124 2335.4915369086666 312.71592255786527 907.49955984996632 62.619875758420676 124.69820195171633 637.29498093882285 1284.3224743781611 1733.2531709063333 624.44672519050073 2272.2128574431699 15.266329411417244 394.56444727536291 854.06958551669959 1611.5102909632842 82.371472161554266 6828.1607718783198 143.79746210854501 1080.646552688675 2370.5052796991076 269.48199896793813 6251.5720737660304 27.176590051501989 319.19328387081623 98.280427719466388 1026.2333875098266 609.09431214910001 679.9104740396142 808.40242427028716
leaf_count=2435 2815 98203 20045 41085 7025 524 3456 29688 12974 39622 4954 48211 171 3320 42505 44045 1715 54289 1035 9126 15377 1910 49696 164 1903 1274 9163 4890 5762 6544
internal_value=-0.000181169 0.000647222 -0.000357996 -0.00435025 0.000432306 -0.00495309 -0.00397499 -0.00295289 0.00242002 -0.0050149 -0.0107871 0.000337852 -0.0208192 0.00042045 -0.00964904 -0.00358195 -0.0343557 0.000862088 0.00320848 -0.000486087 0.00582158 -0.00428889 2.16793e-05 0.00784137 -0.00154261 0.00128396 -0.00320271 -0.00198181 0.0017377 -0.00149546
internal_weight=47165.3 39347.1 25109.5 7818.21 19650.3 1452.3 7644.04 6477.25 14237.7 3982.06 687.067 2495.19 174.177 765.229 1166.79 3344.76 97.6378 18198 4799.11 1988.15 2810.96 440.456 13398.9 170.974 7147.35 2370.49 5459.13 4432.9 2097.41 1488.31
internal_count=563926 309719 198542 254207 152138 11613 249886 166296 111177 113355 5478 52941 4321 6135 83590 83667 1886 140525 34637 16151 18486 3109 105888 1199 56192 49485 46404 37241 17196 12306
cat_boundaries=0 1 2 3 4 5 6
cat_threshold=78476 165 183188 228 69 151906
is_linear=0
shrinkage=0.05


Tree=80
num_leaves=31
num_cat=4
split_feature=22 1 17 9 5 48 17 71 61 9 17 9 8 20 35 24 40 8 65 36 6 8 26 27 24 8 53 6 3 57
split_gain=59.6715 24.5424 20.6013 18.6992 18.5229 18.9118 18.1692 18.0958 17.1982 16.0947 19.3015 19.1814 29.9096 16.5716 16.9063 16.662 16.0432 17.9072 20.9832 14.8903 14.6002 15.4946 18.2907 15.0444 16.2248 21.5702 16.1434 15.5649 14.7137 14.1723
threshold=0.13186623070446055 0.13500000000000004 3.7250000000000005 1100.5000000000002 34.370000000000012 5.9273159394562276 6.6650000000000009 -1.9674638128414725 2.5000000000000004 154.50000000000003 5.745000000000001 1269.5000000000002 0 21.650000000000002 -0.010833333333333249 0.043002191630710236 -0.039999999999999584 1 0.12420671401339139 0.68240016773576129 43.490000000000002 2 0.12609892210075685 0.34434682964094737 0.086668872392931071 3 5.5000000000000009 42.830000000000005 3.8650000000000007 -1.0000000180025095e-35
decision_type=2 2 2 2 2 2 2 2 2 2 2 2 1 2 2 2 2 1 2 2 2 1 2 2 2 1 2 2 2 2
left_child=2 9 -1 6 -3 7 8 -6 -4 -2 20 13 -13 14 16 -15 17 18 -12 -8 23 -22 -23 24 -11 -26 28 -27 -25 -16
right_child=1 4 3 -5 5 -7 19 -9 -10 10 11 12 -14 15 29 -17 -18 -19 -20 -21 21 22 -24 26 25 27 -28 -29 -30 -31
leaf_value=-0.01163223587853607 0.0042000022854271398 0.00098668877885895357 0.00107069919538392 -0.0076337929072198734 -0.051391895137082526 -0.05557164096935871 0.0027022500633836904 0.0056548834676149566 -0.0043836682576252096 -0.0036677617400126027 0.011405888906604962 -0.0079443036142064476 0.0037579906086319687 -0.020135899824635289 -0.0029523136168290052 -0.0014571399532104605 0.0071206216823089643 0.0050714723407371508 -0.00987708277615236 0.023679045673566632 0.012140962912778504 -0.0016702293782486087 0.047039458713388119 0.021606687816007584 -0.0060580048665397849 0.012674646765884515 -0.040975114857816651 -0.070448526128124314 0.00078002030002927245 0.002846543975556321
leaf_weight=745.34211445323308 2152.5675159897655 5504.3458552455413 2217.2095147921355 1713.8612749673193 13.94448755122721 12.721167257055638 346.90218001196627 4492.1162079509813 4150.8034035429591 8707.9683646871708 147.63866238575429 1295.2343368642032 932.7354514603503 139.04717092867941 1767.0347976919729 844.5567224402912 2897.1999855369795 1074.4658677218249 537.19328388385475 111.88388018682599 365.60637538414448 717.13352963887155 19.804865185171366 87.544406582601368 300.44314978178591 415.47992049949244 22.623562649823725 5.7091360045596948 2710.1501293554902 2609.8397427987074
leaf_count=50265 14941 39383 57171 45281 93 66 8038 31823 115189 65911 2266 11495 8065 1056 14809 5784 23236 8869 3590 1728 2594 5383 111 370 2051 2740 143 43 19916 20935
internal_value=-6.92225e-05 0.000813562 -0.00366017 -0.00296445 0.0029342 0.00530648 -0.00179221 0.00547835 -0.00248457 4.75989e-05 -0.00030159 0.00113215 -0.00306395 0.00206544 0.00273651 -0.00409766 0.00483362 0.00106741 -0.0052127 0.00781785 -0.00161641 0.00389468 -0.000356344 -0.00211243 -0.00307071 0.00413395 0.00109155 0.0112801 0.00143172 0.000505425
internal_weight=47059.1 37773.1 9286 8540.66 10023.1 4518.78 6826.8 4506.06 6368.01 27750 25597.4 12244.9 2227.97 10017 9033.37 983.604 4656.5 1759.3 684.832 458.786 13352.5 1102.54 736.938 12249.9 9429.6 721.632 2820.32 421.189 2797.69 4376.87
internal_count=563345 285673 277672 227407 71365 31982 182126 31916 172360 214308 199367 100105 19560 80545 73705 6840 37961 14725 5856 9766 99262 8088 5494 91174 70745 4834 20429 2783 20286 35744
cat_boundaries=0 1 2 3 4
cat_threshold=79052 84309 41098 114873
is_linear=0
shrinkage=0.05


Tree=81
num_leaves=31
num_cat=11
split_feature=22 71 9 12 67 56 56 9 8 67 4 40 67 8 9 29 8 67 59 31 22 71 41 67 8 56 31 67 21 67
split_gain=54.4751 19.9732 17.9443 18.4928 16.8164 15.8542 15.645 26.337 22.7371 22.0329 21.398 18.9141 26.4835 17.1136 22.7193 20.308 15.6656 18.6942 15.6029 15.3718 14.7263 14.7578 21.2022 22.6739 17.8653 17.511 17.3597 18.1664 16.9201 16.2203
threshold=0.13186623070446055 0.5090071838048621 776.50000000000011 1.0500000000000003 0 -1.7399999999999998 0.35500000000000004 868.50000000000011 1 2 16.060000000000006 0.044999999999999936 3 4 906.50000000000011 0.010000000000000007 5 6 0.20500000000000004 0.051623901428909102 0.58955684867296432 0.22428206726120384 -0.066031688437349065 7 8 -1.6699999999999995 0.076035919138845748 9 0.073531958745421594 10
decision_type=2 2 2 2 1 2 2 2 1 1 2 2 1 1 2 2 1 1 2 2 2 2 2 1 1 2 2 1 2 1
left_child=1 2 3 -1 -3 -5 11 8 9 18 -9 20 13 -13 15 -15 -12 -18 -8 -10 21 22 23 25 -25 -2 -24 -28 29 -23
right_child=6 4 -4 5 -6 -7 7 10 19 -11 16 12 -14 14 -16 -17 17 -19 -20 -21 -22 28 26 24 -26 -27 27 -29 -30 -31
leaf_value=-0.020309785385613212 -0.062756160900142979 0.0064562787928158869 -0.007452116329033311 -0.02713278664460167 -0.0027361992007619673 -0.0013857177898024791 0.0099533719954780341 -0.014107301279316848 0.0073045780124788677 -0.0058581725693440771 0.0038259454521330041 -0.0055091996990185993 0.0052205290364743494 0.0014405314999495081 -0.010649855961794774 0.016566364035582436 -0.0071381888028679858 0.0013044689803152112 -0.033979213800012564 0.022065991235208592 0.0015967892547990481 0.0014383132164199389 -0.0036863969205764009 0.0089023545276950417 -0.005323030063476712 0.010433291763595804 -0.0027169784706834311 -0.040058551292285347 0.002800610197795097 -0.0056115345639087587
leaf_weight=139.59755628946004 8.27663865406066 818.23406454292126 3182.8350501013338 60.738571613328531 1237.2595189582789 3829.2052863024292 471.52001972962171 240.31102501414716 2505.1176881014835 678.79426876828074 2768.908189778449 1242.1365245885681 3904.1527220366988 763.68175654439256 259.34084209299181 312.79594545462169 951.00310616195202 2058.9883877900429 21.115244075655937 189.72050565853715 6221.1077890296001 1589.081478826236 6312.5185546681751 277.17364089842886 951.57092016586103 649.44116219808348 78.578079564496875 57.987354973331094 3582.5551932225935 1663.847301923437
leaf_count=27674 75 19376 93547 2018 30586 104854 3020 1810 16643 4373 20516 10395 29414 5617 2278 2327 7521 15084 151 889 54531 11272 47640 1781 6926 4915 318 275 25378 12712
internal_value=2.81312e-05 -0.00340679 -0.00464594 -0.00242941 0.000941165 -0.00178774 0.00087121 0.00258023 0.00580039 -5.02281e-05 0.000511848 0.000265114 0.0026312 -0.00130536 0.00261555 0.0058357 0.00111977 -0.00137778 0.00790978 0.00831296 -0.000451842 -0.00129191 -0.0027041 0.0019584 -0.00206818 0.00936983 -0.00406796 -0.0217049 0.000430177 -0.00218046
internal_weight=47027.6 9267.87 7212.38 4029.54 2055.49 3889.94 37759.7 9885.48 3866.27 1171.43 6019.21 27874.2 6482.11 2577.96 1335.82 1076.48 5778.9 3009.99 492.635 2694.84 21392.1 15171 8335.55 1886.46 1228.74 657.718 6449.08 136.565 6835.48 3252.93
internal_count=563916 278055 228093 134546 49962 106872 285861 70007 25076 7544 44931 215854 50031 20617 10222 7944 43121 22605 3171 17532 165823 111292 61930 13697 8707 4990 48233 593 49362 23984
cat_boundaries=0 1 2 3 4 5 6 7 8 9 10 11
cat_threshold=8677986 1443 8895136 10420326 43952 220324 1211008 3513888 27 6720663 9978734
is_linear=0
shrinkage=0.05


Tree=82
num_leaves=31
num_cat=10
split_feature=22 17 17 22 9 9 17 70 64 67 59 36 67 8 65 67 8 56 20 22 67 8 22 9 8 27 15 8 24 0
split_gain=60.9026 22.3081 19.4456 21.3046 18.2261 15.981 21.6586 21.3676 27.2932 20.8332 22.6132 19.0686 24.3375 17.0336 17.0069 19.5298 16.0644 19.5438 15.0931 15.3611 14.9778 23.1995 20.4205 15.2221 16.4316 14.9337 14.8936 20.2469 14.7067 14.3175
threshold=0.16736081593049226 6.7550000000000008 5.3450000000000006 0.051831202693823672 828.50000000000011 914.50000000000011 5.4250000000000007 12.850000000000001 0.91499999999999992 0 0.19500000000000003 1.2247448713916009 1 2 2.6319513128436927 3 4 -0.6699999999999996 19.550000000000004 1.0735953908002867 5 6 0.4074751301636384 417.50000000000006 7 0.25527029252657324 8 9 0.086668872392931071 6.8150000000000004
decision_type=2 2 2 2 2 2 2 2 2 1 2 2 1 1 2 1 1 2 2 2 1 1 2 2 1 2 1 1 2 2
left_child=2 5 3 -1 -4 6 7 8 -2 25 18 20 -13 -14 -9 -16 17 -17 19 -11 22 -22 23 -8 -25 -10 -3 -28 -20 -27
right_child=1 26 4 -5 -6 -7 11 14 9 10 -12 12 13 -15 15 16 -18 -19 28 -21 21 -23 -24 24 -26 29 27 -29 -30 -31
leaf_value=-0.0099970598142444748 -0.010611960781536362 0.0087440033710507112 0.0024472429017498433 -0.0032734480098959677 -0.0032789269524429628 -0.0012766153232420332 0.0085897269469177272 -0.0036371018351625964 0.0014849636808918129 -0.0015976901589044232 -0.011917566535873479 0.015739739079931044 -0.0071680274626187389 0.0072572435984675724 -0.0098492966889755732 -0.047573585744165703 0.018839073451812297 0.020742866282765855 0.0043786196376954913 0.013947369297168844 -0.0038092544844576396 0.0035147306467057261 0.0083374130885665899 -0.010384712959087994 0.0024854967941215045 0.010487029023581996 0.010199814023107585 -0.00077388566137445453 0.026118175181259969 0.0024863956448896627
leaf_weight=1567.8509846747329 447.3421240010066 1441.6536458483897 2361.5592156674247 4740.2976080933586 3376.590278085554 7898.4133603943046 393.38141714036465 4202.1125060582999 2164.6057725166902 3185.8281288028229 384.88596527278423 630.46113053895533 280.06619907566346 695.56502161326353 116.2398600038141 22.759121908806264 244.30537601513788 19.386169394478202 836.39489147625864 167.2627951586619 1936.2002259723376 2422.9772123496514 1780.8393842475489 421.78688835818321 578.63141615921631 1385.1979685542174 563.21997724846005 1576.7742002602899 85.773386239074171 937.74476549890824
leaf_count=94979 5928 11463 46050 102587 72285 59574 2895 32503 15014 15829 2238 4869 2014 5004 835 192 1495 123 6462 1097 13981 17399 11981 3498 4577 6270 4452 12830 502 4259
internal_value=3.58062e-05 0.00109597 -0.00302859 -0.00494456 -0.000922298 0.000667433 0.00132532 0.000103331 0.00144699 0.0020367 -0.000308662 0.00322381 0.00817011 0.00308559 -0.00269645 0.00711935 0.0138649 -0.0130522 0.000735724 -0.000822253 0.00216934 0.000260389 0.0047747 0.000256922 -0.00301968 0.004463 0.00483353 0.00214826 0.00640067 0.00725727
internal_weight=46866.1 34819.8 12046.3 6308.15 5738.15 31238.2 23339.7 14199.8 9595.04 9147.69 4660.15 9139.91 1606.09 975.631 4604.8 402.691 286.451 42.1453 4275.26 3353.09 7533.82 4359.18 3174.64 1393.8 1000.42 4487.55 3581.65 2139.99 922.168 2322.94
internal_count=563185 247284 315901 197566 118335 218539 158965 92747 57599 51671 26128 66218 11887 7018 35148 2645 1810 315 23890 16926 54331 31380 22951 10970 8075 25543 28745 17282 6964 10529
cat_boundaries=0 1 2 3 4 5 6 7 8 9 10
cat_threshold=9834997 1816960 20835 2531552 66818 707810 203913 12823 232 53542
is_linear=0
shrinkage=0.05


Tree=83
num_leaves=31
num_cat=10
split_feature=64 9 56 67 17 5 8 35 67 25 67 51 21 4 17 67 67 56 71 67 19 9 67 1 8 57 17 11 67 71
split_gain=42.6561 33.5758 30.5174 26.151 25.1319 23.3103 20.5567 20.0559 23.3273 21.5196 20.263 19.9681 19.6052 18.7595 17.7543 20.2284 17.6634 17.1665 23.4941 19.7623 18.7187 15.6608 17.2502 22.0748 16.7882 15.6451 18.8585 18.593 22.2222 15.5058
threshold=2.8850000000000011 547.50000000000011 0.2349999999999999 0 5.9050000000000011 36.715000000000011 1 -0.015000000000000123 2 0.075426439232409395 3 0.38098693759071128 0.081305894275842436 8.4800000000000022 3.8950000000000005 4 5 -1.1699999999999995 0.19428206726120403 6 13.800000000000002 1019.5000000000001 7 0.065000000000000016 8 1.5308084989341916e-16 6.4250000000000007 44.250000000000007 9 -0.37099281619513785
decision_type=2 2 2 1 2 2 1 2 1 2 1 2 2 2 2 1 1 2 2 1 2 2 1 2 1 2 2 2 1 2
left_child=14 2 5 -4 21 11 -7 8 -6 -9 -11 13 -5 -2 -1 -16 -8 20 19 -19 -15 22 24 -24 -3 -17 27 -27 -29 -25
right_child=1 4 3 12 7 6 16 9 -10 10 -12 -13 -14 17 15 25 -18 18 -20 -21 -22 -23 23 29 -26 26 -28 28 -30 -31
leaf_value=-0.010168882739485003 -0.035719191461302591 -0.011986329603636185 0.01582648539339896 0.00059583368663395069 0.0070263117496548655 0.0083792971824258322 0.0056951018371846247 -0.0016018386007221584 0.00026557944289061323 0.012285061541979394 -0.00056541864493932161 -0.038754946330627364 0.010950817951886337 0.027929028728506774 -0.0092241996493639504 -0.0039447337144769236 -0.0031719797117147411 0.0025713175407911181 0.0049109799373678728 -0.0045087159086252045 -0.0047530715292498161 -0.0050364517663344628 -0.0030747738728882498 -0.0021619825694057077 -0.0022191217723481664 0.0033527627383737762 0.016327676228608121 0.0054571801070475929 -0.019995204442121554 0.0054351356144486662
leaf_weight=933.28743541060248 36.122715554665774 495.22216458758339 682.86316136131063 1225.9707380082691 2513.3305737908231 1941.1415640156483 1130.0230829126667 6408.8727693959372 2594.2353701147949 581.61768127465621 643.64174444135278 32.956601676531136 728.85397292138077 44.926944720791653 931.60451083088992 2142.7535861248616 1098.7466448792256 1946.897581949248 2938.8432850800455 1977.3780245918315 1766.0397112445207 3121.1399103674339 2184.7828781122807 922.47104017972015 3550.0332736395067 1238.7304794135271 213.60376394004561 143.15466980962083 199.96953316661529 2470.0442336208653
leaf_count=54963 753 5010 5608 9466 22273 14893 9147 64487 22268 5026 5943 213 5411 453 27189 58600 8705 16239 22961 15964 15299 42293 20396 9300 33119 36958 3767 1991 2751 22654
internal_value=0.000160986 0.000728403 0.00255933 0.00746017 -0.000388795 0.00155825 0.00463435 0.00118146 0.00360668 -0.000441111 0.00563022 9.11603e-05 0.00443399 0.000238141 -0.00385146 -0.00264074 0.00132913 0.000387884 0.00153048 -0.00100113 -0.00394229 -0.00195881 -0.000960552 0.000843511 -0.00344144 -0.00105728 0.00238281 0.000499779 -0.00979992 0.00336938
internal_weight=46839.3 41036.2 15550.8 2637.69 25485.4 12913.1 4169.91 12741.7 5107.57 7634.13 1225.26 8743.16 1954.82 8710.21 5803.1 4869.82 2228.77 8674.09 6863.12 3924.28 1810.97 12743.7 9622.55 5577.3 4045.26 3938.21 1795.46 1581.85 343.124 3392.52
internal_count=564100 377881 125112 20485 252769 104627 32745 119997 44541 75456 10969 71882 14877 71669 186219 131256 17852 70916 55164 32203 15752 132772 90479 52350 38129 104067 45467 41700 4742 31954
cat_boundaries=0 1 2 3 4 5 6 7 8 9 10
cat_threshold=9148416 115795 16126194 7386226 10620932 11441570 2813521 326754 33920 853793
is_linear=0
shrinkage=0.05


Tree=84
num_leaves=31
num_cat=8
split_feature=22 22 3 11 9 5 40 36 66 67 30 8 67 32 8 67 3 67 8 1 24 30 44 8 14 3 33 30 11 55
split_gain=53.3827 24.8264 28.6941 17.3761 16.5209 26.2468 16.0291 15.2075 14.6917 20.2769 23.2595 21.7304 16.8933 14.4799 21.8057 17.0974 16.0786 15.2463 14.4022 14.2632 14.2124 14.1474 15.9157 15.3753 21.5134 17.229 18.6135 16.9666 16.9417 20.9951
threshold=0.25128052685211544 0.054462291851959665 6.2150000000000007 81.15000000000002 1008.5000000000001 39.030000000000008 0.084999999999999978 0.48382062482264038 0.2325404679437337 0 0.14750000000000005 1 2 48.050000000000004 3 4 6.9150000000000009 5 6 0.13500000000000004 0.12112789338321255 0.075000000000000039 0.19592356026380023 7 2.5000000000000004 4.0050000000000008 0.38769861286254736 -0.17249999999999993 66.950000000000017 -6.5833333333333313
decision_type=2 2 2 2 2 2 2 2 2 1 2 1 1 2 1 1 2 1 1 2 2 2 2 1 2 2 2 2 2 2
left_child=1 2 -1 19 6 18 8 -4 12 10 11 -10 -2 15 17 16 -8 -15 -6 -3 -13 23 -23 27 25 26 -25 -14 29 -29
right_child=4 3 7 -5 5 -7 13 -9 9 -11 -12 20 21 14 -16 -17 -18 -19 -20 -21 -22 22 -24 24 -26 -27 -28 28 -30 -31
leaf_value=-0.0084951789204181696 -0.0020091565111117968 -0.0020590347207474287 -0.002504207188670309 -0.045141524126386917 -0.0054811873694782269 0.0046987654820005772 -0.00062688689643678407 0.01409213711201901 0.013208689828723461 0.0063141447271199917 -0.048884393495369299 -0.0088121904761277198 0.023186445490505914 0.013824225777278713 0.020156486122927676 0.0070610986975419027 -0.029648393748999226 -0.013420616031669009 -5.4345123774366369e-05 0.0013470175459147199 0.014942587412568162 0.01012761439236412 -0.0088233316210949275 0.018986159227551619 0.00011157655213501097 0.0043313477110928601 -0.039086916724715724 -0.067722000576038111 0.0017730043584438572 -0.0047181562304689437
leaf_weight=2437.776751102705 3591.2190017546527 10653.0244691915 361.10674560791813 22.405311590060592 2246.3306916882284 1678.8208397014532 538.84282584069297 223.43645860266406 190.39915475342423 3030.7916696071625 26.295056279748678 516.66711079562083 69.21457777172327 84.151233689859509 355.2825920265168 1312.6099593540421 52.363140719011426 103.11053616460413 2679.3468969734386 4320.1083845716785 71.704589719884098 850.09584981855005 127.39352006558329 309.59203815273941 4036.1374643705785 3397.8304696364794 14.441747331060467 13.321025031618772 1698.4502725907369 1793.1844477285631
leaf_count=126821 21504 168252 11641 136 16466 12443 3170 3781 971 15860 147 2937 406 450 2021 7843 435 650 19666 66171 340 5018 717 1306 26002 24489 161 81 13732 10373
internal_value=0.000159012 -0.00197538 -0.00610952 -0.00114215 0.0014949 -0.000700301 0.00214847 0.0038396 0.00167528 0.00445274 -0.00260092 -0.00107157 0.00100526 0.00596608 0.013172 0.00391256 -0.00314414 -0.00109725 -0.00254047 -0.00107631 -0.00581832 0.00188479 0.00765779 0.00138849 0.00263659 0.00538189 0.0163979 -0.00132428 -0.00181209 -0.00518274
internal_weight=46805.5 18017.9 3022.32 14995.5 28787.6 6604.5 22183.1 584.543 19736.7 3835.86 805.066 778.771 15900.9 2446.36 542.544 1903.82 591.206 187.262 4925.68 14973.1 588.372 12309.7 977.489 11332.2 7758 3721.86 324.034 3574.17 3504.96 1806.51
internal_count=563990 376802 142243 234559 187188 48575 138613 15422 124044 20255 4395 4248 103789 14569 3121 11448 3605 1100 36132 234423 3277 82285 5735 76550 51958 25956 1467 24592 24186 10454
cat_boundaries=0 1 2 3 4 5 6 7 8
cat_threshold=852240 49926 12330 138756 11573268 12597270 99793 213287
is_linear=0
shrinkage=0.05


Tree=85
num_leaves=31
num_cat=9
split_feature=22 17 21 9 23 64 8 9 12 67 17 26 67 56 68 21 25 8 19 64 67 33 67 67 8 65 56 67 54 68
split_gain=48.1484 23.6982 19.3203 17.9325 17.8844 20.2709 17.0977 16.9077 19.2552 16.8712 16.5075 15.8355 17.1622 15.5118 15.4459 15.1688 16.5932 16.1135 16.0474 20.4846 17.4004 15.4915 24.9329 23.1167 19.8693 18.5192 15.623 14.8914 15.8186 14.7805
threshold=0.28635755900987564 4.6750000000000007 0.072374858651775037 625.50000000000011 2.5000000000000004 9.1850000000000041 0 504.50000000000006 0.45000000000000007 1 6.2650000000000006 0.1529197362890202 2 -1.5049999999999999 0.045750000000000006 0.074090003922829564 0.07811173599320885 3 12.250000000000002 1.2000000000000008 4 1.7250254582484728 5 6 7 4.1135342213558603 0.32499999999999979 8 1.0000000180025095e-35 0.029099999999999956
decision_type=2 2 2 2 2 2 1 2 2 1 2 2 1 2 2 2 2 1 2 2 1 2 1 1 1 2 2 1 2 2
left_child=1 2 27 4 6 -6 -3 8 -4 -8 14 13 -13 -2 -5 21 18 -18 20 -20 -17 23 26 24 -15 -25 -23 -1 -29 -14
right_child=11 3 7 10 5 -7 9 -9 -10 -11 -12 12 29 15 -16 16 17 -19 19 -21 -22 22 -24 25 -26 -27 -28 28 -30 -31
leaf_value=-0.027621851459306835 -0.0049677101600488181 0.0094853601466892822 -0.031360816741588193 -0.010317907551019474 -0.0041864835133799197 0.0039836961073672498 -0.0092488026365215564 -0.0086266419315197025 -0.0015043663552574025 0.0058311984031022973 0.00077117178848488499 0.014437778865110185 -0.068890931811094944 0.0033390308418140254 -0.0027042782215888714 0.022759104463099866 -0.0076129348769828414 0.021415794641503609 -0.01434266392353413 0.0023347911691773203 -0.0077056356258537184 0.0049274885132191536 -0.0013167117443340509 0.0019613785330265497 -0.0053461573507551131 -0.011189407726440281 0.016795647245582065 -0.0072292335609710897 -0.080319272127137187 0.0023759728391280744
leaf_weight=133.93789169425145 1024.5653304534499 1076.0507793965517 54.842245971638476 752.60365931381239 1799.3521964324173 1313.2961774843279 305.04879641585285 1295.9834347068972 3525.4752437502902 441.03316013084259 3269.0888797978405 459.55091753415763 7.3701683972030869 813.06414401135407 5798.8769385830965 171.23799742152914 60.841070912778378 198.04608347639441 187.24585057096556 11039.164286947227 61.985572983510792 1151.0643037599511 1516.481964321807 5173.3130987279583 3374.4393858304247 282.31584196165204 365.28983528492972 431.55024212237913 7.5319303479045621 565.44307757541537
leaf_count=3356 7205 15614 17496 33854 30039 14297 4353 36639 81293 6705 46864 2401 32 5461 94025 1080 306 1025 1738 62478 505 6351 8249 40509 25944 1441 1996 9787 46 2887
internal_value=-9.80323e-05 -0.00193586 -0.00475363 -0.000895228 0.00156372 -0.000739301 0.00549786 -0.00373305 -0.0019617 -0.000375304 -0.00213084 0.00130578 0.00737628 0.00105923 -0.0035789 0.00131236 0.0026091 0.0151269 0.00232631 0.00205663 0.0153077 0.000113567 0.00323038 -0.000866693 -0.00365587 0.00127851 0.00773552 -0.0134386 -0.00829411 0.00143398
internal_weight=46656.1 20204.7 5449.32 14755.4 4934.78 3112.65 1822.13 4876.3 3580.32 746.082 9820.57 26451.4 1032.36 25419.1 6551.48 24394.5 11718.5 258.887 11459.6 11226.4 233.224 12676 3032.84 9643.13 4187.5 5455.63 1516.35 573.02 439.082 572.813
internal_count=563976 394368 148617 245751 71008 44336 26672 135428 98789 11058 174743 169608 5320 164288 127879 157083 67132 1331 65801 64216 1585 89951 16596 73355 31405 41950 8347 13189 9833 2919
cat_boundaries=0 1 2 3 4 5 6 7 8 9
cat_threshold=123484 5906599 2444058 196769 2193819 12150113 3220393 49192 12716164
is_linear=0
shrinkage=0.05


Tree=86
num_leaves=31
num_cat=8
split_feature=22 55 5 22 35 9 56 33 67 17 56 8 1 31 1 67 8 67 5 24 31 67 65 67 8 24 3 63 17 10
split_gain=48.1731 20.4826 18.9539 18.726 19.909 18.4403 27.3023 20.246 26.4912 16.584 16.0412 15.778 16.0788 16.1804 15.6142 17.4951 17.8342 15.381 15.3116 21.1405 30.1776 28.4117 23.2795 20.333 19.4471 15.8192 15.5948 15.2153 15.2087 15.6186
threshold=0.14633430096512764 -2.7499999999999996 39.745000000000012 0.054462291851959665 -0.028333333333333762 547.50000000000011 0.95499999999999996 2.0326996362827896 0 3.7650000000000001 -1.1699999999999995 1 0.025000000000000005 0.040946946075086366 0.12500000000000003 2 3 4 30.955000000000002 0.063304958266541381 0.034287380257672265 5 0.30488300366566373 6 7 0.052252840691769505 4.9050000000000011 -3.4999999999999996 5.8550000000000013 57.45000000000001
decision_type=2 2 2 2 2 2 2 2 1 2 2 1 2 2 2 1 1 1 2 2 2 1 2 1 1 2 2 2 2 2
left_child=2 17 3 4 -1 6 10 9 -9 -7 -3 -10 13 -13 15 16 -12 -2 -11 20 -20 -22 -21 24 -24 26 -23 -14 -26 -30
right_child=1 5 -4 -5 -6 7 -8 8 11 18 14 12 27 -15 -16 -17 -18 -19 19 22 21 25 23 -25 28 -27 -28 -29 29 -31
leaf_value=0.0012392430324846991 -0.007016690521179517 -0.0014563539764766936 0.0014395500446687387 -0.0024723254512459053 -0.0099658050189603865 -0.037140897809004862 0.014361631582333088 0.0078407159791924318 -0.0057112388270341178 -0.0023776029146367469 -0.016799744187199064 0.003881161852061134 -0.019503268877241395 -0.024314508593010372 0.005986473539547163 0.0026869420413991657 -0.00033603782149954907 0.00016748252628603704 0.00033244119682996752 -0.0037795391596822749 0.0009573461538813227 -0.0077556981633122943 0.013623165872121158 0.01100026972301487 0.0073303515109855548 -0.016156399707060062 -0.05885038998151966 0.0079840150798337721 -0.012123417560385234 0.030270183359130415
leaf_weight=498.03131088925875 1331.1477709636092 2339.5693899613107 1984.7735718114272 5895.6549771361751 1943.1281842527096 30.725939594674855 485.77410939172842 1864.2363893152215 824.08937330986373 6007.7973791798577 224.3994460713584 109.56978828366846 53.56535490276292 94.996828781440854 3269.6441067358246 6321.7293601734564 564.34457962703891 1684.1137882396579 6987.845269459649 637.45582696422935 254.51804972626269 21.523086497560143 206.78562699258327 1283.0762902507558 199.45743637811393 233.6948381322436 48.779083891771734 837.43848908320069 369.07559043169022 23.085009013302624
leaf_count=15657 9444 18675 53170 124070 102476 263 2942 13730 6113 46133 1834 968 474 527 21715 44539 4287 12063 59095 5248 1267 129 1187 7272 1229 1199 229 5837 2154 127
internal_value=6.24654e-05 0.000919324 -0.00295172 -0.00399717 -0.00767982 0.00127671 0.00272804 0.000322628 0.00361758 -0.000442086 0.00228375 -0.000521752 0.00339814 -0.00921237 0.00312673 0.00181171 -0.00517168 -0.00302683 -0.000372794 0.000800527 -0.00056146 -0.0117455 0.0045807 0.00714103 0.000791349 -0.0216985 -0.0432077 0.00633153 -0.00384559 -0.00962787
internal_weight=46630 36308.4 10321.6 8336.81 2441.16 33293.2 13205.5 20087.7 3783.9 16303.8 12719.7 1919.66 1095.57 204.567 10380.1 7110.47 788.744 3015.26 16273.1 10265.3 7546.36 558.515 2718.94 2081.48 798.404 303.997 70.3022 891.004 591.618 392.161
internal_count=564053 268680 295373 242203 118133 247173 93992 153181 27649 125532 91050 13919 7806 1495 72375 50660 6121 21507 125269 79136 61919 2824 17217 11969 4697 1557 358 6311 3510 2281
cat_boundaries=0 1 2 3 4 5 6 7 8
cat_threshold=12281121 164982 3145760 4255 9134138 9124056 1692052 168102
is_linear=0
shrinkage=0.05


Tree=87
num_leaves=31
num_cat=11
split_feature=64 35 61 1 67 67 11 67 9 8 5 4 13 67 5 67 46 67 31 56 5 8 36 29 67 71 67 8 65 55
split_gain=34.4693 23.0672 22.8116 24.7578 26.263 20.6353 18.7226 18.3645 18.452 18.6211 19.4843 17.5285 17.0552 21.365 25.8001 16.3931 16.3292 17.507 16.1363 14.7545 14.6909 16.8162 14.2682 23.7368 13.9573 13.7263 15.5945 19.0487 16.6931 14.7687
threshold=7.8450000000000015 0.023333333333332987 2.5000000000000004 0.115 0 1 50.150000000000013 2 1110.5000000000002 3 11.190000000000001 57.975000000000001 0.18500000000000003 4 26.625000000000004 5 0.1245530291729708 6 0.054843355156350165 -1.9099999999999997 45.245000000000012 7 0.74283362996151536 0.045000000000000026 8 0.76068456118237904 9 10 4.8614600619769659 -2.7499999999999996
decision_type=2 2 2 2 1 1 2 1 2 1 2 2 2 1 2 1 2 1 2 2 2 1 2 2 1 2 1 1 2 2
left_child=2 6 3 5 -5 -1 15 8 9 10 -3 -12 19 14 -14 -2 18 -18 -4 -8 -9 -22 -20 -24 -23 26 27 28 29 -21
right_child=1 7 16 4 -6 -7 12 20 -10 -11 11 -13 13 -15 -16 -17 17 -19 22 25 21 24 23 -25 -26 -27 -28 -29 -30 -31
leaf_value=0.0024915291110748799 -0.00067034219153439228 -0.031218794800047318 -0.0049886241029774856 0.011745213967059952 8.3855782792425108e-05 -0.0049373202340411071 -0.010728575499418837 -0.0050281809659730985 -0.0050763899918957779 0.0061931487366993568 0.00038063264869481282 -0.042603164175777745 0.025783058899795833 -0.0044762089408957569 0.000727967753736868 0.014090124105267937 -0.0061924572220962782 0.0039107479188812558 0.031939612661164837 -0.010559867047953721 0.023018002710320076 -0.02398033156317865 -0.046173414683945729 0.060833204666222773 0.0075615620922380349 0.0053793531979628327 0.00026814212865766321 0.0052171940789807435 -0.018761851546438744 0.0019539694745994325
leaf_weight=1580.918512789387 293.38289909693412 55.149558281991631 6766.7271769755171 823.66000328243535 1157.9673745928885 2264.0782283689769 228.35830241721123 3234.4487962038256 953.80914089945145 1704.4428534631152 961.70198985619936 24.317616878543049 131.12303544138558 2226.5333153908141 474.7835398564348 539.3701900227461 636.60438196233008 1263.2701994637027 54.649287648964673 257.03648475836962 93.764874052023515 44.343586382456124 17.188976111821834 7.4195450944825998 91.134923336561769 2697.2602304208558 10277.617174802814 4771.5712277120911 111.61285780929029 2850.6877993231174
leaf_count=28523 3110 480 166470 15896 23460 39689 1819 33040 10392 12849 7735 192 921 15819 3425 5041 8794 18377 328 2020 859 462 91 30 872 21342 77289 40048 829 23783
internal_value=4.28582e-05 0.000960254 -0.00197308 0.000450591 0.00499057 -0.00188922 0.00168061 -0.00153971 0.000912336 0.00299611 -0.00227523 -0.000679451 0.00142515 -0.00221887 0.00605024 0.00905109 -0.00358777 0.000513386 -0.00472591 0.00191215 -0.00414929 0.00807012 0.0177037 -0.0139106 -0.00370116 0.00204983 0.00155824 0.00321316 0.000235907 0.000918964
internal_weight=46594.9 32022.5 14572.5 5826.62 1981.63 3845 24859.3 7163.11 3699.42 2745.61 1041.17 986.02 24026.6 2832.44 605.907 832.753 8745.86 1899.87 6845.98 21194.1 3463.69 229.243 79.2578 24.6085 135.479 20965.8 18268.5 7990.91 3219.34 3107.72
internal_count=563985 262327 301658 107568 39356 68212 195446 66881 31648 21256 8407 7927 187295 20165 4346 8151 194090 27171 166919 167130 35233 2193 449 121 1334 165311 143969 66680 26632 25803
cat_boundaries=0 1 2 3 4 5 6 7 8 9 10 11
cat_threshold=3451147 5363073 2143007 207240 5373988 2415880 2523166 105761 12992512 13524040 116320
is_linear=0
shrinkage=0.05


Tree=88
num_leaves=31
num_cat=6
split_feature=17 17 9 56 35 9 4 8 8 1 8 68 0 64 18 41 25 8 68 40 61 35 17 8 25 34 9 19 29 8
split_gain=28.8887 26.2226 26.0237 28.3469 25.5904 18.5384 17.3454 17.5952 16.3984 15.8368 17.2865 15.2468 15.2323 14.9793 17.0223 14.7982 16.5477 14.4161 14.3987 14.1847 13.809 13.9108 15.3992 15.5636 13.31 12.9402 12.9216 12.895 13.1122 13.0083
threshold=2.1150000000000007 6.5650000000000004 634.50000000000011 0.11499999999999978 0.051666666666666312 697.50000000000011 15.105000000000002 0 1 0.115 2 0.045750000000000006 7.2250000000000005 3.0850000000000004 5.9000000000000012 0.14333333333333401 0.0018083714846304777 3 0.029350000000000005 -0.41499999999999998 3.5000000000000004 -0.023333333333332981 7.0850000000000009 4 0.10096367409450439 0.19999999999999976 684.50000000000011 24.400000000000002 0.23500000000000007 5
decision_type=2 2 2 2 2 2 2 1 1 2 1 2 2 2 2 2 2 1 2 2 2 2 2 1 2 2 2 2 2 1
left_child=-1 2 3 13 6 9 17 11 12 10 -3 -8 19 14 -2 -9 -17 -4 -15 -5 -7 -22 -23 -24 -13 -10 -18 -20 29 -29
right_child=1 5 4 8 -6 20 7 15 25 -11 -12 24 -14 18 -16 16 26 -19 27 -21 21 22 23 -25 -26 -27 -28 28 -30 -31
leaf_value=-0.031506390057435739 0.0028708280457250077 0.0091210720705429803 -0.018547889819968518 0.075592671152991009 -0.0073924117132103014 0.0039685977839834614 -0.0078351697787921084 -0.0026953263761420009 0.0016355972462982885 0.016602806166055244 -0.0050873116873381592 0.0013949583393022794 -0.080744996790977241 -0.032630727621235624 -0.0055791636680568545 0.021116123321624099 -0.049262991624607531 -0.001611303631312358 3.599054281044181e-05 0.0073360227564211429 0.0044241959223271987 -0.0067803836982447702 -0.014160079947497007 0.0081607025519803977 0.025106515981058397 -0.030682535962489911 0.0018540363200009243 -0.00072840692417659866 0.035318179344088922 0.0077150033866349582
leaf_weight=72.525473080444499 814.04075994490995 677.14979199948721 248.35229625005741 7.6374573559733099 1832.0119038551638 2883.9083233871497 456.90240277472185 8830.6579613605281 1994.4695615886012 394.57642939686775 305.57093883072957 6531.0486556551768 4.8932688420754848 32.604160220827907 2225.0952583153266 140.3375501477276 13.615758784231728 262.72481146332575 12056.936103233136 2238.4796615715895 764.99925373715814 1182.4902877737768 88.179995987564325 386.08346912125126 59.724122690968215 31.461970689008012 134.3739090168383 832.51482553198002 33.882114244624972 1005.3693635279778
leaf_count=13793 32011 6423 4497 57 35090 27759 15757 108201 25097 3584 3164 66910 69 324 44212 971 211 4180 97822 30222 7336 13238 1091 3813 435 570 2088 6943 312 8298
internal_value=2.55275e-05 7.47391e-05 -0.000412043 0.000780639 -0.00178306 0.00297281 -0.00116688 -0.000880184 0.00441918 0.00814146 0.00474411 0.000996093 0.00734352 -0.000134739 -0.00331581 -0.00232882 0.00881556 -0.0102359 0.000557726 0.00756812 0.00163107 -0.00115253 -0.00372756 0.00388409 0.00160983 0.00112814 -0.00284898 0.000635413 0.00449658 0.00392837
internal_weight=46542.6 46470.1 39787.1 21277.4 18509.7 6682.96 16677.7 16166.7 4276.94 1377.3 982.721 7047.68 2251.01 17000.4 3039.14 9118.99 288.327 511.077 13961.3 2246.12 5305.66 2421.75 1656.75 474.263 6590.77 2025.93 147.99 13928.7 1871.77 1837.88
internal_count=564478 550685 484277 245937 238340 66408 203250 194573 56015 13171 9587 83102 30348 189922 76223 111471 3270 8677 113699 30279 53237 25478 18142 4904 67345 25667 2299 113375 15553 15241
cat_boundaries=0 1 2 3 4 5 6
cat_threshold=135741 123436 44315 66985 560 6092
is_linear=0
shrinkage=0.05


Tree=89
num_leaves=31
num_cat=1
split_feature=17 34 55 40 26 12 46 29 13 66 9 56 71 6 64 4 30 25 55 17 34 56 1 31 35 13 15 21 0 65
split_gain=26.009 25.3966 25.0396 20.8166 17.4391 19.2922 16.399 18.7484 15.7877 15.6224 15.1121 21.706 17.6451 15.0253 14.8949 15.8462 14.3791 14.8509 14.0759 13.691 23.4495 14.6949 14.2793 18.5286 13.6794 13.5983 13.5359 15.121 15.2663 13.3095
threshold=1.9450000000000001 0.044999999999999936 -3.9166666666666674 0.044999999999999936 0.093113056223900009 16.450000000000003 0.11066996638542871 -0.010000000000000002 0.14500000000000005 0.38981233828531564 839.50000000000011 -0.61999999999999988 -0.71571793273879603 10.130000000000001 7.8450000000000015 15.105000000000002 -0.097499999999999962 0.090940417267088541 -4.2499999999999991 5.4050000000000011 0.010000000000000233 -0.62999999999999956 0.025000000000000005 0.063920233497439402 -0.073333333333332792 0.19500000000000003 0 0.087924826334838155 6.8350000000000009 0.23567470668994187
decision_type=2 2 2 2 2 2 2 2 2 2 2 2 2 2 2 2 2 2 2 2 2 2 2 2 2 2 1 2 2 2
left_child=-1 2 -2 6 8 -6 7 16 -5 10 11 13 -13 25 -12 -16 -3 18 -18 26 21 22 23 -21 29 -4 -15 -28 -29 -11
right_child=1 3 9 4 5 -7 -8 -9 -10 24 14 12 -14 19 15 -17 17 -19 -20 20 -22 -23 -24 -25 -26 -27 27 28 -30 -31
leaf_value=-0.036395677035131822 -0.0063152213412094749 0.00031542111546527333 0.01287503052842966 0.0076812258786357907 0.026991285164570944 0.0049276657398023361 0.00095723804048348452 -0.0016428300891953745 -0.0006181329110317654 -0.014439905727127018 -0.0054906114752979584 -0.0018066768215105453 0.0045936340674471773 0.00093660335141484844 -0.019899008792048138 0.00085829427421882766 -0.03119744120970333 0.024865257884912173 -0.0073856235374533457 -0.00095445325701838484 -0.0046622056549975345 -0.035974764653850397 0.011619038056692227 -0.08655901880042445 0.004240156123506803 -0.042552101909193202 -0.0069146711406152363 0.014451589253460285 -0.016216735057193812 0.019970951246936625
leaf_weight=48.731999979092507 1030.5887274193228 735.04736087756464 281.18701245053671 640.20767762197647 112.61778500350192 823.94434598484077 3542.4786694730865 8675.5850961393298 5460.0663594135694 31.53084313031286 1302.6363687108969 1251.5359297637333 7716.0149665712379 1474.9214053395262 93.623314503114671 5126.2837201231159 63.47732420853572 34.973042216151953 2784.900722453167 170.91624757880345 623.18489306943957 18.808310268912464 766.22975829720963 6.5637960769236079 1331.8545339694247 11.51907900063088 1788.4644572495017 166.42742959572934 53.662173068441916 258.27055362286046
leaf_count=11316 11970 9051 2593 6591 970 6639 42534 109806 85187 161 24862 16278 74845 16084 847 47689 1496 284 47533 1604 6279 155 6564 29 8968 137 19145 1850 691 1391
internal_value=0.000113046 0.000151408 0.00130565 -0.00103467 0.00122816 0.00758073 -0.00204014 -0.00290383 0.000252863 0.00165512 0.00128749 0.00219563 0.00370039 -0.000321023 -0.000707611 0.000485995 -0.00592723 -0.00751866 -0.00791628 -0.000957043 0.00289432 0.00778681 0.00865898 -0.00412039 0.00638229 0.0106938 -0.00271021 -0.00536608 0.00697405 0.016227
internal_weight=46426.3 46377.5 23504.2 22873.3 7036.84 936.562 15836.5 12294 6100.27 22473.6 20852 14329.4 8967.55 5361.88 6522.54 5219.91 3618.4 2883.35 2848.38 5069.18 1585.7 962.518 943.71 177.48 1621.66 292.706 3483.48 2008.55 220.09 289.801
internal_count=563549 552233 242142 310091 99387 7609 210704 168170 91778 230172 219652 146254 91123 55131 73398 48536 58364 49313 49029 52401 14631 8352 8197 1633 10520 2730 37770 21686 2541 1552
cat_boundaries=0 1
cat_threshold=177
is_linear=0
shrinkage=0.05


Tree=90
num_leaves=31
num_cat=7
split_feature=22 46 67 61 9 17 17 22 1 5 26 67 8 67 51 8 18 50 32 30 59 24 67 8 22 66 1 6 26 33
split_gain=36.7441 22.7032 22.2579 17.5839 15.4067 18.4823 17.1485 17.7284 14.2754 14.0082 16.8083 15.1676 12.6968 13.8064 12.6699 14.51 13.6867 20.5885 16.5326 12.8325 12.6546 12.6226 14.8244 13.0658 13.2043 12.604 12.5112 12.816 12.3433 12.1918
threshold=0.25535429025034145 0.1145068103577309 0 3.5000000000000004 834.50000000000011 3.7250000000000005 5.9750000000000005 0.0390861438386177 0.075000000000000025 40.545000000000009 0.076963099335627963 1 2 3 0.04124149659863946 4 10.050000000000002 51.500000000000007 18.750000000000004 -0.10749999999999996 0.17500000000000002 0.089858445317517924 5 6 0.78434855209300725 0.50243753899171162 0.10500000000000002 39.960000000000008 0.1529197362890202 1.3142314847110803
decision_type=2 2 1 2 2 2 2 2 2 2 2 1 1 1 2 1 2 2 2 2 2 2 1 1 2 2 2 2 2 2
left_child=1 4 -3 14 5 -1 7 -6 -4 10 -7 -11 13 -8 16 -16 17 18 26 -20 -15 22 23 29 -25 -9 -2 -28 -17 -19
right_child=3 2 8 -5 6 9 12 25 -10 11 -12 -13 -14 20 15 28 -18 21 19 -21 -22 -23 -24 24 -26 -27 27 -29 -30 -31
leaf_value=-0.0076307480138387025 0.033864510355437596 0.0045802302754040002 -0.0064934763798272267 -0.00016581329778656679 -0.017690557757575647 -0.0029025228625546651 -0.003888815026138092 -0.0065961757121424484 0.0014005912847727638 0.012344597366582052 0.0035541575116344697 0.00060144793601095989 -0.0041503340525217208 0.02005626001816441 0.0029400831980611452 -0.0021648998032193847 0.0029713883889819436 0.05492408590240664 -0.060524640074951834 -0.010053074137571665 -0.00090034380273929589 0.035760750901135403 0.0046860778203958965 0.014643487311521078 -0.045001479426944054 0.018840976504162499 -0.039982543231076376 0.05399907490487918 0.013353259262653246 0.017968653658337757
leaf_weight=1087.9032535509177 36.882885626982898 2466.2191419753945 1065.9624462641077 12703.499206139124 381.58097522688331 5181.6544420161808 247.86736650054809 2183.9856072653783 1237.6198485064087 375.01491830602754 1251.3913884880021 979.87481128744548 1278.4142742059194 191.66793957911432 3752.1160235824063 3290.1261110982159 7539.6513041106518 53.780583395622671 14.273955221287904 106.99557463545352 115.4111271831207 58.205444045830518 380.78810356371105 153.27281292155385 9.8770644776523095 49.808822471415624 14.216856664046647 4.8701491169631472 133.33501812256873 38.148545475676656
leaf_count=54100 249 37966 17601 83454 21896 111870 4146 45606 20335 6312 14546 18306 20764 2505 23097 21301 50488 305 101 779 2364 317 2559 1075 49 634 90 25 692 225
internal_value=8.94995e-05 -0.00167014 0.00129004 0.00121497 -0.00272979 -0.00152611 -0.0051313 -0.0077304 -0.00224258 -0.000673351 -0.00164653 0.00394734 -0.00142357 0.00484548 0.00234034 0.000796953 0.00365705 0.00959019 -0.00561942 -0.0159938 0.0117959 0.0134741 0.0114341 0.0205195 0.0103954 -0.00602898 0.0168587 -0.0160026 -0.00155596 0.0357045
internal_weight=46384.4 18094.4 4769.8 28290 13324.6 8875.84 4448.74 2615.38 2303.58 7787.94 6433.05 1354.89 1833.36 554.946 15586.5 7175.58 8410.96 871.312 177.239 121.27 307.079 694.073 635.867 255.079 163.15 2233.79 55.9699 19.087 3423.46 91.9291
internal_count=563757 378951 75902 184806 303049 205134 97915 68136 37936 151034 126416 24618 29779 9015 101352 45090 56262 5774 1244 880 4869 4530 4213 1654 1124 46240 364 115 21993 530
cat_boundaries=0 1 2 3 4 5 6 7
cat_threshold=1959209 8389655 34965 8783673 28225 3162515 20589
is_linear=0
shrinkage=0.05


Tree=91
num_leaves=31
num_cat=7
split_feature=22 5 22 40 35 12 8 71 67 41 8 67 4 66 67 0 5 36 24 11 34 15 22 29 44 55 31 8 55 4
split_gain=46.2989 19.3044 16.0437 16.0091 15.3651 15.8148 13.893 13.864 16.1401 14.7953 14.3107 25.1489 21.1638 16.5371 14.3971 18.8138 14.6474 15.6177 14.0763 17.8635 18.8844 14.7801 27.9604 14.6896 14.65 16.6687 14.5601 14.0611 14.0482 13.5848
threshold=0.16084867136449885 35.465000000000011 1.6777501848701686 -0.044999999999999922 0.04500000000000038 34.750000000000007 0 0.65900718380486245 1 -0.085714285714284952 2 3 8.4800000000000022 0.1708288141720897 4 7.1650000000000009 30.440000000000001 -1.6979054399120341 0.10095825899884565 62.650000000000013 0.069999999999999854 5 0.43185293792248053 0.26500000000000007 0.097912473283393184 -7.5833333333333313 0.060254392793122592 6 -3.0833333333333317 51.230000000000011
decision_type=2 2 2 2 2 2 1 2 1 2 1 1 2 2 1 2 2 2 2 2 2 1 2 2 2 2 2 1 2 2
left_child=1 4 3 -2 -1 -6 -3 10 -9 -10 11 28 -13 -14 15 16 17 -12 24 23 21 -21 -23 27 25 -16 -26 -20 -5 -22
right_child=2 6 -4 7 5 -7 -8 8 9 -11 14 12 13 -15 18 -17 -18 -19 19 20 29 22 -24 -25 26 -27 -28 -29 -30 -31
leaf_value=-0.003459672959485573 -0.00097270463586005397 0.0034304843495776881 0.0098094489415496734 -0.0067897833454364223 -0.0091065637711317173 -0.052325936384801312 -0.0024259936295805296 0.00031377056735665113 0.02080741822941996 0.0056099004263408577 -0.051012767333793535 -0.039792054269572004 -0.0016912945519525968 0.0048364255268572628 -0.056062888134324411 -0.076492554006814373 -0.000343983026529727 -0.0059012417368339131 -0.0018330292084336799 -0.01900989403510376 0.027003000130190233 -0.016791232592859369 0.023070615886541343 -0.078509862755012358 -0.0015598473457155873 0.0022575860052763239 -0.016406809010695356 0.029942955992864992 0.0064836171430055142 -0.01093427874172101
leaf_weight=6031.7075596458162 10027.023176936083 1634.4260343814676 491.30682299099863 212.12986943731084 1038.1360386712331 21.606862021610141 2625.9465557697913 1714.2491077375598 172.50993127468973 2234.6352021207567 19.449706440791488 33.09927052736748 3125.5544829971623 1406.9885315760039 12.283749920316039 8.57869043946266 2923.6239750351524 1414.7826869286364 52.508636496029794 102.1670557949692 100.45138069940731 83.034379745833576 93.558723176829517 3.6524698808789244 2393.6681547299959 4712.681720297318 177.3667981363833 139.37816739175469 3306.4842641653959 30.842594492249191
leaf_count=159049 70150 41522 8673 1524 40361 178 69222 12249 1100 15772 170 276 23732 8928 107 66 20971 10416 347 617 580 597 433 18 16462 34681 780 791 23955 204
internal_value=-6.23923e-05 -0.00283706 0.000837743 0.000709981 -0.00443523 -0.00998775 -0.000176889 0.00139939 0.00404392 0.00667133 0.000863864 0.00249549 4.40319e-05 0.000335035 -0.000213189 -0.00251416 -0.00237429 -0.006513 0.0010599 0.00838625 0.00245619 -0.00490772 0.00409558 0.0208218 0.00045324 0.00210597 -0.00258409 0.0227126 0.00566729 0.0180911
internal_weight=46343.8 11351.8 34992 34500.7 7091.45 1059.74 4260.37 24473.7 4121.39 2407.15 20352.3 8084.26 4565.64 4532.54 12268 4366.44 4357.86 1434.23 7901.59 605.593 410.054 278.76 176.593 195.539 7296 4724.97 2571.03 191.887 3518.61 131.294
internal_count=563931 310332 253599 244926 199588 40539 110744 174776 29121 16872 145655 58415 32936 32660 87240 31623 31557 10586 55617 3587 2431 1647 1030 1156 52030 34788 17242 1138 25479 784
cat_boundaries=0 1 2 3 4 5 6 7
cat_threshold=37468 13273880 182823 5395800 1200994 140 8200
is_linear=0
shrinkage=0.05


Tree=92
num_leaves=31
num_cat=8
split_feature=22 17 69 9 9 48 56 5 3 67 41 67 67 46 66 56 61 65 6 67 67 8 71 67 64 30 67 64 55 40
split_gain=39.7239 22.3644 27.9131 27.8442 21.1304 30.4002 20.7161 20.1011 19.7944 19.6054 17.2675 17.0179 16.4589 17.2786 16.2981 15.9171 15.6061 19.0039 17.681 18.906 16.9073 16.5323 19.2602 24.6758 15.2483 14.9228 14.9046 15.0652 14.8045 14.6195
threshold=0.063781550543110674 5.4250000000000007 3.5000000000000004 664.50000000000011 360.50000000000006 4.0525630810092972 1.9150000000000005 39.140000000000008 6.2950000000000008 0 -0.10963624338624366 1 2 0.086774673138309513 0.39958140675353798 -0.76500000000000001 1.5000000000000002 1.5042736800962737 39.960000000000008 3 4 5 0.094282067261203931 6 49.465000000000011 -0.13749999999999993 7 19.835000000000004 -4.0833333333333313 -0.05000000000000026
decision_type=2 2 2 2 2 2 2 2 2 1 2 1 1 2 2 2 2 2 2 1 1 1 2 1 2 2 1 2 2 2
left_child=8 2 4 6 5 14 12 29 -1 25 -8 -9 13 -3 15 -2 17 20 19 -18 -6 -20 23 -23 -22 -4 27 -7 -14 -5
right_child=1 3 9 7 16 26 10 11 -10 -11 -12 -13 28 -15 -16 -17 18 -19 21 -21 24 22 -24 -25 -26 -27 -28 -29 -30 -31
leaf_value=-0.0067476834683681741 -0.0012106650970548291 0.0040497868607785505 0.047712340326169014 -0.003810465309226207 0.012793620807909752 -0.060398306143176039 -0.072803777575450063 0.0068514337884272945 0.0031421775318277198 -0.012233847899556734 0.035896993756199869 0.00018656086163457988 -0.0094778337765192983 -0.0037184457088695905 0.015279379418341175 0.0033556966016654588 -0.00712947201991815 -0.0071799666280834284 0.0067603499131662793 -0.0016749858530338809 0.00053964118781221889 0.0039687218845777172 0.0059126379153993033 -0.023975295372326642 0.037495900513418653 -3.4121863815027179e-05 -0.024571429597924646 0.022076414838313116 0.006343952706681897 0.00026829992219172516
leaf_weight=2977.5325404480536 3127.354893712909 1760.2883347254246 17.365276485215873 2903.4878303413279 424.52739033312537 6.4939500964246681 3.852883454412221 1859.9038780331612 609.51235903787892 843.42635463608894 70.584293387830257 1975.8353992669145 153.42056543356739 1206.4091599266976 223.00570599688217 4896.0361557670694 2794.2717921802541 459.65884002298117 807.37440982065164 3713.3468579588225 1258.147579108132 136.4676128635183 253.44491691165604 180.5471012883354 28.544900326989591 284.00991145311855 150.83009553933516 37.5740861678496 4072.4476202611113 9027.9631154219969
leaf_count=147309 31172 16239 89 26783 3781 55 23 16994 16473 8514 528 18173 1297 9047 1703 45669 28455 5344 7886 37010 11248 1201 2449 1911 263 2627 731 155 34360 86408
internal_value=-1.35774e-05 0.000411188 -0.000828302 0.00146816 -0.000359398 0.00148511 0.00402881 0.000287975 -0.00506719 -0.00840481 0.0302706 0.00343663 0.00375723 0.000887838 0.0019464 0.00157582 -0.00190768 0.00184631 -0.00294116 -0.00403059 0.0042709 0.00220428 -0.0042873 -0.0125771 0.00134902 0.00262978 -0.0180327 0.00808754 0.00575592 -0.000724257
internal_weight=46263.7 42676.6 19642.4 23034.2 18497.6 8441.29 7267 15767.2 3587.04 1144.8 74.4372 3835.74 7192.57 2966.7 8246.4 8023.39 10056.3 2170.88 7885.45 6507.62 1711.22 1377.83 570.46 317.015 1286.69 301.375 194.898 44.068 4225.87 11931.5
internal_count=563897 400115 190263 209852 179033 79485 61494 148358 163782 11230 551 35167 60943 25286 78544 76841 99548 20636 78912 65465 15292 13447 5561 3112 11511 2716 941 210 35657 113191
cat_boundaries=0 1 2 3 4 5 6 7 8
cat_threshold=531480 3718740 6686548 1595843 2244929 111306 2117267 9506841
is_linear=0
shrinkage=0.05


Tree=93
num_leaves=31
num_cat=6
split_feature=22 5 28 33 31 36 13 40 1 67 8 21 19 70 67 6 67 20 32 10 67 2 64 21 25 1 65 8 30 1
split_gain=34.8015 22.7173 20.8818 17.4752 17.0205 15.2037 16.6327 15.3085 14.9505 19.4112 18.8319 16.6583 16.4352 18.3705 14.8424 14.6569 19.088 18.3542 14.827 15.2067 14.2929 14.0884 16.7806 15.8944 14.0739 16.4235 16.0219 13.5875 13.5784 13.9716
threshold=0.065632547406429778 32.435000000000009 2.6333333333333337 2.2078776197306564 0.047423892166303633 1.2247448713916009 0.18500000000000003 0.25499999999999995 0.055000000000000007 0 1 0.080108765533566065 19.250000000000004 26.060000000000002 2 29.175000000000004 3 19.900000000000002 44.550000000000004 43.95000000000001 4 5.5000000000000009 3.0850000000000004 0.07830192220914152 0.047403579016179122 0.22500000000000003 0.2985474710780564 5 0.11000000000000004 0.29500000000000004
decision_type=2 2 2 2 2 2 2 2 2 1 1 2 2 2 1 2 1 2 2 2 1 2 2 2 2 2 2 1 2 2
left_child=2 5 4 15 -1 7 14 -2 10 12 11 -5 -10 -14 28 16 17 18 -3 -20 -17 22 -22 -24 -18 26 -26 -23 29 -7
right_child=1 3 -4 8 -6 6 -8 -9 9 -11 -12 -13 13 -15 -16 20 24 -19 19 -21 21 27 23 -25 25 -27 -28 -29 -30 -31
leaf_value=0.0016584221429928371 -0.0016645326375188054 -0.0062856164863063398 -0.0062386432239697233 0.0047302721765061393 0.032813121114623943 -0.0015650177971444303 -0.0074201110883639594 0.013703033511100566 0.019768748902930282 0.0029993347937476507 -0.0043542330133924242 0.033944719482023038 0.013044394049790575 -0.0074601636681608284 0.0077935363036689357 -0.00055058875288573148 -0.00079963026334562435 0.0018896486242096712 -0.0076310355768768228 -0.031192308626012095 -0.0039636271368807523 0.021990618695205123 0.0015546854541308979 0.0061649152745276237 0.038802435431876989 0.041030582724458725 0.0033313206985801564 0.0019905378184594813 0.024265989109532076 -0.06622534973743964
leaf_weight=477.83827407367062 16102.337436335627 868.1226642113179 3173.5856712259701 552.96644805080723 48.267653027549386 821.06575045268983 349.83352462912444 163.70228396705352 437.60592926293612 1257.619961959077 817.77739863004535 53.517433117609471 343.38689510338008 160.1939370543696 1257.530619465746 5194.3326621785527 2774.9460935604293 514.20142219157424 134.51489479374141 139.50536863040179 953.58139130764175 172.54580192785943 5853.3372611191589 2746.9346535995137 34.124846962746233 35.19202235667035 474.4307976490818 176.9854948479915 51.375665823463351 8.4402036773972196
leaf_count=15982 155625 8234 151729 5140 280 7025 3181 1506 3883 11892 7406 507 2838 1213 10225 46800 26699 5055 1461 1065 14810 2860 50547 20177 242 260 3513 3213 359 59
internal_value=-5.82645e-05 0.000347083 -0.0047092 0.0013761 0.00451671 -0.000953071 0.00268683 -0.00150987 0.00457212 0.00715713 0.00058134 0.00718967 0.0125476 0.0065217 0.00434027 0.00079923 -0.00155444 -0.00591895 -0.00948626 -0.0196262 0.00157482 0.00268743 0.00232943 0.0030272 0.000639778 0.00799738 0.00571149 0.0125497 -0.000670411 -0.00222294
internal_weight=46149.8 42450.1 3699.69 23695.8 526.106 18754.3 2488.25 16266 3623.07 2198.81 1424.26 606.484 941.187 503.581 2138.41 20072.8 4975.04 1656.34 1142.14 274.02 15097.7 9903.38 9553.85 8600.27 3318.69 543.748 508.556 349.531 880.882 829.506
internal_count=563786 395795 167991 217815 16262 177980 20849 157131 32879 19826 13053 5647 7934 4051 17668 184936 46529 15815 10760 2526 138407 91607 85534 70724 30714 4015 3755 6073 7443 7084
cat_boundaries=0 1 2 3 4 5 6
cat_threshold=1155403 166808 8574562 1835857 2220584 159928
is_linear=0
shrinkage=0.05


Tree=94
num_leaves=31
num_cat=9
split_feature=22 26 55 35 35 67 4 22 21 59 71 8 67 34 17 67 24 63 8 9 67 56 6 9 30 67 8 4 67 71
split_gain=34.0753 16.9705 16.8713 17.9327 15.0231 15.0452 15.2186 13.7294 13.6606 22.9549 18.6591 17.8043 17.136 15.0232 14.1986 13.266 21.9735 13.4442 17.8523 13.2461 14.0548 12.9886 12.9699 12.5356 12.4915 23.5534 18.5193 15.8958 15.1625 18.5536
threshold=0.11393472058094446 0.14707866952448997 -4.0833333333333313 0.074999999999999747 -0.07499999999999972 0 52.545000000000009 1.6777501848701686 0.076025944402941734 0.17500000000000002 -0.78099281619513772 1 2 0.069999999999999854 6.7750000000000012 3 0.0090135225405766507 1.5000000000000002 4 929.50000000000011 5 -2.2849999999999997 24.150000000000002 102.50000000000001 -0.069999999999999951 6 7 17.315000000000001 8 0.37900718380486215
decision_type=2 2 2 2 2 1 2 2 2 2 2 1 1 2 2 1 2 2 1 2 1 2 2 2 2 1 1 2 1 2
left_child=2 7 -1 4 5 -4 -7 8 -2 10 19 12 -11 22 24 16 17 -13 -19 20 -10 -17 -14 -20 25 26 27 -12 -26 -30
right_child=1 -3 3 -5 -6 6 -8 -9 9 11 14 15 13 -15 -16 21 -18 18 23 -21 -22 -23 -24 -25 28 -27 -28 -29 29 -31
leaf_value=-0.014663544183994921 -0.0005006043620614612 0.0055185881888670241 0.02424695190202782 -0.013452259457486994 -0.0024263553473220399 -0.0065107363968782824 0.051504809772258658 0.0088512755221063864 -0.017596351304347901 -0.020788447732983835 -0.065597272756629577 -0.0057614601593255653 0.029587928609519788 -0.01697225730269207 0.017479562425217865 -0.050086831285777005 0.0015011927873416874 -0.0071537155474148051 0.013501902431103652 -0.032983853625311511 0.00060377233104834328 0.0016376140631283957 -0.00096184714679769872 -0.049056391467736576 0.0063900687086434031 0.013790746421016298 -0.0063330726027472075 0.019156284712833246 -0.0015061518381538962 0.0056968631895191954
leaf_weight=299.78585176677734 21557.835397778661 1703.3836002480239 97.314294445532141 358.94518232987321 6621.2152086920105 122.90166373383545 12.448831108864395 475.94918990856968 119.51997316186316 190.21811974584125 5.7725068973377338 465.97560927789891 39.582498482428491 137.13364645338152 191.64638147805817 12.168727004667742 847.91205575445201 134.52888238616288 8.986162400338797 38.057750379201025 589.38465037732385 4652.8487718455726 284.12793430755846 73.553856628015637 1895.7149614577647 742.70495132938959 357.52528719836846 132.94981739856303 2612.5433265424799 1359.0738916683476
leaf_count=12566 176064 11187 1914 17326 219500 2839 121 8633 1008 1718 59 2839 297 1293 1491 123 7683 760 69 286 4413 36326 2225 459 14109 5379 2769 1063 19358 9910
internal_value=3.99491e-05 0.000639162 -0.00304114 -0.00255808 -0.00198754 0.0105003 -0.00109395 0.000414074 0.000303904 0.00146852 0.00327955 -0.000659327 -0.00845883 -0.00303623 0.00404993 0.000173604 -0.00385001 -0.0105492 -0.0208269 -0.00424717 -0.00270444 0.00149948 0.0027737 -0.0376805 0.00368775 0.00824968 -0.000314867 0.0145786 0.00272444 0.000956288
internal_weight=46141.7 38629.1 7512.61 7212.83 6853.88 232.665 135.35 36925.7 36449.8 14891.9 8044.89 6847.04 651.062 460.844 7297.93 6195.97 1530.96 683.045 217.069 746.962 708.905 4665.02 323.71 82.54 7106.28 1238.95 496.248 138.722 5867.33 3971.62
internal_count=563787 309521 254266 241700 224374 4874 2960 298334 289701 113637 59845 53792 5533 3815 54138 48259 11810 4127 1288 5707 5421 36449 2522 528 52647 9270 3891 1122 43377 29268
cat_boundaries=0 1 2 3 4 5 6 7 8 9
cat_threshold=13862401 131457 5542949 1138698 31840 9437281 9980133 164084 1380553
is_linear=0
shrinkage=0.05


Tree=95
num_leaves=31
num_cat=9
split_feature=22 4 40 55 26 67 0 5 3 68 23 71 21 67 22 67 67 33 67 66 67 67 67 25 67 12 21 44 50 9
split_gain=35.7184 25.6847 19.9449 20.8396 20.5485 33.018 17.6108 17.7289 21.4338 16.208 15.2294 21.8029 17.1296 16.9733 20.4821 16.5869 15.2046 14.6535 14.467 13.984 14.4298 13.8849 13.687 13.2923 17.6615 13.2868 20.579 16.3822 16.1044 16.3794
threshold=0.055388395350964473 37.545000000000009 1.0000000180025095e-35 -3.9166666666666674 0.060038384328605157 0 6.8650000000000011 24.450000000000006 7.3250000000000011 0.10040000000000002 2.5000000000000004 -0.36099281619513762 0.080042286330269524 1 0.23268626572886064 2 3 4.0250305623471894 4 0.26232533957236631 5 6 7 0.081601459117830025 8 22.850000000000005 0.074090003922829564 0.10626301785053484 53.500000000000007 238.50000000000003
decision_type=2 2 2 2 2 1 2 2 2 2 2 2 2 1 2 1 1 2 1 2 1 1 1 2 1 2 2 2 2 2
left_child=1 -1 3 16 6 -6 7 8 -4 -3 13 12 -12 14 -5 -13 -2 -15 -9 -20 -21 -8 -14 -17 -25 26 -7 28 29 -28
right_child=2 9 4 10 5 25 21 18 -10 -11 11 15 22 17 -16 23 -18 -19 19 20 -22 -23 -24 24 -26 -27 27 -29 -30 -31
leaf_value=-0.008722967562286521 0.00099160196462110407 -0.0052137207438057616 -0.0049497752163367645 -0.0012762591216319515 0.012062982393912952 -0.0065702165834413337 -0.0062935716643479052 0.0050099479693479715 0.040182869657831022 0.0072441089847525911 -0.0035129874432708466 0.0028997003132255439 -0.0032622063133669211 -0.00080108031618992897 0.0059234054215639943 -0.0022277966741787148 -0.012619530166100538 0.027082278065931199 -0.0009823811364865914 -0.0040133052157674161 0.012560620574642096 -0.00016277623834159497 -0.02073178349076777 0.015058423154002696 -0.0014442840569738827 0.0068890354283336758 0.027814049206500848 -0.0031484992740790627 0.018067857639320124 -0.0082285132511632619
leaf_weight=1943.7239012822683 316.5205315137282 523.52218554192223 1041.615770759352 1494.8623368407134 1116.2740814732388 807.72694396181032 1124.9234244647669 4203.6247751479386 26.987795924767852 520.83438149094582 2569.4311806128826 2859.8263532177079 207.85742367524654 6126.1391050388047 2912.5201685060747 6844.1315633184277 594.1623805219424 47.483833190985024 2665.1873821944464 189.4349223212339 410.30204615136608 4974.1412981325993 277.94310226803645 259.31126361573115 409.55568617931567 836.38148602843285 39.913399618584663 386.14765510568395 291.12047812528908 149.92360383365303
leaf_count=113884 3151 24689 11254 26265 8349 7011 12897 41993 218 5658 24492 29338 1865 58220 15449 63373 5745 458 29449 1434 3508 53722 2511 1815 3007 6128 341 3312 2594 1441
internal_value=-3.82304e-05 -0.00532501 0.000327588 -0.00059233 0.00158276 0.00495158 0.000747825 0.00221378 -0.00380994 0.000999163 -0.000310727 -0.00142857 -0.0051409 0.0011079 0.0034736 -0.000335131 -0.00801648 -0.000585669 0.00307565 0.000568145 0.00746804 -0.00130414 -0.0137511 -0.00156824 0.00515715 0.0017355 -0.000827724 0.00452153 0.0106796 -0.000650532
internal_weight=46171.5 2988.08 43183.4 24919.7 18263.7 3627.49 14636.2 8537.15 1068.6 1044.36 24009.1 13428.1 3055.23 10581 4407.38 10372.8 910.683 6173.62 7468.55 3264.92 599.737 6099.06 485.801 7513 668.867 2511.21 1674.83 867.105 480.957 189.837
internal_count=563571 144231 419340 235689 183651 29176 154475 87856 11472 30347 226793 126401 28868 100392 41714 97533 8896 58678 76384 34391 4942 66619 4376 68195 4822 20827 14699 7688 4376 1782
cat_boundaries=0 1 2 3 4 5 6 7 8 9
cat_threshold=4375558 11145684 3607040 10928452 5272979 559620 5439634 6396549 12591154
is_linear=0
shrinkage=0.05


Tree=96
num_leaves=31
num_cat=3
split_feature=22 12 46 64 11 8 22 58 34 30 9 30 56 29 55 71 70 8 56 61 10 25 48 8 9 40 21 50 56 12
split_gain=28.824 16.5719 15.6176 13.0628 13.8697 14.3717 15.2436 17.9109 14.0649 12.9156 12.4836 12.4841 12.4531 16.1142 15.6633 15.3441 17.2629 17.3815 19.6783 17.2883 16.7403 14.8611 13.5944 20.2275 18.3451 13.1154 15.117 13.0724 12.7418 13.2281
threshold=0.25128052685211544 1.0000000180025095e-35 0.20744961011266269 61.57500000000001 83.950000000000017 0 0.52342032118153825 3.2677669529663693 0.12500000000000003 0.35250000000000009 1100.5000000000002 0.37250000000000005 0.35500000000000004 0.20000000000000007 -8.0833333333333304 -0.31099281619513736 8.4100000000000019 1 0.24499999999999991 5.5000000000000009 16.550000000000004 0.097627367173119525 4.0525630810092972 2 929.50000000000011 0.105 0.086093942721061537 109.00000000000001 -0.89000000000000024 12.250000000000002
decision_type=2 2 2 2 2 1 2 2 2 2 2 2 2 2 2 2 2 1 2 2 2 2 2 1 2 2 2 2 2 2
left_child=1 -1 10 4 9 6 7 8 -6 12 -3 -12 13 15 -14 16 17 18 27 -20 -19 -16 -17 24 -24 26 -18 -2 -28 -30
right_child=3 2 -4 -5 5 -7 -8 -9 -10 -11 11 -13 14 -15 21 22 25 20 19 -21 -22 -23 23 -25 -26 -27 28 -29 29 -31
leaf_value=-0.036142365206160425 -0.0014463575794144415 -0.0014626155108736609 0.0026998084503798651 0.008132120067611796 0.039735099889599695 -0.0056527568929017466 5.3364227710050549e-05 -0.050877945242672466 -0.018144311516108791 -0.034900516848982037 -0.0053774621619980438 0.082089523293135513 -0.080150835487400374 0.013531100733516481 0.0027847408747868566 0.0011723361725143816 -0.0047288933364891079 -0.037814013449535736 0.0088492709681162341 0.077926913798217645 0.011429650010225022 0.022036421041998919 -0.042847647775775627 0.0012363359723148745 0.033497872432201758 0.0073314739710601973 0.0082597509228595663 -0.022109760018589542 0.011292578338504449 -0.040462074461298514
leaf_weight=34.744836828751431 189.06846739258617 13006.537429092263 1902.9461355606327 615.97864597383887 66.280391650274396 1481.5438752780901 341.91937798005529 7.3827867284417144 12.471029611304401 24.926290376111865 2622.9661691384681 4.0858816644176832 5.6562981726601711 233.62798756133998 6318.5984066603705 15412.888990349602 2412.6496032004943 17.897456075996161 55.124448694288731 10.83861121535301 483.38805326353759 101.85878945654258 68.035387089475989 132.57253134250641 8.8975508846342546 213.46981313033029 25.105549060739577 128.60295632458292 14.757031682878731 75.577491926029325
leaf_count=14266 917 281245 26676 12031 219 20230 5366 23 46 155 54136 64 35 1297 33464 90853 15589 270 263 33 2211 545 331 567 35 1263 148 677 124 434
internal_value=-5.30355e-05 -0.00164537 -0.00157702 0.000930106 0.000770774 -0.00334171 0.0046798 0.0235883 0.0305693 0.00107359 -0.0020976 -0.00524142 0.0011082 0.000478642 0.00301689 0.000320221 -0.00260979 0.0034622 -0.00453317 0.0201996 0.00948234 0.00309016 0.00100037 -0.0116505 -0.0301049 -0.00456971 -0.00557463 -0.00981152 -0.0232503 -0.0320074
internal_weight=46030.4 17571.3 17536.5 28459.1 27843.1 1909.6 428.054 86.1342 78.7514 25933.5 15633.6 2627.05 25908.6 19482.5 6426.11 19248.9 3626.48 884.92 383.634 65.9631 501.286 6420.46 15622.4 209.505 76.9329 2741.56 2528.09 317.671 115.44 90.3345
internal_count=563513 376387 362121 187126 175095 25884 5654 288 265 149211 335445 54200 149056 115012 34044 113715 21929 4371 1890 296 2481 34009 91786 933 366 17558 16295 1594 706 558
cat_boundaries=0 1 2 3
cat_threshold=536 66231 12698
is_linear=0
shrinkage=0.05


Tree=97
num_leaves=31
num_cat=10
split_feature=5 17 35 68 67 67 51 64 8 67 25 26 22 46 6 8 8 10 60 46 6 67 6 65 8 17 22 22 67 8
split_gain=26.3247 25.7504 22.7691 17.5281 17.4618 14.8244 16.6056 16.7858 20.9018 14.4588 14.9896 14.3251 14.2484 13.9747 13.9409 13.7997 13.5857 13.3156 12.2811 11.9892 21.0525 20.1034 18.9151 18.2947 17.2404 24.2566 15.6107 21.0333 18.0512 18.8918
threshold=35.595000000000006 3.9350000000000005 0.034999999999999705 0.045750000000000006 0 1 0.10676291793313071 3.0850000000000004 2 3 0.065842237630090741 0.13464770523594055 1.0170905461693391 0.087471804998436639 10.130000000000001 4 5 48.150000000000013 -0.034999999999999996 0.23532063862515254 41.055000000000007 6 41.865000000000002 3.8069207958320641 7 6.3450000000000006 0.38578074308219373 0.46638035437366615 8 9
decision_type=2 2 2 2 1 1 2 2 1 1 2 2 2 2 2 1 1 2 2 2 2 1 2 2 1 2 2 2 1 1
left_child=1 5 3 9 16 6 7 -1 -9 10 11 17 19 -7 -10 18 -4 -3 -6 22 21 -21 -2 24 -23 -26 28 -28 -24 -30
right_child=12 2 4 -5 15 13 -8 8 14 -11 -12 -13 -14 -15 -16 -17 -18 -19 -20 20 -22 23 26 -25 25 -27 27 -29 29 -31
leaf_value=-0.010779300649444538 0.00018661102060051629 -0.001557108520461417 -0.0027990258666966499 0.00061209706919855024 0.026281320376406094 -0.011895789149118839 -0.028071621821002521 0.012470769736770174 -0.042134280524702555 -0.0088995440671907605 0.028638857353565406 0.040707035075235112 0.0070898867969762247 0.0079693589923274227 -0.002196613952094674 -0.0034728933761953504 -0.013181438105602109 -0.057665175104661542 0.0025811914975290146 0.013859833022863536 -0.0095546550081584847 0.017312609045292467 -0.0057695494430269507 -0.016115617032973688 -0.013499487678041176 0.014742022168184607 0.024214079535175865 0.0058482137411783397 -0.0015054986504073333 0.015951320567833081
leaf_weight=264.65530913822295 13404.4519157342 381.27877018670551 591.12813140882645 20523.497576888942 59.915043724467978 1016.2208974379319 56.186987303604838 345.90256910037715 23.49943509651348 896.04194339201786 47.484803182072937 19.581681525334716 1116.6906461284962 96.98029796523042 311.44837655674201 2261.8380889832915 714.87395651306724 10.875860503874717 623.27953934273683 663.19925677927677 199.4385369787924 181.30497849709354 458.19638418997056 121.35069961985573 183.67246240645181 129.73650074889883 216.90858849603683 554.18871135055088 310.81756449764362 302.93115697723988
leaf_count=17349 162979 12723 9752 197630 536 25052 1428 3276 235 25096 324 74 11383 2118 3019 34849 13198 66 9469 5248 1730 1517 7568 1017 1627 988 938 3686 5005 4419
internal_value=0.000118103 -0.000831678 -0.000402172 0.000248423 -0.00375058 -0.00613829 -0.00164669 -9.37951e-05 0.0040598 -0.0052589 0.00199516 -0.00102915 0.00162158 -0.0100747 -0.00485367 -0.00159267 -0.00853909 -0.00311319 0.00459243 0.00125649 0.00555508 0.0079107 0.000839618 0.00126096 0.00554883 -0.00175291 0.00558894 0.0110145 0.00168609 0.00722835
internal_weight=46087.6 28244.7 26129.8 21878.8 4251.03 2114.89 1001.69 945.506 680.85 1355.26 459.221 411.736 17842.9 1113.2 334.948 2945.03 1306 392.155 683.195 16726.2 1478.7 1279.26 15247.5 616.065 494.714 313.409 1843.04 771.097 1071.95 613.749
internal_count=564299 356194 303717 235913 67804 52477 25307 23879 6530 38283 13187 12863 208105 27170 3254 44854 22950 12789 10005 196722 12127 10397 184595 5149 4132 2615 21616 4624 16992 9424
cat_boundaries=0 1 2 3 4 5 6 7 8 9 10
cat_threshold=12190384 14291665 110629 1663393 18576 89172 13137443 168806 12613528 27504
is_linear=0
shrinkage=0.05


Tree=98
num_leaves=31
num_cat=11
split_feature=22 4 71 67 8 9 24 17 23 27 31 25 4 67 8 67 67 58 8 41 68 67 18 17 8 4 9 8 8 31
split_gain=27.8586 21.2656 15.952 16.1198 16.0464 15.8491 25.0536 22.9482 17.5847 20.813 20.3851 18.1695 16.4738 33.3665 18.3656 31.0622 19.1734 18.6541 17.0785 16.9889 16.0513 28.7577 23.6228 19.0355 24.0117 19.3984 19.0847 18.0099 16.7649 15.87
threshold=0.061892604111933515 43.495000000000005 0.76068456118237904 0 1 1143.5000000000002 0.14446390348316795 5.4150000000000009 2.5000000000000004 0.2963988781427474 0.017190073853798747 0.040611081937880468 19.600000000000005 2 3 4 5 -2.9142135623730945 6 -0.075714285714285165 0.12809999999999996 7 13.050000000000002 6.5050000000000008 8 31.785000000000004 475.50000000000006 9 10 0.027418203453648985
decision_type=2 2 2 1 1 2 2 2 2 2 2 2 2 1 1 1 1 2 1 2 2 1 2 2 1 2 2 1 1 2
left_child=1 -1 5 -4 -5 6 7 8 9 10 -2 -10 13 18 16 -16 17 -14 -11 -17 21 -9 27 24 26 -26 -23 -22 -25 -27
right_child=2 -3 3 4 -6 -7 -8 20 11 12 -12 -13 14 -15 15 19 -18 -19 -20 -21 22 23 -24 28 25 29 -28 -29 -30 -31
leaf_value=-0.0062550321914780389 -0.0034251583210072665 0.0036304643108467623 0.006357128484620592 0.0040646015187267058 -0.0026992645255389559 -0.0023813084639013786 0.016832087551545642 0.0040259802773450412 -0.0047534004130290516 0.015055005213527468 0.0017814940031141866 0.0024651404524536485 -0.028439593727909714 0.018779294999522508 -0.011839345380250318 0.016605747928945602 3.1961583086169552e-05 0.015549653048697893 -0.0096685341598270001 0.0001538857413617787 0.018495806331117221 0.0082733400817911074 0.0023879886036182298 -0.0031479935654355863 0.0073047462566443525 -0.0055280047400405579 -0.003283110997524877 0.004578602622965439 0.0080506794767705135 -0.016235275784175128
leaf_weight=2711.977152793057 4443.1766339652822 680.54623085458297 2112.234464994166 1819.4064628345659 1675.1251094727777 5638.356458125636 233.0164175927639 3083.1636800798588 4230.9124524405925 89.106711375527084 3258.6203530604253 1097.9600994607899 25.285548671614379 433.67088293842971 511.20764619251713 189.64303363114595 559.47595118777826 514.13738293712959 228.97503688000143 909.37024204432964 419.23409184953198 481.72755590640008 5825.7038700809935 615.22850385913625 167.49088811944239 715.01511860592291 1382.5958884803113 556.73791059292853 714.12536624888889 670.66719457646832
leaf_count=141041 56732 18488 19267 16256 15469 57495 1409 28686 41493 363 38210 9796 141 1785 2426 886 2466 2214 1058 4349 2985 3825 51900 5381 2078 9063 13871 4091 6161 4487
internal_value=8.86526e-05 -0.00427198 0.000435908 0.00292121 0.00082385 5.92453e-05 0.000498096 0.000375805 -0.000903041 0.000225042 -0.00122223 -0.00326609 0.00344579 0.00999443 0.00162861 -0.00177856 0.00657747 0.0132422 -0.00249476 0.00296579 0.00181721 0.000273714 0.00359406 -0.00216736 -0.00414669 -0.00871151 -0.000295424 0.0107932 0.00290478 -0.0107103
internal_weight=45993.9 3392.52 42601.4 5606.77 3494.53 36994.6 31356.2 31123.2 16491.5 11162.7 7701.8 5328.87 3460.87 751.753 2709.12 1610.22 1098.9 539.423 318.082 1099.01 14631.7 7830.01 6801.68 4746.85 3417.5 1553.17 1864.32 975.972 1329.35 1385.68
internal_count=563872 159529 404343 50992 31725 353351 295856 294447 161919 110630 94942 51289 15688 3206 12482 7661 4821 2355 1421 5235 132528 73552 58976 44866 33324 15628 17696 7076 11542 13550
cat_boundaries=0 1 2 3 4 5 6 7 8 9 10 11
cat_threshold=10752227 31512 5776243 86809 2370571 10857753 167204 1657099 109095 134501 76198
is_linear=0
shrinkage=0.05


Tree=99
num_leaves=31
num_cat=6
split_feature=22 30 67 33 30 22 32 31 10 31 8 31 40 67 32 8 8 1 71 67 29 56 21 21 56 50 70 28 34 41
split_gain=30.2072 15.7917 19.5072 15.5596 16.1488 15.7612 14.4241 13.9545 13.3647 14.4672 15.1293 13.7967 12.9838 20.917 16.0447 19.0926 15.528 14.6099 14.2667 18.7288 16.4893 14.7009 14.0592 15.5437 14.5542 13.1007 14.2694 14.7843 13.0761 15.0608
threshold=0.086168081263741342 0.059999999999999998 0 5.8321356087242382 -0.13749999999999993 1.6777501848701686 44.95000000000001 0.056092412713158589 79.850000000000009 0.031485273715068957 1 0.048204694871739083 0.020000000000000021 2 25.350000000000005 3 4 0.22500000000000003 -0.32099281619513759 5 -0.35499999999999993 -0.5199999999999998 0.093050154792374565 0.076866812311999419 0.77500000000000002 154.50000000000003 8.4100000000000019 3.183333333333334 0.105 -0.046871234939759081
decision_type=2 2 1 2 2 2 2 2 2 2 1 2 2 1 2 1 1 2 2 1 2 2 2 2 2 2 2 2 2 2
left_child=8 3 7 5 -5 12 -6 -3 9 -1 11 -11 16 -14 15 17 18 28 19 21 -21 -2 23 -20 -25 -17 27 -27 -15 -30
right_child=1 2 -4 4 6 -7 -8 -9 -10 10 -12 -13 13 14 -16 25 -18 -19 22 20 -22 -23 -24 24 -26 26 -28 -29 29 -31
leaf_value=-0.0050722201414328209 -0.012927020013915713 0.0054510492278331763 0.00074231563684646663 -0.062001190452105816 0.052718278058439018 0.0092384007546683911 0.011987067777073262 0.018862003036982707 0.020992782507675303 0.0037885499387838905 -0.0027568702345564674 0.026604100614518452 0.0035783077736272224 0.0031085446874491354 0.0012709247516529151 -0.0036020817277077062 -0.0018433750300205826 0.032929258024812912 0.0004257315686316866 0.06394532878291849 -0.0087091732810706535 0.0045014947816175562 -0.026663249836841436 0.0045702823102581986 0.021692393647173958 0.052570109045620241 -0.016766351588072659 -0.0036704356370005314 -0.073211231182161232 -0.0076181964963833882
leaf_weight=4267.3710594320873 141.82300972077064 1742.8251748674084 3698.7393233705661 6.1199660636484614 28.085575320757926 453.94085483637173 96.138866441324353 218.261703052558 54.67102828505449 205.15472585347015 593.83618306403514 97.870522534707561 5189.0481033542892 832.71161323576234 4124.6008156965254 836.36354136257432 14277.126982772723 35.057036169571802 4320.8101609139703 7.8765752194449297 915.78914267360233 823.82670799409971 42.587836212944239 2035.2068104592618 132.17192831262946 13.587140423245726 494.37821846688166 83.484663871349767 9.0911503192037326 234.09858720400371
leaf_count=192313 1468 16289 30854 49 172 8282 724 1118 714 3878 10879 973 45075 6721 38307 7347 120448 228 37567 39 8136 6940 375 16669 911 76 4563 559 81 1845
internal_value=-1.69194e-05 0.000441306 0.00289234 4.64624e-05 0.0172896 -1.77466e-05 0.0211959 0.00690841 -0.00359866 -0.00385899 0.00191367 0.010801 -0.000139361 0.00120195 -0.000653001 -0.00378127 -0.000839793 0.00115432 0.000863048 -0.00296245 -0.00800297 0.0019219 0.00197106 0.00215902 0.00561443 -0.00757658 -0.013325 0.00420155 0.000129694 -0.0100703
internal_weight=46012.7 40793.8 5659.83 35133.9 130.344 35003.6 124.224 1961.09 5218.9 5164.23 896.861 303.025 34549.6 11852.4 6663.37 2538.77 22697.2 1110.96 8420.09 1889.32 923.666 965.65 6530.78 6488.19 2167.38 1427.81 591.45 97.0718 1075.9 243.19
internal_count=563600 354843 48261 306582 945 305637 896 17407 208757 208043 15730 4851 297355 104802 59727 21420 192553 8875 72105 16583 8175 8408 55522 55147 17580 12545 5198 635 8647 1926
cat_boundaries=0 1 2 3 4 5 6
cat_threshold=15942657 37654 54733 89355 157716 6090260
is_linear=0
shrinkage=0.05


Tree=100
num_leaves=31
num_cat=11
split_feature=22 17 9 8 17 67 56 67 61 67 67 71 33 24 67 8 65 31 8 31 11 67 8 15 36 44 65 64 0 3
split_gain=29.4132 18.9094 26.8581 21.7538 18.5094 17.1894 16.9312 16.899 15.2386 18.6755 17.6521 16.5121 15.9732 14.4728 20.791 14.1558 13.8106 13.6014 19.1492 13.5802 13.2242 18.1381 22.1856 14.353 14.1606 13.9133 13.1937 13.188 14.2007 13.6401
threshold=0.31731928152482763 3.9350000000000005 482.50000000000006 0 5.9650000000000007 1 0.80999999999999983 2 2.5000000000000004 3 4 -0.96931543881762083 0.023925099497618587 0.14446390348316795 5 6 3.6349274737900332 0.051623901428909102 7 0.051623901428909102 54.150000000000013 8 9 10 1.7161078573360264 0.14223180076628356 0.35026009485522241 3.0850000000000004 6.6750000000000007 7.5850000000000009
decision_type=2 2 2 1 2 1 2 1 2 1 1 2 2 2 1 1 2 2 1 2 2 1 1 1 2 2 2 2 2 2
left_child=1 -1 3 5 7 -3 8 -4 9 11 12 -5 26 20 -15 19 -8 -9 -19 -12 21 22 23 24 -2 -25 -10 -23 -29 -30
right_child=13 2 4 6 -6 -7 16 17 10 -11 15 -13 -14 14 -16 -17 -18 18 -20 -21 -22 27 -24 25 -26 -27 -28 28 29 -31
leaf_value=-0.0061451996179884708 -0.0030472819531572313 -0.0084735283870013677 -0.00072128476265821597 -0.043971440518390005 8.9745217770512197e-05 0.0015043579480315643 0.015478730777121821 -0.0061804384082034544 -0.00084558904977856571 0.0024892348268775247 0.0064589761322564583 0.016071647180671455 -0.014925652603664061 -0.0023159862467143958 0.025061717911774674 -0.00097951341690023504 -0.037503360672789282 -0.011819599351613275 0.010934128003914896 0.040104415198027821 0.00054997934328792221 0.0007527136037851727 0.0046930924052769477 -0.024516517105290379 0.043572194917232632 0.00051851947867372018 0.043782607007311451 0.020490428667753146 0.0077046887366124042 -0.085330007446251244
leaf_weight=1900.9993106345792 294.43341009505093 753.36477622715756 3083.9189521300141 11.717447034083305 5530.7856148752617 991.83504054718651 376.08874790958362 4697.8936923782458 167.72138469462516 915.35800915630534 753.17086280771764 502.13302101474255 313.99555836606305 132.81489710975438 140.54189139697701 1149.6672829654999 12.715578345581887 129.85839997092262 266.75388124631718 31.235075145959854 20707.434738201264 565.92031795997173 873.8935311534442 183.18189517967403 17.24257324449718 79.619012404233217 18.375512721249834 254.31801973376423 1083.5922316042706 3.9541076347231856
leaf_count=72169 1758 11024 62393 163 79991 14557 6117 100031 1976 13191 11744 6508 5556 639 648 17687 123 1482 2524 183 135180 3980 5589 1234 74 423 168 1191 5840 24
internal_value=-4.02329e-05 -0.00138286 -0.000923456 0.00186733 -0.00214435 -0.00282662 0.00379158 -0.00365518 0.0027996 0.00689774 0.000393393 0.0144218 -0.00788854 0.00115182 0.0125919 0.00256239 0.013746 -0.00541914 0.0034618 0.00770057 0.00102186 0.00393336 -0.000306801 -0.0078628 -0.000453639 -0.0163112 0.00356107 0.00711675 0.00985377 0.00736643
internal_weight=45944.5 21607.6 19706.6 5997.38 13709.2 1745.2 4252.18 8178.42 3863.37 1429.21 2434.17 513.85 500.092 24336.9 273.357 1934.07 388.804 5094.51 396.612 784.406 24063.6 3356.16 1448.37 574.477 311.676 262.801 186.097 1907.78 1341.86 1087.55
internal_count=564167 407587 335418 88997 246421 25581 63416 166430 57176 19862 37314 6671 7700 156580 1287 29614 6240 104037 4006 11927 155293 20113 9078 3489 1832 1657 2144 11035 7055 5864
cat_boundaries=0 1 2 3 4 5 6 7 8 9 10 11
cat_threshold=4555 7536765 16318982 2168105 6422534 9686313 35376 199685 12232748 3666 25
is_linear=0
shrinkage=0.05


Tree=101
num_leaves=31
num_cat=10
split_feature=22 17 35 21 30 36 34 67 8 24 67 11 8 21 25 8 67 70 8 3 46 5 32 3 6 8 67 67 19 21
split_gain=27.8142 17.1602 14.5676 14.1051 13.9695 19.5729 18.6764 14.415 18.4553 14.2588 14.6231 14.5337 13.9265 13.7658 19.8137 15.8484 16.5615 12.9447 15.9436 14.7411 12.7871 12.2207 13.08 12.1345 17.2849 18.5305 16.864 13.4095 15.237 19.3479
threshold=0.20667683066245843 6.7550000000000008 0.043333333333333453 0.078713170154962306 0.030000000000000023 1.2584790953797389 0.2399999999999998 0 1 0.06798049461758153 2 24.850000000000005 3 0.072726432914628658 0.10545543829347694 4 5 7.3900000000000015 6 4.205000000000001 0.25296887202416579 42.890000000000008 66.850000000000009 7.3250000000000011 33.270000000000003 7 8 9 18.750000000000004 0.066443044472951726
decision_type=2 2 2 2 2 2 2 1 1 2 1 2 1 2 2 1 1 2 1 2 2 2 2 2 2 1 1 1 2 2
left_child=1 2 13 -3 23 6 7 -6 -9 10 11 -7 -12 15 -15 20 -17 -13 -19 -20 -1 22 -14 -2 25 26 -25 28 29 -27
right_child=4 3 -4 -5 5 9 -8 8 -10 -11 12 17 21 14 -16 16 -18 18 19 -21 -22 -23 -24 24 -26 27 -28 -29 -30 -31
leaf_value=-0.0019216113680875409 2.3914273406912597e-05 0.0031973778132647667 -0.0063692135233579727 0.034845455454687833 -0.0015518820846740881 -0.062187238800304336 0.03339972120295364 -0.0028035600280494552 0.0055863741804891651 0.017409258967408747 0.010629753701712819 0.054312332859985747 -0.013617974794411614 -0.0005371244800727135 0.039658555118608212 -0.012427150819814483 -0.0033774946734718594 0.00029658536808339209 -0.033690973757425156 0.032491114931507935 0.012493122996073722 0.014621746284380245 0.028657248280279442 0.012185064705629838 0.012445402073194844 -0.0049211624979232579 -0.032451537151020657 -0.005706417293714237 -0.0016964882873323484 0.044455034139153173
leaf_weight=1732.6205076847691 23537.511562464118 1022.5029010945 1908.9467704736453 36.461887865327299 2464.1239727312932 6.0312165431678286 45.85707936109975 875.15346825821325 2566.8547697861213 336.38524349126965 187.63894836278632 20.686339236795902 256.10211896745022 7383.3397852998969 30.786107911262661 832.95179398835171 1328.4434521490475 133.989233603701 9.1012762663885933 111.37301515974104 168.84261341392994 58.166154450038448 19.704579443205148 27.104667829582468 478.69014326366596 29.240694885142148 67.6474948679097 164.65548984054476 76.508316955529153 61.71069876360707
leaf_count=34269 162449 16899 65508 478 15782 59 269 5639 16041 1781 1248 82 1758 185354 270 17377 26093 1017 47 788 2329 359 154 243 4134 259 583 1402 624 410
internal_value=-2.30606e-05 -0.00184007 -0.00232479 0.00428707 0.000809257 0.0027631 0.00161387 0.00136708 0.00345124 0.00876756 0.00514653 0.0140915 5.34806e-05 -0.00165209 -0.000370218 -0.00399131 -0.00690619 0.0162756 0.0131835 0.0253843 -0.000638282 -0.00602496 -0.0105977 0.000242429 0.00592214 -0.00139307 -0.0197386 0.00430557 0.0139167 0.0285807
internal_weight=45979.1 14444.9 13385.9 1058.96 31534.2 7091.17 5951.99 5906.13 3442.01 1139.18 802.793 281.181 521.612 11477 7414.13 4062.86 2161.4 275.15 254.464 120.474 1901.46 333.973 275.807 24443.1 905.558 426.867 94.7522 332.115 167.46 90.9514
internal_count=563705 348577 331200 17377 215128 45024 37731 37462 21680 7293 5512 1993 3519 265692 185624 80068 43470 1934 1852 835 36598 2271 1912 170104 7655 3521 826 2695 1293 669
cat_boundaries=0 1 2 3 4 5 6 7 8 9 10
cat_threshold=1913908 82065 14360616 252169 88188 6423029 175434 202913 3420294 586983
is_linear=0
shrinkage=0.05


Tree=102
num_leaves=31
num_cat=13
split_feature=22 1 70 67 30 35 22 67 5 21 17 15 8 8 9 67 1 55 67 19 64 67 17 67 22 8 67 29 67 8
split_gain=19.9335 15.1922 16.5831 15.3733 21.377 16.2216 14.7288 14.8613 14.3464 15.9203 16.9087 14.439 21.4296 19.1133 18.4507 18.0931 15.0727 14.2299 14.6035 13.3759 17.1391 15.3104 14.1229 14.9997 13.4906 13.3585 15.4638 16.6542 15.23 13.2213
threshold=0.056330263808617893 1.0000000180025095e-35 18.825000000000003 0 -1.0000000180025095e-35 -0.059999999999999158 1.0000000180025095e-35 1 27.765000000000004 0.076107714159424786 6.6650000000000009 2 3 4 1269.5000000000002 5 0.34500000000000003 -3.9166666666666674 6 12.250000000000002 1.2000000000000008 7 6.6250000000000009 8 0.86543588090885371 9 10 -0.030000000000000016 11 12
decision_type=2 2 2 1 2 2 2 1 2 2 2 1 1 1 2 1 2 2 1 2 2 1 2 1 2 1 1 2 1 1
left_child=1 3 -3 5 -5 -1 7 -4 25 10 17 12 14 -13 -12 -16 -14 18 -10 22 24 -22 23 -11 -21 28 27 -27 -2 -29
right_child=8 2 6 4 -6 -7 -8 -9 9 19 11 13 16 -15 15 -17 -18 -19 -20 20 21 -23 -24 -25 -26 26 -28 29 -30 -31
leaf_value=0.051411579699605962 0.0036518675380336828 -0.0052234968259792756 -0.002510963091251232 -0.0069574554160810034 -0.076654039737564697 -0.013729959230986728 -0.0070052529946860219 0.016515257141788288 -0.022139937399204293 0.020957907179228057 0.019367899888392399 0.0064398777861197718 0.0021636961154332017 -0.0026623480436895573 0.016825010735109232 -0.019009469542655588 -0.068360354456783068 -0.00057639132998036258 -0.0025377039308145466 -0.0052659422204361685 0.00012098875514381726 0.0037743394382326149 0.039562801963732269 0.0027437467099235714 -0.082073950096510362 -0.0069262456916993013 -0.0054542754957528847 0.0050831119399834326 -0.002546780855750567 -0.002734866522047377
leaf_weight=11.191649722983128 2174.577488595678 2241.7986052477572 169.47880098037422 18.103646707895678 28.045146894844947 65.427116335369647 206.65231620392296 255.97243621293455 144.73217602749355 142.66993661195738 444.79243162565399 895.64682776387781 719.65124636795372 1578.8273244134616 56.419081300497055 65.410726906731725 7.6569041702896348 15721.19530186709 272.0535202070605 681.30074704135768 5015.8905794208404 6708.4273327296833 35.954371939878911 475.8879455649876 5.7652489207684985 720.5933783542132 2956.9833395876049 1285.1256682477542 1804.8196248176973 921.68129084989778
leaf_count=89 20117 125792 1906 943 994 1136 13343 2424 1561 2687 3813 8327 6683 15205 503 689 51 152257 2417 14954 41443 58306 365 10451 32 7665 29653 12100 18804 9073
internal_value=-1.19379e-07 -0.00394251 -0.0032067 -0.0211673 -0.0405303 -0.00372819 0.00394601 0.00926531 0.000275677 0.000776155 -0.000113958 0.00290165 0.0071571 0.000644902 0.0143919 -0.00259391 0.00140196 -0.000818138 -0.00993683 0.00213228 0.0017649 0.00221469 0.00909876 0.00732801 -0.00591045 -0.0013973 -0.0029076 -0.000325377 0.00084119 0.00182854
internal_weight=45832.7 2996.67 2873.9 122.768 46.1488 76.6188 632.104 425.451 42836.1 32972.3 19906.4 3768.4 1293.93 2474.47 566.622 121.83 727.308 16138 416.786 13065.9 12411.4 11724.3 654.512 618.558 687.066 9863.78 5884.38 2927.4 3979.4 2206.81
internal_count=563783 146627 143465 3162 1937 1225 17673 4330 417156 319744 191506 35271 11739 23532 5005 1192 6734 156235 3978 128238 114735 99749 13503 13138 14986 97412 58491 28838 38921 21173
cat_boundaries=0 1 2 3 4 5 6 7 8 9 10 11 12 13
cat_threshold=13632128 3424899 104 140361 54662 9377542 9308828 5333099 69890 39482 15993468 4409007 156672
is_linear=0
shrinkage=0.05


Tree=103
num_leaves=31
num_cat=11
split_feature=1 17 36 6 56 36 37 67 63 59 67 27 8 40 17 67 8 21 67 6 26 40 67 67 21 8 67 8 11 59
split_gain=19.2847 30.0189 20.8238 18.6013 17.8294 16.2603 14.7865 14.6116 16.0503 14.2071 28.531 19.0255 22.9903 13.4797 13.4316 17.4414 18.7451 16.1108 29.5363 18.7901 16.4906 16.2012 18.1309 16.1415 15.9474 17.7056 15.6532 13.3663 13.3552 15.5026
threshold=0.12500000000000003 6.4250000000000007 0.80838868290667898 43.32500000000001 -1.1699999999999995 0.80838868290667898 5.5000000000000009 0 -1.0000000180025095e-35 0.17500000000000002 1 0.2291287878787879 2 -0.22000000000000017 4.7750000000000012 3 4 0.071071504114122538 5 39.185000000000009 0.032524590723346909 0.050000000000000273 6 7 0.082920035349247537 8 9 10 71.250000000000014 0.21500000000000005
decision_type=2 2 2 2 2 2 2 1 2 2 1 2 1 2 2 1 1 2 1 2 2 2 1 1 2 1 1 1 2 2
left_child=2 3 9 6 -5 -6 14 -4 -9 -1 -11 -12 -13 -3 15 16 -2 18 20 -20 -16 22 -19 -23 -24 26 -26 -7 29 -14
right_child=1 13 7 4 5 27 -8 8 -10 10 11 12 28 -15 17 -17 -18 21 19 -21 -22 23 24 -25 25 -27 -28 -29 -30 -31
leaf_value=-0.00072785961665928958 0.00029530398772225773 -0.022949212648815501 0.0043868848462128044 -0.014899678502487948 0.012925987356638795 0.016393945114790344 -0.0056683418743846015 0.012602847567389787 -0.00055556579368450554 -0.006970392831928145 -0.0025476163380286957 -0.011074708518617917 0.017801315338939919 0.0074011808795384484 -0.0029792980956477653 0.00036791609628078091 -0.013276349844007627 -0.0027520337102831037 0.0064918357954011213 -0.013632953465306033 -0.016003596971261597 0.018812771475566408 0.0065479602986395673 0.003923180759624543 -0.0091331964687871685 -0.01888146197627829 0.016347183749616849 -0.0090201996876029863 0.0026955102145160056 -0.034282097738307024
leaf_weight=16094.564556431273 452.26370642035909 37.222099144244567 2683.8707574669679 85.258111186733004 684.07607185962843 61.56275134216412 1080.332700142535 241.28842870093649 5860.9817802102189 3117.5406196308322 2836.869590468079 162.37622567964718 376.20355638768524 2133.9882372461725 663.64914573542774 2290.9721235566103 586.33529938192805 1226.3440476848627 960.84432655246928 131.90931965061463 383.46104837395251 308.34451135492418 1948.9600765832583 467.76814988109982 111.51474372739904 129.76818088488653 111.31973584380466 178.55879108974477 383.94350800244138 14.851112036034463
leaf_count=174820 7288 331 28817 1113 9251 568 22527 2204 54714 59560 62129 804 1465 20125 7624 37193 9409 12622 10589 1474 3033 3274 20038 5562 1097 1393 1169 1774 2064 57
internal_value=-6.80488e-05 0.00147557 -0.00074989 0.000486287 0.00697841 0.00899669 -0.000117513 0.00132054 -3.52144e-05 -0.00154128 -0.00344087 -0.000505664 0.0056687 0.00688087 0.000496062 -0.00208258 -0.00742004 0.00182845 -0.00171723 0.00402568 -0.00767561 0.00359128 0.00215245 0.0101317 0.004757 -0.00500736 0.00375124 -0.0021974 0.00920093 0.0158233
internal_weight=45806.9 14034.5 31772.5 11863.2 1009.46 924.198 10853.8 8786.14 6102.27 22986.3 6891.78 3774.24 937.374 2171.21 9773.45 3329.57 1038.6 6443.88 2139.86 1092.75 1047.11 4304.02 3527.91 776.113 2301.56 352.603 222.834 240.122 774.998 391.055
internal_count=564088 177454 386634 156998 12706 11593 144292 85735 56918 300899 126079 66519 4390 20456 121765 53890 16697 67875 22720 12063 10657 45155 36319 8836 23697 3659 2266 2342 3586 1522
cat_boundaries=0 1 2 3 4 5 6 7 8 9 10 11
cat_threshold=15143040 14107907 164736 116292 45211 3711662 4723091 1967770 206404 3235908 37258
is_linear=0
shrinkage=0.05


Tree=104
num_leaves=31
num_cat=11
split_feature=9 26 28 22 24 13 12 0 5 70 40 67 67 8 46 67 33 30 6 67 11 8 8 55 67 8 48 67 34 67
split_gain=20.2533 29.5115 29.058 18.6919 16.2913 15.5887 14.8507 14.5254 15.1696 16.3066 15.8682 16.7235 15.6541 17.8777 14.8224 17.2612 14.2896 13.7619 13.9642 14.3774 14.5324 17.2994 13.7311 13.2497 20.2499 13.9145 13.3505 18.044 13.1789 31.0082
threshold=664.50000000000011 0.12609892210075685 3.8166666666666669 0.043218856951565229 0.088659849271004426 0.18500000000000003 1.0000000180025095e-35 6.6350000000000007 39.140000000000008 7.2100000000000009 -0.010000000000000229 0 1 2 0.36420013015350461 3 3.9236241602217663 -0.08249999999999999 21.285000000000004 4 46.650000000000013 5 6 -3.9166666666666674 7 8 3.0773504273504284 9 0.020000000000000021 10
decision_type=2 2 2 2 2 2 2 2 2 2 2 1 1 1 2 1 2 2 2 1 2 1 1 2 1 1 2 1 2 1
left_child=1 4 7 -4 6 17 -1 14 9 22 11 -11 13 -10 15 -2 28 -6 -19 -20 -21 -22 -9 24 -8 -25 -27 -28 29 -12
right_child=2 -3 3 -5 5 -7 23 8 12 10 16 -13 -14 -15 -16 -17 -18 18 19 20 21 -23 -24 25 -26 26 27 -29 -30 -31
leaf_value=-0.0326672090855561 -0.0012485968037048622 0.0088501844232681676 -0.016898766084484523 -0.0039773648582304586 0.017536989534556912 -0.025134534728823849 -0.014458756198164625 0.0085927393244653975 0.0041459478573534188 0.0011491298510728993 -0.0045226367319719215 -0.0050033733377693309 0.0043583065050468613 -0.0062953120786084608 0.042860842814775868 0.015359963705453112 0.01010791717729774 0.021514681216213562 -0.0070302052268848992 0.030744692172389423 0.014730214308321105 -0.001085776820305288 -0.02068758255382043 0.0020320493761298306 0.00023366852835877419 -0.00030554159809262197 -0.025266717429480091 -0.0025991500545534574 -0.0013386927808104797 0.0094031571354605756
leaf_weight=34.367952136992244 397.35157616436481 1122.2685697148554 301.32061751990113 3933.6991531607928 234.32407078705728 40.16558968485333 370.87863449583529 49.050148881797213 709.64636212505866 1545.026225594338 668.75113144901115 3869.5043743790593 2666.5050483637606 945.98338562442223 27.489891161210835 249.3729555120226 353.01978871459141 107.38848766172305 279.89550483273342 55.309618610190228 249.40838654572144 521.03530519921333 174.48929105402203 8504.6707248386519 618.67104667960666 10596.28375794235 115.38183911680244 321.34321114467457 5645.1419307577889 970.98261740256567
leaf_count=14366 3927 7854 15991 45809 1533 300 5475 815 7758 18225 6952 44028 30537 10359 171 2031 3546 729 2180 469 1790 3789 2975 100699 9016 132929 633 1595 76608 10442
internal_value=-9.67349e-05 0.000940906 -0.00116499 -0.00489672 0.000538335 0.00559132 0.000172778 -0.000300079 -0.000576012 -0.00141362 -0.00118429 -0.00325489 0.0019968 -0.00182189 0.00690223 0.00537376 0.000283556 0.00644399 0.00430113 0.00262923 0.00591686 0.00421128 -0.0148038 0.000227761 -0.00541674 0.000513645 -0.000658046 -0.00922594 -0.000192525 0.00375341
internal_weight=45678.7 23171.4 22507.3 4235.02 22049.1 1487.53 20561.6 18272.3 17598.1 13276 13052.4 5414.53 4322.13 1655.63 674.214 646.725 7637.9 1447.36 1213.04 1105.65 825.753 770.444 223.539 20527.2 989.55 19537.7 11033 436.725 7284.88 1639.73
internal_count=563531 283357 280174 61800 275503 10790 264713 218374 212245 163591 159801 62253 48654 18117 6129 5958 97548 10490 8957 8228 6048 5579 3790 250347 14491 235856 135157 2228 94002 17394
cat_boundaries=0 1 2 3 4 5 6 7 8 9 10 11
cat_threshold=8790596 344995 181457 4818740 2277476 8964 137229 5847080 115735 54689 631411
is_linear=0
shrinkage=0.05


Tree=105
num_leaves=31
num_cat=8
split_feature=22 17 9 9 71 26 67 8 67 8 4 19 36 6 25 22 48 22 1 53 67 60 67 32 8 20 21 35 8 17
split_gain=22.1267 16.5835 16.7008 15.3971 14.4413 14.7366 14.3677 21.0045 13.5729 25.783 14.3016 13.4949 19.2355 16.3303 18.158 13.4021 13.2726 12.9773 12.5478 12.2586 12.0847 12.0473 18.7453 18.3964 14.5529 16.0894 13.6958 18.8312 21.9573 15.976
threshold=0.16736081593049226 4.6950000000000012 1095.5000000000002 489.50000000000006 0.81900718380486259 0.1529197362890202 0 1 2 3 23.650000000000002 20.050000000000004 1.5943703480442342 13.395000000000001 0.02392395845310644 1.6777501848701686 3.9883301578660864 0.028886224378234539 0.30500000000000005 1.0000000180025095e-35 4 -0.054999999999999986 5 45.650000000000013 6 19.900000000000002 0.070728960413761463 0.023333333333332987 7 7.2950000000000008
decision_type=2 2 2 2 2 2 1 1 1 1 2 2 2 2 2 2 2 2 2 2 1 2 1 2 1 2 2 2 1 2
left_child=1 3 -3 17 5 15 7 -7 9 10 -6 -11 13 14 -13 21 -4 19 -9 -1 -19 22 -2 24 25 -24 27 -23 -29 -28
right_child=4 2 16 -5 8 6 -8 18 -10 11 -12 12 -14 -15 -16 -17 -18 20 -20 -21 -22 26 23 -25 -26 -27 29 28 -30 -31
leaf_value=-0.008349559374664103 0.018073788686736588 0.00053432098540698422 -0.0045179065210928472 -0.0098906615710489115 -0.033905896023034551 0.026519666778197365 0.00055888397208558795 0.005610526878678114 0.005551734709664133 -5.9004666549125905e-05 0.010919191507502278 0.04598129505623786 0.030879699437350451 -0.017291809925089607 -0.063959575861512977 0.0088135376942450258 -0.12181241242040906 0.0033447958990640066 -0.075560503339460378 -0.038826443839575231 -0.0044585348581553238 -0.00075839842838475776 0.0024766674646889944 -0.028104281871040079 -0.0053187634266184461 0.036769425154556779 0.00029833943365366799 0.00035835362967978466 -0.010348125100191209 0.016600461966203912
leaf_weight=315.46947231853119 218.27317800093442 6006.6923711087438 2089.3061817582347 1081.0230611748702 18.529216347262263 162.59049901738763 576.48627081746235 298.96743823960423 2500.2730709270108 537.22953544114716 448.66764248767868 19.679772288538519 24.597170379944146 371.12358136335388 4.6414793320000163 416.83342524967156 2.4145764429122201 857.43068899791979 4.8381422366946927 36.848196712322533 1151.4557520221351 7662.3712334674783 82.397234475007281 51.038014949299395 178.86722466256469 58.47894452046603 18382.71827679337 790.99565442930907 1222.6223278334364 151.5249986902345
leaf_count=26888 1249 135065 49847 40841 101 943 3470 1835 17687 4136 3309 98 176 2546 34 7718 15 25514 19 2595 35762 59196 502 257 1053 297 125833 6052 9558 1029
internal_value=-0.000148284 -0.00204128 -0.000805579 -0.00494847 0.000490803 0.000120684 0.00596099 0.0123612 0.00334435 -0.000565137 0.00894985 -0.00525345 -0.0120222 -0.0146907 0.0250001 -8.77881e-05 -0.00465331 -0.0026858 0.00418027 -0.0115371 -0.00113347 -0.000216624 0.00686039 -0.000222225 0.00422141 0.0156042 -0.000364398 -0.00188915 -0.00619198 0.000431616
internal_weight=45724.4 11540.6 8098.41 3442.23 34183.7 30259 1042.88 466.396 3924.74 1424.47 467.197 957.272 420.042 395.445 24.3213 29216.1 2091.72 2361.2 303.806 352.318 2008.89 28799.3 589.055 370.781 319.743 140.876 28210.2 9675.99 2013.62 18534.2
internal_count=563625 316527 184927 131600 247098 219011 6267 2797 28087 10400 3410 6990 2854 2678 132 212744 49862 90759 1854 29483 61276 205026 3358 2109 1852 799 201668 74806 15610 126862
cat_boundaries=0 1 2 3 4 5 6 7 8
cat_threshold=6580762 153091 1223496 17170 2699144 7536977 6621 217507
is_linear=0
shrinkage=0.05


Tree=106
num_leaves=31
num_cat=3
split_feature=22 2 67 67 9 5 1 65 50 6 70 56 50 44 65 24 3 67 26 41 40 26 9 3 55 11 66 56 5 5
split_gain=20.9296 15.2204 35.7827 17.0411 18.132 16.9922 28.8483 15.2638 17.6786 17.4066 22.8277 20.6934 19.3459 18.0226 17.9336 18.2576 17.858 15.7178 15.1493 16.8523 14.0361 14.5647 13.799 14.9514 13.171 12.8477 16.5926 12.4899 12.6825 12.2014
threshold=0.31731928152482763 3.5000000000000004 0 1 664.50000000000011 34.035000000000004 0.12500000000000003 0.26385810028828666 142.50000000000003 40.785000000000004 20.145000000000003 0.20999999999999988 264.50000000000006 0.025870036331187462 0.40269168121668347 0.041873547755900707 6.5050000000000008 2 0.026385399218313794 0.043333333333333453 -0.12499999999999999 0.0090347841229416314 187.50000000000003 2.5550000000000002 -8.2499999999999982 72.250000000000014 0.2355829477540004 -0.14000000000000032 39.140000000000008 23.105
decision_type=2 2 1 1 2 2 2 2 2 2 2 2 2 2 2 2 2 1 2 2 2 2 2 2 2 2 2 2 2 2
left_child=-1 3 29 22 7 -4 -7 8 -5 11 13 17 20 -11 15 -15 -12 25 27 -20 -13 -22 23 -2 -24 -9 -27 -19 -29 -3
right_child=1 2 5 4 -6 6 -8 9 -10 10 16 12 -14 14 -16 -17 -18 18 19 -21 21 -23 24 -25 -26 26 -28 28 -30 -31
leaf_value=-0.0010986543276359068 -0.041097811996391884 -0.0029063479657321332 -0.0040058344135217852 0.0022807848884471463 -0.0029456034344847188 -0.00028227378732740481 0.016244242095608593 0.0091568190543534333 -0.0046433406116100353 0.072412690477866234 -0.029133705361118253 0.056831076088452039 0.068380816743823944 0.027207128567578665 0.032078209124932359 -0.052347707927919956 0.012930355888406492 -0.014416533950552779 -0.0027285460269778922 0.01975355816329331 -0.039177941793849508 0.013482095483963535 -0.069297371871088573 0.0077449800028985541 0.0013717259390820013 -0.049289895322353353 0.027517244430679117 0.024706500547436408 -0.041903031421302993 0.010870785091546592
leaf_weight=21399.591379134385 15.87997401691973 179.69140818994492 1299.7704137638211 2127.3372526809108 5347.9534954855917 1030.3216329696588 355.05099103040993 528.40586981037632 1626.7874776278622 20.851991578936577 36.437229655683041 16.671981299296021 17.541761633008718 14.46040407754481 104.18212516605854 14.387367792427538 82.04879189748317 333.35210222890601 363.16501266462728 108.18453228194267 14.490237060934303 139.92188014741987 6.598876839503645 1175.2335726742167 7700.8915554234409 21.066923348233107 10.55426083691418 39.782891480252147 8.7108532078564149 1521.0277603056747
leaf_count=407263 84 1069 7812 14416 37123 5847 1890 2408 10842 73 184 61 61 59 438 50 403 1798 1677 427 86 654 44 6516 53718 105 60 206 65 8346
internal_value=4.11512e-05 0.00104653 0.00371251 0.000458225 -0.000860034 0.000100194 0.00395323 0.00112011 -0.00071967 0.00480526 0.0164908 0.00281832 0.0183737 0.0291926 0.0224179 -0.0124696 -5.32918e-06 0.000742116 -0.00352386 0.00243156 0.0132463 0.00854041 0.0020829 0.00709381 0.00131122 0.00717607 -0.0236538 -0.0109675 0.0127415 0.00936011
internal_weight=45660.4 24260.8 4385.86 19874.9 10976.3 2685.14 1385.37 5628.34 3754.12 1874.22 272.368 1601.85 188.626 153.882 133.03 28.8478 118.486 1413.22 853.195 471.35 171.084 154.412 8898.6 1191.11 7707.49 560.027 31.6212 381.846 48.4937 1700.72
internal_count=563785 156522 24964 131558 71196 15549 7737 34073 25258 8815 1207 7608 862 620 547 109 587 6746 4173 2104 801 740 60362 6600 53762 2573 165 2069 271 9415
cat_boundaries=0 1 2 3
cat_threshold=1589651 15076692 107016
is_linear=0
shrinkage=0.05


Tree=107
num_leaves=31
num_cat=9
split_feature=64 67 13 17 61 1 71 40 8 31 36 21 8 71 67 67 48 58 59 36 41 67 67 56 1 25 67 10 36 67
split_gain=23.1991 16.7157 14.8035 13.6978 13.3762 23.2175 16.7019 14.4492 12.6411 12.466 12.1992 12.1988 20.5058 15.3918 17.5311 14.9936 21.7827 15.1061 14.295 22.0164 17.1028 15.4187 14.2599 15.7007 13.2998 12.7395 14.81 13.1134 16.7678 15.2509
threshold=7.8450000000000015 0 0.19500000000000003 1.9450000000000001 2.5000000000000004 0.13500000000000004 -0.39099281619513743 -0.039999999999999584 1 0.063920233497439402 -1.7385016708940861 0.074090003922829564 2 -1.6309928161951375 3 4 2.805451665987444 6.735557395310444e-16 0.19500000000000003 1.3537246975758468 -0.016249999999999872 5 6 0.84000000000000008 0.025000000000000005 0.079271764316451512 7 46.95000000000001 -0.7271212629197602 8
decision_type=2 1 2 2 2 2 2 2 1 2 2 2 1 2 1 1 2 2 2 2 2 1 1 2 2 2 1 2 2 1
left_child=1 8 4 -2 5 9 -6 -8 -1 -3 -9 -5 15 14 -14 16 -13 -18 19 25 24 -22 -20 -24 -21 26 -15 28 -27 -30
right_child=3 2 -4 11 6 -7 7 10 -10 -11 -12 12 13 18 -16 -17 17 -19 22 20 21 -23 23 -25 -26 27 -28 -29 29 -31
leaf_value=-0.00042496011590179288 -0.054586658308322648 0.00067999081239278965 -0.0068866597946944542 -0.00012192291371229585 -0.007539984149384539 0.010695562056535175 -0.0048365772313939872 -0.029513061667371727 -0.0051802738968847887 -0.079548920854864424 0.0028083909092829059 0.0039306247104728522 0.009496329246637512 -5.8824539829445479e-05 -0.029792607587885656 -0.0042200181570714529 -0.040103380026391966 -0.0039818610723463717 0.0047239085094358839 -0.0017997129120837349 -0.011389174101149219 0.0099547663276534342 -0.011771504100785474 0.0091416176416186847 0.018547668881601784 0.033232067129252606 0.0042550123473483374 0.027655305774396462 0.01336576941425173 -0.018533805473754033
leaf_weight=2107.7105096422601 11.176883197855203 2087.8663570784847 734.98449033702491 17206.754586077936 837.77987843948358 760.35983656722965 961.21862575699924 29.555650935508311 4200.0453538965376 4.8530334755778304 2383.6286807069555 1472.2482836715644 43.527404128573835 3266.3838692831341 64.406758755911142 2041.178855197737 47.488445495953783 74.120546679478139 386.26377534284256 93.992973323911428 129.52515978645533 205.73839863552712 463.12604165216908 111.31969873979688 551.66832235036418 40.37675349554047 5102.3075001901016 102.73614761419594 62.831206885632128 68.12390899262391
leaf_count=45500 168 33869 33906 154517 23535 13027 16390 1010 90752 24 43181 12018 334 24897 557 16325 254 392 2788 710 912 1407 3489 1160 3656 364 36453 726 496 540
internal_value=2.06746e-06 -0.00168334 -0.000133083 0.000755831 0.00056929 0.00321272 -0.00122121 0.00034758 -0.00359449 0.000493939 0.00241253 0.000775447 0.00185316 0.00295447 -0.0158287 -0.00139059 0.00223665 -0.0180874 0.0031488 0.00372937 0.0108281 0.001666 -0.00266692 -0.00758676 0.0155856 0.00292369 0.00257629 0.0135314 0.00506219 -0.00362329
internal_weight=45653.3 14108 7800.25 31545.3 7065.26 2853.08 4212.18 3374.4 6307.76 2092.72 2413.18 31534.1 14327.4 10692.3 107.934 3635.04 1593.86 121.609 10584.4 9623.68 980.925 335.264 960.71 574.446 645.661 8642.76 8368.69 274.068 171.332 130.955
internal_count=563357 301194 164942 262163 131036 46920 84116 60581 136252 33893 44191 261995 107478 78489 891 28989 12664 646 77598 70161 6685 2319 7437 4649 4366 63476 61350 2126 1400 1036
cat_boundaries=0 1 2 3 4 5 6 7 8 9
cat_threshold=13504636 204806 164261 15566402 228512 2144646 1736855 9992259 16380420
is_linear=0
shrinkage=0.05


Tree=108
num_leaves=31
num_cat=5
split_feature=22 36 8 31 9 56 17 8 56 33 8 33 44 8 5 64 30 46 9 32 28 55 6 8 22 68 30 56 46 22
split_gain=21.2842 17.9563 18.462 17.0972 16.2353 27.3172 19.6778 25.2446 18.8545 17.1153 14.3631 14.3623 15.1853 13.4815 14.8546 15.6875 14.2884 14.069 14.8234 13.4528 12.712 12.2451 21.8113 14.2921 11.9137 11.5695 12.628 13.873 11.4822 11.3004
threshold=0.044875039507629846 0.78173595997056733 0 0.037500725928220228 914.50000000000011 -0.8600000000000001 5.0950000000000006 1 0.90499999999999992 2.3272447207041238 2 3.9236241602217663 0.65662050013623963 3 39.855000000000011 24.145000000000007 -0.094999999999999946 0.11921516763553459 901.50000000000011 42.750000000000007 3.4500000000000006 1.5833333333333324 37.125000000000007 4 0.99542110826777142 0.55810000000000015 0.014999999999999973 0.68500000000000016 0.17209406422460755 0.89863065873183701
decision_type=2 2 1 2 2 2 2 1 2 2 1 2 2 1 2 2 2 2 2 2 2 2 2 1 2 2 2 2 2 2
left_child=1 20 3 -3 5 21 7 -6 9 24 -11 -8 19 17 15 28 -17 -10 -19 -13 -1 -2 23 -23 -7 -9 -27 -28 -15 -12
right_child=4 2 -4 -5 6 8 11 25 13 10 29 12 -14 14 -16 16 -18 18 -20 -21 -22 22 -24 -25 -26 26 27 -29 -30 -31
leaf_value=-0.0012320543151360256 -0.00096404361919208068 0.0073337146686380684 -0.0056339005700026127 0.040783811327754972 0.0085085750234629772 0.00049833894340818596 -0.0010978724901857238 -0.010617386889550065 -0.0037670458644083644 -0.00025069229630901894 0.0071098759761159275 0.020470875066241866 0.045123841954097063 0.0047433718144558323 0.02119461799386077 -0.043180922136040925 0.019469769007392126 0.023754943643403605 -0.1033322778198381 0.0010821249661449846 -0.0099753782380315043 -0.024128018286716874 0.0048187141703656252 -0.0072733150353563635 0.0055316759946690041 -0.046148851871937187 0.014485679824209667 -0.062740228623316477 -0.01913358913565693 0.027451797305294363
leaf_weight=636.9441345371888 5918.7952812331496 192.42451729413006 252.04171543006669 47.662578175310045 168.56499083398376 18133.238121688424 11516.370992600569 593.47175124427304 403.63523858279223 799.68304242752492 1553.61155968823 114.90089687984437 25.193167482502759 520.72441308322595 238.04918912565336 9.4419530183076841 251.77696223859675 73.030608870321885 2.3689040481112889 404.13454251061194 1196.9354360235448 159.69252335140482 296.99119352467824 631.46085341926664 1257.1487562682014 50.370819381438196 22.625705240294341 7.8273421972990027 55.740638040122576 71.411458780989051
leaf_count=27471 61509 6275 8667 241 2886 180898 121255 11532 3991 7522 14879 960 154 6513 2151 49 1256 704 24 4442 75520 1861 3072 6858 11789 261 99 49 587 294
internal_value=-3.52733e-06 -0.00466288 0.00381756 0.0134155 0.00024688 0.000878037 -0.00123896 -0.00862501 0.00169906 0.00131991 0.00528038 -0.000722787 0.00721436 0.00701886 0.0100791 0.0070406 0.0172052 -6.22833e-05 0.0197621 0.00537429 -0.00693864 -0.00186026 -0.00673511 -0.0110723 0.000824668 -0.0128439 -0.0307817 -0.00536368 0.00243462 0.00795485
internal_weight=45606.3 2326.01 492.129 240.087 43280.3 30376.8 12903.5 842.861 23369.9 21815.1 2424.71 12060.6 544.229 1554.77 1075.73 837.684 261.219 479.035 75.3995 519.035 1833.88 7006.94 1088.14 791.153 19390.4 674.296 80.8239 30.453 576.465 1625.02
internal_count=563769 118174 15183 6516 445595 303957 141638 14827 230657 215382 22695 126811 5556 15275 10556 8405 1305 4719 728 5402 102991 73300 11791 8719 192687 11941 409 148 7100 15173
cat_boundaries=0 1 2 3 4 5
cat_threshold=39734 135234 66695 147859 118818
is_linear=0
shrinkage=0.05


Tree=109
num_leaves=31
num_cat=0
split_feature=22 28 1 17 71 21 50 9 40 4 28 3 21 0 57 1 55 55 17 48 48 63 34 6 58 10 22 41 18 18
split_gain=21.2922 23.9054 19.0514 14.1711 16.1002 14.3971 16.3844 14.0525 13.0864 12.9889 14.8168 12.9163 12.6299 12.6241 12.6104 12.2126 11.428 11.3771 11.3597 11.9444 12.1476 11.3188 14.2529 13.4763 11.1069 11.0805 10.9859 14.1928 17.8141 13.569
threshold=0.043218856951565229 3.6333333333333337 0.12500000000000003 6.4250000000000007 -0.80099281619513751 0.073446822434389727 166.50000000000003 674.50000000000011 0.084999999999999978 48.690000000000005 2.4500000000000006 6.6250000000000009 0.081044442914873158 6.745000000000001 1.2071067811865477 1.0000000180025095e-35 0.91666666666666796 -4.5833333333333313 4.6550000000000011 3.1190389681169957 4.0525630810092972 2.5000000000000004 0.084999999999999978 26.945000000000004 4.5961940777125605 28.850000000000005 0.32793082086204911 -0.075714285714285165 11.65 55.800000000000004
decision_type=2 2 2 2 2 2 2 2 2 2 2 2 2 2 2 2 2 2 2 2 2 2 2 2 2 2 2 2 2 2
left_child=1 13 26 5 -5 6 7 21 -7 10 -10 -11 -6 -1 -13 -3 -14 -15 19 -12 -21 -4 23 -23 -8 -18 -2 28 -28 -30
right_child=2 15 3 4 12 8 24 -9 9 11 18 14 16 17 -16 -17 25 -19 -20 20 -22 22 -24 -25 -26 -27 27 -29 29 -31
leaf_value=0.0070879633411248455 -0.0013832370920681281 -0.043050586985078985 0.0071622215945550535 -0.021211520579640424 0.0058640323181899231 0.0018031068251730558 -0.005009061500341778 -0.0023391646353434973 -0.00967507383110487 -0.046752286110463642 0.008248672449908491 0.024436100765376841 0.045060776787644197 -0.034899159103794472 -0.039959006861749899 -0.01051877874638593 0.09626214277360523 -0.0027510607414374011 0.017711916291262408 -0.068297087092736478 -0.0014628896056765176 -0.030551518993291504 -0.060916714475480166 0.0026918260220040345 -0.023955192399126 -0.032766866563449265 0.012844696247463754 -0.00012561144548105862 0.00042016422090151789 0.010706865203106647
leaf_weight=369.92607099396264 13384.23179059026 30.030527326656738 993.43432890961412 53.84476907690987 1957.614587903372 6447.1305224771058 970.41390989057254 1589.0280294016702 84.770371268503368 20.293495220597833 255.58494025614345 23.364515186753124 37.419504516990855 28.226405489825993 11.269696074537931 733.27974265965895 1.9988892539404322 1100.8542293720384 417.17162809334695 10.563414515927436 19.077209878712893 35.697227777680382 10.776358070317654 208.83750726096332 84.055651457747445 9.9283683015964908 452.33805393846706 13803.260982514126 2041.7607833711663 380.28743678075261
leaf_count=11896 203146 1126 9704 561 17629 67965 9645 16932 935 180 3740 200 256 1657 95 51142 19 48068 4232 61 102 347 109 1853 917 101 2538 91464 13221 3606
internal_value=0.00013274 -0.004596 0.000379782 0.00195992 0.00576989 0.00125772 -0.00119755 0.000779938 0.00256877 0.00843072 0.0100711 -0.0150772 0.00649378 -0.00092833 0.00348245 -0.0117987 0.0314762 -0.00355475 0.0124542 0.00476422 -0.0252815 0.004749 -0.00464105 -0.00216104 -0.00651933 -0.0111429 -0.000316271 0.000539996 0.00373635 0.00203529
internal_weight=45566.5 2262.32 43304.2 13242.3 2060.81 11181.5 3892.24 2837.77 7289.23 842.095 787.168 54.9277 2006.96 1499.01 34.6342 763.31 49.3468 1129.08 702.397 285.226 29.6406 1248.75 255.311 244.535 1054.47 11.9273 30061.9 16677.6 2874.39 2422.05
internal_count=563447 113889 449558 135583 18566 117017 39507 28945 77510 9545 9070 475 18005 61621 295 52268 376 49725 8135 3903 163 12013 2309 2200 10562 120 313975 110829 19365 16827
is_linear=0
shrinkage=0.05


Tree=110
num_leaves=31
num_cat=1
split_feature=22 5 17 8 11 12 24 20 17 26 12 0 24 18 68 24 22 58 50 24 0 71 56 11 50 25 12 31 55 30
split_gain=21.7132 13.5037 15.6922 13.617 13.6079 19.8018 16.7407 16.3008 16.61 15.656 15.2196 14.3022 25.2262 13.9589 21.439 17.5235 14.7499 14.1474 13.1634 13.0465 13.1457 11.6699 14.6344 14.8389 12.6491 11.9832 11.4766 11.3343 13.9449 14.0446
threshold=0.083828051463234396 27.290000000000003 3.0050000000000003 0 51.45000000000001 24.950000000000003 0.080057741481413633 20.550000000000004 3.8950000000000005 0.069799922047551005 14.550000000000002 6.5950000000000006 0.051932492427700101 5.9000000000000012 0.058550000000000012 0.020863100363544152 0.57728401669147955 -2.0606601717798205 202.00000000000003 0.076652834392175587 6.9650000000000007 0.094282067261203931 -0.92500000000000016 50.150000000000013 105.00000000000001 0.062330075149606763 22.250000000000004 0.012330922216367552 2.4166666666666683 -0.087499999999999994
decision_type=2 2 2 1 2 2 2 2 2 2 2 2 2 2 2 2 2 2 2 2 2 2 2 2 2 2 2 2 2 2
left_child=-1 2 -2 -4 5 6 9 -8 -9 13 11 12 -6 14 -3 -15 -16 -18 27 -17 -21 -5 23 25 -24 -23 -25 -13 -29 -30
right_child=1 4 3 21 10 -7 7 8 -10 -11 -12 18 -14 15 16 19 17 -19 -20 20 -22 22 24 26 -26 -27 -28 28 29 -31
leaf_value=-0.0030979616447831702 -0.020753692900592507 0.0035559793828173918 -0.0052684251663082686 -0.0021085252252676179 -0.046024018113701617 0.03261894609387065 0.0051353168969726767 -0.026839345618506774 0.032047896747764593 0.014103657389520975 0.00086400823977037531 0.002223324954644178 0.021149867389487327 -0.004141401372677646 0.027349352061181303 0.0028408715904179134 0.055419596563688014 -0.042501208913134428 0.0035013222307342345 -0.02314086189043315 0.032684342283513149 0.0053772369153290639 -0.00038279090522242072 -0.014964659111956963 0.0065860787548296792 0.066327797923746656 -0.00074423105916003791 -0.0040667455528329141 -0.045576162400309789 -0.011765631872079444
leaf_weight=4907.3824267843738 102.60362961236387 1300.1972150243819 1578.4724299036898 3662.2777712947573 46.119484445080161 55.404309706296772 256.15692603308707 13.239544640295206 125.35015795333311 257.01412926358171 21256.112023561262 606.94428644515574 20.05335103534162 1562.388373024005 155.68251852714457 3175.2442598484922 4.8935225047171143 14.981253640726207 787.26830504508689 82.487594571430236 12.091205787844954 173.4694232721813 1116.9631976074306 298.0188040593639 1561.3113352204673 8.4572559799998981 270.81329847732559 1932.2991883377545 35.887943301349878 213.06943055882584
leaf_count=204424 1458 19837 14392 32761 309 227 2125 127 937 2302 161379 6566 115 22052 2033 36026 16 95 6735 807 84 2338 9986 2379 12650 69 2109 16899 329 2057
internal_value=4.38325e-05 0.00042279 -0.00131462 -0.00108457 0.000900379 0.00284549 0.00260847 0.0126089 0.0264224 0.00200716 0.000352329 -0.00263432 -0.0256673 0.00151429 0.00577045 0.000214466 0.0221711 -0.0183914 -0.00220804 0.00229579 -0.016004 -0.000145636 0.00195034 -0.00421914 0.00367974 0.00821066 -0.0081945 -0.00382012 -0.00550174 -0.0166395
internal_weight=45592.7 40685.3 8772.39 8669.78 31912.9 7015.13 6959.73 394.747 138.59 6564.98 24897.8 3641.64 66.1728 6307.97 1475.75 4832.21 175.557 19.8748 3575.47 3269.82 94.5788 7091.31 3429.03 750.759 2678.27 181.927 568.832 2788.2 2181.26 248.957
internal_count=563623 359199 78142 76684 281057 86668 86441 3189 1064 83252 194389 33010 424 80950 21981 58969 2144 111 32586 36917 891 62292 29531 6895 22636 2407 4488 25851 19285 2386
cat_boundaries=0 1
cat_threshold=197
is_linear=0
shrinkage=0.05


Tree=111
num_leaves=31
num_cat=5
split_feature=55 68 31 8 58 9 56 25 46 71 56 8 17 17 8 55 32 26 71 28 53 17 68 65 15 21 0 8 64 64
split_gain=17.6439 17.255 14.804 31.3041 19.2528 14.9261 18.8899 13.7933 13.6725 13.4659 16.9158 14.2854 22.0803 16.4163 13.3373 13.2653 20.7185 21.1593 13.18 13.1009 16.15 14.5178 16.7448 14.4304 15.0699 15.3438 14.0497 17.2225 16.1343 13.5192
threshold=-2.7499999999999996 0.025650000000000003 0.046006073707954377 0 3.0616169978683831e-16 562.50000000000011 0.93999999999999984 0.084217562623135386 0.022247726844189315 -1.1890405553612795 0.76000000000000001 1 4.7750000000000012 3.9650000000000003 2 -0.74999999999999989 50.350000000000001 0.021283902267944823 -0.62571793273879595 2.2916666666666674 5.5000000000000009 6.3050000000000006 0.039749999999999959 4.5008832149022453 3 0.080276092279540787 6.8050000000000006 4 6.2050000000000018 26.705000000000005
decision_type=2 2 2 1 2 2 2 2 2 2 2 1 2 2 1 2 2 2 2 2 2 2 2 2 1 2 2 1 2 2
left_child=-1 -2 5 4 7 6 14 15 -8 10 -7 13 -13 -11 18 16 17 -4 -3 20 21 -5 -23 26 -25 -26 -21 -28 -29 -30
right_child=1 2 3 19 -6 9 8 -9 -10 11 -12 12 -14 -15 -16 -17 -18 -19 -20 23 -22 22 -24 24 25 -27 27 28 29 -31
leaf_value=-0.003105950190426171 -0.0089332168470216307 -0.0035008903497108106 0.019051058303273725 0.0049545031007335047 -0.007297325465769504 -0.037882118388491003 0.015370610077932792 0.018442538999889298 0.00018084023245526945 -0.028654309143946389 -0.0056068074941165308 -0.0082077694564343454 -0.0010173221911020818 0.0010157370870724702 -0.00047862663731623121 -0.0024975052893964657 0.023272780714433075 -0.0064590639321242442 0.0033017404244417847 0.010065939293115177 -0.079014586484812022 -0.01831185345347755 0.024391424241329396 0.010914281468264682 -0.016547623822803718 0.066913796413201582 0.01534875225459028 0.039414161391406299 -0.0020976659553416689 0.072642842212665523
leaf_weight=3831.8354222569542 485.35738463883172 802.49449547293625 115.61640540789813 253.39887526421808 857.0531682705041 51.387387165799737 402.12250348691305 116.932916874066 234.55617143667769 46.859721378190443 193.33109443332069 1202.7812641293858 9503.8996728411294 9136.0392671199224 7606.2922233477293 1091.1297524075489 144.71861351025291 273.75297689437866 6316.6897799796134 1117.0611294093542 4.7186676915734997 24.922742166556418 290.9025150006637 85.511939898598939 186.87430052924901 5.6740416632965198 195.88744537718594 24.579767941031605 941.48349899490131 6.0894579514861098
leaf_count=50242 21359 16507 707 1280 5458 799 6499 566 4325 1489 2924 24320 120860 115139 94606 7085 862 1480 69814 6361 18 123 1449 505 1071 29 1224 145 6416 23
internal_value=0.000141051 0.00043929 0.000549615 0.00290637 -0.00115757 0.000168758 0.00134256 0.00185625 0.00977461 -0.000726831 -0.0123842 -0.000583401 -0.00182339 0.000863393 0.000977983 0.000662883 0.00711948 0.00111572 0.00253137 0.00625723 0.0131054 0.0138691 0.0210216 0.0047482 -0.00600665 -0.0133926 0.00605689 0.00222282 -0.000574016 -0.00161736
internal_weight=45550 41718.1 41232.8 5736.31 2599.2 35496.5 15362.2 1742.15 636.679 20134.3 244.718 19889.6 10706.7 9182.9 14725.5 1625.22 534.088 389.369 7119.18 3137.1 573.943 569.224 315.825 2563.16 278.06 192.548 2285.1 1168.04 972.153 947.573
internal_count=563685 513443 492084 34802 16158 457282 191751 10700 10824 265531 3723 261808 145180 116628 180927 10134 3049 2187 86321 18644 2870 2852 1572 15774 1605 1100 14169 7808 6584 6439
cat_boundaries=0 1 2 3 4 5
cat_threshold=87113 23071 117787 193 32804
is_linear=0
shrinkage=0.05


Tree=112
num_leaves=31
num_cat=11
split_feature=22 17 1 9 26 67 56 64 56 2 11 41 8 67 36 17 4 8 67 40 67 15 21 67 28 67 22 8 7 8
split_gain=21.6486 13.1843 16.6189 11.6804 15.198 14.5619 14.211 14.0959 16.8616 16.3652 14.6612 13.7845 13.9428 13.6069 13.5552 13.4951 13.7569 17.6349 14.0297 15.3028 13.3222 13.2663 13.2621 20.8948 19.9885 14.5895 13.2417 13.2082 13.1209 12.4543
threshold=0.18408902566722196 3.9350000000000005 0.055000000000000007 664.50000000000011 0.12943186527265441 0 -0.73499999999999976 8.9450000000000021 -1.4699999999999991 4.5000000000000009 48.750000000000007 -0.11215838509316754 1 2 -0.64220216852217271 5.205000000000001 32.270000000000003 3 4 -0.039999999999999584 5 6 0.06760605889535827 7 4.4500000000000011 8 0.4848987609454154 9 51.500000000000007 10
decision_type=2 2 2 2 2 1 2 2 2 2 2 2 1 1 2 2 2 1 1 2 1 1 2 1 2 1 2 1 2 1
left_child=1 -1 -3 4 5 6 -2 9 11 -7 -10 -9 -13 -14 -15 16 20 21 19 -19 27 -18 23 -6 25 -24 -23 -5 -22 -8
right_child=3 2 -4 15 22 7 29 8 10 -11 -12 12 13 14 -16 -17 17 18 -20 -21 28 26 24 -25 -26 -27 -28 -29 -30 -31
leaf_value=-0.0065078395630823642 -0.003296585914742712 -0.0037319650236633628 0.00028873663137297077 -0.0057831351028641695 -0.014185286511478221 -0.0019985732296909533 -0.0033082751682562426 -0.043158875488820712 0.02208095184388964 0.0070588901025418656 0.0046399490018209947 0.013269784073137692 0.010917540004509705 0.011144654473376432 -0.019398191692058031 0.00045198585157961012 -0.00045607362748518006 -0.035999511314956399 0.0063876153931679801 -0.0024419317323010076 -0.013703448944691311 -0.018109384588255329 0.022041671086538123 0.011930622997957562 -0.031207018987391973 0.005280268577205551 -0.046702458493194703 0.01484752206138029 -0.0013210340858505485 0.0026725289154945963
leaf_weight=1240.6595722163765 2505.0260216875467 3898.2896322575398 7542.797117944574 116.5848986050114 137.07214241428301 2280.471367244143 1116.3739159337711 22.715527588035911 123.43433444714174 638.29771582782269 5058.558845897438 91.147932585561648 67.520945251919329 44.196733629796654 204.00486679840833 13596.714566124952 67.591854979749769 53.356393364258111 186.6244307984598 93.514005281496793 261.6363881402649 97.889272836968303 289.43866371968761 149.86115698050708 25.025823048315942 268.20330684399232 69.056178341154009 209.12127618398517 1173.5759368496947 3839.8619162508985
leaf_count=65886 18898 91245 173966 715 881 17263 7479 175 676 5233 32056 573 423 273 1587 102594 489 359 1320 710 1507 805 1616 978 156 1618 500 1162 6851 25018
internal_value=0.000142129 -0.00161211 -0.00108123 0.000820658 0.00173783 0.00138778 -0.000226939 0.00279712 0.00426625 -1.78211e-05 0.00505539 -0.00525295 -0.00313667 -0.00803884 -0.0134188 -0.000150397 -0.00366719 -0.0104332 -0.00260032 -0.0137002 -0.00148463 -0.0205825 0.00817515 -0.000623899 0.0125082 0.0144701 -0.0282449 0.00751059 -0.00355356 0.00132409
internal_weight=45468.6 12681.7 11441.1 32786.9 16861.2 15991.6 7461.26 8530.35 5611.58 2918.77 5181.99 429.586 406.87 315.723 248.202 15925.7 2328.95 568.032 333.495 146.87 1760.92 234.537 869.601 286.933 582.668 557.642 166.945 325.706 1435.21 4956.24
internal_count=563012 331097 265211 231915 114903 109654 51395 58259 35763 22496 32732 3031 2856 2283 1860 117012 14418 4183 2389 1069 10235 1794 5249 1859 3390 3234 1305 1877 8358 32497
cat_boundaries=0 1 2 3 4 5 6 7 8 9 10 11
cat_threshold=3596551 119042 1064 57708 493851 10617352 17 798378 783499 26784 66212
is_linear=0
shrinkage=0.05


Tree=113
num_leaves=31
num_cat=0
split_feature=31 22 28 28 55 36 55 32 1 5 64 20 41 0 35 25 18 56 41 13 7 40 46 33 33 17 6 29 12 22
split_gain=20.6539 19.3595 17.1318 16.0338 20.0715 16.1047 15.1659 14.8385 13.9683 13.1362 18.2539 15.2293 12.6978 13.3332 12.8944 13.6442 12.5059 12.9325 14.34 15.7985 13.0946 12.4966 12.1241 11.8119 13.4572 11.7826 11.6109 20.1795 11.4109 18.069
threshold=0.046006073707954377 0.0390861438386177 3.6333333333333337 2.2250000000000005 -3.5833333333333317 -0.340110519170221 1.4166666666666681 42.550000000000004 0.15500000000000003 34.095000000000006 20.205000000000005 21.650000000000002 0.065204166666666744 7.0250000000000012 -0.05666666666666708 0.050024533856722286 11.350000000000001 0.19999999999999987 -0.034000000000000245 0.13500000000000004 46.500000000000007 0.14000000000000015 0.31132741158890925 0.96933175393891069 1.6591629428295025 4.1950000000000012 41.055000000000007 0.0099999999999999898 21.250000000000004 0.3335167437447088
decision_type=2 2 2 2 2 2 2 2 2 2 2 2 2 2 2 2 2 2 2 2 2 2 2 2 2 2 2 2 2 2
left_child=1 2 -1 4 7 -5 16 23 -3 10 11 -8 13 21 -15 -16 -6 18 20 -20 -18 22 -7 -2 -25 -14 28 -28 29 -24
right_child=3 8 -4 5 6 12 9 -9 -10 -11 -12 -13 25 14 15 -17 17 -19 19 -21 -22 -23 26 24 -26 -27 27 -29 -30 -31
leaf_value=-0.0017890434986178574 0.058421956772110754 -0.00051474040907735139 -0.011862763424304765 -0.0025688391172259007 -2.1842440384059269e-05 0.0038605798087323639 0.0023226700228670986 -0.056128276669292813 0.0018466230480250079 0.0094218262666224059 -0.071834288901792387 -0.056268008994905985 -0.041705291937322191 -0.099213334081773991 0.0084487444361737163 -0.058531974724790194 0.03730763683446963 0.02417140128820279 -0.019564881756040126 0.020512038873802183 -0.0084436135422654764 0.037006363811676865 -0.048275207261556902 -0.071555729372717911 0.01344545147220768 -0.0026579906085686029 0.024224192181515388 -0.075024171180515728 0.030792035906723383 0.024299908798849152
leaf_weight=1244.3728535146365 6.6604439700022366 29257.315648578558 638.65929313680681 1578.7795520019718 159.00846172682941 3065.8259409314487 65.510758415330201 20.139215189032257 7968.2818844047142 102.8355285723228 12.86275810189545 13.351109084673224 20.222465296275914 5.0186484623700371 23.260033193044364 11.295081382617353 17.863601693883538 266.31071533448994 27.206973885186017 255.69406728819013 125.62260566465557 29.98348028305918 13.195480715949087 7.4644093345850733 12.37737455870956 432.72051355289295 12.313760079443457 8.7686615586280805 109.43721102038398 24.499387228861451
leaf_count=54575 30 334143 47116 12444 851 17513 358 140 89018 529 76 81 153 19 152 65 70 1275 125 1174 637 158 79 34 57 2402 54 41 530 93
internal_value=0.000172234 -0.000259483 -0.0052057 0.00279875 0.00831611 0.00166856 0.00974676 -0.0237764 -9.28151e-06 -0.00284832 -0.0166048 -0.00759658 0.00344943 0.00452581 -0.0243222 -0.0134453 0.0126239 0.0155268 0.0101275 0.0166578 -0.00274772 0.00487557 0.00457768 0.000808019 -0.0185317 -0.00440133 0.0176474 -0.0170555 0.0226199 -0.00110577
internal_weight=45536.9 39108.6 1883.03 6428.23 1092.91 5335.32 1046.27 46.6414 37225.6 194.56 91.7246 78.8619 3756.54 3303.6 39.5738 34.5551 851.706 692.698 426.387 282.901 143.486 3264.02 3234.04 26.5022 19.8418 452.943 168.215 21.0824 147.132 37.6949
internal_count=563992 524852 101691 39140 5437 33703 5176 261 423161 1044 515 439 21259 18704 236 217 4132 3281 2006 1299 707 18468 18310 121 91 2555 797 95 702 172
is_linear=0
shrinkage=0.05


Tree=114
num_leaves=31
num_cat=9
split_feature=71 56 67 8 65 9 9 56 8 7 8 40 55 55 67 67 67 48 45 9 8 11 11 8 46 22 59 20 1 51
split_gain=16.9243 14.8388 18.5946 16.5001 15.8036 14.3463 13.0529 18.3389 17.3767 16.8979 15.5831 19.7865 14.8723 15.173 14.0728 13.4518 13.4477 15.7555 13.4682 13.3158 12.5613 12.5501 17.9632 16.2684 13.0797 12.4716 12.6827 15.229 12.3719 12.2834
threshold=-0.36099281619513762 -0.049999999999999593 0 1 3.2327972326731991 1100.5000000000002 868.50000000000011 0.35500000000000004 2 48.500000000000007 3 -0.064999999999999933 0.25000000000000006 6.9166666666666687 4 5 6 4.6867674727702697 0.060088269928858531 703.50000000000011 7 59.350000000000001 61.150000000000013 8 0.078440212875050846 0.18163936464831912 0.22500000000000006 8.3000000000000025 0.17500000000000002 0.17712418300653598
decision_type=2 2 1 1 2 2 2 2 1 2 1 2 2 2 1 1 1 2 2 2 1 2 2 1 2 2 2 2 2 2
left_child=1 -1 5 4 -4 21 7 8 9 15 11 12 19 29 -13 -2 17 -11 28 -9 -7 24 -23 -24 -3 -10 -27 -28 -18 -14
right_child=6 2 3 -5 -6 20 -8 10 25 16 -12 14 13 -15 -16 -17 18 -19 -20 -21 -22 22 23 -25 -26 26 27 -29 -30 -31
leaf_value=-0.0045845891565742111 -0.01608858772601484 -0.0026176057593880614 0.002459272711187779 -0.0062075679426698048 -0.014405996726001281 -0.010629573024190616 -0.00085345932000314431 -0.0018660153837397606 -0.0025184796650189584 0.0013263362731264173 0.0021070881910222015 0.020838456987380034 -0.027613056586156239 0.087324703716781624 0.0062213071604389587 0.00090017972781682133 0.0039018134922831661 -0.083828999663163803 0.018200404007019385 0.037088424725449577 0.0017894692080276759 0.025604216082778394 -0.0042181193037919866 0.0088136988703105372 0.0081913674196429573 0.0007610262009638257 0.046954350664144294 -0.074758857418620137 0.013866051092211888 0.053319043811954119
leaf_weight=3284.7647976881999 179.21099776154733 989.46365134746884 1377.0496038833517 1911.7359425755421 154.48547638626769 357.74221412290353 11906.971909562126 80.454651493113488 4046.2121006291563 2086.2110685980879 1498.1009079440264 382.16514804563485 79.737297162413597 3.2444025669246903 334.92611191014294 308.16524673736421 2050.3153190049925 5.4460478015243998 225.19075289415196 30.162325609358959 455.38253924506716 121.05320962518454 321.77511960174888 896.37613179697655 390.26845033711288 11648.637050355901 3.3547787470743051 10.986716313287614 367.33448132546619 4.9811982279643408
leaf_count=49555 1971 27693 20681 30562 1554 5003 146677 759 96300 20993 17505 4348 862 12 4158 3429 22981 34 1662 272 6444 761 2142 5688 6576 81123 15 100 3947 30
internal_value=-2.64463e-05 -0.00181367 -0.000508807 -0.00311828 0.00075316 0.00203813 0.000493727 0.00118086 0.000704958 0.00320052 0.00530761 0.0104072 -0.00344616 -0.0187907 0.0143887 -0.00565832 0.00411923 0.00109936 0.0064806 0.00875583 -0.00378313 0.00378653 0.00723454 0.00540906 0.0004398 -0.000126547 0.000703172 -0.0462876 0.00541577 -0.0228545
internal_weight=45511.9 10260.1 6975.33 3443.27 1531.54 3532.06 35251.8 23344.8 20931.1 5221.87 2413.77 915.671 198.58 87.9629 717.091 487.376 4734.5 2091.66 2642.84 110.617 813.125 2718.94 1339.2 1218.15 1379.73 15709.2 11663 14.3415 2417.65 84.7185
internal_count=563837 156659 107104 52797 22235 54307 407178 260501 232555 55017 27946 10441 1935 904 8506 5400 49617 21027 28590 1031 11447 42860 8591 7830 34269 177538 81238 115 26928 892
cat_boundaries=0 1 2 3 4 5 6 7 8 9
cat_threshold=7205936 103500 18454 29192 4754363 3743980 3181726 117864 67976
is_linear=0
shrinkage=0.05


Tree=115
num_leaves=31
num_cat=8
split_feature=17 40 34 67 35 22 38 7 8 19 8 31 8 64 17 17 67 64 9 0 55 9 64 67 67 6 58 13 8 34
split_gain=21.2431 16.8469 16.9443 14.6287 15.9132 15.4951 16.0813 15.4262 15.0369 14.7136 14.5943 16.634 14.4916 18.9872 16.7479 14.3264 13.3208 14.0373 15.0306 13.1458 16.9454 13.0964 17.892 15.4657 14.8642 13.4385 13.7089 13.4102 12.8976 14.5146
threshold=2.1150000000000007 -0.029999999999999801 0.044999999999999936 0 0.073333333333333708 0.12013680282277432 2.5000000000000004 44.500000000000007 1 18.350000000000005 2 0.038277869569043159 3 9.7650000000000023 3.1750000000000003 2.7250000000000005 4 4.5850000000000017 897.50000000000011 6.6450000000000005 -3.7499999999999996 605.50000000000011 8.2150000000000016 5 6 27.065000000000001 -7.9602041944577945e-16 0.13500000000000004 7 0.18000000000000019
decision_type=2 2 2 1 2 2 2 2 1 2 1 2 1 2 2 2 1 2 2 2 2 2 2 1 1 2 2 2 1 2
left_child=-1 16 10 5 12 6 -4 -7 15 -6 -3 -12 13 -5 -15 -9 19 -18 -19 -2 -21 24 -23 25 -13 26 -24 -26 -22 -30
right_child=1 2 3 4 9 7 -8 8 -10 -11 11 21 -14 14 -16 -17 17 18 -20 20 28 22 23 -25 27 -27 -28 -29 29 -31
leaf_value=-0.029049106725941989 0.0039700665538534219 -0.00018744864131296912 -0.021511582328357284 -0.0036885161167880699 -0.023098836545333547 -0.021101166520980024 -0.0019902506192176865 -0.054193169768339246 -0.00047897914208380033 -0.0034094055230336285 0.0021195602460424021 0.020481797378533225 -0.0028112244188329381 -0.059934565725166533 0.0064272157202789233 0.0045615578319679736 -0.0043312072739589208 0.0023155599732190774 -0.0022174059886192923 -0.016649130670631621 -0.0057648547166566002 -0.024317935608823157 -0.032567893970968702 0.001151675191342111 0.035882768562870142 0.017500044357822982 0.0098883698251375357 0.0017195165252304684 -0.00062579269768399089 -0.032584153709697472
leaf_weight=62.935357904876582 612.28392939243349 4673.2530571728421 114.30478041630704 855.48666541546118 165.07849882962182 70.52310746582225 1369.2409527631244 10.402963393367825 2676.9544283624273 223.14108449348714 6670.5982159595587 328.69885782012716 5223.1569526194216 9.5791005315259081 1271.6230209837668 3867.5608367763925 1625.4678994011483 5327.4162593922811 2784.6059523820295 243.21134334616363 2601.6181556061347 51.914636103436351 28.964202925562859 741.77760686911643 31.873729926533997 356.48351558600552 55.342824209481478 290.75463614752516 3083.4105597742018 35.942523305828217
leaf_count=13847 5400 49673 3291 20290 5239 574 51911 136 21262 3271 81388 1737 79049 71 11254 29702 40538 43348 29738 2812 28210 405 169 4497 155 1975 332 1619 31754 553
internal_value=-2.01762e-05 2.00643e-05 0.00074139 -0.000360904 -0.00191312 0.0011232 -0.00349434 0.00215883 0.00240908 -0.0117817 0.0020626 0.00328788 -0.00139516 0.00206989 0.00593105 0.00439262 -0.00126601 -9.01656e-05 0.000759533 -0.00300234 -0.00372316 0.00743798 0.00441138 0.00567259 0.0131744 0.0129604 -0.00469774 0.00494148 -0.00317364 -0.000990854
internal_weight=45463.6 45400.7 29086.7 15857.1 7748.07 8108.99 1483.55 6625.44 6554.92 388.22 13229.7 8556.41 7359.85 2136.69 1281.2 3877.96 16314 9737.49 8112.02 6576.47 5964.18 1885.81 1234.48 1182.57 651.327 440.791 84.307 322.628 5720.97 3119.35
internal_count=564200 550353 368000 226050 119174 106876 55202 51674 51100 8510 141950 92277 110664 31615 11325 29838 182353 113624 73086 68729 63329 10889 7378 6973 3511 2476 501 1774 60517 32307
cat_boundaries=0 1 2 3 4 5 6 7 8
cat_threshold=2155615 91697 1209 38951 2203803 3450140 8007235 109380
is_linear=0
shrinkage=0.05


Tree=116
num_leaves=31
num_cat=7
split_feature=17 9 56 57 0 67 17 56 41 67 30 67 8 30 61 8 44 22 67 31 30 29 67 55 6 64 35 29 17 9
split_gain=18.2238 19.8266 20.0327 19.5912 16.5531 16.6664 16.0732 15.2139 16.3996 15.8972 14.9642 13.8575 15.3478 14.5203 13.8546 13.7447 13.3397 13.148 14.3583 12.9895 12.6939 12.7309 18.6789 19.9348 13.7552 13.643 13.3186 12.68 14.7436 12.2828
threshold=2.1150000000000007 397.50000000000006 0.92000000000000015 4.9748737341529177 6.7250000000000005 0 5.4150000000000009 -1.1849999999999998 -0.0059999999999997824 1 0.060000000000000026 2 3 0.22750000000000006 1.5000000000000002 4 0.39940749102193096 0.040754088814398917 5 0.033282816668517894 0.35250000000000009 0.059999999999999998 6 3.5833333333333326 20.845000000000002 61.57500000000001 -0.078333333333332686 -0.084999999999999964 6.3350000000000009 1100.5000000000002
decision_type=2 2 2 2 2 1 2 2 2 1 2 1 1 2 2 1 2 2 1 2 2 2 1 2 2 2 2 2 2 2
left_child=-1 2 7 4 10 -6 14 9 -9 -2 -4 -10 16 -14 15 -3 19 -16 -19 -13 21 25 23 24 -23 29 -24 -18 -29 -8
right_child=1 6 3 -5 5 -7 20 8 11 -11 -12 12 13 -15 17 -17 27 18 -20 -21 -22 22 26 -25 -26 -27 -28 28 -30 -31
leaf_value=-0.027260053333290693 0.0019436636652809891 -0.0077020321896505402 0.0054715119293610396 -0.029718962029629439 0.0043688360405855073 0.023659177073155083 0.00051858826884864978 0.0041687899511674807 0.0027353338789783744 -0.0061683238163031326 -0.031533176963584174 -0.0081365664570516964 6.558686962867966e-05 -0.040726967821642229 -0.010576413582225545 0.0029597410615661295 0.07731013421298788 -0.0051846731171118097 -0.00085395067572639023 -0.02943850943565629 -0.035775437019165073 -0.016401194982324726 0.021902438305875835 -0.029691110349745767 0.0016589093049442793 0.0078303492771129649 0.0053713422834657659 -0.028346783516945154 0.08281778118095226 -0.0022654551276083878
leaf_weight=60.809150611319637 1157.9564267367241 347.18326671898831 156.76955763122533 29.946620829141466 203.50885076355189 296.29700826882618 11438.790056996106 5025.7345735503259 2550.9167193683388 1247.4388612137409 33.085859303246252 448.50924474842031 1950.4176786589669 22.061736561590806 538.55388827370189 1970.0786053555785 8.1503078741952795 3091.7599541720701 5033.6560562207596 85.150181439705193 24.405025069601834 115.5365381691372 131.36601107544266 58.732460811268538 1205.3580336277373 512.56094386044424 1680.4256733796792 11.558085020165889 4.0201687254011622 6060.9018956514774
leaf_count=13850 13197 4711 2041 520 4074 5540 119508 54821 30934 14911 462 6274 24394 403 32708 26256 35 37122 59938 618 266 1348 854 767 13965 10337 18873 108 17 65379
internal_value=9.35345e-05 0.000130139 0.00175965 0.00987205 0.0115912 0.0163654 -0.00053926 0.00129307 0.00214367 -0.00228078 -0.000977248 0.000140483 -0.00247698 -0.000388698 -0.00209222 0.00134188 -0.00972987 -0.0030107 -0.00250924 -0.0115355 0.000264081 0.000305562 0.00321618 -0.00117959 7.92208e-05 -0.000210143 0.00653389 0.0267782 0.000340662 -0.000445647
internal_weight=45501.6 45440.8 13231.5 719.608 689.661 499.806 32209.3 12511.9 10106.5 2405.4 189.855 5080.78 2529.87 1972.48 10981.2 2317.26 557.388 8663.97 8125.42 533.659 21228.1 21203.7 3191.42 1379.63 1320.89 18012.3 1811.79 23.7286 15.5783 17499.7
internal_count=564231 550381 158349 12637 12117 9614 392032 145712 117604 28108 2503 62783 31849 24797 160735 30967 7052 129768 97060 6892 231297 231031 35807 16080 15313 195224 19727 160 125 184887
cat_boundaries=0 1 2 3 4 5 6 7
cat_threshold=8676321 5612728 310987 137512 51328 1595655 3094160
is_linear=0
shrinkage=0.05


Tree=117
num_leaves=31
num_cat=8
split_feature=22 4 56 40 71 36 8 67 26 35 8 26 71 8 22 9 67 48 4 44 28 28 11 15 29 6 28 6 67 8
split_gain=17.3942 22.6734 16.9373 15.9091 14.6637 13.612 14.1615 13.4706 21.0089 15.206 15.9553 14.3003 13.0747 12.5898 13.6973 12.3581 18.4707 19.7923 15.9024 14.2609 13.9532 13.9275 12.9686 17.7384 12.4476 16.5568 12.4389 12.2606 12.1666 13.7557
threshold=0.039884273668514797 39.685000000000009 0.35500000000000004 0.044999999999999936 0.48900718380486247 0.84757937952599238 0 1 0.032006570838569941 -0.023333333333333869 2 0.030800288956021386 0.41900718380486218 3 0.52342032118153825 380.50000000000006 4 3.1190389681169957 9.3150000000000031 0.59263775971093058 2.6333333333333337 3.7083333333333335 49.650000000000013 5 -0.020000000000000004 30.345000000000002 3.9166666666666674 41.865000000000002 6 7
decision_type=2 2 2 2 2 2 1 1 2 2 1 2 2 1 2 2 1 2 2 2 2 2 2 1 2 2 2 2 1 1
left_child=1 5 3 -2 7 -1 -7 8 9 -5 11 -11 -8 -10 -15 16 17 18 -4 -20 24 27 -22 26 25 -18 -24 -17 -6 -30
right_child=2 -3 15 4 28 6 12 -9 13 10 -12 -13 -14 14 -16 21 20 -19 19 -21 22 -23 23 -25 -26 -27 -28 -29 29 -31
leaf_value=-0.010563899618227096 -0.0011574665749496539 0.0026974895418972618 -0.0059602783604616435 -0.0080895495607781372 0.01313654779466788 -0.017527789635475362 0.01626433585755524 -0.0025936680667367914 -0.00084022353032202042 0.0087476857379754878 -0.0028852405403080941 -0.045114878520115885 -0.016352155508537598 0.0082681017960768363 0.024940659408777269 0.0013670116112163145 -0.033157063663406032 -0.04021845366771068 0.01762482294298983 -0.086299834401159611 0.010883029368665049 -0.0020843373262524594 0.0018830685218753718 -0.0085969955479259803 -0.019537563066132385 0.019259381196906677 0.026614806232793577 0.00761805898777786 -0.0039348323912150656 0.0058479332113406304
leaf_weight=1149.0964479305039 23974.092348836464 709.28722817782545 87.63125153107103 488.56399352129665 367.46768359560519 57.654754536881228 148.33279101815424 2498.8897002400772 249.55035477620549 663.91592699557077 752.33940715232166 12.555928075220434 38.75263235141756 459.70894379820675 168.2831861032173 6409.9809571549413 20.335680513642728 17.420227801194414 540.80071549245622 3.3212989615276447 414.10325202516105 2676.3021291427431 161.44759836560115 309.31386743299663 130.16006808227394 58.130907730665058 74.210168813588098 893.79216992470901 487.5949153022375 1311.2053932496347
leaf_count=77797 249621 18098 1720 4875 3643 2664 5724 30370 2155 7995 9507 112 1049 4157 750 67286 199 92 5109 18 6806 31171 999 1984 1196 415 395 9016 5285 13219
internal_value=-0.000139731 -0.00458016 7.62885e-05 -0.000529998 0.00148647 -0.00828356 0.00242301 6.84158e-05 0.00244906 -0.000474882 0.00212886 0.00763508 0.00902576 0.00886559 0.0125362 0.0016918 0.00548465 0.0121697 0.0138069 0.0169905 0.00164978 0.00100131 0.00421309 -0.000855152 -0.0100549 0.00567495 0.00927757 0.00213198 0.00495183 0.00318906
internal_weight=45334.2 2103.12 43231.1 31434.2 7460.08 1393.84 244.74 5293.81 2794.92 1917.38 1428.81 676.472 187.085 877.542 627.992 11797 1816.88 649.173 631.753 544.122 1167.7 9980.08 959.075 544.972 208.627 78.4666 235.658 7303.77 2166.27 1798.8
internal_count=563427 105332 458095 331689 82068 87234 9437 59921 29551 22489 17614 8107 6773 7062 4907 126406 18933 6939 6847 5127 11994 107473 10184 3378 1810 614 1394 76302 22147 18504
cat_boundaries=0 1 2 3 4 5 6 7 8
cat_threshold=213033 4224663 119565 253954 9166336 482 2097537 39585
is_linear=0
shrinkage=0.05


Tree=118
num_leaves=31
num_cat=15
split_feature=22 36 67 56 9 25 67 8 31 56 33 8 67 8 10 22 4 8 35 32 6 25 67 8 67 8 15 8 67 8
split_gain=15.836 15.3284 13.5984 13.4083 17.4316 16.777 18.0833 16.7369 15.0975 14.1902 13.7198 13.4937 16.3542 13.0148 18.2119 12.9917 12.7098 12.5699 12.4714 12.4452 12.3559 22.3781 20.5376 21.6416 15.485 13.9682 13.8586 16.5649 14.8512 13.4237
threshold=0.047406254855346171 0.89804373333869025 0 -1.1699999999999995 380.50000000000006 0.058488777939578858 1 2 0.012497333537686109 0.90499999999999992 1.3010729663143838 3 4 5 36.050000000000004 1.7863826683153128 66.25500000000001 6 0.050000000000000273 12.65 37.940000000000005 0.056063327356427467 7 8 9 10 11 12 13 14
decision_type=2 2 1 2 2 2 1 1 2 2 2 1 1 1 2 2 2 1 2 2 2 2 1 1 1 1 1 1 1 1
left_child=1 -1 -3 11 9 15 7 -7 -9 -5 13 -2 -13 -10 -15 20 -14 19 -11 -8 26 22 23 -22 -23 -24 27 28 -6 -28
right_child=3 2 -4 4 5 6 17 8 10 18 -12 12 16 14 -16 -17 -18 -19 -20 -21 21 24 25 -25 -26 -27 29 -29 -30 -31
leaf_value=-0.0059387600275081776 0.00069661633992744649 -0.0086396345182700243 0.01018667417706153 0.0016656607345132868 0.0015799409541876353 0.010203588200494527 0.043832588514877424 0.015236730819220654 0.002812711382983188 0.0075335031020660921 0.0030028558088138688 0.00024060412754558103 -0.0095104386065418458 -0.046708154272988071 -0.0093637876342305918 0.010721041967198733 0.024000905616626919 -0.0036932948239395708 0.036761292374863204 0.0028139524516789913 -0.00085064736670078991 0.0080906581485963962 0.001884667780992672 0.0083112595445714848 -0.029810729404851577 -0.0049119209673992364 -0.00082940890686465391 0.0018268806022546415 -0.0072444494237396424 -0.0042499780397080725
leaf_weight=1987.0019191481842 1618.3825075271307 131.421881317714 298.7615930987522 9073.2417228222184 807.91485414304771 1022.6570339435712 18.846202209591866 190.72779167862609 150.14514471497387 624.51345233980101 1086.1294455872849 823.0365169972647 1315.2759599707206 41.86884081363678 148.22610049601644 242.05078625702299 28.916027333005331 1458.6819683380891 38.762909241952002 983.21375454193912 1066.4016525468323 37.546003758441657 1607.7221508630901 1629.6399545812747 85.528560093138367 1411.6725524674403 5518.7846904877224 4783.4088443361688 1152.7613870088244 6001.05477134377
leaf_count=111907 16952 4834 8119 88812 8464 8491 121 2194 1091 6102 8589 9146 14108 321 959 4848 253 12639 469 8634 10973 409 17375 16253 803 15558 58043 49817 12405 65181
internal_value=-0.000148329 -0.00408612 0.00447116 7.31977e-05 0.000347744 -0.000258704 0.00234874 0.00521227 0.00201243 0.00218175 0.000258249 -0.00276839 -0.00533449 -0.00850321 -0.0167099 -0.000804999 -0.00872464 -0.000741268 0.00924162 0.00354998 -0.000920751 0.00108152 0.00153576 0.00469758 -0.0200131 -0.0012987 -0.00156083 0.000240695 -0.00361871 -0.00261343
internal_weight=45384.3 2417.19 430.183 42967.1 39181.5 29445 5100.5 2639.75 1617.1 9736.52 1426.37 3785.61 2167.23 340.24 190.095 24344.5 1344.19 2460.74 663.276 1002.06 24102.4 5838.51 5715.44 2696.04 123.075 3019.39 18263.9 6744.09 1960.68 11519.8
internal_count=563870 124860 12953 439010 398551 303168 43039 21645 13154 95383 10960 40459 23507 2371 1280 260129 14361 21394 6571 8755 255281 61371 60159 27226 1212 32933 193910 70686 20869 123224
cat_boundaries=0 1 2 3 4 5 6 7 8 9 10 11 12 13 14 15
cat_threshold=3475824 3777891 169386 197586 2000034 18513 166095 181207 66774 1474904 112842 11 102824 441034 161944
is_linear=0
shrinkage=0.05


Tree=119
num_leaves=31
num_cat=7
split_feature=22 17 8 24 67 31 67 71 65 5 40 37 8 70 50 28 0 18 25 63 65 45 21 8 35 71 67 24 31 8
split_gain=14.459 14.8365 17.8675 12.2444 17.4345 12.9913 19.825 17.8175 16.4557 18.6452 15.0192 14.0583 12.6625 13.3474 12.1323 14.7919 13.8089 12.1335 11.7009 11.705 11.6853 11.641 11.3907 14.0785 13.6254 11.6037 11.0026 17.5117 10.9656 15.0729
threshold=0.25128052685211544 6.6150000000000011 0 0.12630175413250508 1 0.076035919138845748 2 0.31900718380486254 1.3517223469179547 27.765000000000004 0.14000000000000015 4.5000000000000009 3 9.8500000000000014 215.50000000000003 3.7750000000000004 6.7350000000000012 12.65 0.082882672201272586 2.5000000000000004 1.9236385029389822 0.11770891321828418 0.071814343359903735 4 0.088333333333333389 1.5942135645360445 5 0.071521701121481332 0.050658980663980079 6
decision_type=2 2 1 2 1 2 1 2 2 2 2 2 1 2 2 2 2 2 2 2 2 2 2 1 2 2 1 2 2 1
left_child=1 22 26 5 -5 -2 8 10 9 -7 21 -10 18 -14 15 16 17 -9 19 -6 -16 -8 23 25 28 -1 27 -3 -24 -30
right_child=3 2 -4 4 12 6 7 14 11 -11 -12 -13 13 -15 20 -17 -18 -19 -20 -21 -22 -23 24 -25 -26 -27 -28 -29 29 -31
leaf_value=5.0429411796820508e-05 0.00068771774251459681 0.017629804279881447 0.006773609345369809 0.015405942090958254 8.9399923688640402e-05 -0.062904657616630166 -0.020650823546332756 0.024955164662224444 -0.059116737616792508 0.022813535126837651 0.042113905228333116 -0.0067452424447872949 0.064335552907070506 0.0063751690080230865 0.021874704278179315 -0.041885416129509342 0.039543986216761889 -0.041398610609253345 -0.061113737538355729 -0.030462185571175304 -0.070872615914911549 0.020919159337980955 -0.00087165316645311476 -0.0059391715162305939 -0.012775388567657316 -0.035614913012421756 -0.0077505364781878866 -0.011143073173867479 -0.0033121903856106905 0.012071333979158119
leaf_weight=1907.8933247143286 27136.804313004424 130.16523541905917 1183.3163855369203 328.30928555969149 148.91385671589524 8.7244089283049124 140.50131002254784 16.56553323939443 45.996741057373583 23.251068691723049 12.098446272313593 17.762244824320078 10.631192840635775 151.20938992314041 6.0792795652523619 8.7516369819641096 61.390200223773718 11.795224668458102 10.282710921019314 39.710641951300204 7.6943713305518031 19.134641645476222 9740.4675065326301 2782.5332862251671 229.28652438055724 23.081600698642433 456.70932605676353 89.064902826212347 267.36878404021263 379.68528248160146
leaf_count=35892 182004 2157 17721 1657 781 36 631 63 199 107 37 73 43 791 27 34 212 54 60 225 31 78 241872 54668 8971 400 7150 1150 2842 3665
internal_value=2.74289e-05 -0.00111563 0.00310239 0.000724054 0.0073073 0.000559199 -0.00862481 -0.00142129 -0.0270239 -0.000574405 -0.0115974 -0.0445269 -0.000476944 0.00958999 0.0140172 0.0201633 0.0262137 -0.00264134 -0.00873486 -0.00634255 -0.0299367 -0.0156681 -0.00162719 -0.00367267 -0.000719068 -0.000373954 -0.00337481 0.00568132 -0.000452946 0.00585009
internal_weight=45395.2 17189.6 1859.26 28205.6 689.057 27516.5 379.745 284.011 95.7345 31.9755 171.734 63.759 360.748 161.841 112.276 98.5026 89.751 28.3608 198.907 188.624 13.7737 159.636 15330.3 4713.51 10616.8 1930.97 675.939 219.23 10387.5 647.054
internal_count=563631 376488 28178 187143 3557 183586 1582 1167 415 143 746 272 1900 834 421 363 329 117 1066 1006 58 709 348310 90960 257350 36292 10457 3307 248379 6507
cat_boundaries=0 1 2 3 4 5 6 7
cat_threshold=164455 7193234 658050 9353 182605 1652840 140547
is_linear=0
shrinkage=0.05


Tree=120
num_leaves=31
num_cat=10
split_feature=9 17 64 67 17 8 48 68 31 6 8 50 53 21 54 6 48 18 67 69 17 67 29 17 36 8 67 67 8 67
split_gain=16.8043 16.5957 16.2482 18.1459 16.0936 23.1182 13.506 13.2003 16.3015 17.4656 13.1418 12.272 11.8507 11.9349 14.9622 11.8457 11.8239 11.7836 17.0298 12.2946 23.4119 15.9771 17.1978 14.2959 17.6238 14.8202 18.0187 15.2445 12.5168 12.9576
threshold=914.50000000000011 3.9350000000000005 0.63000000000000067 0 5.1450000000000005 1 1.3338744588744591 0.029350000000000005 0.031208659423254705 38.835000000000008 2 157.50000000000003 3.5000000000000004 0.081044442914873158 1.0000000180025095e-35 10.130000000000001 3.2749172181680644 5.9000000000000012 3 2.5000000000000004 5.3650000000000011 4 0.059999999999999998 4.7350000000000012 -1.6685595311797925 5 6 7 8 9
decision_type=2 2 2 1 2 1 2 2 2 2 1 2 2 2 2 2 2 2 1 2 2 1 2 2 2 1 1 1 1 1
left_child=1 2 -1 10 5 6 -2 8 -3 -10 12 -8 13 -4 16 -12 -15 18 -9 23 -21 22 -22 25 -25 27 -27 -19 29 -26
right_child=4 7 3 -5 -6 -7 11 17 9 -11 15 -13 -14 14 -16 -17 -18 19 -20 20 21 -23 -24 24 28 26 -28 -29 -30 -31
leaf_value=-0.011097780332986338 -0.013010908744926709 -0.0037805267426239859 0.00073375988076320993 -0.0046091606857368078 -0.00083904875021640398 -0.0016990038150555609 -0.057090946948344712 0.011157834885698752 -0.051147713840296261 0.027551253461838482 -0.036579388053482452 -0.014415695245253502 -0.03278815823748412 0.012520022526781119 0.040437890315581287 -0.00092116525327609145 -0.044031639148838606 0.0030478031085760002 0.00083190513482877073 -0.0028452068030743955 0.0021727223245430307 -0.00044982956179649133 0.010097098820163504 -0.019566336995110071 -0.0066965773781852353 -0.0020280350202769091 0.0055588972639949927 -0.0051619693721228731 0.0055874517000767156 0.0043960653836617103
leaf_weight=482.96598040446406 309.02447505819146 601.81260042765643 252.63892726803897 1588.2530661744531 12433.585786278214 706.90251483919565 36.954523047432303 712.53446862736018 35.090492473333143 8.8224559952504915 24.530754279927351 30.959494926966727 17.195875492063351 345.65232967757038 49.16561920568347 460.69953079131665 9.4969182182103378 853.34500351594761 910.39312441184302 4636.5478404808091 4055.1087784146075 5356.7751092226245 823.75578824314289 77.576689826091751 461.07564072601963 1243.6999435937032 2091.0357540334226 1642.6277024359442 4436.5917932640295 586.99230882903794
leaf_count=44861 9331 24311 3030 19628 145734 18010 205 16388 248 51 310 148 232 4667 212 5584 59 9249 25652 43324 37410 45494 6740 1047 4159 13884 21516 18360 38811 5403
internal_value=0.00012811 0.000756451 -0.00264008 -0.00115342 -0.00134842 -0.00719181 -0.0169969 0.00114101 -0.00592651 -0.0353365 0.00358944 -0.0376369 0.00806712 0.00925931 0.0145866 -0.00266886 0.0110078 0.00130465 0.00543931 0.00104917 0.000102345 0.00143753 0.00350351 0.00228514 0.00409854 0.00055523 0.00273172 -0.00235418 0.00443326 -0.000501081
internal_weight=45281.8 31764.4 3230.6 2747.63 13517.4 1083.84 376.938 28533.8 645.726 43.9129 1159.38 67.914 674.15 656.954 404.315 485.23 355.149 27888.1 1622.93 26265.1 14872.2 10235.6 4878.86 11392.9 5562.24 5830.71 3334.74 2495.97 5484.66 1048.07
internal_count=564058 390630 78583 33722 173428 27694 9684 312047 24610 299 14094 353 8200 7968 4938 5894 4726 287437 42040 245397 132968 89644 44150 112429 49420 63009 35400 27609 48373 9562
cat_boundaries=0 1 2 3 4 5 6 7 8 9 10
cat_threshold=10096797 19876 46133 13703051 5697281 143814 13486148 11061312 71809 4338455
is_linear=0
shrinkage=0.05


Tree=121
num_leaves=31
num_cat=8
split_feature=22 33 67 28 45 8 29 32 15 44 34 17 17 56 67 5 5 68 33 31 60 67 8 21 19 64 67 8 1 4
split_gain=16.1627 13.1053 15.0467 12.3809 13.1178 11.1796 11.1836 17.7919 11.9017 16.8965 14.92 15.9701 14.4093 12.2495 11.5767 13.8542 13.2714 16.8084 12.9461 12.2315 10.9996 20.8175 12.1632 11.7336 15.6178 13.9014 14.3462 16.1931 14.9891 17.1327
threshold=0.056330263808617893 2.281722867324429 0 2.6333333333333337 0.11770891321828418 1 0.065000000000000002 57.250000000000007 2 0.3522934204178948 0.095000000000000209 5.6750000000000007 4.0450000000000008 -0.20999999999999971 3 40.545000000000009 43.105000000000011 0.089850000000000013 2.3512347560975617 0.063920233497439402 -0.054999999999999986 4 5 0.074090003922829564 12.250000000000002 2.8850000000000011 6 7 0.045000000000000005 12.555000000000001
decision_type=2 2 1 2 2 1 2 2 1 2 2 2 2 2 1 2 2 2 2 2 2 1 1 2 2 2 1 1 2 2
left_child=3 20 -3 -1 -5 6 8 -8 9 13 11 12 -10 -4 18 -16 -17 -18 -15 -20 21 -2 -23 -22 -25 -26 27 -27 -29 -30
right_child=1 2 5 4 -6 -7 7 -9 10 -11 -12 -13 -14 14 15 16 17 -19 19 -21 23 22 -24 24 25 26 -28 28 29 -31
leaf_value=0.0042973543617565889 -0.012383940807612119 -0.001751032803569554 0.010064944859748431 -0.0046595789478052294 -0.064878629062904397 0.0062159146510975209 0.010919997625093806 -0.051083830123245216 0.039192213845578895 0.027305911143375456 0.0067386884921366063 -0.0029464605680828478 -0.022150783544715953 0.041001794134041633 -0.003775831377282662 0.075726316242218247 0.062636823295661281 -0.044006859781004451 -0.016854275788233977 -0.072411178936384865 -0.0010756309419683826 0.021575527604404763 0.0050887492469865181 0.0068638368980972857 -0.003662674407017483 0.0046635118475318116 -0.00051480597260977008 -0.0056380677140661891 -0.018016236272931488 0.002688208209166619
leaf_weight=431.88253526980407 113.78179313451983 1510.2878564149141 222.00555124436505 2449.1682835401152 9.0769682065583748 2500.6203549182974 354.80304442229681 11.959789612330495 10.045071912929414 74.103265576995909 233.16183029790409 501.26808825018816 203.73568799300119 8.703804408432914 93.356122717261314 12.122181917540731 6.8646334595978251 8.0016957782208902 101.01528671989217 10.984284361824391 16846.708854548284 165.78806247678585 368.13540418003686 985.97825362929143 1884.4426771433064 3967.1142035512021 8642.4731389565859 881.59768122201785 103.96683530556038 2564.8954727099044
leaf_count=13736 800 16043 1978 132656 138 23909 3317 137 104 532 2644 4025 1912 75 980 80 52 85 1099 63 166646 1096 2625 20983 35912 32430 70443 7388 994 20615
internal_value=0.000107568 0.00035424 0.00254858 -0.00351024 -0.00488194 0.00403519 0.00107335 0.00889811 -0.000851493 0.00504462 -0.00420051 -0.00782629 -0.0192684 0.00159105 -0.00621342 0.00493554 0.0368978 0.00523662 -0.016381 -0.022303 2.00005e-06 0.00645981 0.0105106 -0.000114585 0.00073618 0.000401355 0.000875267 0.00247074 1.44292e-05 0.00188166
internal_weight=45278 42387.9 5863.04 2890.13 2458.25 4352.75 1852.13 366.763 1485.37 537.157 948.211 715.049 213.781 463.054 241.048 120.345 26.9885 14.8663 120.703 112 36524.9 647.705 533.923 35877.2 19030.5 18044.5 16160 7517.57 3550.46 2668.86
internal_count=563497 416967 57035 146530 132794 40992 17083 3454 13629 4944 8685 6041 2016 4412 2434 1197 217 137 1237 1162 359932 4521 3721 355411 188765 167782 131870 61427 28997 21609
cat_boundaries=0 1 2 3 4 5 6 7 8
cat_threshold=6461568 23577 82 812572 40996 34989 6459300 27252
is_linear=0
shrinkage=0.05


Tree=122
num_leaves=31
num_cat=10
split_feature=71 67 8 17 4 19 66 8 60 56 67 17 44 35 26 0 24 67 5 67 57 19 22 8 68 18 67 67 35 15
split_gain=16.8284 14.954 16.5429 14.6105 13.2993 13.0022 12.8531 14.5461 17.0011 17.3566 14.4573 13.878 13.9744 14.1105 13.8782 13.5802 12.6291 14.8088 14.5379 16.3437 12.3778 12.2071 11.9214 11.7838 11.7812 22.1247 20.3194 19.0167 16.8553 14.7955
threshold=0.71900718380486206 0 1 1.7650000000000003 36.580000000000005 21.100000000000005 0.30719910801145478 2 -0.069999999999999993 0.76000000000000001 3 5.9150000000000009 0.36873803807614719 0.05333333333333324 0.087533476488044978 6.6350000000000007 0.093508152058235081 4 29.525000000000002 5 -3.7677669529663689 23.350000000000005 0.45751449250414711 6 0.13089999999999999 13.050000000000002 7 8 0.039999999999999598 9
decision_type=2 1 1 2 2 2 2 1 2 2 1 2 2 2 2 2 2 1 2 1 2 2 2 1 2 2 1 1 2 1
left_child=3 2 5 -1 -4 -2 16 10 9 21 11 14 13 -13 -8 -10 24 -18 19 -19 -7 -9 -21 -20 26 29 -5 -27 -28 -26
right_child=1 -3 4 6 -6 20 7 8 15 -11 -12 12 -14 -15 -16 -17 17 18 23 22 -22 -23 -24 -25 25 27 28 -29 -30 -31
leaf_value=-0.041929819196449412 0.010498644778252582 0.0039552750374848124 -0.011164445625956622 -0.00014374656808254391 -0.00085926446743484711 -0.038427318511056491 0.0060276092958766936 0.019340213670761868 0.015113341274634479 -0.064740219568737239 0.00260397036197298 0.028385491158152837 0.0029611445044274614 -0.020186288174360044 -0.039040580502582273 -0.0021170804413775872 -0.0025224415104310449 0.011701764500321708 0.0032617670542844698 -0.0071634488918163285 -5.4308949763634631e-05 0.07209001517177889 -0.04656359152903821 0.019348696779822573 0.011426712528495128 -0.0023924631540258841 -0.0030135290444508107 0.0009817943839424035 -0.010498757647344635 0.0012763555328723043
leaf_weight=21.222333076271752 433.38098212028854 4389.9721926979255 477.33202306981548 7248.1687448246666 909.85787118552253 22.564520054496825 186.35408244514838 42.984205301385373 120.18821954261512 4.9521830016747108 1740.2906155986711 219.70435381541029 102.43797200871632 16.044447127263993 18.805477550253272 2356.0493580093607 473.17282214178704 91.725912845227867 202.44781621079892 68.699750534724444 306.0632729367353 14.724600057117639 26.644765171222389 306.91210666485131 637.82924931804882 7967.7449966774439 6421.7791264152111 8754.3174801042769 851.84527039412933 828.18254701982369
leaf_count=8742 5438 47516 6439 136156 9827 195 2012 260 733 33 13985 1486 714 159 133 19039 4128 857 1741 717 2734 58 128 2523 6654 64811 114927 74957 27329 9106
internal_value=-5.86079e-05 0.0022875 -0.00113225 -0.000454794 -0.00437375 0.00474891 -0.000432051 0.00198306 -0.000627442 0.0250908 0.0048668 0.0119364 0.01838 0.0250798 0.00189654 -0.00128077 -0.000775827 0.00432932 0.00889311 -0.00289961 -0.00268911 0.0327995 -0.0164489 0.0133988 -0.000958371 -0.000110475 -0.00202033 -0.000626819 -0.00388482 0.0057792
internal_weight=45262.4 6539.17 2149.2 38723.2 1387.19 762.009 38702 4822.54 2538.9 62.661 2283.64 543.346 338.187 235.749 205.16 2476.24 33879.5 1169.6 696.43 187.07 328.628 57.7088 95.3445 509.36 32709.9 18188.1 14521.8 16722.1 7273.62 1466.01
internal_count=563537 72149 24633 491388 16266 8367 482646 38612 20123 351 18489 4504 2359 1645 2145 19772 444034 10094 5966 1702 2929 318 845 4264 433940 155528 278412 139768 142256 15760
cat_boundaries=0 1 2 3 4 5 6 7 8 9 10
cat_threshold=5409048 23824 247394 5379104 4672564 9966337 151643 5892363 5844039 83
is_linear=0
shrinkage=0.05


Tree=123
num_leaves=31
num_cat=9
split_feature=55 67 17 23 8 8 67 66 46 67 17 46 15 9 64 11 67 34 55 65 67 65 11 65 34 67 28 65 56 9
split_gain=16.0403 17.9945 13.9197 16.4144 16.1607 14.3653 17.7113 13.7516 13.6944 15.9527 20.3579 15.1461 13.3568 13.3097 14.758 16.9471 14.2916 12.9149 20.6709 13.1853 12.9471 16.2781 12.7816 12.7715 16.0123 12.6836 12.4597 12.8488 12.2788 12.0366
threshold=-3.9166666666666674 0 5.9650000000000007 2.5000000000000004 1 2 3 0.42876292608196098 0.089197851488576993 4 5.745000000000001 0.075242972919134857 5 1019.5000000000001 2.8850000000000011 26.550000000000004 6 0.050000000000000273 -2.5833333333333317 0.54926488292805764 7 1.9715785753950226 61.350000000000001 0.40269168121668347 1.0000000180025095e-35 8 2.6333333333333337 6.6897087112628233 -1.2099999999999995 543.50000000000011
decision_type=2 1 2 2 1 1 1 2 2 1 2 2 1 2 2 2 1 2 2 2 1 2 2 2 2 1 2 2 2 2
left_child=1 -1 3 7 8 6 26 13 9 -5 12 -12 29 14 16 -16 -2 18 -9 -20 21 22 -19 24 -10 -17 27 -4 -8 -11
right_child=2 -3 5 4 -6 -7 28 17 23 10 11 -13 -14 -15 15 25 -18 20 19 -21 -22 -23 -24 -25 -26 -27 -28 -29 -30 -31
leaf_value=-0.011075017428131507 0.0034992370086987454 -0.00049466100055742409 0.004393059593741643 -0.0066268611073524858 -0.0035558815039837249 0.00050246979231536508 -0.027041302661217365 -0.033483959773321935 0.040532115004478619 -0.0020199112388890085 0.011287500660935781 -0.026601648759042498 0.00063574988619106857 -0.003327575747639751 0.03302149785980818 0.0030352530846928442 -0.0047888598229683648 0.011487914883406882 0.044834649719714514 0.015083123348281734 0.012433941188106378 -0.050531238482152609 -0.066737741287319227 0.0026906678035535335 0.0061770077167837062 -0.0002079563976740655 -0.005578059833531753 0.058305359975453677 0.0066720408241926002 -0.019248781450480135
leaf_weight=674.97598149930127 704.66839020696352 987.07272901891702 329.86148919933476 1041.6371429003775 6658.0851602636976 11147.010458526493 27.293485316680744 17.56320081744343 51.92900334764272 224.05800438672304 509.77033268008381 27.815396714257076 1351.4309835032909 2227.6742033445626 42.644524706061929 6140.1932916106307 1926.8635926327916 36.888818654231727 51.329760524211451 135.66931513138115 74.814020115183666 24.686970302835107 6.0829628733918062 1331.3964438692201 97.778721889713779 5918.272810661234 656.61860030854587 11.43470731936395 2581.4993861348485 185.14222492999397
leaf_count=9425 26179 14974 3256 11753 72983 115728 330 162 383 2346 5758 345 15558 42086 1077 54495 80200 497 329 1115 953 417 55 13141 1324 52690 7433 57 26050 2482
internal_value=-4.02623e-05 -0.00486107 0.000143761 -0.000496263 -0.00196232 0.00139253 0.00413054 0.000476094 0.000245366 -0.00152874 0.000807241 0.00932707 -0.00178959 0.000274489 0.000819146 0.00155711 -0.00257438 0.0103289 0.0183787 0.0232497 -0.00122885 -0.015834 0.000414514 0.00424759 0.0180937 0.00144584 -0.00153471 0.00619932 0.0062952 -0.00958096
internal_weight=45202.2 1662.05 43540.1 28786.4 11479 14753.7 3606.71 17307.4 4820.96 3339.85 2298.22 537.586 1760.63 16960.3 14732.6 12101.1 2631.53 347.035 204.562 186.999 142.473 67.6588 42.9718 1481.1 149.708 12058.5 997.915 341.296 2608.79 409.2
internal_count=563581 24399 539182 386328 126073 152854 37126 260255 53090 38242 26489 6103 20386 256727 214641 108262 106379 3528 1606 1444 1922 969 552 14848 1707 107185 10746 3313 26380 4828
cat_boundaries=0 1 2 3 4 5 6 7 8 9
cat_threshold=4732986 35783 186376 8917652 8462627 48 74009 5992844 15401877
is_linear=0
shrinkage=0.05


Tree=124
num_leaves=31
num_cat=8
split_feature=22 6 61 67 0 56 28 8 67 8 40 71 18 15 35 57 70 67 8 29 35 0 27 0 40 0 46 22 67 71
split_gain=14.0907 12.5006 14.5681 21.45 17.0366 14.5497 14.3031 15.5552 13.3043 12.3905 26.7943 17.0263 15.7342 11.9551 14.4404 12.8458 12.3352 11.637 12.1711 25.7893 11.6985 11.5685 11.1441 11.1381 13.0519 10.8652 14.8149 17.0961 13.8398 12.4172
threshold=0.083828051463234396 28.955000000000002 4.5000000000000009 0 7.1050000000000013 -2.2849999999999997 2.2250000000000005 1 2 3 -0.28999999999999954 -0.78099281619513772 12.750000000000002 4 0.084999999999999534 -2.4748737341529154 6.6650000000000009 5 6 0.16500000000000006 -0.13250000000000026 6.9250000000000007 0.62468294781052147 6.8750000000000009 -0.039999999999999584 6.7750000000000012 0.080937599789620021 0.6653644978549339 7 -0.54099281619513773
decision_type=2 2 2 1 2 2 2 1 1 1 2 2 2 1 2 2 2 1 1 2 2 2 2 2 2 2 2 2 1 2
left_child=22 5 8 4 13 -2 7 -5 25 10 12 -12 -10 14 21 23 -17 -7 19 20 -19 -4 -1 -15 -25 26 -3 28 -28 -29
right_child=1 2 3 6 -6 17 -8 -9 9 -11 11 -13 -14 15 -16 16 -18 18 -20 -21 -22 -23 -24 24 -26 -27 27 29 -30 -31
leaf_value=-0.0028905240732080709 -0.029673533491667028 9.5988073552328612e-06 0.0062339841394693125 0.011436781585026484 0.038794999746554037 0.00045874898978861563 -0.0039696854031525128 -0.0036157400370341363 0.026283873626879829 0.0015582212623282288 -0.0081031087205350686 0.0066707897741148259 -0.060142232915834759 0.011620178493816429 -0.043798262262025281 -0.022216269116355509 -0.00079311258764342611 0.055288879737289437 -0.0043139997279818803 0.038735988079313236 -0.00048546114546410194 0.026977821732987642 0.023333891960235494 -0.042781177942116055 0.0012106260392800801 -0.0014043564206636771 0.0085785463480690209 0.062674889416500665 -0.002989741040771602 0.017408126246250936
leaf_weight=4782.0727447761528 44.870597770204768 2822.7221563603962 643.40409279067535 327.37047067075036 31.182986465515569 5542.5442665659939 4655.3274167053169 344.62307840632275 6.7454065885394838 8004.4140651772032 208.69937703257892 2974.2702368749306 24.013755078893155 393.7027764369268 13.498190413229166 69.260523853590712 2250.0336367878481 9.4642901564948243 3802.8161693285219 44.027594815241173 1419.9454135525739 75.050446655834094 40.857167699374259 18.891373102087528 156.83374143508263 5384.6786219363566 711.51276946160942 17.268883462995291 400.07631329726428 123.45326746813953
leaf_count=204091 453 25112 5695 2943 224 47674 41946 3204 56 70294 1919 25744 189 3267 148 721 21248 43 35471 372 12625 623 564 190 1416 48251 5906 59 3378 589
internal_value=-0.000113537 0.000190548 0.000722071 -0.000959602 0.00199012 -0.00126047 -0.00297977 0.00383368 0.00145232 0.00261583 0.005237 0.0057021 -0.0411892 0.00167864 0.00733803 0.000218485 -0.00143287 -0.00114263 -0.00282035 0.00103772 -0.000116173 0.00840091 -0.00266837 0.00694832 -0.00351872 6.9697e-05 0.00201766 0.00654384 0.00446524 0.0229631
internal_weight=45343.6 40520.7 29657 8979.18 3651.86 10863.7 5327.32 671.994 20677.9 11218.1 3213.73 3182.97 30.7592 3620.67 731.953 2888.72 2319.29 10818.8 5276.25 1473.44 1429.41 718.455 4822.93 569.428 175.725 9459.71 4075.03 1252.31 1111.59 140.722
internal_count=564415 359760 263122 81625 33532 96638 48093 6147 181497 98202 27908 27663 245 33308 6466 26842 21969 96185 48511 13040 12668 6318 204655 4873 1606 83295 35044 9932 9284 648
cat_boundaries=0 1 2 3 4 5 6 7 8
cat_threshold=7622280 57902 7725608 149652 48 14803054 21002 1155112
is_linear=0
shrinkage=0.05


Tree=125
num_leaves=31
num_cat=10
split_feature=22 1 4 67 46 26 29 67 44 67 41 40 31 56 23 6 56 33 67 9 29 67 67 64 8 21 67 8 67 45
split_gain=15.5487 11.6421 12.3787 11.5705 11.0633 10.4955 15.6407 15.7479 15.3646 14.8323 13.4572 13.2291 12.6048 13.7397 12.5421 15.408 16.6563 14.6835 16.1439 13.8705 13.8005 21.9602 13.5021 18.7568 15.1804 13.3836 16.983 13.3532 13.3059 12.6405
threshold=0.085014313407048278 0.045000000000000005 41.365000000000009 0 0.11564964969038465 0.1529197362890202 0.13500000000000004 1 0.097912473283393184 2 0.035000000000000593 -0.055000000000000153 0.028594957924848032 -0.58500000000000008 2.5000000000000004 42.120000000000012 -1.5049999999999999 2.5413630162940515 3 1388.0000000000002 -0.27499999999999991 4 5 50.725000000000009 6 0.07452868475471526 7 8 9 0.036169616303446936
decision_type=2 2 2 1 2 2 2 1 2 1 2 2 2 2 2 2 2 2 1 2 2 1 1 2 1 2 1 1 1 2
left_child=1 -1 4 -4 -3 14 9 -8 -9 11 -11 -7 13 -13 15 22 -17 19 -19 20 21 -16 23 24 -2 28 -27 -24 -21 -23
right_child=5 2 3 -5 -6 6 7 8 -10 10 -12 12 -14 -15 17 16 -18 18 -20 25 -22 29 27 -25 -26 26 -28 -29 -30 -31
leaf_value=-0.0067214796923992584 -0.0022549527039976104 -0.004397381363971469 -0.0055837325239983266 0.0076972380327423907 0.0038937756992484802 -0.016154978728613149 0.039179372898818038 0.038942987827767013 -0.025701569980745499 0.0039282929654066217 0.01987207537753314 -0.027644271744557764 0.009024562258927114 0.0016335936875715952 0.0292581048591894 -0.025048117411307809 0.0061853995095294597 -0.0028137219468052192 0.0042537221308531891 -0.0028578991487949361 -0.0011228818086612029 -0.017326344409582899 -0.0052432691647261963 0.019701433534839788 0.0032706839490553048 0.016624056007313356 -0.0072539345615338759 9.6147354605281051e-05 -0.015344575066368937 0.020680012993899724
leaf_weight=1371.0634524849884 1681.0819713476812 2237.0948173924262 219.1022557268152 591.17962682654615 490.57108903699555 144.42707867641002 51.037096205633134 13.959419067017732 26.912802765145898 534.99296671431512 175.84691065736115 61.903308297507465 234.56387292407453 113.62431739829481 86.039232534822077 43.747885819990188 1756.9631996657699 1160.2425122337881 2618.750076129334 416.94071643427014 17235.298912365281 66.460163071751595 1400.1904270597734 150.08394793793559 4711.6060900777811 116.9650110588409 171.54973354074173 6907.9167727132444 465.86206724552903 32.612599464599043
leaf_count=55055 14871 113603 6562 15799 15678 953 305 97 202 3753 1203 515 1297 1086 527 496 14798 10198 21293 4596 159710 582 12413 1135 40477 905 1410 59356 4645 196
internal_value=-0.000152962 -0.00281005 -0.00129426 0.00413211 -0.00290622 0.000170065 0.00449236 0.0244079 -0.00291082 0.00304579 0.00776324 -0.00308588 0.00144158 -0.00869183 1.9728e-05 0.00105872 0.00542659 -0.000753639 0.00208766 -0.00133117 -0.000977036 0.0126023 0.000529098 0.002226 0.0018192 -0.00659798 0.00275107 -0.000808942 -0.00965341 -0.00437399
internal_weight=45288.6 4909.01 3537.95 810.282 2727.67 40379.6 1357.27 91.9093 40.8722 1265.36 710.84 554.519 410.091 175.528 39022.3 16651.6 1800.71 22370.7 3778.99 18591.7 17420.4 185.112 14850.9 6542.77 6392.69 1171.32 288.515 8308.11 882.803 99.0728
internal_count=563716 206697 151642 22361 129281 357019 9411 604 299 8807 4956 3851 2898 1601 347608 143546 15294 204062 31491 172571 161015 1305 128252 56483 55348 11556 2315 71769 9241 778
cat_boundaries=0 1 2 3 4 5 6 7 8 9 10
cat_threshold=2101729 11564838 13414471 6425028 4288715 11212372 35211 6598860 131712 15568176
is_linear=0
shrinkage=0.05


Tree=126
num_leaves=31
num_cat=11
split_feature=40 26 67 67 34 8 17 21 8 25 24 5 36 32 34 67 66 67 67 68 0 67 8 56 8 55 71 8 25 26
split_gain=14.7819 18.5999 27.7413 21.2916 16.9283 15.0461 14.6319 14.325 14.156 13.7239 13.5054 13.087 14.1803 13.0663 13.3151 12.6944 15.4768 12.6014 12.1397 15.4178 15.5711 14.4764 14.1324 13.6587 15.5122 14.4495 13.9537 12.4946 15.5697 12.0779
threshold=0.055000000000000167 0.047638955247650903 0 1 0.084999999999999978 2 4.8750000000000009 0.10943127963641111 3 0.050768580899672809 0.041544325523591399 30.135000000000002 -0.45042643182834002 36.550000000000004 0.034999999999999705 4 0.40852768229980402 5 6 0.096150000000000013 7.0950000000000006 7 8 -1.6699999999999995 9 2.9166666666666683 -0.25931543881762081 10 0.014611884332590508 0.042740578362340027
decision_type=2 2 1 1 2 1 2 2 1 2 2 2 2 2 2 1 2 1 1 2 2 1 1 2 1 2 2 1 2 2
left_child=4 3 8 7 18 6 9 29 10 -6 -3 -4 -13 14 -14 16 -8 -7 -1 21 23 -20 -23 24 25 26 -21 28 -25 -2
right_child=1 2 11 -5 5 17 15 -9 -10 -11 -12 12 13 -15 -16 -17 -18 -19 19 20 -22 22 -24 27 -26 -27 -28 -29 -30 -31
leaf_value=-0.0013198818178156643 0.004407625936033807 0.013175580370720676 0.0036929325374865335 -0.0015825976785464229 -0.013745011431998883 -0.0063461905145463186 0.0004881556838631665 0.082687240569204568 0.0012429279711383427 0.028616829443975214 -0.044567206158039219 0.0061771169395362499 0.028729636624148583 0.022453893752276941 -0.044060090586632024 -0.0063293268919489059 0.031146154160816109 0.00020289210153273253 0.0028405639818426787 -0.062074490616995819 0.03275093956651208 -0.0074864618603538357 -0.00091663177139638839 0.0019310649305667024 -0.017416615390553291 -0.062386436804297854 0.0087503936633930631 0.00062827742761073296 0.0074380496762176482 -0.014705662439084707
leaf_weight=8838.3332080888649 2822.4030678480267 14.02718324260786 361.28761767107062 4134.2445064977874 603.44116839669005 881.49523475264141 462.73172114123008 5.7731083546532309 849.50018126587383 19.744754290673882 36.413340710569173 272.54286978300661 10.690994841046633 451.47351654921658 15.236614566296337 1123.2027914869832 45.185135415755212 4174.7371131445834 1406.0162336854846 7.2505218033911651 40.318817981169559 1222.5088926049721 2467.2552309506864 4189.2488405183831 188.02634798831423 8.1108883833512646 170.25699605117552 8384.8301827143005 1850.413106028107 85.146853323094547
leaf_count=91498 39713 155 3282 63356 14587 14591 6652 157 7836 285 344 2719 57 3463 93 14596 356 61075 29458 110 307 24849 47660 38760 1801 80 1629 75755 17130 899
internal_value=0.000129131 0.00193491 0.00617609 0.000724597 -0.000324213 -0.00247273 -0.00585983 0.00399043 -0.000406321 -0.0124028 -0.0237924 0.0114079 0.0152767 0.0204716 -0.014046 -0.00339594 0.00315346 -0.000949137 0.000221683 0.000905382 0.00172071 -0.00146701 -0.00310773 0.00163617 -0.0078021 0.00272844 0.00585746 0.00188065 0.0036123 0.0038479
internal_weight=45141.8 9058.74 2011.17 7047.57 36083.1 7310.54 2254.31 2913.32 899.941 623.186 50.4405 1111.23 749.944 477.401 25.9276 1631.12 507.917 5056.23 28772.6 19934.2 14838.5 5095.78 3689.76 14798.1 373.645 185.618 177.508 14424.5 6039.66 2907.55
internal_count=563253 122074 17949 104125 441179 112142 36476 40769 8335 14872 499 9614 6332 3613 150 21604 7008 75666 329037 237539 135572 101967 72509 135265 3620 1819 1739 131645 55890 40612
cat_boundaries=0 1 2 3 4 5 6 7 8 9 10 11
cat_threshold=1384953 58777 8359 6144 10782996 6883456 58637 1638544 118923 209350 35510
is_linear=0
shrinkage=0.05


Tree=127
num_leaves=31
num_cat=9
split_feature=1 4 61 71 8 31 31 8 56 67 9 8 67 31 67 36 67 33 41 55 67 45 12 17 45 67 0 30 41 56
split_gain=13.4499 15.0193 13.1153 16.7646 16.0787 14.4152 19.0591 13.3064 13.0238 24.8753 14.9109 14.1354 14.0072 15.6622 13.6678 12.5341 14.786 12.1883 12.4428 11.9172 18.7373 13.5921 11.8902 12.8372 15.209 11.7483 11.5763 13.6315 12.5004 11.4637
threshold=0.13500000000000004 63.350000000000001 4.5000000000000009 -0.62571793273879595 0 0.063920233497439402 0.043599139383770462 1 -1.1849999999999998 2 769.50000000000011 3 4 0.063920233497439402 5 -1.5513435037626968 6 2.3764764008370149 -0.018000000000000235 1.9166666666666681 7 0.13129787072139879 19.850000000000005 4.4750000000000005 0.064028931813913462 8 6.6850000000000014 0.15750000000000006 0.069691650853889633 -1.3500000000000001
decision_type=2 2 2 2 1 2 2 1 2 1 2 1 1 2 1 2 1 2 2 2 1 2 2 2 2 1 2 2 2 2
left_child=15 2 3 5 19 6 7 -2 9 29 -10 12 -12 -14 -13 16 -1 -8 -19 21 -21 -4 -18 -24 -25 -9 27 -16 -28 -5
right_child=1 -3 4 8 -6 -7 17 25 10 -11 11 14 13 -15 26 -17 22 18 -20 20 -22 -23 23 24 -26 -27 28 -29 -30 -31
leaf_value=0.0023042147189271862 -0.01801440344696556 0.022800133166399186 0.0056426962328203984 -0.010023765816394747 -0.0037787889915830439 -0.033196007076733182 0.029042138875449659 -0.014335502675544818 0.0057683789014728211 0.0033708922686359862 -0.0017592343187722165 0.0050619607211607673 0.0060700002741582142 0.028583576850151976 -0.014421475489514791 -0.00044509571843479403 -0.019324867832396817 -0.064842973252775424 0.017767722954143608 -0.023966881094893609 0.0048946990597598366 -0.088602190215460189 0.026036126989181743 -0.014305285633307713 0.022940155802335421 0.001020529731183218 -0.0014074721100324496 -0.067474402386920429 -0.017905835631706463 -0.034728883372189448
leaf_weight=289.39130192200537 143.84401411799627 80.974772004876286 1077.542913666497 148.98859751902637 2347.9048323641327 39.588681174209341 70.990395301720127 143.61220306860923 3896.1459708252369 430.92440355746658 599.02973703027237 407.33999978308566 911.19500030472409 84.406723991502076 92.044961097417399 32037.915173555491 266.66689902650251 7.742907858919355 11.081746694631873 87.058138426509686 130.92474634732935 3.8393203197047105 31.038264099508524 174.29190230835229 32.523630348034203 656.88674039144826 754.20203227899037 13.941706896061076 135.42651760100853 68.565001590875909
leaf_count=5094 3176 640 14991 1768 31577 250 538 3408 42405 5250 7838 5250 10704 421 975 390291 8285 61 109 1395 2017 30 139 1529 269 13273 9519 103 1884 839
internal_value=-6.98791e-05 0.00133711 0.00119539 0.00225926 -0.00131779 -0.00358612 -0.00245262 -0.00454595 0.00309144 -0.00368294 0.00372869 0.00107759 0.00428271 0.00789935 -0.00257759 -0.000598884 -0.00680494 0.0195573 -0.0162115 0.0031341 -0.007507 0.00530809 -0.0118409 -0.00394815 -0.0084481 -0.00187728 -0.00572244 -0.0214002 -0.00391899 -0.0170273
internal_weight=45176 12344.2 12263.2 8615.96 3647.27 1073.75 1034.16 944.343 7542.21 648.478 6893.73 2997.59 1594.63 995.602 1402.96 32831.8 793.912 89.815 18.8247 1299.37 217.983 1081.38 504.521 237.854 206.816 800.499 995.615 105.987 889.629 217.554
internal_count=564028 158421 157781 107771 50010 20815 20565 19857 86956 7857 79099 36694 18963 11125 17731 405607 15316 708 170 18433 3412 15021 10222 1937 1798 16681 12481 1078 11403 2607
cat_boundaries=0 1 2 3 4 5 6 7 8 9
cat_threshold=236066 18816 2246822 220312 9845696 8407753 268367 9506573 133824
is_linear=0
shrinkage=0.05


Tree=128
num_leaves=31
num_cat=6
split_feature=31 8 67 9 22 56 5 29 17 66 9 24 55 17 15 22 65 31 12 22 28 8 21 19 67 56 48 50 71 67
split_gain=18.5782 21.7234 18.9501 13.7498 14.9 13.1983 13.4312 13.1144 12.9974 11.9347 13.3732 13.0751 11.6307 11.6231 12.4522 11.9244 13.7421 11.2834 11.2606 13.0135 23.5558 13.4086 11.7535 13.3688 13.5431 13.3848 11.6781 14.2814 11.5603 13.8284
threshold=0.046006073707954377 0 1 1485.5000000000002 0.44006183788362169 0.80999999999999983 22.635000000000002 -0.060000000000000005 2.1150000000000007 0.29311660963411429 154.50000000000003 0.080057741481413633 -0.4166666666666678 7.1450000000000005 2 0.30168573691309003 0.32718742068732681 0.060254392793122592 68.950000000000017 0.028886224378234539 3.5500000000000003 3 0.076585187553890807 12.250000000000002 4 -0.68499999999999994 2.1872523771790813 242.00000000000003 0.37900718380486215 5
decision_type=2 1 1 2 2 2 2 2 2 2 2 2 2 2 1 2 2 2 2 2 2 1 2 2 1 2 2 2 2 1
left_child=8 2 -2 -3 -5 6 -6 12 -1 11 17 -4 -8 14 -12 -15 -17 -11 19 20 -10 -22 -21 24 25 -24 -23 -28 29 -25
right_child=1 3 9 4 5 -7 7 -9 18 10 13 -13 -14 15 -16 16 -18 -19 -20 22 21 26 23 28 -26 -27 27 -29 -30 -31
leaf_value=-0.024465178715074122 0.0031078948351582342 0.0065085489954885174 -0.019102852600613236 -0.016341450948385895 0.047612703472296784 0.038970349802941381 0.050282827882574099 -0.024608714340428012 -0.00049072004217618924 0.051622780237699721 0.0031820753484338711 -0.0041568846285510103 -0.016878386952154 0.072046124260791627 -0.0098000198287156587 0.078721678722784572 -0.00069868515750993174 -0.0036706170147120507 0.0068208170428918609 -0.00096197441625747986 -0.0047656627438673301 -0.019453977836768839 -0.00032690449745813348 0.0021696528414686007 -0.00030039513490955159 0.017799975363853776 -0.092680450974111483 -0.0082072671383974279 0.0027783060342481463 -0.0017789795345187253
leaf_weight=55.796419620113738 1787.8418807411217 2891.9077164730988 235.89408426405862 142.54115584678948 12.018797170370815 26.328838566318154 14.011358607560398 48.793836185708642 953.90957802077173 21.942793713882565 343.89381325617433 385.41098843340296 11.939211245626209 9.1337418816983682 383.57553245313466 6.2674656510353079 41.58971768245101 15.920717388158662 544.97673196333926 22117.832077975705 242.14202409516292 228.29794464002771 144.13626555702649 3356.8467432959005 386.72472595830914 347.01268426413299 12.401137462817134 8.3876707670278829 3921.8301574516809 6485.8818048846442
leaf_count=13746 10875 17174 1441 1131 43 98 54 204 35313 122 2206 2827 62 52 2544 17 225 99 11072 255478 14152 14245 4204 38168 14303 10766 57 45 39573 73247
internal_value=6.06345e-05 0.00256125 -0.0003255 0.00550851 -0.00558916 0.00796302 -0.00144635 -0.00933498 -0.00035042 -0.00456967 -0.000649676 -0.0098315 0.0193836 -0.00205052 -0.00375402 0.019694 0.00970235 0.0283732 -0.000315698 -0.000417496 -0.00507163 -0.0139672 -0.00023453 0.000864297 0.00684668 0.0122313 -0.021844 -0.058598 0.000482754 -0.000431908
internal_weight=45185.2 6379.01 3231.47 3147.54 255.633 113.092 86.7632 74.7444 38806.2 1443.63 822.324 621.305 25.9506 784.46 727.469 56.9909 47.8572 37.8635 38750.4 38205.4 1445.14 491.229 36760.3 14642.4 877.874 491.149 249.087 20.7888 13764.6 9842.73
internal_count=563543 39174 20408 18766 1592 461 363 320 524369 9533 5265 4268 116 5044 4750 294 242 221 510623 499551 63812 28499 435739 180261 29273 14970 14347 102 150988 111415
cat_boundaries=0 1 2 3 4 5 6
cat_threshold=68825 12937371 496 64080 5337539 7209604
is_linear=0
shrinkage=0.05


Tree=129
num_leaves=31
num_cat=10
split_feature=26 67 59 64 46 67 15 7 65 68 67 15 40 56 8 9 40 25 8 9 4 8 40 65 17 29 8 21 26 67
split_gain=12.5117 15.4589 15.2806 12.2307 13.6972 19.8859 19.0378 18.8921 18.3316 16.0274 17.0949 20.6035 15.8555 13.6283 13.3823 15.3887 13.272 13.192 13.1364 12.7886 12.7242 15.7088 14.3002 14.0026 26.847 12.703 12.822 12.6161 12.3908 12.6553
threshold=0.1529197362890202 0 0.16500000000000004 61.57500000000001 0.11066996638542871 1 2 54.500000000000007 3.488534582867898 0.12809999999999996 3 4 -0.22500000000000006 0.13000000000000003 5 1008.5000000000001 0.039999999999999598 0.042305072572986858 6 934.50000000000011 19.600000000000005 7 0.26500000000000018 0.48865593136026925 4.6550000000000011 0.050000000000000037 8 0.090183367090118829 0.13464770523594055 9
decision_type=2 1 2 2 2 1 1 2 2 2 1 1 2 2 1 2 2 2 1 2 2 1 2 2 2 2 1 2 2 1
left_child=3 2 -2 4 9 6 7 8 18 -1 20 -12 -8 -13 28 16 -16 -18 -6 -20 21 27 23 -22 -25 -7 -27 -11 29 -15
right_child=1 -3 -4 -5 5 25 12 -9 -10 10 11 13 -14 14 15 -17 17 -19 19 -21 22 -23 -24 24 -26 26 -28 -29 -30 -31
leaf_value=-0.0021883223645053299 0.013769825107237954 -0.00097848922521336329 -0.002278234021393555 0.006790348044700952 0.0046060374075468013 -0.0019146751922758283 -0.045215604130831318 -0.0020884371363117204 0.0003371273452038675 -0.0047797417025010874 0.0014717555020451502 -0.0040281243549657054 0.00095702415618892334 0.0053647104245805148 -0.0029555449777876018 -0.0099094816975686551 0.012715384295407257 -0.057050658525954992 0.012092224779077183 0.025383073460913091 0.0015691786719539841 0.013139949443163516 0.023535624170142294 -0.062557684987557413 -0.0047917229316130966 0.011998275733558831 0.00051859787938976791 0.020205665618290257 0.020833032096113303 -0.0030485613576510008
leaf_weight=12832.201845891228 556.82697983505204 683.16021837107837 202.19523206166923 615.77979223092552 444.31845017313026 4562.7214350873837 18.734329504659399 459.99555033404613 438.16215450433083 292.38495667721145 5826.4889695444726 5094.6602089170192 2464.8544035151717 1081.3371057568584 718.63526032795198 576.3039253327297 230.96006960171508 6.9806479993276289 696.06150556477951 244.58923936169595 4273.9868733244948 542.91742753941799 71.790896290447563 23.88111478718929 127.49659799505025 336.30399398773443 833.85818649083376 61.07752933294978 91.016392092220485 750.02469013992231
leaf_count=268569 3956 5049 1407 12324 4407 49024 229 5124 3542 1975 48226 43319 25966 8587 5524 5211 1809 64 6368 3027 34671 3471 487 248 733 3850 9987 506 650 5853
internal_value=-5.53351e-05 0.00452683 0.00937133 -0.000206495 -0.000306456 0.00126418 0.0036462 0.00693595 0.00925094 -0.000812284 8.08706e-05 -0.000819837 0.000606291 -0.00238138 3.9805e-05 -0.00343276 0.000433355 0.0106686 0.012071 0.0153846 0.00247862 0.00792286 0.00139898 0.00103986 -0.0139048 -0.000721494 0.00392482 -0.000449599 0.00281201 0.00193175
internal_weight=45159.7 1442.18 759.022 43717.5 43101.7 10499.6 4766.72 2283.13 1823.13 32602.1 19769.9 14376.4 2483.59 8549.92 3455.26 1532.88 956.576 237.941 1384.97 940.651 5393.54 896.38 4497.16 4425.36 151.378 5732.88 1170.16 353.462 1922.38 1831.36
internal_count=564163 10412 5363 553751 541427 111524 48663 22468 17344 429903 161334 119243 26195 71017 27698 12608 7397 1873 13802 9395 42091 5952 36139 35652 981 62861 13837 2481 15090 14440
cat_boundaries=0 1 2 3 4 5 6 7 8 9 10
cat_threshold=2448158 1650227 120 8802452 387 20153 6612 17323 153866 6357834
is_linear=0
shrinkage=0.05


Tree=130
num_leaves=31
num_cat=9
split_feature=40 24 9 35 67 40 8 56 24 9 55 67 67 65 67 8 8 67 46 60 36 36 60 32 19 67 19 41 44 0
split_gain=15.9444 16.2105 15.8147 12.5606 16.7906 13.3613 12.2481 15.1246 14.1665 15.176 13.7886 19.508 13.5215 12.6865 12.165 16.19 13.2133 16.0078 12.4701 12.1232 17.4165 15.9343 11.9696 11.8158 13.9646 14.8718 11.7982 11.5277 11.3593 10.9632
threshold=-0.034999999999999691 0.14446390348316795 1236.5000000000002 0.0016666666666664833 0 0.084999999999999978 1 -0.50999999999999979 0.093508152058235081 1074.5000000000002 -3.9166666666666674 2 3 0.8654263844575264 4 5 6 7 0.60323660714285732 -0.039999999999999994 0.35260907708951078 1.4301938838683803 -0.019999999999999973 52.95000000000001 18.250000000000004 8 18.150000000000002 -0.026999999999999687 0.0991264876411352 6.6850000000000014
decision_type=2 2 2 2 1 2 1 2 2 2 2 1 1 2 1 1 1 1 2 2 2 2 2 2 2 1 2 2 2 2
left_child=1 14 -3 6 26 -6 12 -8 10 19 11 13 -2 -9 15 -1 17 27 22 20 -10 -22 -19 24 -11 29 -5 -16 -21 -26
right_child=3 2 -4 4 5 -7 7 8 9 23 -12 -13 -14 -15 16 -17 -18 18 -20 28 21 -23 -24 -25 25 -27 -28 -29 -30 -31
leaf_value=-0.00018729504156963855 -0.0062364835116291185 0.02389915721616185 -0.02099351490160746 -0.0072893361998116069 -0.00057149876409887113 0.003536671730714658 -0.00011522683735580367 0.014221256169969238 -0.046898995328385686 -0.0071551199953516142 0.0031100371549411315 -0.019749664988089513 0.00096957284767229404 -0.017565421367840527 0.0085507509470837736 -0.0049028743855415672 0.0013191195999432308 -0.015841765596395239 0.050083178247817162 0.041373224980416151 0.020663863049532619 -0.070720975305266706 -0.0044525291187182429 -0.012047260447230047 0.077927034923322133 0.022999340628350004 -0.0010537130879184264 -0.0060185014946280433 0.015072553892661584 -0.021527278354050772
leaf_weight=3113.7316465221083 958.96430217348097 110.2187839820981 23.865601701661944 1339.3942002266995 8087.2981511092585 2620.5334276078211 4772.7633604514776 111.73394352506148 18.16643597651273 104.12379272095859 7778.938712617688 151.16717745206552 1980.6579326796054 43.653795816702768 383.41127861113637 4397.0669276910266 4994.5304563982645 293.53333268410643 9.6718299640342575 45.567585682496428 42.986244084313512 5.3654701653867951 1077.523666898458 110.76820547133684 3.0048538688570252 132.86664198432118 1749.2673882301024 210.21047012372583 414.49091475317255 35.599799419753253
leaf_count=33067 10736 652 158 31396 121831 39005 51304 1658 111 738 88685 2275 20547 661 5521 47266 61121 2839 46 326 244 41 13814 892 15 800 21833 3059 2871 290
internal_value=-3.84588e-05 -0.00139648 0.0159087 0.000612065 -0.000504508 0.000433491 0.00153391 0.00215843 0.00336677 0.00927081 0.00270014 -0.00770106 -0.00139436 0.00497135 -0.00155672 -0.0029508 -4.99391e-05 -0.00350245 -0.00644511 0.0147928 -0.00515915 0.0105231 -0.00689088 0.00174488 0.00728828 0.0160588 -0.00374566 0.00333537 0.0176776 -0.0109497
internal_weight=45121.1 14613.8 134.084 30507.3 13796.5 10707.8 16710.8 13771.2 8998.43 912.94 8085.49 306.555 2939.62 155.388 14479.7 7510.8 6968.88 1974.35 1380.73 526.577 66.5182 48.3517 1371.06 386.363 275.595 171.471 3088.66 593.622 460.059 38.6047
internal_count=563802 167543 810 396259 214065 160836 182194 150911 99607 6328 93279 4594 31283 2319 166733 80333 86400 25279 16699 3593 396 285 16653 2735 1843 1105 53229 8580 3197 305
cat_boundaries=0 1 2 3 4 5 6 7 8 9
cat_threshold=14025216 1153 1500099 5390696 124123 199825 100705 9830400 9051408
is_linear=0
shrinkage=0.05


Tree=131
num_leaves=31
num_cat=6
split_feature=71 26 67 32 5 6 46 67 9 56 71 67 41 56 67 66 67 71 11 17 11 10 30 11 55 1 58 68 67 0
split_gain=16.7641 13.0893 30.7568 15.7518 14.9103 11.3762 11.3067 21.5354 17.8838 21.4398 19.543 17.4409 15.8588 15.1649 13.1117 12.6707 20.6887 13.7851 16.2241 14.9929 12.5446 13.9476 13.6783 13.3875 16.7925 12.4041 12.3166 12.9598 12.0184 11.9159
threshold=0.71900718380486206 0.10836247086247087 0 37.45000000000001 47.015000000000008 30.265000000000004 0.11564964969038465 1 914.50000000000011 0.8899999999999999 -0.89571793273879619 2 -0.1203846153846153 -0.8600000000000001 3 0.38152670365743252 4 -0.4709928161951375 62.45000000000001 6.2150000000000007 77.15000000000002 64.250000000000014 0.13750000000000007 78.65000000000002 -3.0833333333333317 0.055000000000000007 -2.0606601717798205 0.053300000000000007 5 6.8250000000000011
decision_type=2 2 1 2 2 2 2 1 2 2 2 1 2 2 1 2 1 2 2 2 2 2 2 2 2 2 2 2 1 2
left_child=1 6 3 -3 -4 -5 8 -8 9 10 12 -10 25 14 -12 -15 -17 18 19 -18 21 -13 23 24 -22 -1 -19 -28 -11 -9
right_child=-2 2 4 5 -6 -7 7 29 11 28 13 20 -14 15 -16 16 17 26 -20 -21 22 -23 -24 -25 -26 -27 27 -29 -30 -31
leaf_value=-0.01938382728298127 0.002304407219842851 0.030957394016449143 0.0042555866025216259 -0.011227548828325044 0.018691796279097068 -0.0015034747831253756 0.0040753665093275155 0.0011647643230194083 0.00020120705997375682 0.010368719888971414 -0.0076643733898761465 -0.0069249367962710201 -0.0092081113817592767 -6.8773843120458066e-05 -0.0012723052158087706 0.016425784583556455 -0.023273737585746763 -0.034138280120173725 -0.076659384717540413 0.083633625594998776 0.078473617910894938 -0.044242378826698063 0.056349043512162744 -0.0033999447518540389 0.0085245490736545453 0.027320130597414057 -0.073915671167342309 0.0078470030343696841 0.00091686805287777252 -0.0035737222180409461
leaf_weight=19.34162178231054 6504.2087930840207 31.776083838194609 2591.759057443589 444.71003937907517 192.12157169124112 929.27458435902372 3173.1517464548233 2744.0639417569619 2205.7687139547197 654.94811976850906 1192.419567340301 2849.9877456836984 985.70423197923083 12471.816325940505 2451.8582273136126 294.46361984894611 23.04053151328117 21.337012583389878 12.688942219596354 3.8237984813749781 9.3200260847806913 25.260887044481933 10.02043853048235 1642.902735996875 108.06818925775588 53.65340121765621 4.9696994377300134 195.51488926378079 699.14557686251646 2568.7198576166993
leaf_count=394 71987 132 19610 3415 1338 7149 33963 26025 31944 10697 16772 50805 28071 162698 32696 2113 213 180 91 17 27 133 42 17467 495 1060 44 1511 12039 30618
internal_value=-4.39127e-05 -0.000439492 0.00219926 -0.00381875 0.00523306 -0.00465081 -0.000760665 0.000823575 -0.00127901 -0.000492338 -0.000955464 -0.00347032 -0.00754281 -0.000537155 -0.00338833 0.000260416 0.00764673 -0.00276632 -0.030065 -0.00805682 -0.00520284 -0.00725279 -0.00190279 -0.00223439 0.0140781 0.0149449 0.00197663 0.00582023 0.00557188 -0.00112417
internal_weight=45115.8 38611.6 4189.64 1405.76 2783.88 1373.98 34422 8485.94 25936.1 19084.7 17730.6 6851.33 1058.7 16671.9 3644.28 13027.7 555.838 261.375 39.5533 26.8643 4645.56 2875.25 1770.31 1760.29 117.388 72.995 221.822 200.485 1354.09 5312.78
internal_count=563746 491759 31644 10696 20948 10564 460115 90606 369509 268596 245860 100913 29525 216335 49468 166867 4169 2056 321 230 68969 50938 18031 17989 522 1454 1735 1555 22736 56643
cat_boundaries=0 1 2 3 4 5 6
cat_threshold=3211729 1912096 10621005 2258020 3468938 10155028
is_linear=0
shrinkage=0.05


Tree=132
num_leaves=31
num_cat=7
split_feature=59 21 8 67 31 8 71 19 35 71 50 17 70 67 22 35 0 67 11 51 67 5 61 1 44 50 26 8 31 1
split_gain=12.5519 12.4677 15.2084 18.3925 21.6565 15.5933 19.1361 14.6012 15.0381 13.4208 12.8868 12.7989 11.8763 11.7448 11.6109 11.8968 12.2483 11.2095 13.5194 11.196 11.0757 12.0077 11.9038 11.7271 11.0406 13.6208 12.5541 11.5137 11.4506 11.336
threshold=0.17500000000000002 0.076025944402941734 0 1 0.02960964611465396 2 0.074282067261203913 19.150000000000002 -0.13250000000000026 -1.5409928161951376 857.50000000000011 5.4050000000000011 12.265000000000002 3 0.051831202693823672 0.048333333333334234 7.0450000000000008 4 64.15000000000002 0.2752525252525253 5 36.850000000000009 3.5000000000000004 0.32500000000000007 0.15770390234070339 105.00000000000001 0.14409272183449653 6 0.032689479531396767 0.39500000000000007
decision_type=2 2 1 1 2 1 2 2 2 2 2 2 2 1 2 2 2 1 2 2 1 2 2 2 2 2 2 1 2 2
left_child=1 11 10 7 -5 6 17 8 -4 -10 20 13 19 14 -1 24 -17 -6 -19 -11 21 -3 23 -22 26 -26 27 -16 29 -29
right_child=-2 2 3 4 5 -7 -8 -9 9 12 -12 -13 -14 -15 15 16 -18 18 -20 -21 22 -23 -24 -25 25 -27 -28 28 -30 -31
leaf_value=-0.02373149710321186 -0.0012478933902574712 0.0052594792479694254 0.044106958851720203 0.0031345204400828547 0.023594202563495568 0.014894835188031136 -0.012286100683336985 -0.0028840366235402398 -0.027991790783583128 0.00769139246004397 0.030158593978053178 0.00062246353835807499 -0.0008523669163040949 -0.00069636931995480317 -0.0015210297059432341 0.015885903148489974 -0.057900250180731819 0.0088027783962749198 -0.045640566039939261 -0.047073460253449967 3.4124643417456013e-05 -0.0077609750177523576 -0.013574738380724122 -0.041513076759615027 0.020023885408662068 -0.0038529904562940353 -0.070367790639381381 -0.0091911668439564782 -0.03077890001655122 -0.094563691555700616
leaf_weight=84.942600589129142 14097.424557744889 580.53287752361211 22.460052927955985 3038.1291397876339 87.397926318459213 794.99219633766916 138.35409768018872 1751.6306936850888 34.403604729624931 1001.5672095842892 30.163389412104152 15765.434654255398 844.24573650257662 4111.5919503942132 468.13652663375251 97.527915407903492 5.96847557183355 46.39820020343177 15.118159199133514 9.4202713919803482 443.28925204853294 254.78253815730568 372.70182944159023 17.660931007994805 81.624663416296244 222.67001526954118 8.0536510320380312 594.54068760760128 72.58225275343284 3.9139347393065682
leaf_count=3683 239683 5923 137 37217 513 5760 1043 15943 831 12506 195 157406 8800 46197 4656 1277 83 365 99 183 4370 2550 4056 148 658 2211 53 6443 551 31
internal_value=-1.09223e-05 0.000551593 0.002062 0.00299536 0.0052852 0.0113714 0.00106512 0.000412729 0.00343498 0.00295156 -0.00221852 -0.000114093 0.00352538 -0.00213305 -0.00569601 -0.00474745 0.0116308 0.0135411 -0.00393712 0.0071811 -0.00281696 0.00127283 -0.00684804 -0.00155772 -0.00591525 0.00255179 -0.00816109 -0.0077213 -0.0118476 -0.00974951
internal_weight=45097.7 31000.2 9483.25 7784.12 4120.39 1082.26 287.268 3663.73 1912.1 1889.64 1699.13 21517 1855.23 5751.55 1639.96 1555.02 103.496 148.914 61.5164 1010.99 1668.97 835.315 833.652 460.95 1451.52 304.295 1147.23 1139.17 671.037 598.455
internal_count=563571 323888 100639 83397 44997 7780 2020 38400 22457 22320 17242 223249 21489 65843 19646 15963 1360 977 464 12689 17047 8473 8574 4518 14603 2869 11734 11681 7025 6474
cat_boundaries=0 1 2 3 4 5 6 7
cat_threshold=5152 13115893 82320 1246401 1099274 2884569 5609
is_linear=0
shrinkage=0.05


Tree=133
num_leaves=31
num_cat=9
split_feature=46 5 68 67 35 15 7 0 8 25 67 44 8 8 55 48 8 24 27 8 48 34 11 12 40 67 22 50 58 36
split_gain=12.6576 12.7628 12.201 13.8701 15.8613 13.7639 13.6222 15.2373 11.9611 13.528 11.8024 15.6068 20.5462 15.4933 14.7639 14.3337 14.6117 12.7776 12.5863 12.461 18.284 12.3955 12.0963 11.8643 12.0743 11.6671 12.6087 15.1461 11.8469 15.3218
threshold=0.31132741158890925 34.370000000000012 0.13565000000000002 0 -0.13250000000000026 1 50.500000000000007 6.6850000000000014 2 0.051490393881417205 3 0.19874796716107926 4 5 -2.4166666666666674 0.89232825845779062 6 0.082919327294545472 0.00080002508878678445 7 3.3526610644257713 0.17500000000000029 65.750000000000014 22.050000000000004 -0.10499999999999997 8 0.72269044994522058 122.50000000000001 -4.5961940777125578 -0.38348249442371068
decision_type=2 2 2 1 2 1 2 2 1 2 1 2 1 1 2 2 1 2 2 1 2 2 2 2 2 1 2 2 2 2
left_child=1 2 3 5 6 8 -5 -8 9 -1 19 13 17 14 22 16 -16 -13 23 20 -4 -22 -12 -14 -25 26 -2 -28 29 -27
right_child=25 -3 10 4 -6 -7 7 -9 -10 -11 11 12 18 -15 15 -17 -18 -19 -20 -21 21 -23 -24 24 -26 28 27 -29 -30 -31
leaf_value=-0.0079680300169516997 0.0061509304680046444 0.00062754571093046085 0.0075695209221451057 -0.042301545573964934 -0.0012553932392029689 -0.0028342267491065498 0.049800227938496415 -0.007229041106839776 -0.013800884078723119 0.013408177188574181 -0.022660548372237143 0.035119374226188715 -0.0037677926025657077 -0.0045595468162120305 0.021767664727187358 -0.0023428941592927833 0.003488885130253062 0.00062306364177448466 -0.045869503770784859 0.00040795160782265065 -0.013942919965585577 -0.1039563158949085 -0.0024276416954447711 0.041170443637680937 0.0068719141328694479 -0.029612429819942783 -0.020896538397712019 0.03670830614548927 -0.0011299184400995717 0.035991071978870054
leaf_weight=294.52604787985911 826.17408087849617 19487.772723557486 1219.7723100525909 6.8661054333206257 8217.5470564705829 2734.5543725881143 38.336800186894834 16.865125071955845 647.53574624827888 98.856187273748219 114.47255471067911 90.451340811792761 304.84586810832843 3102.8992565216322 110.72178881149739 1191.4043970222119 1344.0795341821213 38.172474929131567 13.699041485786436 3560.705709195463 61.417992293834686 4.078609441407024 208.27793211722746 29.506618451327085 196.816580186598 11.161432300694285 13.760908938013015 66.821348550263792 979.34194500092417 43.929176337085664
leaf_count=7042 7072 237422 10419 62 141131 52467 217 136 13277 1006 1143 721 2752 25637 913 7998 12224 291 112 29596 323 26 1445 160 1389 142 64 324 7866 291
internal_value=-0.00014211 -0.000319856 -0.00110064 -0.00221434 -0.00106391 -0.00472189 0.0241157 0.0323768 -0.00960673 -0.00253187 5.76142e-05 -0.00129403 0.00592542 -0.00209694 0.00049047 0.0017235 0.00505365 0.0230868 0.00142438 0.0019377 0.00613984 -0.0195482 -0.00960381 0.00267092 0.0113435 0.00380748 0.00790513 0.0268712 0.00013784 0.0226997
internal_weight=45075.4 43134.2 23646.4 12055.1 8279.62 3775.47 62.068 55.2019 1040.92 393.382 11591.3 6745.35 673.492 6071.86 2968.96 2646.21 1454.8 128.624 544.868 4845.97 1285.27 65.4966 322.75 531.169 226.323 1941.19 906.756 80.5823 1034.43 55.0906
internal_count=563668 547909 310487 215338 141546 73792 415 353 21325 8048 95149 54785 5425 49360 23723 21135 13137 1012 4413 40364 10768 349 2588 4301 1549 15759 7460 388 8299 433
cat_boundaries=0 1 2 3 4 5 6 7 8 9
cat_threshold=14844980 5 9284 6719172 182308 216331 256 4677 14266418
is_linear=0
shrinkage=0.05


Tree=134
num_leaves=31
num_cat=10
split_feature=64 26 9 17 8 67 0 67 35 11 1 67 51 8 6 8 21 67 26 24 67 35 14 21 36 36 17 67 8 4
split_gain=13.8534 13.6631 13.1679 18.6445 21.4696 15.5043 15.0667 13.1471 15.8841 13.4752 12.3603 14.8086 12.4309 12.8704 12.3553 13.191 11.929 11.9289 12.3137 14.8176 11.9019 12.2648 11.9469 11.7717 11.7177 11.2727 11.2369 11.1525 15.5569 11.0813
threshold=61.57500000000001 0.1529197362890202 634.50000000000011 4.7750000000000012 0 1 6.6350000000000007 2 0.063333333333333922 65.750000000000014 0.065000000000000016 3 0.018693221523410204 4 25.355000000000004 5 0.069601423927593442 6 0.024126525550599905 0.068834848531984308 7 0.0016666666666673715 5.5000000000000009 0.077276475384162088 1.1430952132988084 -1.1787610886777993 1.6250000000000002 8 9 11.485000000000001
decision_type=2 2 2 2 1 1 2 1 2 2 2 1 2 1 2 1 2 1 2 2 1 2 2 2 2 2 2 1 1 2
left_child=1 2 26 4 16 29 25 9 -9 -3 27 -12 13 -13 -14 -16 -4 18 19 -17 -18 22 24 -15 -22 -5 -1 -8 -29 -6
right_child=-2 7 3 6 5 -7 10 8 -10 -11 11 12 14 23 15 17 20 -19 -20 -21 21 -23 -24 -25 -26 -27 -28 28 -30 -31
leaf_value=-0.049257095854176106 0.0073782661760202761 0.0222536549092303 -0.032358252921542589 -0.077899684936204153 -0.046521995470958311 -0.015027569684312507 -0.0044808736912064625 0.0092468105248968892 -0.02329655643361285 -0.0052538729444596387 0.0022192554449815233 -0.013505780594398579 -0.0060270308347108248 -0.0052385173198990845 -0.0027176940523391513 0.00050620413383717833 0.0076594738518998562 0.004988184594031368 -0.0094428860804504269 0.035119958256118154 0.0057460814491216367 -0.015130067481512117 0.041162674520459637 0.0076401816741141996 -0.022882835313535677 0.006698422998045548 0.00055886942909125919 -0.0050131889405442345 0.0013137035508527088 -0.00072851082186304336
leaf_weight=11.326143403795866 611.31634282169398 49.787922887597233 26.997416322119534 3.9589894614182404 13.697701870230956 692.138816802355 3826.014174765849 933.40898883109912 39.064668810926378 420.93220419040881 4590.1458504483162 365.26833230035845 791.56572749867337 928.72638831177028 1649.0381753697293 307.34807096910663 378.24113589223998 1928.0966928443522 340.86513735773042 34.376984523609281 160.3674555857433 164.64860043622321 18.640581259969622 219.33686063467758 45.991781075717881 733.03664233372547 21065.915880438832 1442.0903290940332 2928.9703699922538 371.52366654708749
leaf_count=6570 12280 328 566 53 432 16102 47503 6667 341 3079 54340 4625 9691 11324 19702 4544 7164 22688 3511 333 2407 4474 195 3032 566 6381 256077 17410 33681 8118
internal_value=-9.7423e-05 -0.000200162 -0.000360631 -0.00121743 -0.00598959 -0.0105387 -0.000772676 0.00458526 0.00785872 -0.00229564 -0.0010399 4.3337e-05 -0.00147925 -0.00545661 -0.000290582 0.000775396 0.000304822 0.0029808 -0.00267958 0.00398829 0.00145716 -0.00464104 0.00282826 -0.00275406 -0.000634514 0.00624398 0.0005321 -0.00251399 -0.000780329 -0.0022972
internal_weight=45092.8 44481.5 43038.3 21961.1 1872.25 1077.36 20088.8 1443.19 972.474 470.72 19351.8 11154.8 6564.62 1513.33 5051.29 4259.73 794.887 2610.69 682.59 341.725 767.89 389.648 225 1148.06 206.359 736.996 21077.2 8197.07 4371.06 385.221
internal_count=564184 551904 541489 278842 40024 24652 238818 10415 7008 3407 232384 133790 79450 18981 60469 50778 15372 31076 8388 4877 14806 7642 3168 14356 2973 6434 262647 98594 51091 8550
cat_boundaries=0 1 2 3 4 5 6 7 8 9 10
cat_threshold=72218 8782753 13149249 7488620 37141 193792 294928 13776530 9129624 134215
is_linear=0
shrinkage=0.05


Tree=135
num_leaves=31
num_cat=7
split_feature=55 12 67 67 8 0 63 48 68 48 64 48 15 1 11 56 36 8 67 4 67 28 56 34 35 40 37 4 41 26
split_gain=11.5127 17.5185 15.1795 13.382 17.4229 14.6917 13.782 14.6695 15.9289 13.6926 18.209 15.8009 13.3298 13.5181 13.6846 17.4211 13.2742 15.0428 12.5313 13.5787 12.0886 12.0008 13.184 11.937 11.3851 14.3295 13.0185 11.4789 12.3395 13.4817
threshold=-1.5833333333333319 22.650000000000002 0 1 2 6.8650000000000011 -1.4999999999999998 3.9883301578660864 0.49045000000000005 2.1502512509428553 28.585000000000004 4.6867674727702697 3 0.20500000000000004 64.850000000000009 0.54000000000000026 -1.4598864464670076 4 5 39.405000000000008 6 4.6333333333333337 -0.21999999999999928 0.11499999999999978 -0.0066666666666663757 -0.24500000000000008 2.5000000000000004 30.695000000000004 0.039999999999999598 0.00070424770474762156
decision_type=2 2 1 1 1 2 2 2 2 2 2 2 1 2 2 2 2 1 1 2 1 2 2 2 2 2 2 2 2 2
left_child=1 2 -1 6 9 24 -3 12 21 -5 -11 -12 13 14 15 -8 17 20 -19 -20 -2 22 -9 -14 25 -6 -27 28 29 -26
right_child=16 3 -4 4 5 -7 7 8 -10 10 11 -13 23 -15 -16 -17 -18 18 19 -21 -22 -23 -24 -25 27 26 -28 -29 -30 -31
leaf_value=7.2412982860360614e-05 0.011258856859731324 0.013578253368042801 -0.005143319319463718 0.0064172426988263823 0.063200282381518175 -0.017392508710676043 -0.0032497969288405922 -0.06873384181537627 -0.056100902113736063 -0.045325581790473919 -0.0076503104286610463 0.056397945190626624 0.0010054121030953584 0.034387350972868547 0.011128501205687549 -0.077949068612335304 0.00054422700920685283 0.0014476681322125684 -0.018838704814593488 -0.0038732950797138589 -0.004895853280419621 0.0653967523237695 0.014081848836760219 -0.024306278201119604 0.0006049495132463119 -0.0050113111588953943 -0.027386614079151328 -0.0026137933505994883 0.056466334754815883 0.050345570005031495
leaf_weight=2204.542486424798 211.91090938645357 328.29352461523376 3816.1391458528524 698.56307198433205 7.0684991534799329 228.211175942095 49.168014512397349 7.596932999789721 22.132277263794094 29.974379582330585 95.723834157688543 10.706642881035803 852.20208406040911 51.794685208238661 332.15579566592351 9.2780018360353989 34197.492655293172 235.6653107451566 350.63616238886607 266.98413332604105 234.91476288023114 5.7356621250510207 13.080166853964327 49.272549989633262 68.416206689085811 417.25561722600833 77.004878727719188 177.48715990199707 17.618294700980186 17.009463546797633
leaf_count=33851 3989 2172 59750 5171 35 1694 226 36 120 142 572 36 6701 316 2665 51 418545 3962 9310 3865 4528 15 58 373 294 3370 526 1465 59 73
internal_value=-5.95158e-05 -0.00159703 -0.00324194 0.00118036 -0.00177781 -0.00616983 0.00433741 0.00218982 -0.0248124 0.00354541 -0.010902 -0.00120721 0.00316523 0.0101559 0.00720273 -0.0151079 0.000355703 -0.00460315 -0.00843753 -0.0121724 0.0028444 0.00140539 -0.0163453 -0.000373919 -0.00297304 -0.00748644 -0.00849734 0.00509272 0.0183667 0.010509
internal_weight=45084 9586.43 6020.68 3565.75 1845.04 1010.07 1720.71 1392.42 48.545 834.968 136.405 106.43 1343.87 442.396 390.602 58.446 35497.6 1300.11 853.286 617.62 446.826 26.4128 20.6771 901.475 781.86 501.329 494.26 280.531 103.044 85.4257
internal_count=563970 119771 93601 26170 13437 7516 12733 10561 229 5921 750 608 10332 3258 2942 277 444199 25654 17137 13175 8517 109 94 7074 5822 3931 3896 1891 426 367
cat_boundaries=0 1 2 3 4 5 6 7
cat_threshold=5639179 10916780 121624 133 51779 557133 12876346
is_linear=0
shrinkage=0.05


Tree=136
num_leaves=31
num_cat=11
split_feature=40 66 8 30 60 18 67 67 32 53 67 9 8 8 26 67 5 4 55 36 4 36 61 8 67 45 67 34 67 32
split_gain=11.8605 19.8105 18.8436 17.3569 14.5993 14.9284 13.8854 13.6728 13.6004 13.66 13.9029 17.3805 12.4601 12.3451 15.5131 11.9705 11.9297 13.352 11.3663 11.1631 11.1357 12.5434 10.9311 17.062 19.1896 13.8252 11.806 10.6827 13.0503 13.9648
threshold=0.020000000000000021 0.39958140675353798 0 0.060000000000000026 0.039999999999999994 47.300000000000004 1 2 12.250000000000002 1.0000000180025095e-35 3 135.50000000000003 4 5 0.15735922474702813 6 14.335000000000003 13.105000000000002 -5.2499999999999991 1.3898271285880288 16.060000000000006 1.5943703480442342 1.5000000000000002 7 8 0.075970278257960197 9 0.079999999999999641 10 28.550000000000004
decision_type=2 2 1 2 2 2 1 1 2 2 1 2 1 1 2 1 2 2 2 2 2 2 2 1 1 2 1 2 1 2
left_child=3 2 6 4 22 -6 -2 13 -3 10 11 -10 -13 -5 -15 -11 -4 19 -8 -18 21 -20 23 25 -25 26 -1 28 -24 -30
right_child=1 8 16 7 5 -7 18 -9 9 15 -12 12 -14 14 -16 -17 17 -19 20 -21 -22 -23 27 24 -26 -27 -28 -29 29 -31
leaf_value=-0.00057571622387948406 -0.0044616485421496753 -0.037194789165985669 -0.0049341428820376372 -0.0068642819369893367 -0.0081663043138245836 0.099889261945265803 -0.022428395135978527 0.0051141004319595427 0.057274470769324994 -0.021445190956013778 0.014547825547208848 0.0084969684337426847 -0.011505381796782576 0.00099263596484065546 0.031168839389081288 0.007197976260358549 -0.0072099709346520784 0.0028882633068559693 -0.015858571908189879 -0.061070921771010783 0.001786930034033127 0.064458849859963072 0.0012986122455353143 -0.0065330199496809755 0.0022849758021940584 0.020284067111526145 0.006441122899555252 -0.0033753004083524746 0.00021646663232707331 -0.0036549791140296746
leaf_weight=1072.9456904491162 2372.0591245923424 16.606144323013723 563.35874360738671 551.97059577525943 770.8113352810542 3.2096963971853247 52.276812586380402 2282.6557368456852 13.325738286366684 58.745546158403158 645.3875329697039 153.35157528775744 138.97235649032518 1234.3269408520136 44.11225512996316 72.201856718864292 204.35416118520152 8435.494927565931 130.8562580304133 10.095292779224108 2749.5088700542692 5.0486684094066723 5523.7481085178297 1097.0114422373299 1387.2025351629272 127.06646264530718 1355.8300566915568 4638.1783183072985 4543.750390380399 4779.4494032125658
leaf_count=11580 34591 125 7986 7388 25445 8 928 29022 82 522 4781 1337 1272 15888 292 543 9523 108268 4259 301 34319 70 63833 11661 14774 821 14916 63955 47055 48499
internal_value=0.000123904 0.00123731 0.000747594 -0.000467456 -0.000957202 -0.00771822 -0.00162357 0.00254494 0.00771121 0.00840042 0.0104851 0.00138519 -0.00111517 -0.000683195 0.00201807 -0.00673991 0.00211359 0.00257505 0.000675421 -0.0097455 0.00109635 -0.0128749 -0.000743823 0.00133171 -0.00161957 0.00419022 0.00336549 -0.00128068 -0.000626326 -0.0017663
internal_weight=45033.9 15621.6 14523.1 29412.3 25299.2 774.021 5309.75 4113.07 1098.59 1081.98 951.037 305.65 292.324 1830.41 1278.44 130.947 9213.3 8649.94 2937.69 214.449 2885.41 135.905 24525.2 5040.06 2484.21 2555.84 2428.78 19485.1 14846.9 9323.2
internal_count=564044 208907 200245 355137 302547 25453 74167 52590 8662 8537 7472 2691 2609 23568 16180 1065 126078 118092 39576 9824 38648 4329 277094 53752 26435 27317 26496 223342 159387 95554
cat_boundaries=0 1 2 3 4 5 6 7 8 9 10 11
cat_threshold=78224 5705492 959434 10177664 158594 155716 13771289 173109 15738764 1722541 10428704
is_linear=0
shrinkage=0.05


Tree=137
num_leaves=31
num_cat=11
split_feature=40 17 19 21 9 67 8 67 4 67 66 8 8 15 21 13 67 27 32 67 67 28 55 59 32 30 8 66 64 9
split_gain=14.5374 11.5987 13.9512 12.3663 12.3002 16.042 13.3181 15.9663 20.9576 13.2781 12.9788 12.9096 12.5865 11.4729 11.3593 11.146 17.3279 13.1114 11.9012 18.7523 17.6044 16.5297 16.3133 15.8511 15.9086 15.4318 14.9945 14.8713 13.7864 12.3405
threshold=-0.024999999999999908 6.6350000000000007 24.400000000000002 0.080684257936637402 1019.5000000000001 0 1 2 28.145000000000003 3 0.20741111853336305 4 5 6 0.07830192220914152 0.20500000000000004 7 0.13015696108479616 35.45000000000001 8 9 2.0833333333333335 -6.2499999999999991 0.16500000000000004 46.650000000000013 -0.11249999999999995 10 0.085572520962898566 9.6550000000000029 38.500000000000007
decision_type=2 2 2 2 2 1 1 1 2 1 2 1 1 1 2 2 1 2 2 1 1 2 2 2 2 2 1 2 2 2
left_child=15 4 3 -3 6 12 9 -8 -9 10 -2 -7 -6 -11 -14 18 -17 -18 19 29 23 25 -21 24 -20 28 -27 -28 -22 -1
right_child=1 2 -4 -5 5 11 7 8 -10 13 -12 -13 14 -15 -16 16 17 -19 20 22 21 -23 -24 -25 -26 26 27 -29 -30 -31
leaf_value=0.034525026845529661 -0.0010977166384486133 0.0016843686998264729 0.011115732869960185 0.02588396167051174 0.0038664897799994555 0.003591408915326116 0.0042136595722258472 -0.0047786543843317854 0.0022356398079332869 0.0055577110134956654 -0.0076972256571770205 -0.0029250479677087457 -0.0068611143178103299 -5.9027204782169381e-06 -0.022679765573290926 0.0025170658494938526 -0.010537121148009683 -0.037427771329589007 -0.012719856950971756 -0.031661277323015276 -0.021806456587649372 -0.00035214637167818287 -0.0016582724769721446 -0.013782252252810039 0.0034382858525456223 0.0029142449532024374 -0.00023223481001026811 -0.019736475182372048 0.028654231120885238 0.0023418155041451719
leaf_weight=29.990016183131956 3389.4859728285228 3177.9331738433102 493.0692037071567 53.683361494680867 248.01617676310707 1371.9003084276337 4740.8871465886332 1501.9715708809381 3659.591364793072 1151.6206929319014 954.86315979831852 1678.916085224424 1092.6594014679431 4589.9769032238037 126.64250326843467 163.12457318571978 123.37908745426103 71.657592190429568 241.79214782419149 45.732110259355977 18.786422216333449 5127.7795320605801 4857.3298037901768 602.72011902836675 411.71774376602843 162.35980281908996 130.57610042067245 388.52925390773453 48.430961015168577 4378.6177459718019
leaf_count=250 51061 33572 3678 484 4034 19803 60829 28443 42264 14025 8375 23861 16546 60269 2526 5362 5638 349 2175 641 167 58749 55173 7581 3314 1458 1463 3007 274 48344
internal_value=-1.09865e-05 0.000682067 0.00328167 0.00208637 0.00028696 -0.00206914 0.000819528 0.00212084 0.000194163 -0.000459758 -0.0025424 7.45178e-06 -0.00634357 0.00111774 -0.00843494 -0.00117544 -0.00990135 -0.0194211 -0.000985387 0.000191868 -0.00252228 -0.00136311 -0.00193417 -0.00787124 -0.00254007 -0.00830544 -0.0105599 -0.0145501 0.0145511 0.00255495
internal_weight=45033.7 28231.2 3724.69 3231.62 24506.5 4518.13 19988.4 9902.45 5161.56 10085.9 4344.35 3050.82 1467.32 5741.6 1219.3 16802.5 358.161 195.037 16444.4 9311.67 7132.69 5876.46 4903.06 1256.23 653.51 748.683 681.465 519.105 67.2174 4408.61
internal_count=563715 369770 37734 34056 332036 66770 265266 131536 70707 133730 59436 43664 23106 74294 19072 193945 11349 5987 182596 104408 78188 65118 55814 13070 5489 6369 5928 4470 441 48594
cat_boundaries=0 1 2 3 4 5 6 7 8 9 10 11
cat_threshold=8852016 146569 12727098 13244264 203665 32803 130 8587235 6050021 4194437 166944
is_linear=0
shrinkage=0.05


Tree=138
num_leaves=31
num_cat=12
split_feature=46 67 50 8 13 21 1 36 55 67 10 8 22 67 8 67 8 21 18 5 3 8 67 13 25 10 36 5 8 8
split_gain=10.9378 13.9936 14.7652 14.0086 13.1461 16.0518 13.1054 10.9988 14.0002 16.8639 15.4562 16.815 15.0726 14.4184 14.1592 13.5193 13.411 13.6344 13.5741 12.0237 11.9849 12.195 11.9255 11.8545 11.5524 11.1829 15.8148 20.0279 13.796 12.3169
threshold=0.31132741158890925 0 502.00000000000006 1 0.13500000000000004 0.060631914706164323 0.34500000000000003 -0.99876771364157968 -2.7499999999999996 2 59.650000000000013 3 0.46638035437366615 4 5 6 7 0.093376396348661503 47.300000000000004 21.070000000000004 4.3850000000000007 8 9 0.14500000000000005 0.08736133464859909 44.750000000000007 -1.5811388300841698 41.845000000000006 10 11
decision_type=2 1 2 1 2 2 2 2 2 1 2 1 2 1 1 1 1 2 2 2 2 1 1 2 2 2 2 2 1 1
left_child=7 2 -2 6 -5 -6 -3 15 9 14 19 12 -12 20 -9 25 17 18 -17 -11 -13 -22 -20 -21 -25 28 27 29 -1 -27
right_child=1 3 -4 4 5 -7 -8 8 -10 10 11 13 -14 -15 -16 16 -18 -19 22 23 21 -23 -24 24 -26 26 -28 -29 -30 -31
leaf_value=-0.011798930794830891 0.0087844579558984549 0.0096329358320949993 -0.049294692452297041 -0.032732679370069677 0.031678345542438049 -0.0047787305438776193 -0.07094945899045195 -0.013164258713896619 0.00052149216401632735 -0.019522919231457561 0.042780840804140831 -0.06939600616534472 0.0062297298015245618 0.0058310048156443202 0.0044953112193615299 -0.00078479209897895522 -0.0060730407152610015 -0.068635187397400085 0.035425424330588901 0.010517351725717361 0.0067205276227588571 -0.026813784225936711 0.0026068297364995716 -0.0073184024616904601 0.032097324915867823 0.0056739245109189975 0.0082805844412861488 0.033487185299255588 0.0009004562014439763 -0.025025200492892252
leaf_weight=283.19415490912797 947.94827106175944 308.86770943412557 11.070874315220861 39.276349192019552 31.832725373562425 586.01384315022733 5.1293737958185366 119.45074226742145 34949.733076885939 176.58101340095163 45.431848328560591 10.341243378818033 74.385218799579889 170.93168557831086 936.3069277014074 335.22495332937979 2344.0994184205847 6.4920286887354441 47.000240020919591 104.24966709548607 47.042918539140373 51.247109099058434 70.58353950077435 1628.837939893041 18.804406696930528 48.416007703635842 715.09521370474249 23.931423434987664 791.25957739002479 94.000732492888346
leaf_count=7466 7816 2413 132 301 257 4811 40 1559 416417 2548 151 52 679 1619 12292 8132 46503 381 221 883 411 449 447 22923 131 362 4904 151 18889 714
internal_value=0.000107646 0.00379001 0.00803026 -0.00047521 -0.00461326 -0.00290039 0.00805988 -5.72883e-05 0.000224177 -0.00284683 -0.00521093 0.00371946 0.0185416 -0.00318251 0.0023925 -0.00232432 -0.00454108 0.00324027 0.00434233 -0.0070874 -0.0166613 -0.0128081 0.0189595 -0.00583397 -0.00686855 0.000871731 0.00505037 -0.00883566 -0.00254816 -0.0159475
internal_weight=45022.8 1930.14 959.019 971.12 657.123 617.847 313.997 43092.6 38333.3 3383.61 2327.85 399.38 119.817 279.563 1055.76 4759.3 2803.4 459.301 452.809 1928.47 108.631 98.29 117.584 1751.89 1647.64 1955.9 881.443 166.348 1074.45 142.417
internal_count=564054 15770 7948 7822 5369 5068 2453 548284 460114 43697 29846 3361 830 2531 13851 88170 55684 9181 8800 26485 912 860 668 23937 23054 32486 6131 1227 26355 1076
cat_boundaries=0 1 2 3 4 5 6 7 8 9 10 11 12
cat_threshold=14203058 17076 3182337 22920 12656650 53248 108302 100354 173572 2117761 65750 619
is_linear=0
shrinkage=0.05


Tree=139
num_leaves=31
num_cat=7
split_feature=9 56 67 25 4 26 67 65 33 27 11 67 30 34 20 30 8 5 1 67 49 35 53 67 12 67 55 11 70 63
split_gain=13.3012 14.9975 24.1272 14.3551 12.7405 12.1316 15.2218 14.217 13.9244 13.0925 16.1366 17.0214 19.0035 14.4644 24.5885 19.8909 17.1724 15.6976 14.1759 14.1664 12.633 12.2831 15.0899 14.0625 12.2331 14.0714 12.0332 11.7044 13.3804 11.5041
threshold=365.50000000000006 -1.6099999999999994 0 0.072768642051918506 39.685000000000009 0.014181045462467658 1 0.025280338451846001 5.8321356087242382 0.29842500206151568 54.350000000000001 2 0.022499999999999968 0.020000000000000021 8.9500000000000011 0.035000000000000031 3 33.535000000000004 0.44500000000000006 4 1.0000000180025095e-35 -0.013333333333334084 1.5000000000000002 5 11.550000000000002 6 4.9166666666666687 41.050000000000004 3.1250000000000004 -1.4999999999999998
decision_type=2 2 1 2 2 2 1 2 2 2 2 1 2 2 2 2 1 2 2 1 2 2 2 1 2 1 2 2 2 2
left_child=1 2 4 -2 -1 9 7 -7 -8 10 24 12 -12 14 15 -13 17 -16 19 -11 -20 -15 23 -23 -3 -26 27 -27 -29 -5
right_child=3 5 -4 29 -6 6 8 -9 -10 18 11 13 -14 21 16 -17 -18 -19 20 -21 -22 22 -24 -25 25 26 -28 28 -30 -31
leaf_value=-0.0046961507139713383 -0.00091426108220155435 -0.0010221493075978898 -0.010922728246987685 0.0083581912106244077 0.015432434638061016 0.05107845496908614 0.0066225599782597545 7.974947148428915e-05 -0.055491635231679187 0.0084326583168139284 -0.0054195958171021283 -0.052949874073144457 0.018122881976919678 -0.031467198608491502 0.0048048613274321054 0.023278363376836267 0.010286714163330515 -0.048811392927112611 -0.096291880353421011 0.00083397011391041307 0.014431458432894451 0.0036980564635634657 -0.05408798859882033 -0.018567270253995866 0.013936103450648227 0.021849647110061904 0.056146715605961607 -0.066632587639875021 -0.0044451113094801844 0.00099631814060995028
leaf_weight=143.86306439216423 29913.291174001235 2359.6163723758509 572.57376143911097 698.80099031887949 173.33190305391327 13.765894510550423 2545.8346819170401 1875.4887929165852 9.0547437611967307 918.73644189490005 273.55271326331422 37.268254905939102 124.83408411126584 110.97097212728113 26.46494354493916 11.1086801122874 196.46182337589562 28.195971734356135 6.7058404888957721 1831.3657494874205 4.1831462038680911 126.47050777217373 19.854713574051857 151.38502519298345 320.67894589784555 42.038247818825766 8.9617401761934143 8.9561663987115008 252.79409700771794 2205.4156350895064
leaf_count=2163 379514 76444 7351 6227 1688 125 24033 19253 50 6079 1619 165 673 635 179 53 1021 170 27 12030 24 810 126 1002 2264 375 45 67 1994 17840
internal_value=-6.44829e-05 0.00134553 -0.00490461 -0.000588422 0.00611052 0.00183746 0.00387255 0.000448971 0.00637746 0.00051917 -0.00127334 -0.00643242 0.00190948 -0.0109968 -0.0028049 -0.0354458 0.00348312 -0.0193181 0.00318075 0.00340619 -0.0537561 -0.0172693 -0.0119771 -0.00896798 0.000634043 0.0068036 -0.000925723 -0.00263983 -0.00657295 0.0027677
internal_weight=45012 12194.5 889.769 32817.5 317.195 11304.7 4444.14 1889.25 2554.89 6860.6 4099.61 1106.57 398.387 708.181 299.5 48.3769 251.123 54.6609 2760.99 2750.1 10.889 408.681 297.71 277.856 2993.05 633.429 312.75 303.789 261.75 2904.22
internal_count=564046 160465 11202 403581 3851 149263 43461 19378 24083 105802 87642 6453 2292 4161 1588 218 1370 349 18160 18109 51 2573 1938 1812 81189 4745 2481 2436 2061 24067
cat_boundaries=0 1 2 3 4 5 6 7
cat_threshold=9479720 14307512 1853624 202833 741524 6424324 729531
is_linear=0
shrinkage=0.05


Tree=140
num_leaves=31
num_cat=9
split_feature=17 67 64 21 34 68 17 22 67 8 24 67 6 10 41 8 67 53 6 8 22 11 0 29 41 56 8 67 50 70
split_gain=11.4772 14.195 12.7441 12.0836 10.8345 12.3189 10.9623 13.4726 15.3704 13.7988 20.2989 12.835 17.8081 15.3581 16.7031 16.6948 13.6505 19.4202 13.442 13.2787 15.4579 13.2932 13.1622 12.5664 14.7537 12.443 11.6694 11.6419 10.9174 10.9107
threshold=2.7250000000000005 0 1.405 0.093050154792374565 0.044999999999999936 0.025650000000000003 5.4150000000000009 0.88219995782416316 1 2 0.071521701121481332 3 42.885000000000005 50.350000000000001 0.040000000000000487 4 5 4.5000000000000009 24.535000000000004 6 0.52342032118153825 63.650000000000013 6.8050000000000006 0.009999999999999969 -0.037999999999999805 -0.71500000000000019 7 8 157.50000000000003 9.5700000000000021
decision_type=2 1 2 2 2 2 2 2 1 1 2 1 2 2 2 1 1 2 2 1 2 2 2 2 2 2 1 1 2 2
left_child=1 2 -1 -4 -2 -6 7 11 -9 10 -10 12 23 26 19 18 17 -17 -16 20 -15 25 -18 24 -7 -21 -13 -22 -27 -14
right_child=4 -3 3 -5 5 6 -8 8 9 -11 -12 13 29 14 15 16 22 -19 -20 21 27 -23 -24 -25 -26 28 -28 -29 -30 -31
leaf_value=-0.020848433129347175 0.00079677304280643133 -0.020017480452628265 -0.001250006557922464 0.034963386386630858 -0.012386538167935111 -0.014261956987801035 0.00037075980464916026 0.0012478942331921794 0.0045536193974124823 -0.022947501000995019 -0.097875111560890626 0.0028760074118462714 0.01598339520687439 0.02193914518743606 0.03126209436591771 0.034596450299449792 0.042041490615275429 -0.047140591343689586 -0.014046715032676802 0.060875775230914621 0.012400121829991098 -0.003192647135609582 0.0025594334939344921 -0.00030494147170658371 -0.0047355918073020455 0.028443554335211441 -0.0031709598414268857 -0.021501590436676876 -0.040368766569329362 -0.0018200996923760971
leaf_weight=42.729600313105038 22711.917813801905 148.84666272223694 64.056910217099357 35.970989739987999 225.51597346775816 534.44597110757604 12008.820980717603 213.33092522178777 100.34042983269319 226.71142152650282 5.0818910263478747 1082.4711053951178 171.32092878612457 143.77633413975127 20.191749857738614 146.34831313509494 24.321373101323843 7.6466963142156592 86.479024091735482 15.7307414971292 42.579952209256589 838.58241270575672 159.82330618426204 1014.15777950747 1696.7882931588101 16.384176587685946 2966.453251981613 40.267603304237127 8.8924530521035177 172.9122527432628
leaf_count=9326 236622 13841 1267 554 12189 6674 136741 1383 628 1452 30 21170 3155 561 99 559 90 36 437 45 243 4002 779 24460 23995 64 61103 273 55 2302
internal_value=-3.35161e-05 -0.00992084 0.00187716 0.0117727 3.10117e-05 -0.000760632 -0.000640054 -0.00188696 -0.00952164 -0.015995 -0.000350699 -0.00143379 -0.0037624 6.54769e-05 0.00429625 0.0124788 0.01762 0.0286756 -0.00500134 0.00100601 0.0115183 -0.00181278 0.0073737 -0.00491984 -0.00701744 0.0259628 -0.00155504 -0.0051762 0.00423501 0.0070405
internal_weight=44972.9 291.604 142.758 100.028 44681.3 21969.4 21743.9 9735.04 545.465 332.134 105.422 9189.57 3589.63 5599.95 1551.02 444.81 338.14 153.995 106.671 1106.21 226.624 879.59 184.145 3245.39 2231.23 41.0074 4048.92 82.8476 25.2766 344.233
internal_count=564135 24988 11147 1821 539147 302525 290336 153595 3493 2110 658 150102 60586 89516 7243 2000 1464 595 536 5243 1077 4166 869 55129 30669 164 82273 516 119 5457
cat_boundaries=0 1 2 3 4 5 6 7 8 9
cat_threshold=10250381 640480 247818 7213379 147735 82564 4371 84242 1115696
is_linear=0
shrinkage=0.05


Tree=141
num_leaves=31
num_cat=6
split_feature=71 22 70 35 67 70 56 67 11 17 17 40 35 67 40 48 11 45 11 71 67 27 3 10 67 67 1 30 44 35
split_gain=12.6527 12.7771 18.7187 14.8033 11.6689 12.1836 11.4412 11.7295 11.066 11.5755 19.083 10.6664 12.2642 15.5412 12.204 11.0346 10.6639 10.5182 12.3204 9.95537 13.738 13.4539 12.4007 20.0769 14.6702 12.2964 12.131 17.4206 11.565 12.0121
threshold=0.81900718380486259 0.028886224378234539 17.535 -0.056666666666666192 0 11.030000000000003 0.35500000000000004 1 52.95000000000001 3.5450000000000004 3.8550000000000004 0.044999999999999936 0.083333333333333495 2 -0.069999999999999826 3.2749172181680644 23.550000000000004 0.06551035583293649 46.650000000000013 -1.1509928161951377 3 0.47523155737026335 3.9850000000000008 51.350000000000001 4 5 0.14500000000000005 -0.027499999999999993 0.34488766069926718 -0.055000000000000153
decision_type=2 2 2 2 1 2 2 1 2 2 2 2 2 1 2 2 2 2 2 2 1 2 2 2 1 1 2 2 2 2
left_child=1 2 3 -1 -2 8 11 16 17 -10 -11 12 19 14 -14 -15 -8 18 -6 20 -3 -22 23 24 -21 26 27 -25 29 -26
right_child=4 6 -4 -5 5 -7 7 -9 9 10 -12 -13 13 15 -16 -17 -18 -19 -20 22 21 -23 -24 25 28 -27 -28 -29 -30 -31
leaf_value=0.0098093096650470578 0.0046033155001121524 0.00019063447595464914 0.0024807120291394855 -0.011301899644002224 -0.0045760835531532757 0.0021301416357608371 0.021384022991156531 0.0025906345802630595 -0.047963915317131074 0.035753993782447507 -0.011013741014242896 0.0010723976323809995 -0.056998394375477525 -0.020152088834497661 0.018000890253906856 -0.092220114502311115 -0.00093393071428359833 -0.056032314268121997 0.01756771071630514 0.010700585447579826 -0.0310657038945816 0.044476492178439138 -0.0012348250729012895 0.048520859880751874 -0.031937202174574929 0.033080929253522788 0.038198342190304643 -0.064474744516265434 0.062717222963128968 -0.0031217507371327788
leaf_weight=92.188583287541405 2661.3383075531456 131.81431462687033 542.92329081951175 836.49328730424895 159.76606310144416 1714.1206827937858 54.137468552828068 6423.2604896862322 19.490055467933416 23.000990634318441 421.90635554352775 6456.60508936923 6.0657215022365554 138.68405980322859 51.277714695781469 5.5229671541601411 4722.8559895178332 7.471056936774402 103.51212882972322 235.17877288488671 95.584403119108174 6.2812893558293572 19640.338175547367 4.6646301168948439 43.230909846752184 80.789620686322451 8.7131774388253671 12.69170759059489 5.9396906727924934 221.32356452551903
leaf_count=2408 28647 2778 11837 55487 4469 18343 2774 74956 105 109 3546 76553 99 2532 712 28 52968 95 1201 4909 2423 52 210398 25 627 324 35 64 71 5189
internal_value=-2.18404e-05 -0.000322456 -0.00489453 -0.00920623 0.00232025 -0.000178566 -0.000146989 0.00119757 -0.00556414 -0.0102481 -0.00859592 -0.000701771 -0.00125548 -0.0135291 0.0085726 -0.0214264 -0.00067958 0.00246999 0.00413011 -0.00113473 -0.0113959 -0.0240469 -0.00101633 0.00598949 0.00182823 0.0256812 -0.00718429 -0.0341064 -0.00605742 -0.00783049
internal_weight=44927.2 39816.6 1471.61 928.682 5110.61 2449.27 38345 11200.3 735.147 464.397 444.907 27144.7 20688.1 201.55 57.3434 144.207 4776.99 270.749 263.278 20486.6 233.68 101.866 20252.9 612.532 505.673 106.859 26.0695 17.3563 270.494 264.554
internal_count=563764 507249 69732 57895 56515 27868 437517 130698 9525 3760 3655 306819 230266 3371 811 2560 55742 5765 5670 226895 5253 2475 221642 11244 10796 448 124 89 5887 5816
cat_boundaries=0 1 2 3 4 5 6
cat_threshold=11272951 9523355 101384 7160788 10159191 13172873
is_linear=0
shrinkage=0.05


Tree=142
num_leaves=31
num_cat=2
split_feature=17 9 56 4 22 8 65 6 58 8 22 29 63 9 41 25 24 65 19 28 46 25 11 22 68 25 46 22 71 20
split_gain=12.4131 12.9044 17.7786 13.7549 10.9435 13.4311 16.1391 15.6594 12.8548 12.4285 17.115 11.6582 11.4545 11.3381 11.2677 11.0873 12.382 12.2947 10.5938 13.7298 10.9288 10.0952 15.4069 12.4065 17.4028 11.5643 20.029 18.9865 27.7799 15.1525
threshold=2.1150000000000007 914.50000000000011 0.90499999999999992 16.355000000000004 0.39282192469826643 0 3.2327972326731991 22.005000000000006 -3.7677669529663689 1 0.50362846603841394 -0.25499999999999989 -2.4999999999999996 385.50000000000006 0.020000000000000021 0.039645394096305069 0.10095825899884565 3.8468948346748761 22.100000000000005 3.3666666666666671 0.11921516763553459 0.039335052495855595 41.650000000000013 0.32256693459635422 0.030450000000000001 0.043921719573812641 0.12329611675084033 0.4755122212658523 -0.16099281619513792 18.900000000000002
decision_type=2 2 2 2 2 1 2 2 2 1 2 2 2 2 2 2 2 2 2 2 2 2 2 2 2 2 2 2 2 2
left_child=-1 2 21 -3 5 6 7 -4 -7 10 12 -10 -6 -12 15 18 17 -17 19 -13 -21 -2 -23 -24 -25 26 27 28 -26 -29
right_child=1 3 4 -5 9 8 -8 -9 11 -11 13 14 -14 -15 -16 16 -18 -19 -20 20 -22 22 23 24 25 -27 -28 29 -30 -31
leaf_value=-0.02380505025124521 -0.00024499181408940777 -0.011049901719671526 -0.018024674839734956 -0.0010314456191359437 0.068978640131962726 -0.040428469846170295 -0.037374055530861226 0.013119466852173725 -0.062067574910793233 0.0029038955389870729 0.025687537951728474 -0.034181418564315516 0.026901878313526036 -0.0016083421334027418 0.0098906185029070531 0.011636776873782307 0.068022136047304255 -0.070592270576727206 0.0055989495772761711 -0.00994933515148997 0.044285928238539406 0.012240945847740095 -0.00079463950366677266 -0.025590556493956907 0.021864044314180986 0.0029524680779788627 0.025343902401611225 -0.018754501247793667 -0.038853918046680397 0.028579374699263773
leaf_weight=54.81467413714563 22594.574228579935 351.81852049240842 44.165982743259519 13086.608682476362 19.509768548421562 21.145929703023285 18.280515023972839 468.50259586801985 7.6642471974482751 251.47099439962767 61.467048723250628 62.504108436638489 94.616001807153225 99.836350508034229 195.33029792307934 59.131170797394589 8.9753326987847668 4.9243356585502616 96.602712572086602 174.02202309537097 9.8123555656056833 343.56376553792506 3327.4442578935996 50.752364633139223 29.668153816834092 3100.5708168940619 162.17660527024418 22.592920733615756 51.605530880391598 67.188055205158889
leaf_count=13859 285591 8433 970 165147 53 444 177 8282 147 1342 401 1286 364 565 4481 743 52 59 1283 4861 176 5685 41217 265 168 16238 789 138 336 323
internal_value=-2.58773e-05 3.16139e-06 0.00055735 -0.00129373 0.0055336 0.00284109 0.00862782 0.0104364 -0.00206137 0.0115178 0.0186017 -0.000783929 0.0340949 0.00879316 -1.55808e-05 -0.00466729 0.0130219 0.00531533 -0.00843427 -0.0139375 -0.00705447 0.000273335 0.00191002 0.00138897 0.00347413 0.00390372 0.0127547 0.000818817 -0.0166894 0.016668
internal_weight=44941.3 44886.5 31448.1 13438.4 1697.96 1171.06 530.949 512.669 640.113 526.9 275.429 618.967 114.126 161.303 611.302 415.972 73.0308 64.0555 342.941 246.338 183.834 29750.1 7155.56 6812 3484.55 3433.8 333.231 171.055 81.2737 89.781
internal_count=563875 550016 376436 173580 25686 22961 9429 9252 13532 2725 1383 13088 417 966 12941 8460 854 802 7606 6323 5037 350750 65159 59474 18257 17992 1754 965 504 461
cat_boundaries=0 1 2
cat_threshold=79916 22250
is_linear=0
shrinkage=0.05


Tree=143
num_leaves=31
num_cat=2
split_feature=68 7 2 64 11 22 12 19 25 22 22 8 22 61 55 3 34 50 44 71 68 58 25 55 45 12 9 8 0 36
split_gain=12.634 10.435 10.1814 12.4303 12.4158 10.6567 9.43385 9.2743 9.2527 10.1413 9.17007 14.9909 12.8311 9.79771 9.52651 9.05155 9.97325 16.5605 13.5584 8.96969 9.28376 13.3446 13.2167 8.80114 13.5655 8.70271 8.68642 9.69541 14.0718 9.17183
threshold=0.029350000000000005 54.500000000000007 5.5000000000000009 -0.49999999999999972 23.050000000000004 2.0558385434112485 53.350000000000001 24.800000000000004 0.0065466623807993148 0.78434855209300725 0.081512594749653722 0 0.4755122212658523 1.5000000000000002 2.4166666666666683 3.0050000000000003 0.050000000000000273 95.000000000000014 0.038151470913131445 0.81900718380486259 0.03160000000000001 -1.0000000180025095e-35 0.053201249268007032 0.91666666666666796 0.01367261875913066 42.250000000000007 58.500000000000007 1 7.1450000000000005 -0.92790226002885967
decision_type=2 2 2 2 2 2 2 2 2 2 2 1 2 2 2 2 2 2 2 2 2 2 2 2 2 2 2 1 2 2
left_child=1 6 3 8 -5 19 -1 -3 -2 -10 -4 23 13 -13 -14 -7 -17 18 25 20 21 22 -6 24 -12 -18 -21 29 -29 -28
right_child=2 7 10 4 5 15 -8 -9 9 -11 11 12 14 -15 -16 16 17 -19 -20 26 -22 -23 -24 -25 -26 -27 27 28 -30 -31
leaf_value=-0.0026384771014903627 -0.018099371250137063 -0.0134285953877226 -0.0016387714394532221 0.018077945375319836 0.017450142748107491 -0.10006139162788322 -0.092032583179656582 -0.067677456648567988 -0.0031163247883677328 -0.080400477978811849 0.0071878007314325797 0.018418830149828938 -0.015569998611413198 0.00084577012826164916 -0.091609397429987971 0.023450707098542217 -0.054394777370872532 -0.037661223507481065 0.080358838559060508 -0.021925068429052407 -0.00018408058325135518 0.031400187125252062 -0.081415056208292952 0.034072981199468354 0.047447293735910279 0.025947079085829591 -0.0036392094685993789 -0.00087407141562954318 0.047304886570714383 0.0052292735749080322
leaf_weight=859.1049530313685 137.08792540934519 189.32460330415051 338.4634311459522 96.868362367036752 8.0257875982788374 1.7301478758454312 2.9614599198102942 8.2205207864753884 584.88533326389734 4.275792494416236 147.37371358496603 106.70430187287275 33.575634697917849 309.03833580028731 4.6950303725898257 102.15983695641626 5.2679747752845314 20.526562329614535 7.321755275130271 37.132317685522139 37033.540292880964 48.736657349858433 5.8404710399918249 68.751691680517979 24.386081515811384 9.358544687740503 329.93898242793512 1831.6349105748814 15.282077267533166 2504.9889442842687
leaf_count=36761 8855 10250 40617 4827 136 4 17 62 19429 29 2411 1640 238 5442 28 1729 23 240 23 259 384355 467 63 937 189 140 4104 17901 107 22474
internal_value=7.40226e-05 -0.00532081 0.000204482 8.60542e-05 0.000198045 0.00015677 -0.00294557 -0.0156861 -0.00639956 -0.00367721 0.00510956 0.00839824 0.00274531 0.00535606 -0.0248985 0.0136248 0.0149847 -0.00537756 0.0248149 0.000109628 -0.000151559 0.0190868 -0.0241919 0.0181985 0.0129038 -0.00298932 0.00216283 0.00235388 -0.000472861 0.00418237
internal_weight=44877.2 1059.61 43817.6 42784.6 42058.4 41961.5 862.066 197.545 726.249 589.161 1032.99 694.525 454.013 415.743 38.2707 146.365 144.635 42.4748 21.9483 41815.1 37096.1 62.6029 13.8663 240.511 171.76 14.6265 4718.98 4681.84 1846.92 2834.93
internal_count=563757 47090 516667 465165 436852 432025 36778 10312 28313 19458 51502 10885 7348 7082 266 2159 2155 426 186 429866 385021 666 199 3537 2600 163 44845 44586 18008 26578
cat_boundaries=0 1 2
cat_threshold=137624 60946
is_linear=0
shrinkage=0.05


Tree=144
num_leaves=31
num_cat=7
split_feature=17 21 12 11 67 22 8 4 56 71 22 4 67 5 67 35 12 1 5 68 1 45 6 8 67 27 28 67 68 35
split_gain=11.0187 10.4843 10.356 10.633 13.8288 16.9057 19.602 12.2173 12.1879 12.2295 11.5212 18.3926 12.3304 11.8721 11.7994 12.0059 10.8592 13.5943 13.3893 12.6082 12.2491 10.4147 10.3747 14.7649 14.4635 13.0939 12.6749 14.5071 10.3323 10.0506
threshold=2.5050000000000003 0.096751620319401668 67.050000000000011 83.950000000000017 0 0.58955684867296432 1 21.845000000000002 -1.429999999999999 -0.65099281619513782 0.030381885901492867 38.32500000000001 2 39.030000000000008 3 -0.056666666666666192 34.750000000000007 1.0000000180025095e-35 29.425000000000004 0.61910000000000009 0.15500000000000003 0.095148016564856344 42.120000000000012 4 5 0.43133018116494659 1.8166666666666669 6 0.17875000000000002 0.041666666666667414
decision_type=2 2 2 2 1 2 1 2 2 2 2 2 1 2 1 2 2 2 2 2 2 2 2 1 1 2 2 1 2 2
left_child=1 -1 3 10 7 6 8 -5 -6 -10 11 14 21 -14 -2 -16 17 -17 -18 -19 -20 -13 -12 26 25 -25 -24 -28 -4 -29
right_child=2 -3 28 4 5 -7 -8 -9 9 -11 22 12 13 -15 15 16 18 19 20 -21 -22 -23 23 24 -26 -27 27 29 -30 -31
leaf_value=-0.02106435286803842 0.0021898850980588301 0.0078186017874333179 -0.039003665168768603 -0.066123272000109853 -0.091685257314956664 -0.0041865187425811634 0.019139678846477614 -0.008211351264568267 -0.05728060211186458 0.0011588976303666431 -8.5176393948024659e-05 -0.0058775686218647278 0.0025201784680519818 0.021702632556520478 0.0073477429887786293 -0.044640385177870584 -0.058046330153876093 -0.010731532966351849 -0.0072613503053296216 0.032691332611416726 -0.067344787975428602 -0.066020167186370535 -0.030188738678591617 -0.0012596676577061954 0.0062836542703777511 0.016868839734453609 0.005719173096323399 -0.012528618945549514 0.0066288129770779068 0.013834571004323924
leaf_weight=115.74514290952357 206.10885465980391 43.125903485299204 12.621029010508208 9.2140698847360891 4.0098993740975848 759.71308842621511 191.25302583351731 784.44738511135802 9.6707818424329144 120.50577576225623 36017.59824318302 185.09069364197785 325.30879446823383 107.25364465499297 75.694690981094027 28.745173179369885 28.557175257243216 532.23688163846964 53.339570828713477 17.258987976238132 10.086868323851375 7.4894245695322743 44.26536553259939 1448.1279287127545 2216.0768277772586 106.96319477399811 288.73539164103568 310.50908748724032 723.92234068625839 40.916005408507772
leaf_count=14753 11077 5612 131 57 20 12523 921 10180 45 642 392086 5006 7716 1850 1626 1020 171 35830 350 56 64 63 390 15794 23805 806 2935 3128 14607 509
internal_value=-7.95931e-05 -0.013224 -3.28399e-05 -0.000131423 -0.00381156 -0.00010097 0.00943332 -0.00877314 -0.00542314 -0.00318256 3.30061e-05 -0.00415955 0.00250373 0.00711204 -0.00853495 -0.0113752 -0.0136595 -0.0111211 -0.0296167 -0.00936767 -0.0168166 -0.00781092 0.000196383 0.00247242 0.00369412 -1.26606e-05 -0.00425098 -0.00252386 0.00584688 -0.00919747
internal_weight=44824.6 158.871 44665.7 43929.2 1878.81 1085.15 325.439 793.661 134.186 130.177 42050.4 1577.17 625.143 432.562 952.028 745.919 670.225 578.241 91.9836 549.496 63.4264 192.58 40473.2 4455.59 3771.17 1555.09 684.426 640.16 736.543 351.425
internal_count=563773 20365 543408 528670 24388 14151 1628 10237 707 687 504282 64829 14635 9566 50194 39117 37491 36906 585 35886 414 5069 439453 47367 40405 16600 6962 6572 14738 3637
cat_boundaries=0 1 2 3 4 5 6 7
cat_threshold=5073417 223329 2193537 2181121 276 12669546 10733859
is_linear=0
shrinkage=0.05


Tree=145
num_leaves=31
num_cat=5
split_feature=22 4 6 8 67 55 5 1 67 18 67 64 0 11 8 6 61 60 1 33 6 11 56 25 64 7 36 9 18 25
split_gain=13.5062 13.3264 11.6928 16.4675 15.213 13.2645 16.2198 12.6537 11.9841 10.5004 17.2023 12.7763 12.1644 12.0262 11.8911 10.337 11.2236 10.3723 10.0038 11.3791 9.89929 9.88875 10.3921 10.9115 11.5476 18.1732 14.6635 10.2363 12.001 10.0199
threshold=0.030381885901492867 32.960000000000008 42.005000000000003 0 1 0.41666666666666791 28.385000000000002 0.23500000000000001 2 6.5500000000000007 3 -0.14999999999999966 6.9350000000000014 21.250000000000004 4 51.740000000000002 5.5000000000000009 0.010000000000000024 0.065000000000000016 1.2759376771236355 42.830000000000005 65.750000000000014 -0.41999999999999965 0.054231240322072001 10.405000000000003 51.500000000000007 0.79455215770466281 223.50000000000003 17.700000000000003 0.03554427523970672
decision_type=2 2 2 1 1 2 2 2 1 2 1 2 2 2 1 2 2 2 2 2 2 2 2 2 2 2 2 2 2 2
left_child=1 -1 9 7 15 21 20 -4 -9 10 12 -11 14 -13 -2 16 17 -5 -17 -20 -7 22 -6 24 -24 26 29 -27 -29 -26
right_child=2 -3 3 4 5 6 -8 8 -10 11 -12 13 -14 -15 -16 18 -18 -19 19 -21 -22 -23 23 -25 25 27 -28 28 -30 -31
leaf_value=-0.0091859304220762873 -0.0091353545311639913 -0.0002801273291855887 0.0045223262639444029 0.011696032878873806 -0.011640266680424893 0.02142727061205587 0.0072964084942976418 -0.0038445997738146055 0.026377152924200498 -0.0079839685422898252 0.0050647228410741251 0.028190016341413018 -0.014194659248679182 -0.0002798236072772573 0.0043910231931587633 -0.021434076083476292 -0.0073471135352121426 -0.0050245363542923294 0.013666250095489833 -0.025351949316948449 -0.016316762929348229 -0.013583187663857094 -0.0089775159084533387 0.02034529066780133 0.01970692661544033 -0.024706910018083141 -0.073041125037961174 0.014591153839363068 0.060823027327132878 -0.054816172974544525
leaf_weight=779.33716427404579 233.34386472144979 911.16007146565244 2149.1966360847 607.43098654248752 220.60511131357634 19.924912522546947 441.65458454701002 48.067509205604438 116.37068457325222 542.26036401400052 2181.8509429702608 37.133407276589423 195.22087464787182 34622.060028876702 478.96383326103387 69.044240210321732 120.53802498721052 109.46426106410217 71.54486703989096 25.291509209666401 135.57854128621693 363.45170531747863 197.71501640236238 66.966346632223576 18.834350661374632 8.2530076429247838 8.8763763792812806 31.997734061907977 25.007593018934131 5.9307764098048201
leaf_count=56305 5814 22898 23584 5910 2603 206 4745 538 1244 17108 51860 1561 6236 336174 12122 877 1521 2056 783 346 1528 3003 3210 595 137 53 67 339 85 79
internal_value=-1.65268e-06 -0.0043858 0.000170096 0.00247991 -0.00030207 -0.00340772 0.00240678 0.00552127 0.0189132 -0.000123179 0.00267175 -0.00036847 -0.00310298 -0.000249321 -0.000106669 0.00446612 0.0067694 0.00914293 -0.00689254 0.00347556 -0.0114806 -0.00710771 -0.00307899 0.00211562 -0.00200007 0.0119488 -0.0179028 0.0273377 0.0348726 0.00186006
internal_weight=44843.1 1690.5 43152.6 4861.74 2548.11 1544.8 597.158 2313.63 164.438 38290.8 3089.38 35201.5 907.529 34659.2 712.308 1003.31 837.433 716.895 165.881 96.8364 155.503 947.638 584.186 363.581 296.615 98.8998 33.6415 65.2583 57.0053 24.7651
internal_count=563587 79203 484384 53509 28143 16650 6479 25366 1782 430875 76032 354843 24172 337735 17936 11493 9487 7966 2006 1129 1734 10171 7168 4565 3970 760 283 477 424 216
cat_boundaries=0 1 2 3 4 5
cat_threshold=125067 10652129 4346768 10626596 100754
is_linear=0
shrinkage=0.05


Tree=146
num_leaves=31
num_cat=7
split_feature=22 28 67 67 1 30 25 31 66 21 36 8 31 65 22 24 68 8 67 67 22 11 46 31 67 12 0 10 12 4
split_gain=10.8186 12.5838 12.5368 11.2171 15.8863 16.619 15.3579 12.1444 12.1269 10.9569 10.8524 9.98766 12.8591 17.5918 9.4954 9.41078 12.8252 13.5694 15.5494 14.7205 12.8899 17.5676 18.1321 16.3045 13.6051 12.8606 14.7707 12.1367 11.6941 15.5262
threshold=0.047406254855346171 2.3666666666666671 0 1 1.0000000180025095e-35 -1.0000000180025095e-35 0.084217562623135386 0.068819642549300966 0.085572520962898566 0.10943127963641111 0.51796403929944079 2 0.052634835523584035 3.3159106296547058 1.9076434590085467 0.086668872392931071 0.076850000000000016 3 4 5 0.36510219544456451 72.250000000000014 0.33988282705137329 0.06628749253879225 6 26.150000000000002 6.9350000000000014 31.250000000000004 27.850000000000005 40.82500000000001
decision_type=2 2 1 1 2 2 2 2 2 2 2 1 2 2 2 2 2 1 1 1 2 2 2 2 1 2 2 2 2 2
left_child=1 2 -1 6 5 -5 11 10 -8 14 -6 12 -3 -14 15 -2 20 18 27 -19 25 22 23 -22 -25 -17 -27 -18 29 -26
right_child=9 3 -4 4 7 -7 8 -9 -10 -11 -12 -13 13 -15 -16 16 17 19 -20 -21 21 -23 -24 24 28 26 -28 -29 -30 -31
leaf_value=-0.0079856052124716269 -0.000143107179690619 0.0012227721483386805 0.014743855243078099 0.0086858807641742881 -0.0096470046145020003 -0.076424462605408777 -0.064129167994120745 -0.05032127827815816 0.045546981130076276 0.029911830143362125 0.0017772479715579153 -0.0070651757043760314 0.052167779361120742 -0.073426741143885199 0.010255549649992575 -0.023082047210340427 0.03318023655327898 0.023243693065523659 -0.0042129102672982853 0.0043278954364859524 0.027476937350005826 -0.043717248781459273 -0.06442865095086707 0.018558032480979068 0.032467810412064119 0.034489011216471972 -0.041009696154264495 0.0037320576443527218 0.030628169714755623 -0.052063237792447641
leaf_weight=86.772560352634173 37307.554314839814 489.1273677872523 166.82337500865106 8.7389128231734521 759.69159559045511 16.689345598497312 2.7867911085486439 16.068755659274757 26.362942919600755 31.01835070407833 286.19196685311908 456.68174624488165 23.195138345938179 3.1690186001360408 232.74474725057371 142.4898251586128 36.849933763965964 98.525407559704036 1098.5339345051907 2666.6308925098274 78.624373181723058 18.504399575293064 8.256243125535546 28.946451865136623 6.6302025411278001 22.079898921772841 9.168292739428578 692.61756521137431 7.7995015755295745 30.063102778978646
leaf_count=3192 394755 26287 4279 520 53504 680 75 111 253 411 12136 23586 151 40 4319 1670 301 690 8804 21008 385 89 43 101 27 161 84 5782 35 137
internal_value=2.34943e-05 -0.00328469 0.00723304 -0.00456168 -0.00804487 -0.0471746 -0.000691877 -0.00718367 0.0350617 0.000205745 -0.00652091 -0.00177103 0.00299803 0.0370711 0.000184057 0.00012858 0.00217802 0.00288345 -0.000469301 0.00508321 -0.00701219 0.00241129 0.00773552 0.0116537 -0.00528682 -0.0167116 0.0123375 0.00514908 -0.0203886 -0.0367891
internal_weight=44859.3 2342.3 253.596 2088.7 1087.38 25.4283 1001.32 1061.95 29.1497 42517 1045.88 972.173 515.492 26.3642 42486 42253.3 4945.72 4593.16 1828 2765.16 352.562 178.824 160.32 152.064 73.4393 173.738 31.2482 729.467 44.4928 36.6933
internal_count=563616 124814 7471 117343 66951 1200 50392 65751 328 438802 65640 50064 26478 191 438391 434072 39317 36585 14887 21698 2732 817 728 685 300 1915 245 6083 199 164
cat_boundaries=0 1 2 3 4 5 6 7
cat_threshold=1137547 10062474 160534 116937 14889672 1 288952
is_linear=0
shrinkage=0.05


Tree=147
num_leaves=31
num_cat=9
split_feature=33 67 9 32 17 9 28 68 20 4 3 11 67 15 8 8 67 48 3 8 6 18 9 28 8 40 51 8 0 41
split_gain=9.33885 14.4408 14.6457 9.64649 9.51463 12.0196 8.94131 8.49863 13.8708 14.3423 14.2114 13.6551 13.429 18.3913 16.558 12.2936 12.4907 12.0647 11.6938 15.1286 13.6873 11.9827 13.8756 14.1531 13.2973 11.6856 12.2233 11.6014 10.9944 20.0421
threshold=5.8321356087242382 0 345.50000000000006 44.95000000000001 6.9150000000000009 622.50000000000011 2.4500000000000006 0.13565000000000002 19.550000000000004 10.050000000000002 3.2250000000000005 87.350000000000009 1 2 3 4 5 2.479396583924752 4.0050000000000008 6 45.475000000000009 45.300000000000004 423.50000000000006 4.916666666666667 7 -0.05000000000000026 0.066120218579234988 8 6.8950000000000005 0.064166666666666497
decision_type=2 1 2 2 2 2 2 2 2 2 2 2 1 1 1 1 1 2 2 1 2 2 2 2 1 2 2 1 2 2
left_child=7 2 -2 6 5 -4 -3 11 9 15 28 -1 13 14 -12 16 -9 -16 19 -15 -21 22 23 -20 -24 26 -17 -10 29 -11
right_child=1 3 4 -5 -6 -7 -8 8 27 10 12 -13 -14 18 17 25 -18 -19 21 20 -22 -23 24 -25 -26 -27 -28 -29 -30 -31
leaf_value=-0.00061952353842310891 -0.091800853935059823 -0.0079006478351182144 0.039537404395061732 0.014576605386199801 0.034841274402388656 -0.026886954199940791 0.062374942723701692 0.012871970096373173 -0.00021712886295066378 0.028591457983467586 -0.0059420046702583764 -0.067689975502889396 0.0011769547332600053 0.020916166677484718 0.001916174239323702 0.014934079903372578 -0.013825285298222864 0.012977174915439434 -0.011892375511715885 -0.0007696297656405917 -0.070389214338778469 -0.0082833358635624535 0.01085670697200896 0.023971536939737859 -0.0031245582796998674 -0.036196508180898757 -0.045659778912409119 0.0056760593155552527 -0.016827284108379411 -0.092976882163315344
leaf_weight=23847.830520668547 4.9563015699386588 5.655113676562908 8.5083171594887954 83.435740749817342 13.275793905369936 34.128009573556483 22.672869503498077 73.644732589047635 1313.193571467491 95.854987174738199 586.86167983198538 7.5911848917603484 11466.485053573153 89.829941017087549 1586.1540474535432 28.37711439980194 82.177027467871085 291.89575445046648 350.21967095695436 157.82739043387119 7.3904120763763776 1590.5923138089711 285.39192567486316 29.854008189868182 395.34162502083927 75.828813083295245 11.776976533466948 2308.014900320326 19.436219251947477 3.5146511056809677
leaf_count=390672 28 34 64 719 93 334 130 587 12027 596 4727 101 94401 534 12930 222 934 1491 2533 1019 63 12818 2182 209 3070 742 92 20046 172 36
internal_value=4.84535e-05 0.0116554 -0.00809456 0.0212358 -0.00212219 -0.0136316 0.0483458 3.63224e-06 0.000741044 0.000149789 0.000332437 -0.000640866 0.000210848 -0.00185029 0.00132561 -0.0112448 -0.00119225 0.00361608 -0.00453903 0.00567104 -0.00366215 -0.0055383 -0.00142234 -0.00907534 0.00285056 -0.0226911 -0.00283777 0.00355403 0.0175647 0.0242917
internal_weight=44877.7 172.632 60.8684 111.764 55.9121 42.6363 28.328 44705.1 20849.7 17228.5 16956.6 23855.4 16837.8 5371.36 2464.91 271.805 155.822 1878.05 2906.45 255.048 165.218 2651.4 1060.81 380.074 680.734 115.983 40.1541 3621.21 118.806 99.3696
internal_count=563606 1402 519 883 491 398 164 562204 171431 139358 136781 390773 135977 41576 19148 2577 1521 14421 22428 1616 1082 20812 7994 2742 5252 1056 314 32073 804 632
cat_boundaries=0 1 2 3 4 5 6 7 8 9
cat_threshold=2914370 1649158 419 17284 111196 5229076 84449 172559 102634
is_linear=0
shrinkage=0.05


Tree=148
num_leaves=31
num_cat=11
split_feature=40 8 67 57 8 67 25 67 61 8 58 41 67 29 45 67 67 9 68 30 22 19 71 30 33 67 32 68 6 67
split_gain=11.2878 11.6594 21.6876 12.2439 17.6319 14.0329 14.306 12.8537 11.6564 13.672 15.8241 14.3235 14.3212 16.8741 13.8423 13.3512 12.608 14.81 11.6568 12.5353 14.9159 11.6471 11.357 11.7321 11.2799 15.7927 12.3522 34.6222 16.9668 16.3116
threshold=1.0000000180025095e-35 0 1 -1.2071067811865472 2 3 0.08736133464859909 4 1.5000000000000002 5 -2.9142135623730945 0.10999999999999989 6 -0.215 0.081092740713103115 7 8 942.50000000000011 0.15315000000000004 0.029999999999999982 0.52342032118153825 22.900000000000002 0.60900718380486263 -0.077499999999999958 1.809540061758492 9 27.250000000000004 0.43924999999999997 29.445000000000004 10
decision_type=2 1 1 2 1 1 2 1 2 1 2 2 1 2 2 1 1 2 2 2 2 2 2 2 2 1 2 2 2 1
left_child=8 2 -2 4 7 6 -6 -3 9 12 11 18 13 -1 15 -12 17 -16 19 -11 -21 -15 -9 -24 26 -26 29 -28 -29 -10
right_child=1 3 -4 -5 5 -7 -8 22 24 10 14 -13 -14 21 16 -17 -18 -19 -20 20 -22 -23 23 -25 25 -27 27 28 -30 -31
leaf_value=-0.053033751699160206 0.0055897263281596346 0.0055798385970190038 -0.00038643857072954914 0.001304970934288961 -0.010128709139921716 -0.0026192262095979546 -0.048596917969778775 -0.0056938801618519391 -0.0028482432599462142 0.016675063814422221 0.0049173406566265458 -0.052260629241804579 -0.0091203945208341332 0.00047725075862017034 -0.033461310209838752 -0.0010864719200603847 0.025617372568262631 0.021792698817244622 0.030283354934575325 -0.0027502121585694403 -0.08752241145498442 0.020600530765277517 0.042256049812867777 0.0033797153621991632 -0.0054809523932706893 0.0029742302789748823 -0.0033398232591102875 -0.014728270612053122 0.052100716697703567 0.0014581202006577062
leaf_weight=13.573818720062262 3360.6413708528344 983.0361475188256 2767.7717660353228 8780.6495968638337 535.25176148580795 1821.535011004511 25.311741617508233 652.03444533769652 3763.9068188766396 129.90391125660972 1607.4233417377982 7.8436023245449169 538.46624341444112 502.71731320669642 24.722527315840125 2162.7491054275306 101.38508505211212 23.804412493482232 96.166995778912678 41.229268804687308 5.9360749721527091 83.906911926809698 23.773846912197769 105.63756099273451 665.17996371164918 3041.5269939959981 7704.8535521820013 12.304002443444913 41.63860877440311 5259.8204989648148
leaf_count=133 43683 12908 37214 118496 7590 23331 175 8767 43102 1424 17979 100 6051 5946 176 25039 723 152 683 632 36 778 172 1239 8499 33135 102386 85 212 63034
internal_value=0.000177179 0.00110032 0.00289448 0.000247332 -0.00199169 -0.00478604 -0.0116577 0.0017977 -0.000503878 0.00157676 0.00289071 0.0143574 -0.00326784 0.00204619 0.0020759 0.00148343 0.016976 -0.00527083 0.0162698 0.00865891 -0.0134194 0.00335555 -0.0029705 0.0105216 -0.00104613 0.00145016 -0.00159747 -0.00306035 0.0368574 -0.000339657
internal_weight=44884.7 19055.6 6128.41 12927.2 4146.58 2382.1 560.564 1764.48 25829.1 5339.83 4201.16 281.08 1138.66 600.198 3920.08 3770.17 149.912 48.5269 273.236 177.069 47.1653 586.624 781.446 129.411 20489.2 3706.71 16782.5 7758.8 53.9426 9023.73
internal_count=563880 253575 80897 172678 54182 31096 7765 23086 310305 59852 46944 2875 12908 6857 44069 43018 1051 328 2775 2092 668 6724 10178 1411 250453 41634 208819 102683 297 106136
cat_boundaries=0 1 2 3 4 5 6 7 8 9 10 11
cat_threshold=52034 4875761 69804 5310594 1580786 86336 448935 10589010 117083 4362368 2157161
is_linear=0
shrinkage=0.05


Tree=149
num_leaves=31
num_cat=7
split_feature=9 56 41 22 22 1 57 65 56 67 30 8 29 29 13 21 67 15 4 22 8 20 8 56 6 58 28 8 51 41
split_gain=9.87074 14.0381 12.2279 11.5905 11.4139 14.0455 10.5808 10.7018 10.3505 16.7811 13.475 18.2664 12.7013 10.7095 10.4752 10.3944 13.1202 12.7774 12.7606 13.1952 12.2391 12.1426 11.9213 14.5583 12.3999 11.8705 11.8106 11.9153 11.079 11.0763
threshold=365.50000000000006 0.90499999999999992 -0.078333333333332686 0.44831082245866843 0.11708466640864622 0.075000000000000025 4.5961940777125596 5.2570615728510477 -2.0549999999999993 0 -0.10749999999999996 1 0.009999999999999969 0.27500000000000008 0.16500000000000004 0.076585187553890807 2 3 9.3150000000000031 0.12013680282277432 4 19.100000000000005 5 -1.0499999999999994 22.945000000000004 -3.2677669529663684 3.2250000000000005 6 0.040408163265306128 0.090779352226720636
decision_type=2 2 2 2 2 2 2 2 2 1 2 1 2 2 2 2 1 1 2 2 1 2 1 2 2 2 2 1 2 2
left_child=1 8 3 -3 5 -2 7 -4 9 -1 14 12 -12 -13 -11 17 -17 21 19 -18 -20 26 23 -23 25 -24 27 -10 -22 -30
right_child=4 2 6 -5 -6 -7 -8 -9 15 10 11 13 -14 -15 -16 16 18 -19 20 -21 28 22 24 -25 -26 -27 -28 -29 29 -31
leaf_value=-0.023298071604834995 -0.0053057444525749882 -0.020249095661230052 0.012319625146458809 0.019510599458620961 6.398904417275092e-05 -0.00015591035564327702 -0.020914531176197439 -0.085134177648848022 -0.0094563057591151682 0.070523977431804483 0.036328642538021115 -0.020686265980467737 -0.017477258950455973 0.094535637487058677 -0.016599106470260014 0.0051088378740127031 0.0018700179596316644 0.0011867155442016981 -0.0029687640793873188 -0.031417662121403386 0.0064924382359406174 -0.012733140731084178 0.077252378054843723 0.014593335934210841 -0.0085640118515499745 0.0080133339136251036 -0.012921772526819159 0.0095341489761251001 -0.0020231221309665363 0.0099219867285942759
leaf_weight=104.62659506776254 2396.2472643247747 65.292605404567439 604.24013884680608 25.48401073878631 27344.546505070233 2958.8873234952916 25.658000333292875 2.830270755570381 168.30811904708389 11.651284420862796 39.540823127841577 86.286028123286087 15.178272205608662 2.0649587647058061 4.901542193023487 2641.2888994595705 56.935451789802755 2979.3616729347414 1261.9797109155916 62.397214817639906 1223.4069085196825 62.662477729376405 7.0879016281105569 219.36637474282179 350.18185981630813 48.876148398499936 538.24784605522291 143.97258108411916 1161.3580335667066 233.00405822665198
leaf_count=1526 79428 1234 11516 152 226605 97280 539 26 1833 75 371 1180 289 13 64 39553 10976 30977 14860 822 14334 723 35 2248 3514 461 6168 1516 13015 2625
internal_value=0.000102692 0.00131982 0.00807393 -0.00908723 -0.000349405 -0.00246029 0.010536 0.0118653 0.000892016 -0.00888849 0.00189715 -0.00292538 0.0180965 -0.0161638 0.0447255 0.00112363 0.00238241 -0.000726435 0.000567481 -0.0155356 0.00106424 -0.00440988 0.00049937 0.00823 -0.00494957 0.0167825 -0.00843388 -0.000698534 0.00300833 -2.70417e-05
internal_weight=44845.9 12146.2 723.505 90.7766 32699.7 5355.13 632.728 607.07 11422.7 264.25 159.623 143.07 54.7191 88.351 16.5528 11158.4 6640.37 4518.06 3999.08 119.333 3879.75 1538.7 688.175 282.029 406.146 55.9641 850.529 312.281 2617.77 1394.36
internal_count=563958 160645 13467 1386 403313 176708 12081 11542 147178 3518 1992 1853 660 1193 139 143660 96185 47475 56632 11798 44834 16498 6981 2971 4010 496 9517 3349 29974 15640
cat_boundaries=0 1 2 3 4 5 6 7
cat_threshold=10967140 103938 3029633 88 37832 156069 93832
is_linear=0
shrinkage=0.05


Tree=150
num_leaves=31
num_cat=9
split_feature=33 67 55 22 28 8 8 3 0 26 32 2 64 8 68 67 69 48 24 67 71 9 67 29 8 21 21 17 46 67
split_gain=10.8958 15.6538 10.6186 9.97673 22.8177 14.8706 11.773 13.5305 10.905 9.16233 9.86779 9.06819 16.9427 15.3828 14.3522 16.1472 11.2122 14.2654 25.4279 14.7898 15.9416 14.3974 14.1361 14.0332 13.2312 12.2085 15.9623 11.6808 18.0232 18.8671
threshold=5.8321356087242382 0 -0.4166666666666678 0.025869158525698096 3.6333333333333337 1 2 7.4350000000000014 6.745000000000001 0.0090347841229416314 44.95000000000001 4.5000000000000009 1.3000000000000007 3 0.088900000000000021 4 2.5000000000000004 1.0677987742594486 0.048441044245216613 5 -0.71571793273879603 84.500000000000014 6 0.16500000000000006 7 0.080042286330269524 0.086717075740774766 5.4350000000000014 0.23120844017558348 8
decision_type=2 1 2 2 2 1 1 2 2 2 2 2 2 1 2 1 2 2 2 1 2 2 1 2 1 2 2 2 2 1
left_child=3 2 -2 4 6 -6 8 -8 -1 -3 -11 12 13 -5 15 -13 -14 19 22 20 -18 -21 -19 -22 27 -25 -27 28 29 -23
right_child=1 9 -4 11 5 -7 7 -9 -10 10 -12 14 16 -15 -16 -17 17 18 -20 21 23 24 -24 25 -26 26 -28 -29 -30 -31
leaf_value=0.015471117959618585 0.015847985619570133 -0.073383555358736863 -0.040572707419222837 -0.020084135319992518 -0.024198080650096918 -0.0054190018353139462 -0.0076416649522592639 0.034806165180363086 0.00044292708612243218 0.049718166381000239 0.015996313893630463 -0.005022033653719264 0.00086130460515705925 -0.0034897332543033103 0.011053433896303288 0.0023939579728090052 -0.013989640861316807 0.0024454477402987042 0.040420587139532019 0.05828058310161021 -0.0026971916225819103 0.0021250138644537801 -0.0069623378490214841 0.019163284631560983 -0.0007658155771899731 -0.045353738744976967 0.048703555438496499 0.0039181242327467397 0.02174740653435862 -0.011754108794842774
leaf_weight=166.61407939181663 13.392302944324909 2.4965865015983573 22.102338246069849 177.29273376960191 180.06032189498364 282.12528490622935 469.83149734852486 19.554805033607408 438.16768340706767 27.729141229763627 99.672900557983667 868.32309645268833 16315.772713682905 607.04891836972092 395.6402107681206 4475.9989167171734 304.25080619426444 501.77833889529575 31.153026706539094 10.739254050888119 3868.558106649667 570.6658708488103 1930.8690482260427 124.9548676344566 8861.0718246316537 16.989471773616973 6.1413292773067942 3545.5649032378569 73.972171556204557 417.91854121210054
leaf_count=3819 139 26 202 4688 12310 18773 16038 240 15195 184 832 24410 157607 15403 6492 104291 2882 5904 127 75 34099 5237 20472 1045 78015 145 36 30718 555 3969
internal_value=-8.04865e-05 0.0127292 -0.015046 -0.000127925 -0.00406078 -0.0133758 -0.000126018 -0.00582649 0.00450856 0.0199418 0.0233359 1.40764e-05 -0.000270168 -0.00754129 0.00186439 0.00118412 -0.000114263 -0.000899728 -0.00446555 -0.000406184 -0.002948 0.00041046 -0.00504038 -0.00211897 0.000364623 0.0129865 -0.0203811 0.00253453 -0.00205841 -0.00383971
internal_weight=44826.5 165.393 35.4946 44661.1 1556.35 462.186 1094.17 489.386 604.782 129.899 127.402 43104.7 37364.7 784.342 5739.96 5344.32 36580.4 20264.6 2463.8 17800.8 4320.89 13479.9 2432.65 4016.64 13469.2 148.086 23.1308 4608.12 1062.56 988.584
internal_count=563928 1383 341 562545 66375 31083 35292 16278 19014 1042 1016 496170 360977 20091 135193 128701 340886 183279 26503 156776 38207 118569 26376 35325 118494 1226 181 40479 9761 9206
cat_boundaries=0 1 2 3 4 5 6 7 8 9
cat_threshold=3692544 197801 198460 39256 10879488 8392789 10617040 186642 6352386
is_linear=0
shrinkage=0.05


Tree=151
num_leaves=31
num_cat=8
split_feature=40 56 67 17 1 8 41 9 67 9 8 17 20 35 67 15 33 5 50 67 30 67 22 18 26 20 11 26 1 32
split_gain=9.20955 15.0753 15.4309 11.7609 10.7213 10.6936 14.8243 14.1533 13.3136 14.2515 19.0528 13.0394 14.9255 14.4061 12.9026 16.3187 14.8482 15.3636 12.7184 11.6823 11.4039 11.3369 11.147 11.057 14.1549 10.5605 14.4689 15.1673 15.0028 11.8215
threshold=-0.029999999999999801 1.2050000000000005 0 7.1650000000000009 1.0000000180025095e-35 1 -0.076999999999999499 1448.5000000000002 2 557.50000000000011 3 5.0950000000000006 8.9500000000000011 0.038333333333333559 4 5 2.0133739837398381 11.190000000000001 105.00000000000001 6 0.40250000000000008 7 0.41527575646646758 13.350000000000003 0.12128982128982131 18.900000000000002 39.850000000000001 0.016802017559543417 0.015000000000000001 68.350000000000009
decision_type=2 2 1 2 2 1 2 2 1 2 1 2 2 2 1 1 2 2 2 1 2 1 2 2 2 2 2 2 2 2
left_child=1 5 -3 -2 -5 7 14 21 9 11 -11 12 -8 -13 23 25 17 18 -17 -18 -10 -1 -20 24 -7 26 -16 -28 -29 -30
right_child=3 2 -4 4 -6 6 8 -9 20 10 -12 13 -14 -15 15 16 19 -19 22 -21 -22 -23 -24 -25 -26 -27 27 28 29 -31
leaf_value=-0.00047583947889323278 0.00033807701281620979 0.012163714895504975 -0.00070158312641638645 -0.035674587211518137 0.0067043674045042679 0.0032581322680890982 0.014764516918854659 -0.017991188544544099 -0.0036999411746322024 0.0064004725154170328 -0.005371609609975017 0.012250228004785396 -0.0023676497803206504 -0.028437660550915723 -0.043276932740120372 -0.011071236346232877 0.019668097846263735 -0.004778189059539386 0.0091562236294031665 -0.0029285358341925379 -0.090549434624419542 -0.0049449164698896755 0.060673948968980124 0.013025711400023982 -0.048822060153012832 0.019736360527764705 0.013986256335888037 0.048254905453861907 -0.04281408882323845 0.021885241903446345
leaf_weight=2969.1983607635339 27704.364233020133 419.35396360811137 515.35010027464887 15.168520098319275 926.04085092386231 315.68180686827691 154.57383832172491 153.88309979625046 3356.2143984083159 458.33760248334147 1292.1911608175724 520.11411533399951 716.00264584326942 22.704568519955501 15.754697976779424 21.300704182300251 123.89245898532681 1315.7301995401504 19.901817596401088 101.8813170355279 3.7839904571883372 2724.9206891083668 22.226117679849267 475.43778145883698 13.609222066588698 160.26362559094559 158.28264004830271 7.3510026345029464 33.37900387076661 8.9540060083381814
leaf_count=36455 367443 5222 6345 170 9220 5158 815 1901 38519 5521 15465 4779 10624 297 647 259 1107 13607 274 995 42 30848 100 4300 119 1426 1238 56 283 110
internal_value=-1.29611e-05 -0.000969769 0.00519305 0.000524814 0.00602139 -0.0013496 -0.000295618 -0.00302323 -0.00160102 0.00072955 -0.00228347 0.00446642 0.000674225 0.0105484 0.00275178 0.000565545 -0.00166329 -0.0036195 0.0204158 0.0102127 -0.00378648 -0.00262404 0.0363363 0.0080481 0.00110572 0.00968712 0.0029213 0.00642109 -0.0176799 -0.0291293
internal_weight=44745.8 16100.3 934.704 28645.6 941.209 15165.6 9317.57 5848 6523.92 3163.92 1750.53 1413.4 870.576 542.819 2793.65 1988.92 1604.93 1379.16 63.4286 225.774 3360 5694.12 42.1279 804.729 329.291 383.985 223.721 207.967 49.684 42.333
internal_count=563345 186512 11567 376833 9390 174945 105741 69204 76062 37501 20986 16515 11439 5076 29679 20102 16342 14240 633 2102 38561 67303 374 9577 5277 3760 2334 1687 449 393
cat_boundaries=0 1 2 3 4 5 6 7 8
cat_threshold=9629809 230244 5168456 4240 15307296 136 279691 9852400
is_linear=0
shrinkage=0.05


Tree=152
num_leaves=31
num_cat=8
split_feature=56 67 35 22 10 57 9 70 17 8 27 67 65 67 8 36 31 6 68 41 32 34 8 61 6 37 8 5 67 21
split_gain=10.7222 13.9041 10.7861 10.6727 10.3264 11.7472 10.1424 15.0528 11.4849 16.3739 17.0065 13.2704 10.2466 18.0088 11.9157 10.4954 9.75375 9.91141 12.5205 9.71954 12.2756 12.9614 12.5979 16.6041 10.133 9.57952 14.4254 14.3267 13.3889 11.7449
threshold=-1.9099999999999997 0 -0.10499999999999908 1.6777501848701686 26.150000000000002 0.35355339059327406 634.50000000000011 4.0050000000000008 4.7550000000000008 1 0.36427424065420566 2 10.228962140308775 3 4 -1.2592582796504048 0.035622986546822381 36.345000000000006 0.11260000000000002 0.050000000000000273 61.650000000000013 0.11999999999999968 5 3.5000000000000004 31.675000000000004 5.5000000000000009 6 8.7600000000000016 7 0.070591411764668668
decision_type=2 1 2 2 2 2 2 2 2 1 2 1 2 1 1 2 2 2 2 2 2 2 1 2 2 2 1 2 1 2
left_child=1 16 -3 6 5 -4 -2 -8 9 10 -9 -11 25 14 -14 -16 -1 18 -18 20 21 -15 -22 -24 -25 29 27 -27 -29 -10
right_child=3 2 4 -5 -6 -7 7 8 12 11 -12 -13 13 19 15 -17 17 -19 -20 -21 22 -23 23 24 -26 26 -28 28 -30 -31
leaf_value=-0.0044235903965978559 0.00058771790694314783 0.040306089796791955 -0.016730372516645772 0.0075293193396466845 -0.023285163228231862 0.032039856284670883 -0.024844674452149454 -0.0011907623622501896 -0.0016097370328528871 -0.015384224477732836 0.027655185565384318 -0.003654667838150326 0.0097652390473986425 0.043836058881370515 0.021695773966068449 -0.028071399279815792 -0.048538891555478372 0.042224870888755706 0.018778355391125223 -0.0025493074904524549 0.019107265059331812 -0.017389645355021622 -0.059324070737746731 -0.060754478307613526 0.046238272655553199 -0.025225159677896566 -0.0071753670665110738 -0.0047188333235590636 0.0066092255253294048 0.00092021052660987048
leaf_weight=195.35993129803683 20890.787344903394 8.2198755945428257 32.607116248778766 450.10428061662242 192.40647688717581 19.871671289933147 65.639171333285049 664.55676644988125 8903.8004650227958 437.84184282584465 55.351814473979175 569.07820785112563 58.531937439925969 70.412487204186618 12.512468906585125 69.090080379974097 9.2792915124446136 25.540171453729272 27.021736530121416 53.874529992230237 79.863828171975911 9.8538684174418432 14.392790672369303 2.9226568089798084 9.112860822118817 51.250122064491734 1309.9015319694881 443.24692060012603 607.35455512435874 9462.8102744474309
leaf_count=3057 259686 61 965 8577 1815 583 1527 14450 96475 9793 236 12849 387 279 100 501 79 155 183 356 519 62 142 29 68 964 22256 7637 9652 110451
internal_value=-0.000213782 -0.00742004 -0.0154225 -0.000130756 -0.0179229 0.00173701 -0.000209398 -0.000934948 -0.000866372 -0.00478716 0.00101305 -0.00885619 -0.000546387 0.00758384 -0.00665241 -0.018209 0.00101517 0.0183607 0.00157068 0.0155128 0.0215603 0.0363197 0.0104148 -0.0167463 0.0202566 -0.000695297 -0.00365797 0.000583393 0.00184793 -0.000306262
internal_weight=44802.6 510.306 253.105 44292.3 244.885 52.4788 43842.2 22951.4 22885.8 1726.83 719.909 1006.92 21158.9 380.568 140.134 81.6025 257.201 61.8412 36.301 240.433 186.558 80.2664 106.292 26.4283 12.0355 20778.4 2411.75 1101.85 1050.6 18366.6
internal_count=563894 6898 3424 556996 3363 1548 548419 288733 287206 37328 14686 22642 249878 2443 988 601 3474 417 262 1455 1099 341 758 239 97 247435 40509 18253 17289 206926
cat_boundaries=0 1 2 3 4 5 6 7 8
cat_threshold=10069432 72275 601454 5379521 83106 157842 166959 8963538
is_linear=0
shrinkage=0.05


Tree=153
num_leaves=31
num_cat=9
split_feature=22 11 67 68 44 12 67 15 22 8 66 67 18 41 5 56 8 51 41 27 51 9 65 8 67 22 67 5 48 9
split_gain=10.8772 10.7223 14.1369 13.2902 13.1623 13.0794 34.9393 15.1313 17.6989 14.2491 16.5846 14.9254 14.1955 14.9651 13.0149 12.9929 14.6942 14.4314 15.1401 12.4762 20.377 12.8788 12.5363 12.6538 18.8907 15.403 15.277 14.9592 14.2819 14.2259
threshold=0.25535429025034145 71.550000000000011 0 0.094050000000000009 0.45514584825748722 27.850000000000005 1 2 0.42340083801104816 3 0.38152670365743252 4 18.800000000000001 0.035000000000000593 22.895000000000003 0.82499999999999984 5 0.19397993311036793 -0.014090909090909152 0.47523155737026335 0.059411764705882358 1548.5000000000002 13.971631205673761 6 7 0.37219758829418187 8 37.965000000000011 2.805451665987444 562.50000000000011
decision_type=2 2 1 2 2 2 1 1 2 1 2 1 2 2 2 2 1 2 2 2 2 2 2 1 1 2 1 2 2 2
left_child=-1 5 -3 -4 19 9 15 -8 -9 10 12 -11 -2 -14 -10 17 -17 -7 -19 22 -21 -22 23 24 -5 26 -25 28 -28 -29
right_child=1 2 3 4 -6 6 7 8 14 11 -12 -13 13 -15 -16 16 -18 18 -20 20 21 -23 -24 25 -26 -27 27 29 -30 -31
leaf_value=-0.00088621425102878475 0.0023603217878479911 0.0021647372979935078 -0.023419068878652236 -0.0019892533049283945 0.022478837309007651 -0.0028194359978459013 0.012718007968937215 0.013643877081940035 -0.017748784740809223 0.0018648318485593941 0.0097626796454923868 -0.0021053351563771762 -0.014026344586470622 0.010643167827934306 0.0023063011463868694 -0.0094993298089964383 0.022966320827362611 -0.079898915867850612 -0.014684713986327196 0.0025463893990285091 -0.0062443787525833386 -0.038820145128082933 0.051516779949933804 0.020982625667681269 -0.014966816606450373 -0.0039501833422596055 -0.0013557231081287916 0.031817901488173018 0.050450906162524858 -0.052003776177458674
leaf_weight=17161.014992032528 5104.7997021880001 2759.2695217171567 72.808871968649328 554.9168071327731 54.741231815889478 1120.3923995951191 981.45739537384361 337.13691025972366 92.00491882301867 4084.188903757371 722.67054436681792 5603.6876263302984 259.7231310470961 80.537826975341886 670.03074914962053 50.054166493006051 88.652699632570148 11.855056040920315 35.702968276571482 2121.1780803764705 542.97483290999662 32.136532074538991 9.969638738781212 124.87195943389088 583.52143156598322 1451.0700225590263 99.7368218107149 6.4415446668863323 15.350718464702366 23.632213154807687
leaf_count=379499 30936 25146 404 3288 290 4952 4435 1356 462 23179 3857 33786 1216 360 3218 237 350 51 134 27033 6647 366 41 603 3427 8297 469 30 57 131
internal_value=0.000102907 0.000715797 -0.000768599 -0.00219019 -0.00191908 0.00136783 0.00418812 0.00818965 0.00406805 0.000765323 0.00264148 -0.000431406 0.00170121 -0.00818721 -0.000115064 -0.00222925 0.0122216 -0.00396453 -0.030941 -0.00215905 0.000283078 -0.00806467 -0.00445375 -0.00464888 -0.00871348 -0.00189867 0.00905519 -0.00247978 0.0055544 -0.0340499
internal_weight=44856.5 27695.5 8452.62 5693.35 5620.54 19242.9 3387.29 2080.63 1099.17 15855.6 6167.73 9687.88 5445.06 340.261 762.036 1306.66 138.707 1167.95 47.558 5565.8 2696.29 575.111 2869.51 2859.54 1138.44 1721.1 270.033 145.161 115.088 30.0738
internal_count=564257 184758 76229 51083 50679 108529 15195 9471 5036 93334 36369 56965 32512 1576 3680 5724 587 5137 185 50389 34046 7013 16343 16302 6715 9587 1290 687 526 161
cat_boundaries=0 1 2 3 4 5 6 7 8 9
cat_threshold=10536708 1107463 165 181042 5611659 205492 209792 5113960 211120
is_linear=0
shrinkage=0.05


Tree=154
num_leaves=31
num_cat=8
split_feature=46 8 21 6 67 55 9 56 67 27 4 8 21 40 8 67 67 27 64 4 29 41 55 34 67 70 68 56 18 68
split_gain=12.2915 14.5538 14.0226 15.2325 19.4134 17.1575 13.104 13.7555 13.6978 17.7509 15.1812 12.255 13.4266 14.9115 18.6517 18.8015 13.9838 12.4151 13.2112 12.1969 12.1494 11.5496 11.707 11.3983 11.2308 14.0662 11.1894 11.5983 15.9177 14.7415
threshold=0.31132741158890925 0 0.068125115011383977 38.205000000000005 1 1.0000000180025095e-35 679.50000000000011 -0.84500000000000008 2 0.43451693769172417 25.295000000000005 3 0.085462984317732846 0.050000000000000273 4 5 6 0.4050355854538365 15.565000000000003 31.335000000000004 -0.20499999999999993 -0.014090909090909152 -0.4166666666666678 0.14999999999999994 7 27.500000000000004 0.083900000000000016 -1.2550000000000001 14.700000000000001 0.091450000000000017
decision_type=2 1 2 2 1 2 2 2 1 2 2 1 2 2 1 1 1 2 2 2 2 2 2 2 1 2 2 2 2 2
left_child=6 -2 24 4 21 -5 7 8 9 10 -1 -10 13 14 16 17 -13 18 -16 -12 -21 22 -4 -11 25 -3 -18 28 29 -28
right_child=1 2 3 5 -6 -7 -8 -9 11 23 19 12 -14 -15 15 -17 26 -19 -20 20 -22 -23 -24 -25 -26 -27 27 -29 -30 -31
leaf_value=0.022464266747701717 -0.0027684918011330298 0.018445198807781921 -0.0064488725828245261 0.010650265267608077 0.0040262217127066628 -0.020806327323481918 -0.0011245142063225396 0.0014010918909495333 -0.0072128426867927604 -0.011605325876820735 -0.012110749399539563 0.0093090289849006146 0.0059121750173445212 0.00397400734978614 -0.01541642747064822 -0.0038327560141238406 0.0090175263979567401 0.0015646095001299613 -0.0383383331164312 0.038737183779758544 0.0044582257417783112 0.030380405397509892 0.025157136037057094 -0.10084615530064307 -0.0050889334213336593 -0.0057547602134604388 -0.023151450918358896 -0.010637893968793423 -0.010657558962844108 0.014660476925493366
leaf_weight=118.60264803019527 579.98793900175951 153.70426074974239 53.310315705370158 112.43744689924642 258.41956565133296 70.545793038327247 20342.488094069442 16160.092731931232 1066.7807142949605 122.90870924189221 110.66518649592763 316.2813259299437 569.55676995475369 734.46895922903786 321.65469936892623 985.74188639604836 171.09423253132263 81.054802643600851 78.129587635397911 26.701686940621585 809.26274924667086 214.35509457415901 65.048383125802502 3.6853971066884688 334.29663992626593 98.54380649048835 29.621328902896494 436.23307219386334 164.31064944062382 198.58428867440671
leaf_count=2385 4789 1224 393 831 2150 650 264238 206746 14283 1514 1785 3531 8101 8968 4665 11015 3470 883 482 211 7961 1743 504 31 2704 772 325 4299 1608 1684
internal_value=-2.85315e-05 0.00386354 0.00666186 0.0111291 0.0150314 -0.00147724 -0.000204809 0.000626505 -0.00134619 0.00346827 0.00560094 -0.00246155 -0.00120672 -0.00236296 -0.00403554 -0.00788561 0.000312204 -0.0159468 -0.019896 0.00348815 0.00555314 0.0227736 0.0109214 -0.0142033 0.00087957 0.00864834 -0.00259777 -0.00502708 0.00120865 0.00975245
internal_weight=44788.6 1940.65 1360.66 774.117 591.133 182.983 42847.9 22505.4 6345.34 1191.83 1065.23 5153.51 4086.73 3517.17 2782.71 1466.58 1316.12 480.839 399.784 946.63 835.964 332.714 118.359 126.594 586.545 252.248 999.844 828.749 392.516 228.206
internal_count=563945 15760 10971 6271 4790 1481 548185 283947 77201 13887 12342 63314 49031 40930 31962 17045 14917 6030 5147 9957 8172 2640 897 1545 4700 1996 11386 7916 3617 2009
cat_boundaries=0 1 2 3 4 5 6 7 8
cat_threshold=231433 9433380 1048728 57344 133526 6968384 2641922 8152146
is_linear=0
shrinkage=0.05


Tree=155
num_leaves=31
num_cat=3
split_feature=26 8 65 9 55 56 29 34 9 31 18 44 19 63 35 19 24 24 9 0 28 56 56 15 6 0 66 41 35 8
split_gain=9.6826 20.1713 15.2724 9.9756 12.4591 10.3522 10.5785 10.3153 10.1683 10.0838 18.22 14.7814 9.90789 12.844 13.1972 12.1833 12.2745 10.2321 9.86365 23.8724 19.4691 13.5263 13.0778 12.8044 12.6512 12.2438 12.0223 11.5103 11.5053 19.7302
threshold=0.10836247086247087 0 0.1636661613572391 1134.5000000000002 1.7500000000000002 -0.64499999999999991 0.27500000000000008 0.22000000000000022 934.50000000000011 0.09205686851165136 10.200000000000001 0.75043252595155729 17.350000000000005 -2.4999999999999996 0.024999999999999915 18.350000000000005 0.10095825899884565 0.12112789338321255 516.50000000000011 6.995000000000001 4.366666666666668 -0.42500000000000021 -0.14000000000000032 1 17.035000000000004 6.8650000000000011 0.07004100697705623 0.12235294117647079 -0.023333333333332981 2
decision_type=2 1 2 2 2 2 2 2 2 2 2 2 2 2 2 2 2 2 2 2 2 2 2 1 2 2 2 2 2 1
left_child=3 2 -2 5 -5 9 -7 -6 -8 11 -11 12 -1 17 -15 -16 -17 -14 19 20 23 27 -22 24 -3 -26 -27 28 29 -20
right_child=1 18 -4 4 7 6 8 -9 -10 10 -12 -13 13 14 15 16 -18 -19 21 -21 22 -23 -24 -25 25 26 -28 -29 -30 -31
leaf_value=0.00078378920891324891 0.049877775899196709 -0.046265291679761442 0.0059698135116151539 -0.0009789272978448589 -0.006337605471105897 0.00076456155611148875 -0.0071466168714141506 -0.055724314576320967 -0.043931419172204771 -0.060153400165705688 0.028259395198746665 -0.041701890985123266 0.0048642779143308959 -0.0023963961681350305 -0.024569198941531336 -0.0084639974626076284 0.02754417589089371 -0.062434594911002152 -0.016797274220503037 0.037003793565843282 -0.044442063687680854 0.0002010436761365015 0.012025693561739612 0.0088240075294357141 -0.0085382972092795401 0.050648412565588885 0.0017084504928603151 0.022025898402690584 -0.016326806560115686 0.01324195932348974
leaf_weight=3632.4660419747088 20.03345868177712 17.392796108499169 1731.3415872780606 4798.1732839531614 1125.6668265920598 23975.80613046002 118.08573042291391 10.673304946394635 22.340976728824899 6.5159861333668223 55.124332090839744 22.668876338750124 621.45163718954427 4764.2588317604095 117.55267834261758 504.1624796326505 24.832609308883548 5.6997269829735151 93.636879528872669 52.590388296172023 35.332489175256342 1764.6714058471844 14.445689190644769 491.62189355073497 175.69612472504377 18.99320213496685 36.984180124709383 28.737802674993873 321.76317077688873 105.7746347784996
leaf_count=62917 195 125 12931 62240 16364 319787 2627 272 431 28 219 189 6892 45460 1435 6752 213 59 649 349 312 14320 92 3347 1228 139 255 182 2524 752
internal_value=5.55464e-05 0.0021507 0.00643532 -0.000202839 -0.00209383 0.000128481 0.000684418 -0.00680148 -0.0129988 -0.00124594 0.0189133 -0.00137414 -0.0012796 -0.00252095 -0.00330606 -0.0100092 -0.00677367 0.00425265 -0.000245351 0.00438424 0.00221403 -0.00193268 -0.0280551 0.00424828 -0.00493954 -0.00205023 0.0183138 -0.0087798 -0.0104784 -0.00104174
internal_weight=44714.5 4909.02 1751.38 39805.5 5934.51 33871 24116.2 1136.34 140.427 9754.73 61.6403 9693.09 9670.42 6037.96 5410.81 646.548 528.995 627.151 3157.64 843.057 790.466 2314.58 49.7782 740.688 249.066 231.674 55.9774 549.912 521.175 199.412
internal_count=563285 37400 13126 525885 78876 447009 322845 16636 3058 124164 247 123917 123728 60811 53860 8400 6965 6951 24274 5847 5498 18427 404 5094 1747 1622 394 4107 3925 1401
cat_boundaries=0 1 2 3
cat_threshold=53429 56 3594
is_linear=0
shrinkage=0.05


Tree=156
num_leaves=31
num_cat=8
split_feature=71 67 8 3 60 21 15 33 26 34 67 67 17 40 29 56 14 10 1 56 46 8 56 67 67 3 66 5 1 36
split_gain=11.1348 11.0692 12.5962 13.6841 21.2851 12.7426 11.9049 11.9293 13.8367 11.6719 15.5745 12.9164 12.6888 11.6197 10.9182 12.9584 15.0519 10.7122 10.5485 11.412 10.5075 12.6936 12.8041 17.7036 12.3456 14.2221 14.1324 11.8314 11.8103 15.4199
threshold=-0.39099281619513743 0 1 6.2250000000000005 -0.0099999999999999933 0.071211673716734938 2 2.1185847202801207 0.041790418530267222 0.050000000000000273 3 4 6.4750000000000005 -0.039999999999999584 -1.0000000180025095e-35 0.10000000000000032 7.5000000000000009 54.250000000000007 0.055000000000000007 0.2900000000000002 0.31132741158890925 5 -0.82999999999999974 6 7 5.5950000000000006 0.21001803818032938 46.685000000000009 0.18500000000000003 -1.1945462064187458
decision_type=2 1 1 2 2 2 1 2 2 2 1 1 2 2 2 2 2 2 2 2 2 1 2 1 1 2 2 2 2 2
left_child=1 -1 6 -4 17 -6 -3 9 18 10 12 -11 -8 -7 -13 16 -16 -5 19 -9 28 27 24 -24 26 -26 -23 -22 -2 -30
right_child=20 2 3 4 5 13 7 8 -10 11 -12 14 -14 -15 15 -17 -18 -19 -20 -21 21 22 23 -25 25 -27 -28 -29 29 -31
leaf_value=0.00080227481235770667 -0.00021289849996687302 -0.0051712696382398933 -0.0042823572035306156 -0.047089674942052163 -0.024423559188329596 -0.02297829302834066 0.0086264795295261185 -0.019565125330208037 -0.01700121692870744 -0.016021769753465309 -0.0014979364365716237 -0.010736664623478392 0.039423069037725654 0.029224131753356215 -0.01118816556231615 0.0096816876216618344 0.056851769512857253 0.050566557429360615 0.026417431852852877 0.022157909372104337 0.013567463238743388 0.022350616217938928 -0.0067168905021734483 0.0079693484622812699 0.035753185757867394 -0.023044518588736726 -0.024673630164496439 -0.019352847679113955 -0.0076093452747232658 0.0032841804418198327
leaf_weight=3206.5345511403575 28965.999812312999 920.42819080171466 3025.079242865897 58.426421203184873 42.659333875169978 15.528051401488481 394.41807747421262 32.292875921353698 33.589665042702109 167.9243031781225 577.46716316172387 194.55539630939893 36.545860844664276 34.002036955673248 159.2825489314564 295.39147799604689 8.565458744807982 2.9499281607568255 123.66802454378922 33.277438661782071 428.23790795169771 52.208566549234092 277.76877583726309 722.28128631901927 11.145509793423114 133.12817096477374 23.023619122803211 29.150674561038613 350.79335454691318 4392.5941140890354
leaf_count=49999 345382 14252 49090 458 565 162 5457 397 370 3892 7696 4868 312 332 3061 4937 60 14 1638 443 3420 407 2339 5833 72 1048 171 204 6549 49969
internal_value=-4.76979e-05 -0.00158104 -0.00281918 -0.00500576 -0.0195821 -0.00439336 -0.000475861 0.00164003 0.0125723 0.00032082 0.00393007 -0.00408707 0.0109832 0.0128583 -0.000784831 0.00337789 -0.00771602 -0.042396 0.0178216 0.00160964 0.000357998 0.00422094 0.00149023 0.0039027 -0.00943287 -0.0173029 0.00702572 0.011224 0.000165828 0.00247856
internal_weight=44748.9 9362.59 6156.05 3178.65 153.566 92.1894 2977.41 2056.98 222.828 1834.15 1008.43 825.719 430.964 49.5301 657.795 463.239 167.848 61.3763 189.238 65.5703 35386.3 1676.94 1219.56 1000.05 219.506 144.274 75.2322 457.389 33709.4 4743.39
internal_count=563397 148003 98004 50621 1531 1059 47383 33131 2848 30283 13465 16818 5769 494 12926 8058 3121 472 2478 840 415394 13494 9870 8172 1698 1120 578 3624 401900 56518
cat_boundaries=0 1 2 3 4 5 6 7 8
cat_threshold=6897713 122434 137 8790656 8523904 24614 10815000 11617920
is_linear=0
shrinkage=0.05


Tree=157
num_leaves=31
num_cat=4
split_feature=5 22 1 3 35 71 8 9 17 17 1 8 18 22 24 1 8 30 17 5 9 8 21 0 0 9 25 29 55 45
split_gain=12.8739 13.6794 13.3765 12.5072 12.2585 12.2412 12.126 12.07 12.5903 11.824 11.7432 13.7316 11.7297 11.4076 11.2863 10.3726 14.4485 11.3934 11.3539 11.94 11.4377 12.4389 12.1541 10.6666 10.4968 11.9584 14.4793 11.9377 11.2708 11.3143
threshold=40.040000000000006 0.022086928362386311 1.0000000180025095e-35 5.8350000000000009 -0.083333333333332579 0.30900718380486275 0 516.50000000000011 5.2650000000000006 7.2650000000000006 0.37500000000000006 1 14.100000000000003 0.32793082086204911 0.050670229281108196 0.03500000000000001 2 -0.15249999999999994 3.9350000000000005 22.895000000000003 1327.5000000000002 3 0.079784986334177715 6.6050000000000013 6.705000000000001 622.50000000000011 0.08581905777992499 -0.22499999999999995 -2.7499999999999996 0.11521688721049642
decision_type=2 2 2 2 2 2 1 2 2 2 2 1 2 2 2 2 1 2 2 2 2 1 2 2 2 2 2 2 2 2
left_child=1 2 -1 4 12 15 7 -2 13 -8 -7 14 -4 -9 -12 18 -17 -18 19 -3 21 22 -20 -21 25 26 -23 -26 -29 -30
right_child=6 5 3 -5 -6 10 9 8 -10 -11 11 -13 -14 -15 -16 16 17 -19 20 23 -22 24 -24 -25 27 -27 -28 28 29 -31
leaf_value=-0.025779321003018357 0.0086311615162566729 -0.032041786510872992 0.05593326049423774 0.002508002679717096 -0.0096268447251152325 0.0012227607543839046 0.00011027645200699694 0.0010047015290873698 0.0040981825846481334 0.012562324667600362 -0.01753674609129038 -0.029877648106815497 -0.0093250955547890865 -0.017413108595348139 0.02969036849112074 -0.0019979946225941541 0.013362005965436088 0.00068366194305343657 -0.00062478939154424499 -0.066410301416031089 -0.010957231602759082 -0.02347932622502584 0.0088790294056090673 -0.0060098822977585594 -0.025447639955351889 -0.0024622931345507975 0.040974410673065183 -0.016473889381457513 -0.0013093055470757512 0.042251434882631209
leaf_weight=77.084552644068026 1074.7955360836058 58.173205265018623 14.239262704402792 427.10816757165594 685.35204894147319 11757.785924789234 6088.6269702020873 201.98292533319909 1269.151494197431 196.80622278852388 25.301127230515704 55.219077288289554 13.333630691049619 144.01939203590155 25.300809483509511 7409.0572955665702 180.43927976110717 9874.5256502749689 1686.4858055560617 7.4841854161932124 347.08683769125491 182.92718729260378 420.23491294769337 313.0975013372954 55.551059005665593 179.61458637053147 9.1492550028488022 124.92417838983238 1817.5538823264069 15.029842304997144
leaf_count=1878 12374 1295 276 7884 37204 128732 71513 4397 13197 1895 299 659 109 810 201 91455 1807 124244 19550 96 3970 1676 4902 6450 640 1896 55 1547 22079 102
internal_value=1.34725e-05 -0.000411445 -0.0056212 -0.00425819 -0.00831177 -0.00022789 0.00170654 0.00450862 0.00179322 0.000499374 0.00107352 -0.0155083 0.0243758 -0.0066615 0.00507395 -0.000908602 -0.000324173 0.000910273 -0.00286487 -0.0112016 -0.00221228 -0.0015365 0.00126497 -0.00741997 -0.00399988 -0.0117366 -0.0204092 -0.00259125 -0.00194262 -0.000952044
internal_weight=44737.4 35762.1 1217.12 1140.03 712.925 34544.9 8975.38 2689.95 1615.15 6285.43 11863.6 105.821 27.5729 346.002 50.6019 22681.3 17464 10055 5217.31 378.755 4838.56 4491.47 2106.72 320.582 2384.75 371.691 192.076 2013.06 1957.51 1832.58
internal_count=563192 459006 47351 45473 37589 411655 104186 30778 18404 73408 129891 1159 385 5207 500 281764 217506 126051 64258 7841 56417 52447 24452 6546 27995 3627 1731 24368 23728 22181
cat_boundaries=0 1 2 3 4
cat_threshold=35877 23371 40148 105682
is_linear=0
shrinkage=0.05


Tree=158
num_leaves=31
num_cat=4
split_feature=40 22 55 31 67 58 60 20 6 17 28 9 41 35 65 11 67 41 8 20 25 8 11 17 1 9 6 3 46 28
split_gain=11.8545 10.3292 13.6034 10.0198 10.1987 11.6368 10.4706 10.2238 14.1187 14.6155 12.9395 11.3602 10.6922 9.5816 9.60575 9.42228 13.0687 17.0773 14.4877 14.2339 15.264 13.9929 14.8913 13.5533 12.9897 14.8257 15.4929 13.8496 13.2111 12.3987
threshold=0.039999999999999598 0.21271129050658252 7.583333333333333 0.081856872080390469 0 5.5109105961630905e-16 -0.020000000000000007 20.150000000000002 34.625000000000007 5.3650000000000011 3.6333333333333337 1189.5000000000002 0.015666666666666721 0.044999999999999492 2.476999990139332 62.650000000000013 1 -0.13532291666666693 2 18.450000000000003 0.10545543829347694 3 53.650000000000013 7.5750000000000011 0.025000000000000005 874.50000000000011 43.865000000000002 7.4350000000000014 0.17848537038210385 1.2250000000000003
decision_type=2 2 2 2 1 2 2 2 2 2 2 2 2 2 2 2 1 2 1 2 2 1 2 2 2 2 2 2 2 2
left_child=1 -1 15 -2 5 6 -5 8 9 -6 11 -11 -9 -10 -15 16 17 18 -3 21 23 -18 -23 -21 25 26 27 -19 -26 -30
right_child=3 2 -4 4 7 -7 -8 12 13 10 -12 -13 -14 14 -16 -17 19 24 -20 20 -22 22 -24 -25 28 -27 -28 -29 29 -31
leaf_value=-0.0018090834656053656 0.0011690376918792535 0.028424323464761786 0.023682094613951675 0.040157490298117791 -0.061559405420952312 -0.049511298335890443 -0.017085302188403529 -0.011417894977373387 0.040308963341580378 0.030724542232156055 -0.063710855814299611 -0.034338480566814086 0.048702504061078074 -0.075861333289038616 0.029881886295346716 -0.00076006476348167748 0.0036101306130009387 0.0081804881035363805 0.0021138733276249758 0.0023620879928995444 -0.056055715896282714 -0.00062574819059276875 -0.01094967578404474 -0.063425225906920069 -4.8009837764682951e-05 -0.0057450324503119619 0.037719457338050127 0.058234326601106889 -0.03333872285141827 0.010346718315915963
leaf_weight=9956.4101737606907 12171.986047353312 111.53406635299325 61.122875111177564 13.420926555059845 10.108941715210674 13.142911294475196 19.736317226663235 9.0309851486235839 39.53741202596575 29.299501589499414 5.9085484454408279 8.7014587400481087 40.834056020714343 3.9054872440174204 4.7716196533292532 13622.9022410732 467.19524694303982 545.37222841428593 107.96526592131704 2470.5793258035555 11.313610915094612 627.9082021813374 787.16090032178909 7.8537680059671393 2894.1032339569647 147.81320427777246 53.057349647395313 14.179074272513388 16.821487749461085 471.58949436806142
leaf_count=240189 166275 658 324 57 58 75 116 60 162 122 40 52 166 25 27 98911 2917 3554 703 16567 69 4554 4282 42 19413 1131 305 60 103 2839
internal_value=3.4125e-05 -0.000468941 0.000126238 0.00135071 0.0124968 -0.00797463 0.00608464 0.018065 0.0101993 -0.00735527 0.00512372 0.0158264 0.0378142 0.029867 -0.0177122 6.18386e-05 0.00134374 0.00327569 0.0168743 -0.000590123 0.00188911 -0.00387264 -0.00632395 0.00215362 0.00256313 0.00846796 0.0118973 0.00944886 0.00123566 0.00884214
internal_weight=44745.3 32374.9 22418.5 12370.4 198.398 46.3002 33.1572 152.098 102.233 54.0185 43.9095 38.001 49.865 48.2145 8.67711 22357.3 8734.45 4362.44 219.499 4372.01 2489.75 1882.26 1415.07 2478.43 4142.94 760.422 612.609 559.551 3382.51 488.411
internal_count=563856 396621 156432 167235 960 248 173 712 486 272 214 174 226 214 52 156108 57197 28766 1361 28431 16678 11753 8836 16609 27405 5050 3919 3614 22355 2942
cat_boundaries=0 1 2 3 4
cat_threshold=204904 9787090 99132 67630
is_linear=0
shrinkage=0.05


Tree=159
num_leaves=31
num_cat=5
split_feature=26 8 6 4 65 67 35 4 31 70 58 24 68 17 21 21 67 41 57 67 67 6 28 32 32 65 66 55 70 68
split_gain=10.4758 15.8222 15.1011 12.2716 12.1272 14.5385 12.4103 12.072 11.7866 10.8278 10.6972 17.6989 12.0915 11.9012 10.6805 10.55 10.1596 25.7013 9.90939 24.4877 22.8526 16.7677 15.6936 14.5226 13.7621 13.92 14.9879 12.0227 11.89 16.2878
threshold=0.10836247086247087 0 43.715000000000011 50.840000000000011 0.41187952877977718 1 0.08666666666666735 63.350000000000001 0.030681920645568964 26.300000000000004 2.9142135623730958 0.068834848531984308 0.12165000000000002 4.5750000000000011 0.073446822434389727 0.082031704080207851 2 -0.047722332015810214 -4.592425496802573e-16 3 4 43.145000000000003 4.366666666666668 58.750000000000007 45.650000000000013 0.37454115157743123 0.16088476825210615 -0.58333333333333204 29.700000000000003 0.17875000000000002
decision_type=2 1 2 2 2 1 2 2 2 2 2 2 2 2 2 2 1 2 2 1 1 2 2 2 2 2 2 2 2 2
left_child=-1 4 18 16 -2 6 9 10 -5 15 13 12 -12 -7 -11 -6 17 -4 19 24 -20 22 28 -24 27 -26 -27 -3 -22 -30
right_child=1 2 3 8 5 7 -8 -9 -10 14 11 -13 -14 -15 -16 -17 -18 -19 20 -21 21 -23 23 -25 25 26 -28 -29 29 -31
leaf_value=-0.00021932682506327681 0.0030138502214621739 -0.062545532613890273 0.049160733011370104 0.021526774880684031 0.03338040878001191 0.066433220831476916 -0.050469275888272151 -0.065447403384983935 -0.02266696646217517 -0.0035884233016706597 0.0024988842145622641 0.027307092765920762 -0.074019559815257527 0.0071110460302427547 0.034521530835036951 -0.040632818203479505 0.02668734073513708 -0.029023359788769562 -0.011398759984478694 -0.0060571144731111463 0.0047167680519278003 -0.061995500603062297 -0.065866184765014255 -0.0075694784948739024 0.0060553934339804341 0.046113853434440376 0.013556774168220223 0.0052977219688891599 -0.028445550670738801 0.089970791388673838
leaf_weight=39854.093491125393 1601.3580036354251 11.697455912828447 15.866308229509739 24.008946280926466 149.1090735681355 8.6668889075517637 5.8716286774724713 6.0111935921013346 40.600110289640725 57.055460963398218 8.0046166684478539 12.508253314532338 14.542384346947072 345.33763707289472 27.124967859126627 4.9754283018410197 110.53724475763738 31.144176494330168 607.79433146631345 428.92144270101562 822.78341746306978 10.437979738228021 15.401061049662529 34.873067117296159 300.38066044449806 52.818922362290323 106.88412900920957 14.783133910968898 45.128177585080266 3.103588566184043
leaf_count=526682 13883 50 96 218 647 26 50 34 234 300 36 62 64 1627 126 28 806 285 4739 3413 6122 80 81 390 2852 220 535 70 337 8
internal_value=4.93363e-05 0.00222663 -0.000375858 0.0121061 0.00531419 0.0111602 0.0205027 0.00474783 -0.00624442 0.0231121 0.00595442 -0.0203922 -0.046854 0.0085634 0.00869152 0.0309905 0.0196316 -0.00217345 -0.0015069 0.0026125 -0.00395653 0.00100977 0.00173456 -0.0254282 0.0101705 0.0123969 0.0243244 -0.0246712 0.00330237 -0.0208258
internal_weight=44771.8 4917.73 2677.16 222.157 2240.57 639.208 244.137 395.071 64.6091 238.265 389.06 35.0553 22.547 354.005 84.1804 154.085 157.548 47.0105 2455.01 915.486 1539.52 931.727 921.289 50.2741 486.564 460.084 159.703 26.4806 871.015 48.2318
internal_count=564101 37419 20536 1639 16883 3000 1151 1849 452 1101 1815 162 100 1653 426 675 1187 381 18897 7140 11757 7018 6938 471 3727 3607 755 120 6467 345
cat_boundaries=0 1 2 3 4 5
cat_threshold=185521 242466 1394769 6178036 5785041
is_linear=0
shrinkage=0.05


Tree=160
num_leaves=31
num_cat=8
split_feature=35 68 40 65 67 4 40 67 58 4 8 5 8 55 24 32 68 45 67 65 70 67 8 15 51 21 7 36 3 4
split_gain=9.64166 11.8798 9.47626 12.3041 18.8464 11.6479 11.9194 11.5481 11.2219 10.3846 13.178 10.9566 11.1538 11.8896 10.3272 10.2031 16.0993 15.6745 15.7636 15.6455 14.2772 16.1346 16.879 14.7236 13.9248 13.3127 13.3479 15.9732 13.1859 12.7956
threshold=0.085000000000000422 0.58035000000000014 -1.0000000180025095e-35 10.228962140308775 0 43.190000000000005 0.020000000000000021 1 2.0606601717798219 56.915000000000006 2 20.655000000000005 3 0.58333333333333226 0.072707248698438129 25.150000000000002 0.43924999999999997 0.020743146418028279 4 4.2914977300125132 17.595000000000002 5 6 7 0.040408163265306128 0.086093942721061537 56.500000000000007 0.48382062482264038 5.955000000000001 22.265000000000004
decision_type=2 2 2 2 1 2 2 1 2 2 1 2 1 2 2 2 2 2 1 2 2 1 1 1 2 2 2 2 2 2
left_child=2 -2 15 7 5 -5 -7 -4 -6 11 -11 12 13 -9 -8 17 -17 20 19 -19 21 22 -1 -23 -18 26 27 29 -22 -24
right_child=1 -3 3 4 8 6 14 9 -10 10 -12 -13 -14 -15 -16 16 24 18 -20 -21 28 23 25 -25 -26 -27 -28 -29 -30 -31
leaf_value=0.007981883856922006 -0.0044659920797127869 -0.05671487682826553 -0.0005030787703444471 0.031673367034101847 0.033725473474335313 0.01634281987085295 -0.049241393661734197 -0.0038484014876086613 -0.0010465156042889412 -0.0069826695579419812 0.013164349526208026 0.0019630873503510725 -0.0082865906767573463 0.012113212145042013 -0.0071371114477858507 -0.0016449571502831634 0.042426177090306785 0.0014005842155622517 0.017524330107159581 -0.0642490684247599 -0.013782951342097028 -0.007989181501217751 -0.026349233823596798 0.00073333586807517673 -0.0083890184220496832 0.015279914372199489 0.01464481336155697 0.00307120997081162 -0.0017813900657010356 -0.0062922085751921436
leaf_weight=1479.0280576405494 865.71193112048786 11.017639257945119 9964.3121839706364 18.147308140760288 100.70594735536724 25.304514229297638 24.856291251722723 315.82367067782616 30.149770262651145 99.333984741941094 372.75152115069795 10915.81488634432 541.7864212924469 185.01554454496363 35.170676119625568 12244.384679617433 38.258324961992912 153.91448136977851 255.65025718451943 9.6440156027674657 257.76292203832418 562.17158328462392 105.3562606407213 3126.7587686528568 20.817334892228246 119.14484563402948 100.49737722624559 359.66380776252481 2041.1869193030288 324.24176032765536
leaf_count=14973 17504 85 136916 156 599 170 152 4240 180 1032 3367 140126 7384 2530 212 150070 211 1476 2498 68 3584 5741 1376 29756 134 1966 837 3540 29442 3427
internal_value=6.91393e-05 -0.00512259 0.000172995 0.000884589 0.0122823 -0.0042884 -0.0124389 0.000765326 0.0238883 0.00178105 0.00905605 0.00149534 -0.00340171 0.0020079 -0.0245719 -0.000586625 -0.00151933 0.000703474 0.0101412 -0.00232803 0.000236687 0.00148862 0.00459015 -0.00061393 0.0245197 -0.000411582 -0.00251741 -0.00470269 -0.00312703 -0.0112111
internal_weight=44704.4 876.73 43827.7 22629.2 234.335 103.479 85.3315 22394.8 130.856 12430.5 472.086 11958.4 1042.63 500.839 60.027 21198.5 12303.5 8895.02 419.209 163.558 8475.81 6176.86 2487.93 3688.93 59.0757 1008.9 889.759 789.262 2298.95 429.598
internal_count=563752 17589 546163 297064 1469 690 534 295595 779 158679 4399 154280 14154 6770 364 249099 150415 98684 4042 1544 94642 61616 26119 35497 345 11146 9180 8343 33026 4803
cat_boundaries=0 1 2 3 4 5 6 7 8
cat_threshold=11941249 4135464 34854 156241 8497740 13566245 91421 66
is_linear=0
shrinkage=0.05


Tree=161
num_leaves=31
num_cat=7
split_feature=56 67 8 40 11 5 5 9 17 46 67 67 8 64 22 8 65 4 40 12 58 0 6 8 10 36 40 57 11 51
split_gain=11.6472 12.7571 14.5567 11.5673 14.3864 13.4967 12.1495 11.4319 13.5708 10.8233 13.3922 11.5285 16.2652 13.7056 11.9301 11.4344 14.3169 11.0209 10.6877 10.2519 10.1672 10.0284 9.91575 9.87943 10.2722 11.6326 12.5421 10.682 9.93684 9.85106
threshold=-1.1699999999999995 0 1 -0.090000000000000288 48.45000000000001 27.445000000000004 36.010000000000012 914.50000000000011 4.7150000000000007 0.10734824456468059 2 3 4 61.57500000000001 0.089589347858038307 5 0.94064954326355898 16.735000000000003 -0.10000000000000007 1.0000000180025095e-35 -0.85355339059327362 6.5550000000000006 28.600000000000005 6 70.350000000000009 -0.64220216852217271 0.1700000000000004 6.6819805153394656 71.950000000000017 0.38838612368024139
decision_type=2 1 1 2 2 2 2 2 2 2 1 1 1 2 2 1 2 2 2 2 2 2 2 1 2 2 2 2 2 2
left_child=1 3 21 4 -1 18 20 19 -9 11 -11 14 17 -14 -10 -12 -17 -13 -6 -2 22 -3 -5 29 25 -25 27 -27 -28 -16
right_child=7 2 -4 6 5 -7 -8 8 9 10 15 12 13 -15 23 16 -18 -19 -20 -21 -22 -23 -24 24 -26 26 28 -29 -30 -31
leaf_value=0.013234465537042104 -0.030803565194879187 0.056900271431382932 -0.0025224465318003137 0.0090324853104649886 0.025116814057467782 -0.035686463505222248 0.010611843101046427 -0.011281753524946625 -0.0074227814090617314 -0.0029675241139482033 0.0092718737677986475 -0.025135468454707089 -0.0055789207456426763 0.011040214679121807 -0.0021045047576535485 0.020968953774571406 0.00072516731920480731 0.0022070849757970376 -0.08006666769430397 0.00083796023037221383 0.0034512615569380727 -0.012117064984948583 -0.016498931276186606 0.01324033699777289 -0.002284921988711408 0.0032942949854531814 -0.012151063659113092 0.050820471570443074 -0.090696419724941746 0.071004534319846158
leaf_weight=36.723299469100311 25.623255598795367 5.3102584285661569 2145.2385016646003 50.983796167536639 17.829510410781953 63.506216153502464 378.84542106237495 312.19928677743883 439.45502925582696 1184.8699456775794 625.53469968971331 37.919690382201225 3560.2586387778574 128.53574800351635 1434.9017415309791 91.29215614660643 2016.5704332828755 1310.6646365157212 2.7934434032067648 27492.946027272585 465.80752849475539 594.96217976955813 149.66501174450968 380.83709304803051 552.24682203144766 1094.2953408195172 12.238178277388217 11.952100452035664 6.0012497417628756 4.6225056964904061
leaf_count=667 13735 34 26015 798 137 564 4470 11804 16421 15348 7334 691 45864 2424 13278 1369 22673 15395 27 329038 6277 7574 1990 3550 6744 8851 121 58 37 22
internal_value=-2.21333e-05 -0.00262819 -0.00447957 0.00175396 -0.0128764 -0.024274 0.00346222 0.000228192 -0.000981191 -0.000731751 0.00146071 -0.00168904 -0.00326976 -0.00498631 0.000341158 0.00337875 0.00159437 0.00142768 0.0108694 0.000808498 -0.000601958 -0.011318 -0.0100115 0.00131777 0.00353067 0.00568765 0.00312973 0.00380778 -0.0379945 -0.00185684
internal_weight=44634.6 3911.67 2745.51 1166.15 120.852 84.1292 1045.3 40723 13204.4 12892.2 3918.27 8973.93 5037.38 3688.79 3936.55 2733.4 2107.86 1348.58 20.623 27518.6 666.456 600.272 200.649 3497.1 2057.57 1505.32 1124.49 1106.25 18.2394 1439.52
internal_count=563310 48553 33623 14930 1395 728 13535 514757 171984 160180 46724 113456 64374 48288 49082 31376 24042 16086 164 342773 9065 7608 2788 32661 19361 12617 9067 8909 158 13300
cat_boundaries=0 1 2 3 4 5 6 7
cat_threshold=5375137 38953 8542788 6494828 22664 184834 201290
is_linear=0
shrinkage=0.05


Tree=162
num_leaves=31
num_cat=0
split_feature=17 22 23 70 4 34 9 19 31 60 29 22 56 1 6 17 11 5 30 56 19 40 35 17 61 65 5 31 37 29
split_gain=10.5467 11.545 11.9054 13.7223 10.5525 10.1107 9.56148 11.0084 10.0632 13.3528 14.8911 10.9199 14.6959 11.747 12.8098 10.8057 10.1684 9.81917 17.7507 16.6685 10.7038 10.5417 12.9133 10.3839 12.86 9.74168 12.124 12.9156 13.7338 11.8077
threshold=5.9650000000000007 0.027402438254846284 3.5000000000000004 21.995000000000005 32.960000000000008 0.024999999999999915 365.50000000000006 9.4000000000000004 0.028839058749712602 -0.0099999999999999933 0.085000000000000006 0.35178120826482789 -1.1699999999999995 0.19500000000000003 31.335000000000004 4.955000000000001 72.250000000000014 32.360000000000007 -0.12749999999999992 1.7050000000000001 27.300000000000001 0.14999999999999994 0.085000000000000422 3.7650000000000001 4.5000000000000009 1.3989777714212592 38.875000000000007 0.072059237694298547 5.5000000000000009 -0.15499999999999994
decision_type=2 2 2 2 2 2 2 2 2 2 2 2 2 2 2 2 2 2 2 2 2 2 2 2 2 2 2 2 2 2
left_child=1 4 6 5 -1 -4 7 -3 -9 10 16 -12 -13 -14 -15 -16 -10 21 -19 23 -21 22 -8 24 -20 -25 -27 29 -29 -28
right_child=-2 2 3 -5 -6 -7 17 8 9 -11 11 12 13 14 15 -17 -18 18 19 20 -22 -23 -24 25 -26 26 27 28 -30 -31
leaf_value=-0.0095374943665656707 0.0010318068912168721 0.015195337743590821 0.00015242187729719802 -0.0026818933305792821 0.00045001002120000593 -0.039851696865965618 -0.0023085113128983167 0.00021134510043396097 0.0048697434054687828 -0.00082501587957977253 0.012526783468869793 -0.012945517170160004 0.074763910297144784 0.060766962975668221 0.037442916246218899 -0.067224726572835444 0.069084331011027275 -0.010995481259127964 -0.019936492212267481 -0.020655447893337796 0.067516292528101193 0.0070688816331581517 -0.01897353939438742 0.0023305449497563399 0.040642489200614459 0.0017284970559754244 0.020041511294223931 -0.050834300210139932 0.033084021823727668 -0.0058952598595142201
leaf_weight=671.24268135681632 15024.015476353234 139.00234444628586 24.808298962889239 3457.4415341609856 436.42601903666218 43.472039414686151 6458.0352990804822 7560.3106938182027 922.82778043439612 750.34714625193737 118.1184122140985 10.924854881595818 24.960274837911129 11.158282952383162 4.7064618840813619 5.1795954997651279 6.2063713790848842 332.18580719642341 96.823532732902095 113.13718288386008 3.5500810630619517 293.98925987270195 118.37287446891423 5865.6577479807893 9.6322176891844702 1238.7280948567204 46.129440451040864 27.80874646268785 5.9120006146840742 900.15023406461114
leaf_count=48975 157259 8531 270 35870 11905 529 82785 90903 6443 7066 1044 62 77 42 21 26 21 3866 2420 1550 37 3926 2746 66715 198 18018 478 188 39 12207
internal_value=-4.77269e-05 -0.00059387 -0.000399821 -0.00312025 -0.00560238 -0.025317 -1.7139e-05 0.00122717 0.00102094 0.00432159 0.00781928 0.0211966 0.039185 0.0515646 0.0240484 -0.0173955 0.00529873 -0.000783596 0.00033827 0.000791463 -0.0179729 -0.00219437 -0.00260848 0.00105878 -0.0144552 0.00126307 -0.00155901 -0.00571445 -0.0361215 -0.00463089
internal_weight=44721.3 29697.2 28589.6 3525.72 1107.67 68.2803 25063.9 9553.74 9414.74 1854.43 1104.08 175.048 56.9295 46.0046 21.0443 9.88606 929.034 15510.1 8639.72 8307.53 116.687 6870.4 6576.41 8190.84 106.456 8084.39 2218.73 980 33.7207 946.28
internal_count=564217 406958 346078 36669 60880 799 309409 114236 105705 14802 7736 1272 228 166 89 47 6464 195173 105716 101850 1587 89457 85531 100263 2618 97645 30930 12912 227 12685
is_linear=0
shrinkage=0.05


Tree=163
num_leaves=31
num_cat=0
split_feature=55 20 71 56 57 24 35 56 56 22 9 0 48 58 19 55 4 13 31 55 64 24 26 55 40 0 44 26 68 6
split_gain=9.25295 12.7452 10.9314 12.4041 10.3468 9.46072 12.0496 17.1906 10.7196 10.4328 9.82372 12.8354 10.7063 11.5151 16.1039 13.037 12.7708 11.4006 9.58629 9.58138 9.06506 9.00645 16.3963 11.8469 9.17178 13.8531 10.5189 10.8446 9.11691 11.0003
threshold=-2.7499999999999996 22.350000000000005 0.81900718380486259 0.35500000000000004 -2.0606601717798205 0.060933849711974609 -0.10499999999999908 1.2750000000000001 1.0449999999999999 0.31731928152482763 380.50000000000006 6.745000000000001 2.2406969046520495 7.9602041944577965e-16 20.500000000000004 1.4166666666666681 20.080000000000002 0.17500000000000002 0.042480230712475038 0.91666666666666796 7.7250000000000014 0.050981820259057745 0.10409159499641306 -2.4166666666666674 -0.044999999999999922 6.6350000000000007 0.36017953249256979 0.020584108292521875 0.03160000000000001 26.685000000000006
decision_type=2 2 2 2 2 2 2 2 2 2 2 2 2 2 2 2 2 2 2 2 2 2 2 2 2 2 2 2 2 2
left_child=1 -1 3 -2 -3 6 7 8 9 -5 11 18 -13 14 15 -14 19 -17 -8 -16 -9 22 -12 -24 25 -23 28 -28 29 -26
right_child=2 4 -4 5 -6 -7 10 20 -10 -11 21 12 13 -15 16 17 -18 -19 -20 -21 -22 24 23 -25 26 -27 27 -29 -30 -31
leaf_value=-0.0019785311769171345 -0.00080124959603353413 0.0039394216229763895 0.002407183922442982 -0.0094271522254162077 -0.027887249665561553 0.0034673334346424947 -0.0026735404814390009 0.013837779460260253 0.058020174740903235 0.025602230871960448 -0.00076712622695305989 0.0090597066409854321 -0.056102869819694035 0.017180641697658431 -0.061053308075208507 0.041758395614358401 0.047938023921559936 -0.061168761844268497 -0.06931286056064076 0.030852167918801555 -0.048886017711140282 0.027064219474988296 -0.054940339638525418 0.015173072974715335 -0.078715291072391058 -0.020340493251164507 -0.034544734045638271 0.03610219923004012 -0.0059028846877189328 0.05993733506432003
leaf_weight=3606.3853036586079 25604.869994530309 36.373516697378363 4510.8109893570072 29.391574003122514 85.711393664270872 3266.2014263294404 392.32942106205155 9.4928954994538817 17.616783136269078 76.788846304873005 5146.383676189289 809.5768773378295 30.433927305974066 29.941330982372165 7.1700112503021973 7.6910090390592796 12.35053253546357 4.1377553306519985 5.4719876088201991 4.6913925409317017 14.649937279988078 17.002009109593928 6.200047831516712 213.15180251933634 1.6786032174713899 164.73454798106104 6.6531008374877265 29.599010597448796 460.59108862688299 9.678503191797061
leaf_count=48574 317849 431 50015 451 1255 33928 6226 146 134 494 73688 17816 172 156 44 41 51 20 22 26 105 132 64 1967 38 2241 76 256 6840 119
internal_value=-0.000131905 -0.0025164 8.55234e-05 -0.000202355 -0.0184049 0.001221 0.000243695 0.014372 0.0218988 0.0159058 -4.03126e-05 0.00389665 0.00718396 -0.00856611 -0.0201629 -0.03879 0.0123512 0.00575401 -0.0035902 -0.0247031 -0.0242232 -0.000887946 -0.000196504 0.0131913 -0.00626539 -0.0159056 -0.00281795 0.0231369 -0.00481164 0.0394442
internal_weight=44617.8 3728.47 40889.3 36378.5 122.085 10773.6 7507.41 147.94 123.797 106.18 7359.47 1303.79 905.993 96.416 66.4746 42.2627 24.2119 11.8288 397.801 11.8614 24.1428 6055.67 5365.74 219.352 689.937 181.737 508.2 36.2521 471.948 11.3571
internal_count=563377 50260 513117 463102 1686 145253 111325 1330 1079 945 109995 24574 18326 510 354 233 121 61 6248 70 251 85421 75719 2031 9702 2373 7329 332 6997 157
is_linear=0
shrinkage=0.05


Tree=164
num_leaves=31
num_cat=8
split_feature=12 11 67 1 6 8 67 67 22 68 71 8 8 8 67 46 9 56 56 6 0 57 1 44 28 28 58 5 7 5
split_gain=9.51974 14.7813 11.9022 9.00684 15.7089 15.2797 19.5257 17.3569 16.463 22.2773 21.9522 20.0366 13.9489 11.9364 17.7674 11.3129 11.9231 11.0844 10.9178 10.705 10.6413 10.6098 10.3634 10.158 9.72073 11.2232 12.0901 11.6673 11.2386 9.702
threshold=3.0500000000000003 23.050000000000004 0 0.13500000000000004 28.265000000000004 1 2 3 0.57728401669147955 0.43924999999999997 0.29900718380486208 4 5 6 7 0.030803254279513807 859.50000000000011 0.4549999999999999 -0.010000000000000451 47.505000000000003 6.6650000000000009 4.592425496802575e-16 0.28500000000000009 0.0041958062476435279 4.366666666666668 5.4500000000000011 4.2862637970157366e-16 30.020000000000003 53.500000000000007 61.650000000000006
decision_type=2 2 1 2 2 1 1 1 2 2 2 1 1 1 1 2 2 2 2 2 2 2 2 2 2 2 2 2 2 2
left_child=-1 2 -2 -3 5 7 -7 -5 9 -8 24 23 18 14 17 20 -17 -6 -12 -19 -9 -18 -14 -10 -11 26 27 -26 -29 -16
right_child=1 3 -4 4 13 6 8 15 11 10 12 -13 22 -15 29 16 21 19 -20 -21 -22 -23 -24 -25 25 -27 -28 28 -30 -31
leaf_value=-0.0053988610791209195 -0.0048157452961969834 -0.00067921014545397002 0.024163807375583487 -0.0069085279288689308 0.006824882029351065 0.0014460016339287703 -0.0069745317439523103 -0.053015206187217362 0.0089794573306053276 -0.04285147221899549 0.0070708242026023401 -0.0067523033652352174 -0.011600391684491368 0.00073209485878975402 0.0017024488399382494 0.038991281464886229 -0.023637017463510698 0.021071149039466192 0.074318924456344096 -0.020435839922263058 0.008612086650145007 0.02818915625768614 -0.084815539070955293 0.041117225908128163 0.045349047182837589 -0.067947734254706557 -0.046977271731669316 -0.089499619201543465 0.019800145433017616 -0.046922606688000384
leaf_weight=893.26088323659496 53.748050193244126 31734.078955372504 99.99779909834615 155.89621607377194 847.69808444712544 1014.7473424387281 880.78730176400859 7.3198591619729987 65.173228838015348 111.62487000762485 15.945045080035927 200.25986521318555 35.786390018649399 6241.2682374300784 1676.4188948916271 69.918378931470215 18.045282795559615 250.83402760059107 9.7115173414349538 16.559584181872196 162.68186169711407 21.81169496406801 5.5879880860447875 39.48327393643558 14.514044508337976 8.0792797422036511 10.634283546358345 4.0165000315755588 5.6747022895142436 10.321596779394893
leaf_count=76539 1981 350256 3660 1828 8748 11618 12208 59 597 521 62 1508 162 69010 18373 799 314 2911 28 168 1581 313 26 156 57 61 56 30 25 81
internal_value=-0.000289008 -0.00018477 0.0152913 -0.0002393 0.000933744 -0.00229776 -0.00384359 0.00624088 -0.00764105 -0.0105396 -0.024711 0.00258735 -0.000814403 0.00195493 0.00465963 0.0135535 0.0265499 0.00953913 0.0234037 0.0185006 0.00595857 0.00472481 -0.017306 0.0192633 -0.0350758 -0.0148526 -0.00253984 0.0169832 -0.0254989 0.00139662
internal_weight=44681.9 43788.6 153.746 43634.9 11900.8 2857.7 2422.03 435.673 1407.28 1102.36 221.575 304.916 67.0309 9043.1 2801.83 279.777 109.775 1115.09 25.6566 267.394 170.002 39.857 41.3744 104.657 154.544 42.9188 34.8395 24.2052 9.6912 1686.74
internal_count=563736 487197 5641 481556 131300 32009 27115 4894 15497 13236 1028 2261 278 99291 30281 3066 1426 11827 90 3079 1640 627 188 753 750 229 168 112 55 18454
cat_boundaries=0 1 2 3 4 5 6 7 8
cat_threshold=2124116 4610 15156328 13321257 247904 24896 235532 2563139
is_linear=0
shrinkage=0.05


Tree=165
num_leaves=31
num_cat=6
split_feature=9 29 67 0 56 67 25 12 18 64 11 55 67 8 4 12 64 67 29 55 64 40 29 71 8 1 46 35 11 57
split_gain=10.3755 12.6647 13.1839 10.8827 10.8796 19.1829 10.4085 9.88497 14.0718 14.2965 13.9286 12.5516 15.037 21.3745 13.3851 12.967 12.3712 16.1065 17.5774 14.1534 15.4612 12.8986 16.7863 14.9208 12.6525 14.7325 12.072 11.5338 11.4169 18.4536
threshold=674.50000000000011 -0.24499999999999994 0 6.6350000000000007 -2.0549999999999993 1 0.067160263739017415 1.0500000000000003 5.9000000000000012 3.0850000000000004 52.95000000000001 -1.0000000180025095e-35 2 3 51.865000000000009 23.150000000000002 8.5750000000000028 4 -0.084999999999999964 -2.9166666666666674 5.2450000000000019 0.029999999999999808 -0.27499999999999991 0.29900718380486208 5 1.0000000180025095e-35 0.11796857689846869 -0.11499999999999976 48.750000000000007 -1.2071067811865472
decision_type=2 2 1 2 2 1 2 2 2 2 2 2 1 1 2 2 2 1 2 2 2 2 2 2 1 2 2 2 2 2
left_child=4 2 6 -3 5 -1 -2 -6 -9 28 11 12 13 -11 -14 -15 17 19 21 20 26 22 -19 -24 25 -20 -12 -26 -10 -30
right_child=1 3 -4 -5 7 -7 -8 8 9 10 16 -13 14 15 -16 -17 -18 18 24 -21 -22 -23 23 -25 27 -27 -28 -29 29 -31
leaf_value=0.0033970481760877782 0.013589115220211648 0.0051598504449895102 -0.017645990774875855 -0.00090982369523072849 -0.01178088189680683 -0.02072114180002246 -0.034127063950714125 0.0059589745040790724 -0.0014609956152130152 -0.0010416408340985807 -0.016641319426315228 0.0064546936237436557 -0.0011547379705747478 0.013494598912148135 -0.033273555493691452 0.062428649381115656 0.00097001457786341093 0.030185715747851252 0.077410308033839248 0.003364031513754999 -0.03517391177502209 -0.002923522262160238 -0.044889081801932969 -0.012215027640131996 -0.072400144858620272 0.0024261012660649014 0.077177803030363687 -0.0073459433564367965 -0.026874686157017755 -0.0033964266747981346
leaf_weight=169.95839628594695 72.498010763665661 766.0364891391946 203.7931449970929 20537.19506708876 154.551284425841 150.23118303538649 13.567434052936731 1299.2870883297292 2324.4961576050264 450.60640858742408 7.7569322064518911 2016.5364494129317 1515.5616193281021 376.5161480428651 33.146598714869469 14.042962688952683 11933.856355661352 11.731290334835647 6.6785337105393401 907.63643838325515 47.139916404616088 82.061998561024666 88.422944353427738 57.766638155095279 6.8834330365061751 341.79678435693495 6.1450148648582399 669.28712046239525 121.48785476223566 269.022320537013
leaf_count=2242 785 7224 2201 265438 30139 2110 105 38785 53388 5029 105 23658 17120 4108 293 49 85816 67 39 7757 418 648 713 473 54 3132 31 6651 1507 3508
internal_value=-4.5165e-05 -0.000832814 -0.0112138 -0.000691566 0.000692296 -0.00846013 0.00543554 0.000821152 0.000907378 0.000599069 0.00109446 0.0035496 0.00109832 0.00643568 -0.00183035 0.0148733 0.000330842 -0.00308463 -0.00677007 0.00177831 -0.0215086 -0.019004 -0.0273601 -0.031978 -0.00397082 0.00375541 0.0248291 -0.00789149 -0.00278995 -0.0107005
internal_weight=44655.7 21593.1 289.859 21303.2 23062.6 320.19 86.0654 22742.4 22587.9 21288.6 18573.6 4406.41 2389.87 841.166 1548.71 390.559 14167.2 2233.31 1264.63 968.678 61.0419 239.983 157.921 146.19 1024.65 348.475 13.9019 676.171 2715.01 390.51
internal_count=563593 275753 3091 272662 287840 4352 890 283488 253349 214564 156161 50257 26599 9186 17413 4157 105904 20088 11777 8311 554 1901 1253 1186 9876 3171 136 6705 58403 5015
cat_boundaries=0 1 2 3 4 5 6
cat_threshold=301193 6006072 11534995 227352 11152006 119819
is_linear=0
shrinkage=0.05


Tree=166
num_leaves=31
num_cat=10
split_feature=9 56 55 67 17 8 0 8 67 44 60 5 8 67 25 44 29 29 67 12 55 17 55 40 28 44 8 67 31 67
split_gain=12.2807 11.8514 11.7292 12.3891 11.4308 20.105 12.2833 15.0329 14.6249 13.092 11.875 11.3248 14.1891 12.7632 11.2969 15.3021 11.0162 11.117 10.9651 11.6795 14.8524 16.5437 10.9441 10.7323 10.4465 14.2405 14.5169 17.1149 12.2896 12.2567
threshold=634.50000000000011 -1.1299999999999994 1.9166666666666681 0 5.1150000000000011 1 6.6550000000000011 2 3 0.4389472542061324 -0.0099999999999999933 47.895000000000003 4 5 0.071606698091846624 0.15387246132800173 0.10500000000000004 0.03500000000000001 6 44.350000000000001 1.0000000180025095e-35 6.035000000000001 1.4166666666666681 0.13500000000000026 3.9166666666666674 0.65662050013623963 7 8 0.06628749253879225 9
decision_type=2 2 2 1 2 1 2 1 1 2 2 2 1 1 2 2 2 2 1 2 2 2 2 2 2 2 1 1 2 1
left_child=1 2 18 -4 5 -2 7 14 -9 16 11 12 -7 -14 15 -6 17 -10 19 20 -1 23 -23 -22 -8 26 27 28 -26 -28
right_child=4 -3 3 -5 6 10 24 8 9 -11 -12 -13 13 -15 -16 -17 -18 -19 -20 -21 21 22 -24 -25 25 -27 29 -29 -30 -31
leaf_value=0.00018377952038889345 0.00214997575296565 0.0013791097774424237 0.0043742729301292022 -0.014708314890918351 -0.0023507170319125299 0.0012934224656579209 -0.00013682853459441127 0.015794064809754736 0.0015248983447273779 0.025804370140874777 -0.0043918365244946826 -0.050545311101860349 -0.0053721510856475953 -0.030419299614809839 0.024118276964921571 -0.036391795697049166 0.022058448667926112 -0.018091771029412541 -0.003459443146343018 -0.0094001782619138208 0.014326790661672912 -0.052437977469874691 0.044990500883050177 -0.030540194362537677 0.0013304796962783872 -0.038470413762683946 0.0046230061091245243 -0.014408548995315257 -0.03865397859908265 -0.0036520763669651273
leaf_weight=933.31533845074591 1144.8254661255196 17759.626004558595 116.57677165235509 300.33521930492134 91.471084049204364 138.97683143540053 15417.032409893611 313.3892653635703 474.09294915851206 56.388061560690403 2177.7588420485263 19.973046378465369 110.92203233472537 119.28973371966276 21.648026131093502 51.656178961042315 54.639580919407308 85.202656487701461 1739.8503287824569 188.79446286894381 440.96487303034519 15.622636889340358 3.534446249715983 13.743902590998912 394.64382650423795 28.718449919018894 705.84507961123018 498.90697632054798 20.201183645054698 1184.2358546477626
leaf_count=11466 19861 223369 1527 3958 1025 2610 177996 2486 4844 351 41313 341 2248 2305 145 362 485 864 21083 2206 5307 118 24 198 5569 291 9636 6311 139 15133
internal_value=-2.00882e-05 0.000839639 -0.00171337 -0.00962032 -0.000820388 -0.00336254 -0.000333957 0.00468151 0.0069934 0.00270724 -0.00580683 -0.0138744 -0.0118905 -0.019077 -0.00899882 -0.0146365 0.000629938 -0.00146349 -0.000725163 0.0022631 0.00384399 0.0110531 -0.0344626 0.0129707 -0.000649592 -0.00344047 -0.00308167 -0.00821476 -0.00060208 -0.000553705
internal_weight=44622.2 21512.4 3752.74 416.912 23109.8 3711.75 19398.1 1148.49 983.713 670.323 2566.92 389.162 369.189 230.212 164.775 143.127 613.935 559.296 3335.83 1595.98 1407.18 473.866 19.1571 454.709 18249.6 2832.55 2803.83 913.752 414.845 1890.08
internal_count=563571 269256 45887 5485 294315 68678 225637 10562 9030 6544 48817 7504 7163 4553 1532 1387 6193 5708 40402 19319 17113 5647 142 5505 215075 37079 36788 12019 5708 24769
cat_boundaries=0 1 2 3 4 5 6 7 8 9 10
cat_threshold=4600328 70162 16450 4456515 132424 11817657 14224568 183556 11935617 6101057
is_linear=0
shrinkage=0.05


Tree=167
num_leaves=31
num_cat=8
split_feature=35 67 66 36 8 50 6 35 51 36 8 4 67 33 26 34 17 67 30 28 5 8 68 51 32 7 19 67 67 16
split_gain=8.71352 14.7171 14.7088 11.2131 11.2121 10.5564 11.3075 10.6714 11.1091 11.1357 9.64253 9.5897 11.4846 19.6488 10.3599 9.45993 9.40945 9.34857 11.6578 12.988 9.16182 13.8672 12.06 11.9053 10.5098 9.15754 20.6437 16.6331 11.6057 20.5096
threshold=0.023333333333332987 0 0.25519587320574172 -0.35300225480911346 1 255.50000000000003 37.195000000000007 0.048333333333333346 0.072077922077922088 -0.94280904158208101 2 63.350000000000001 3 3.5818682392561025 0.11952292110874202 0.12500000000000003 6.4250000000000007 4 0.067500000000000004 3.7083333333333335 11.190000000000001 5 0.57815000000000005 0.017700501253132835 57.650000000000013 51.500000000000007 23.200000000000006 6 7 5.5000000000000009
decision_type=2 1 2 2 1 2 2 2 2 2 1 2 1 2 2 2 2 1 2 2 2 1 2 2 2 2 2 1 1 2
left_child=11 3 4 20 -3 7 -7 10 -9 -10 -4 25 14 16 -13 -5 -14 -12 -19 -20 21 23 -23 -2 -25 26 28 -28 -1 -30
right_child=1 2 5 15 -6 6 -8 8 9 -11 17 12 13 -15 -16 -17 -18 18 19 -21 -22 22 -24 24 -26 -27 27 -29 29 -31
leaf_value=0.00055727945368649185 0.043880718624714127 -0.0015664313753689062 0.014783785511557367 -0.0143404709229573 -0.0073730202529493543 -0.028193134871752359 0.01715166403690066 -0.0083436430703614523 0.032397820516608583 -0.074544805808126585 -0.010496697484716407 0.0023801676502022803 0.0016536669895593542 -0.029252153018921468 -0.0435310110166513 0.021543282566582642 0.030233938362124985 0.0025373220110432209 0.05658306092271477 -0.032616311638889763 0.00049734775057284691 -0.014921648554151779 -0.074026832350165675 -0.0079256972669381025 0.034313100875896084 0.00075256837321537907 -0.0030526494549462714 0.0071620955065557143 -0.003006545787121145 -0.020233402809204111
leaf_weight=2497.217257235483 16.803707559418399 1437.8664015661197 261.30538216466084 22.360183347718703 2025.3128283358965 51.441026260145009 18.763002971652895 215.87815010664053 28.935086924349893 2.6577962976880363 97.886899937409908 55.408856230555102 38.01657197647728 20.059198578819633 15.788692641071973 102.83949122355261 118.77087528142147 115.44399096351117 21.228009309154007 5.0521775791421524 5156.1524409199155 166.4172764570103 9.1025950787588936 93.566885601627291 17.477822337066755 25260.505079368049 594.99587965779938 1181.1111287708918 4828.2348111929896 179.18880487840215
leaf_count=29388 284 29021 2747 300 41500 590 190 3078 318 33 1136 544 352 160 135 1188 1012 1322 187 78 80256 2949 50 1503 205 285442 5404 10976 61566 2053
internal_value=-4.25064e-05 -0.00135401 -0.00355495 0.000339192 -0.00498801 0.00246445 -0.0160741 0.0042035 -0.00429101 0.0234011 0.00840009 0.000329445 0.0101256 0.0164145 -0.0068403 0.0151346 0.023304 0.000788526 0.00876117 0.0394351 5.19947e-07 -0.00844374 -0.0170173 0.00431992 -0.00127754 0.000259098 -0.00108404 0.00376329 -0.00223124 -0.00361578
internal_weight=44655.8 9866.49 4281.77 5584.72 3463.18 818.592 70.204 748.387 247.471 31.5929 500.916 34789.3 248.044 176.847 71.1975 125.2 156.787 239.611 141.724 26.2802 5459.52 303.368 175.52 127.848 111.045 34541.3 9280.75 1776.11 7504.64 5007.42
internal_count=563967 166935 80200 86735 70521 9679 780 8899 3429 351 5470 397032 2203 1524 679 1488 1364 2723 1587 265 85247 4991 2999 1992 1708 394829 109387 16380 93007 63619
cat_boundaries=0 1 2 3 4 5 6 7 8
cat_threshold=112527 213223 149302 6822984 149600 6000 401624 5636622
is_linear=0
shrinkage=0.05


Tree=168
num_leaves=31
num_cat=0
split_feature=22 28 56 9 71 19 55 14 66 25 51 50 22 55 20 7 28 36 68 19 11 11 36 40 48 50 1 56 1 22
split_gain=11.1606 11.6284 10.0708 12.596 9.06802 9.53608 9.86125 10.5943 11.0189 13.1844 12.445 13.5381 8.85168 8.7977 8.79042 11.4322 10.4703 9.65407 9.45782 8.86415 8.4538 11.852 9.29074 8.20996 12.6145 15.3071 11.0864 12.504 13.3089 10.9385
threshold=0.047406254855346171 2.3666666666666671 0.35500000000000004 1123.5000000000002 -1.4790405553612795 11.200000000000001 5.9166666666666687 1.5000000000000002 0.31216432547809292 0.027801199175566799 0.053101503759398504 57.500000000000007 1.9076434590085467 -2.0833333333333317 21.800000000000001 51.500000000000007 5.2250000000000005 0.3739265022471509 0.58250000000000013 17.500000000000004 43.350000000000001 62.45000000000001 0.75782708751390326 0.044999999999999936 4.0525630810092972 163.00000000000003 0.17500000000000002 -0.78000000000000003 0.025000000000000005 0.81574919152516401
decision_type=2 2 2 2 2 2 2 2 2 2 2 2 2 2 2 2 2 2 2 2 2 2 2 2 2 2 2 2 2 2
left_child=1 -1 12 4 5 -4 7 8 9 10 11 13 23 -7 16 -16 17 18 -9 -18 -19 -22 -23 24 -2 -26 27 29 -29 -27
right_child=2 -3 3 -5 -6 6 -8 14 -10 -11 -12 -13 -14 -15 15 -17 19 20 -20 -21 21 22 -24 -25 25 26 -28 28 -30 -31
leaf_value=0.0065407800675533409 -0.0007125413944495323 -0.0046528471310028725 0.036940167835856727 -0.00077413080673127915 0.0030169842696024162 -0.044916972847132676 0.059000581336472006 -0.0051219012030444388 0.062373511469377911 -0.049721033482200257 0.086634287684567407 -0.066983212543971576 0.010409280512832865 0.022454843428650766 0.065887042877782562 -0.031640697810296735 0.052480050819332859 -0.013367101074166039 -0.077307528428693789 -0.015880391496550357 -0.069470247131147037 -0.070892975462491861 -0.0024418406972065948 0.0011044640775953937 -0.079264894443198661 0.021161204905532534 0.010739491602321363 0.013671597255294481 -0.034505372716444431 -0.052657388847682778
leaf_weight=261.56417005241019 23178.652442214297 2053.824547681299 12.193502469162921 4127.4876356055029 7116.4823084167147 5.6357280120719215 5.3313879044726482 67.55786086502485 7.9229156803339711 11.065196397015823 4.8545261342078438 6.0905541977845123 191.94969029119238 34.565059307496995 7.1339828970376384 5.1913623583968729 8.9017548323608953 28.85199436894618 4.8643567701801649 10.14802185888402 27.736659992486238 6.9031980149447945 17.583985361969098 7282.2777523963887 8.4793661325238627 28.707884797826409 45.856904480140656 17.223541635088623 85.480351386126131 6.0815000776201478
leaf_count=7499 237013 117383 384 45316 70986 91 43 972 56 133 34 73 3743 357 83 93 79 423 21 152 236 44 104 77864 49 132 238 90 439 39
internal_value=-8.09946e-06 -0.00338833 0.000176658 0.00143833 0.00267421 -0.00627649 -0.00830063 -0.00970769 0.00683868 -0.000233983 0.0104723 0.00248531 -0.000294414 0.01301 -0.0159848 0.0248089 -0.0188987 -0.0232377 -0.00997037 0.0160637 -0.0350889 -0.0470896 -0.0217389 -0.000361441 -0.00081822 -0.0135873 -0.0105499 -0.0176503 -0.026426 0.00825705
internal_weight=44676.6 2315.39 42361.2 11516.5 7389.01 272.532 260.339 255.007 70.134 62.2111 51.1459 46.2913 30844.7 40.2008 184.873 12.3253 172.548 153.498 72.4222 19.0498 81.0758 52.2238 24.4872 30652.8 23370.5 191.83 183.35 137.493 102.704 34.7894
internal_count=564169 124882 439287 119680 74364 3378 2994 2951 744 688 555 521 319607 448 2207 176 2031 1800 993 231 807 384 148 315864 238000 987 938 700 529 171
is_linear=0
shrinkage=0.05


Tree=169
num_leaves=31
num_cat=5
split_feature=17 1 8 67 55 58 44 6 21 68 67 11 11 8 3 65 26 4 67 64 44 0 48 56 9 64 50 6 36 9
split_gain=7.94259 7.6689 11.8047 12.1249 11.5148 9.28507 8.14886 8.63066 7.9603 7.81816 9.55647 10.0491 11.5402 8.86494 10.4276 7.53448 8.14474 7.47374 7.44447 7.38496 8.48527 7.26348 10.8987 8.72946 10.1804 7.62024 7.25951 7.11605 7.08004 8.83634
threshold=1.6250000000000002 0.39500000000000007 0 1 1.0000000180025095e-35 2.9142135623730958 0.65662050013623963 41.865000000000002 0.077205035527425331 0.025650000000000003 2 68.15000000000002 67.15000000000002 3 5.8150000000000004 0.58152332361707948 0.0061218294657312475 66.25500000000001 4 2.3550000000000009 0.11767093200916733 6.8150000000000004 3.6274906723823137 0.034999999999999705 1123.5000000000002 10.275000000000004 255.50000000000003 45.475000000000009 0.056943324042849582 1196.5000000000002
decision_type=2 2 1 1 2 2 2 2 2 2 1 2 2 1 2 2 2 2 1 2 2 2 2 2 2 2 2 2 2 2
left_child=-1 9 4 28 6 18 7 8 -3 10 13 12 17 14 -2 19 -17 -12 -6 20 -15 22 23 25 -25 -5 -10 -16 -4 -30
right_child=1 2 3 21 5 -7 -8 -9 26 -11 11 -13 -14 15 27 16 -18 -19 -20 -21 -22 -23 -24 24 -26 -27 -28 -29 29 -31
leaf_value=-0.045279354146433713 0.014315288610393998 0.043360724962699521 0.026704904349063655 -0.017317937538464102 0.016140908807215842 0.03909197401047023 -0.090143333177802723 -0.028545352257472806 0.017343732256746441 0.00026103171545251489 -0.012561854573464176 -0.050823371964615942 0.050615331903626694 -0.005117180691802406 -0.033485159735893104 0.083812393467075363 0.016246709170707276 0.046187034510594277 -0.028873049078652204 -0.07348065995180228 0.078969670404788112 -0.042249559185921048 0.064534990283911728 0.014634667827798207 -0.061052438481065445 -0.066279182253136823 -0.053395900196873694 0.041105004941663859 -0.01956687421053465 0.076631934438557203
leaf_weight=9.6282398478288069 22.865564286868903 31.874772407696582 21.796649274881929 17.577568863314809 8.0645013728644681 6.9527226096251971 1.7359310667961825 8.2619507235940528 26.844836965639846 43930.917462183432 269.9309589459881 15.673451293259857 7.7158228475600472 42.369956373557216 39.595811369712465 4.7395673874998456 75.700786760891788 5.5242997151799491 34.049795022321632 3.6071910029277197 3.2288254746235898 48.120764948092983 3.8966619595885268 21.587179845111681 5.5941626420244566 14.504765289369969 4.1933096275315611 3.4784390227869144 26.624044540571052 2.6222215229645363
leaf_count=6502 1802 298 404 380 99 100 12 102 454 530345 14490 100 35 3023 950 108 1931 38 536 57 25 900 15 325 68 114 99 62 343 23
internal_value=0.0001285 0.000138278 -0.00804753 -0.0163118 0.00396275 -0.014439 0.0168902 0.0195007 0.0258102 0.000190664 -0.00606163 -0.0114677 -0.00969429 0.00264933 -0.0112663 0.010027 0.0202277 -0.0113836 -0.0232765 -0.00461111 0.000836964 -0.0253378 -0.0164647 -0.0217905 -0.000942414 -0.0394538 0.00778668 -0.0274617 0.00429327 -0.0109417
internal_weight=44719.3 44709.6 284.302 162.324 121.978 49.067 72.9108 71.1749 62.9129 44425.3 494.431 298.845 283.171 195.586 65.9398 129.646 80.4404 275.455 42.1143 49.206 45.5988 111.281 63.1603 59.2637 27.1813 32.0823 31.0381 43.0743 51.0429 29.2463
internal_count=563740 557238 4272 2572 1700 735 965 953 851 552966 22621 14663 14563 7958 2814 5144 2039 14528 635 3105 3048 1802 902 887 393 494 553 1012 770 366
cat_boundaries=0 1 2 3 4 5
cat_threshold=154186 613506 65792 133556 25616
is_linear=0
shrinkage=0.05


Tree=170
num_leaves=31
num_cat=1
split_feature=56 46 28 50 29 17 46 8 30 32 24 30 46 21 36 68 70 70 58 24 31 61 58 17 51 1 41 28 5 51
split_gain=9.04754 9.86267 11.1742 10.8705 10.6398 10.9037 9.15957 14.0571 14.3377 16.2219 13.3775 12.5256 11.4127 9.9052 11.9015 15.5354 13.8812 10.3095 13.2351 12.9807 11.8154 12.3754 12.373 12.3442 11.4167 11.012 10.454 12.6249 13.8226 12.2477
threshold=-2.0549999999999993 0.19158375994075796 3.9166666666666674 185.00000000000003 0.02 2.9050000000000007 0.31132741158890925 0 0.092500000000000041 15.450000000000001 0.026884051888947956 0.17750000000000007 0.3510933835305548 0.068545816173355825 0.68240016773576129 0.054500000000000007 25.980000000000004 26.380000000000003 -2.9142135623730945 0.11545193429674179 0.076035919138845748 3.5000000000000004 3.2677669529663693 5.6950000000000012 0.2752525252525253 0.045000000000000005 -0.037222222222222261 3.4500000000000006 44.875000000000007 0.094788858939802351
decision_type=2 2 2 2 2 2 2 1 2 2 2 2 2 2 2 2 2 2 2 2 2 2 2 2 2 2 2 2 2 2
left_child=1 3 -3 4 5 -1 -2 8 9 10 -8 13 -13 17 15 -15 -16 25 19 -19 21 23 -22 -20 -23 -9 -25 28 29 -28
right_child=6 2 -4 -5 -6 -7 7 11 -10 -11 -12 12 -14 14 16 -17 -18 18 20 -21 22 24 -24 26 -26 -27 27 -29 -30 -31
leaf_value=-0.03205513490253542 -0.00021105074657613894 -0.00059653960348424054 0.06386462859343911 -0.032814753221458708 -0.024399045251440286 0.0042218629947163135 -0.028108266330475459 -0.0046827832345714892 0.021056697637752111 -0.010439250288233507 0.069844473624768547 0.019122730752738824 -0.043752371093086363 0.029697280160378411 0.010644078309196416 0.0027345969127523747 0.035798033294994348 -0.028668971273667101 -0.083066467663706359 0.070456740867236606 -0.099874785006217492 0.014413621673907494 0.0097173348006030728 -0.02679354157317301 -0.084185985832158972 0.015124480349666514 0.015054157931920834 0.022557134221568992 -0.050929471399767973 -0.034406511412980754
leaf_weight=23.959665321483044 42294.736481004882 24.369887847453356 9.2841893844306451 49.244535820267629 64.634045193204656 152.87590671598446 4.9955066200345781 103.16137754404917 47.290708896005526 353.98013910884038 11.532518221531062 10.411318248836322 23.524910413194448 60.67398751154542 156.71276597888209 447.08485946431756 84.37867989577353 63.417008063290268 5.151176691055297 3.484117178246378 5.8383214194327575 155.44556909566745 4.6083821272477508 39.868131100200117 2.9923323830589643 219.42367542511784 43.814475575927645 48.609683935996145 16.258062964305282 17.521481608971953
leaf_count=533 543346 231 72 782 1097 1760 42 870 392 2991 53 99 228 665 1006 3898 479 545 33 20 26 1256 21 317 36 1768 296 429 106 138
internal_value=-0.000118355 -0.00843847 0.0171864 -0.0114049 -0.00703864 -0.000693351 -5.7331e-05 0.00331103 -0.00475558 -0.00817855 0.0402388 0.0055343 -0.0244629 0.00626029 0.0102999 0.00595647 0.0194476 0.00211403 -0.00317733 -0.0235066 0.000821565 0.00248055 -0.0515301 -0.00683834 0.0125514 0.0087902 -0.00447391 0.00257693 -0.00993991 0.00092502
internal_weight=44549.3 324.368 33.6541 290.714 241.47 176.836 44224.9 1930.18 417.799 370.508 16.528 1512.38 33.9362 1478.44 748.85 507.759 241.091 729.594 407.009 66.9011 340.108 329.661 10.4467 171.223 158.438 322.585 166.072 126.204 77.594 61.336
internal_count=563535 4475 303 4172 3390 2293 559060 15714 3478 3086 95 12236 327 11909 6048 4563 1485 5861 3223 565 2658 2611 47 1319 1292 2638 1286 969 540 434
cat_boundaries=0 1
cat_threshold=165897
is_linear=0
shrinkage=0.05


Tree=171
num_leaves=31
num_cat=6
split_feature=17 46 67 8 11 17 32 70 5 28 35 21 21 15 32 66 6 8 0 65 22 0 21 67 44 35 22 6 8 50
split_gain=9.01484 8.59483 16.0335 12.1714 11.7736 12.4527 11.761 11.2098 10.5566 13.8059 11.7859 9.8133 9.75572 9.66862 16.1435 13.5135 10.2531 10.749 10.9888 10.6027 11.9207 9.85064 9.49581 18.8817 11.9371 12.4876 10.328 13.1992 16.0767 13.236
threshold=2.1150000000000007 0.28801175606171936 0 1 54.150000000000013 7.1450000000000005 11.65 27.420000000000005 22.255000000000003 2.8166666666666669 -0.045833333333333386 0.075891209966621714 0.085533853591043582 2 24.750000000000004 0.096415644418090418 40.920000000000009 3 6.955000000000001 2.1617128350295434 0.99542110826777142 6.7350000000000012 0.067799280998559378 4 0.37860998836005028 0.051666666666666312 0.35815615468449413 35.925000000000004 5 267.50000000000006
decision_type=2 2 1 1 2 2 2 2 2 2 2 2 2 1 2 2 2 1 2 2 2 2 2 1 2 2 2 2 1 2
left_child=-1 11 3 6 12 13 -3 -7 9 10 -4 -2 -5 -6 15 -15 17 18 19 -16 -21 -18 23 24 25 -10 -24 -28 -29 -30
right_child=1 2 8 4 5 7 -8 -9 22 -11 -12 -13 -14 14 16 -17 21 -19 -20 20 -22 -23 26 -25 -26 -27 27 28 29 -31
leaf_value=-0.021281615494957717 -0.00082234960633703407 0.072607288218665439 0.043878359482995802 0.010490658791886022 -0.02044770421734865 0.040736838589159656 0.0047656248374053356 -0.0051961626002009582 -0.0070031207734801071 0.030773789299588922 -0.01546632078096785 0.00071906836109298668 -0.058597237628127713 -0.049330259873779002 0.036956352271201469 0.038563096124949132 -0.075586611915091431 -0.016483963855710809 -0.03294099850860463 0.0052622613650629597 -0.099887779062217075 -0.016817572444840636 0.0037861232711908308 -0.005957594759767584 0.032805366201136166 0.054869385855389224 0.02377526865815598 0.032050427393893112 -0.026045293646234965 0.016701697537448941
leaf_weight=49.835304307831393 24302.942866357174 6.5231274878606191 10.768198987469075 123.54397338326089 186.15358210261911 22.179417922627181 309.341490725521 33.113949250429869 55.704321596305817 92.210361188394018 37.509386015124619 17953.426537318315 5.3301495732739559 5.1052767420187584 29.229492738842964 30.495339029468596 10.699135009199379 108.29445786960423 15.951807408593593 62.652007012162358 2.816572453826665 21.376077155116946 438.91870328097139 376.1331252916716 61.116482800804079 9.5535867246799153 188.15061148395762 21.127364106476307 51.18894496653229 28.021644411841407
leaf_count=13826 287798 33 63 1292 1344 134 2428 231 498 791 367 242862 81 30 204 178 84 876 136 486 17 203 4867 3263 376 95 866 91 270 130
internal_value=-2.77485e-05 -3.99954e-06 0.00294357 -0.00197272 -0.00582755 -0.00922299 0.00597743 0.0132286 0.00640117 0.0194324 -0.00222963 -0.000167449 0.00763323 -0.0118488 -0.00536349 0.0259588 -0.0100194 -0.00615163 0.00499874 0.0119175 0.000738523 -0.0364208 0.00496471 -0.000321151 0.0156851 0.00205485 0.00861629 0.0159651 0.00131977 -0.00969865
internal_weight=44649.4 44599.6 2343.21 972.806 656.941 528.067 315.865 55.2934 1370.4 140.488 48.2776 42256.4 128.874 472.774 286.62 35.6006 251.02 218.944 110.65 94.6981 65.4686 32.0752 1229.91 502.508 126.374 65.2579 727.407 288.489 100.338 79.2106
internal_count=563920 550094 19434 7757 5296 3923 2461 365 11677 1221 430 530660 1373 3558 2214 208 2006 1719 843 707 503 287 10456 4232 969 593 6224 1357 491 400
cat_boundaries=0 1 2 3 4 5 6
cat_threshold=2885069 61606 25 3648 1056770 131075
is_linear=0
shrinkage=0.05


Tree=172
num_leaves=31
num_cat=1
split_feature=71 5 56 0 21 13 24 70 50 0 6 15 35 40 5 0 61 24 22 59 65 30 28 65 31 7 70 36 3 32
split_gain=12.1012 11.8999 10.8058 12.3685 10.3636 10.2592 10.1386 9.80099 9.69364 9.43955 9.37534 11.0374 12.6151 8.93553 13.9756 11.0747 13.469 12.8749 13.0373 11.9106 8.92698 8.83739 12.3055 12.3673 10.0432 12.3278 12.6602 11.549 15.4237 12.1291
threshold=0.69900718380486249 43.605000000000011 -0.64499999999999991 6.6050000000000013 0.081472161244482547 0.17500000000000002 0.12630175413250508 18.285 1150.0000000000002 7.1550000000000011 31.335000000000004 0 0.08666666666666735 -0.015000000000000123 45.475000000000009 6.8750000000000009 2.5000000000000004 0.11084134348179654 0.31178161823342304 0.19500000000000003 2.8238985970957429 -0.027499999999999993 1.1833333333333336 3.0909527878658412 0.038277869569043159 53.500000000000007 29.020000000000003 -0.29991573799307147 5.4850000000000012 15.450000000000001
decision_type=2 2 2 2 2 2 2 2 2 2 2 1 2 2 2 2 2 2 2 2 2 2 2 2 2 2 2 2 2 2
left_child=1 2 3 4 -1 -6 8 -8 10 -2 11 13 -13 14 -3 16 17 18 -15 -17 -20 22 23 -5 -23 27 -27 -26 29 -29
right_child=9 6 -4 21 5 -7 7 -9 -10 -11 -12 12 -14 15 -16 19 -18 -19 20 -21 -22 24 -24 -25 25 26 -28 28 -30 -31
leaf_value=-0.024332494855514891 0.0018329503035254581 0.015221855613159741 -0.00015663951181920611 -0.03505770486344096 0.032497702083046046 -0.024377664095691795 -0.0035835643568694628 0.033367433691985367 -0.083314890855064175 0.024488040233909658 0.0037554991727411797 -0.0053591625661821227 0.041768267041834103 0.0057959291201813822 -0.010389752612125592 -0.0087587759113143242 -0.039571900734525656 -0.068831258864450018 0.022365573631385104 0.045904250122865892 0.054716341982976369 -0.0044486300098738702 0.00074045791904661629 0.028769015574096481 -0.015041819965167914 0.015086182483145999 -0.049059942246593505 0.075041154563560197 0.0059826049299369693 -0.026941934845414173
leaf_weight=109.19611482252367 6688.6465282065328 74.027394336211728 26350.48903055417 42.966876334510744 18.336848534760065 13.96870938898064 28.055484739132226 49.799924612510949 3.339183783857151 46.297277256031521 2605.0713156609636 919.10652396794467 14.422683247190433 115.55090756108984 189.90574009850388 110.39055683283368 11.089761878611169 4.325069297105073 110.83312945091166 10.954004715400513 26.404567204415798 3743.0713219959725 2582.5902709811344 9.2176100667566043 129.28615879861172 192.17308585345745 8.0127538628876191 3.0759655795991412 356.86160803912207 55.887673596735112
leaf_count=994 75147 854 346249 435 150 192 236 303 31 404 30216 11183 225 2106 2183 1343 153 43 745 279 116 55916 29566 50 1021 1108 45 12 1840 464
internal_value=3.57465e-05 -0.000311403 -0.00062734 -0.00233468 -0.0169725 0.00790517 0.00217387 0.020052 0.00184211 0.00198869 0.00190994 -0.00111955 -0.00458198 0.00383809 -0.00320626 0.00870942 0.0143801 0.0167071 0.0181706 -0.00382424 0.0285899 -0.0020439 0.000254732 -0.0237837 -0.00339324 0.00190718 0.0125186 -0.00198975 0.00206833 -0.0216218
internal_weight=44623.4 37888.4 33615.1 7264.64 141.502 32.3056 4273.28 77.8554 4195.42 6734.94 4192.08 1587.01 933.529 653.481 263.933 389.548 268.203 257.114 252.789 121.345 137.238 7123.14 2634.77 52.1845 4488.37 745.297 200.186 545.111 415.825 58.9636
internal_count=563609 488058 438042 91793 1336 342 50016 539 49477 75551 49446 19230 11408 7822 3037 4785 3163 3010 2967 1622 861 90457 30051 485 60406 4490 1153 3337 2316 476
cat_boundaries=0 1
cat_threshold=452
is_linear=0
shrinkage=0.05


Tree=173
num_leaves=31
num_cat=5
split_feature=71 13 0 21 71 67 48 41 67 40 67 9 6 5 60 55 56 6 66 66 5 71 21 15 29 30 51 67 56 0
split_gain=8.55465 10.2134 11.1458 10.2092 14.3869 15.0723 12.0754 9.88523 18.9492 14.0084 14.5183 12.5049 12.4622 12.4643 11.2868 10.1203 11.9613 9.98608 10.9465 11.7612 10.6902 9.80483 12.5281 10.7786 18.2764 11.1179 10.6277 10.3185 10.3395 10.1216
threshold=-0.39099281619513743 0.22500000000000003 7.0450000000000008 0.096751620319401668 -1.3109928161951372 0 1.4501350604702561 -0.066031688437349065 1 -0.024999999999999908 2 1857.0000000000002 23.905000000000005 41.965000000000011 0.055 -3.9166666666666674 -0.28999999999999976 30.020000000000003 0.28517373633293269 0.15709536769402849 29.305000000000003 -0.030992816195138048 0.092492790957138041 3 -0.16499999999999995 0.27250000000000013 0.057148040638606686 4 0.044999999999999936 6.5850000000000009
decision_type=2 2 2 2 2 1 2 2 1 2 1 2 2 2 2 2 2 2 2 2 2 2 2 1 2 2 2 1 2 2
left_child=3 7 -3 -1 5 6 -5 8 14 10 -9 15 -13 -14 -2 16 17 20 19 -19 -10 27 23 29 26 -26 -25 28 -12 -23
right_child=1 2 -4 4 -6 -7 -8 9 11 -11 21 12 13 -15 -16 -17 -18 18 -20 -21 -22 22 -24 24 25 -27 -28 -29 -30 -31
leaf_value=-0.0015471422897344737 0.0060813372185237954 -0.026332266593028942 0.061016432909129406 -0.0060419093267769543 0.020320443167238272 -0.032401288295804631 0.062990728453482844 -0.0044891154592262726 0.016926357771726443 0.00072796735349300672 -0.0046685026333617213 0.044947194636743147 -0.042364344350141497 0.042662667871892074 -0.046716109061970192 0.0009695490882070828 -0.030356662412693206 0.0086958561854604387 0.042077549067093968 -0.047287849425172931 -0.049342041283682352 0.045703593623478991 0.026269951494908322 -0.048728946993482812 -0.0019664892917105829 0.059603872230319557 -0.00081985163350022431 -0.0072923952815351833 0.0076365663383515846 0.0025370625127709469
leaf_weight=9179.4052424167458 2280.8063844071003 54.610680361642153 3.9138055439107111 16.766368459480876 119.36214013188874 24.625720015123079 10.181756842881439 2989.4503411224287 9.085388542152943 20273.279314028958 370.70528340307646 5.7386874654330304 40.328238893300295 4.8259368436411014 10.167545676522421 4009.8807954432705 56.529990484123118 45.342298348696204 17.73396581504494 11.828816451132296 18.432642864761874 13.653326958883552 49.041186939633917 33.359070099424571 1299.1622792709677 7.3735696421936145 17.726738949073479 826.7676458509668 316.43892739119474 2523.33313555528
leaf_count=140095 24916 2994 174 1707 4230 2119 48 34462 92 249096 4334 36 313 36 397 41076 632 549 100 86 235 82 574 348 14577 56 173 9775 3525 26772
internal_value=2.29935e-05 0.000379281 -0.0204909 -0.00132169 0.0107855 -0.0112821 0.0146166 0.00041395 0.00217301 1.51817e-05 -0.00169554 0.000177901 -0.0244564 -0.0332769 0.00582161 0.000479061 -0.0118944 -0.00170459 0.00775825 -0.00288728 -0.0274628 -0.000156813 0.00115598 0.000839745 -0.00274592 -0.00161901 -0.0321045 -0.0035776 0.000983826 0.0027585
internal_weight=44639.9 35289.5 58.5245 9350.34 170.936 51.5738 26.9481 35231 6510.7 28720.3 8447.01 4219.73 50.8929 45.1542 2290.97 4168.83 158.953 102.423 74.9051 57.1711 27.518 5457.56 3943.65 3894.61 1357.62 1306.54 51.0858 1513.91 687.144 2536.99
internal_count=563609 415410 3168 148199 8104 3874 1755 412242 68468 343774 94678 43155 385 349 25313 42770 1694 1062 735 635 327 60216 42582 42008 15154 14633 521 17634 7859 26854
cat_boundaries=0 1 2 3 4 5
cat_threshold=14528001 8860480 2794769 313 1316906
is_linear=0
shrinkage=0.05


Tree=174
num_leaves=31
num_cat=6
split_feature=29 40 30 67 46 46 8 68 14 56 12 67 8 11 58 67 41 7 28 65 6 3 41 33 9 44 30 15 20 30
split_gain=9.76038 8.71198 10.5966 16.1818 16.5866 13.252 11.3369 13.6599 14.5822 13.7462 11.1329 15.3104 11.5479 11.3919 11.1078 11.465 13.6528 10.9542 10.5055 10.4306 12.7971 11.3122 10.8626 12.2984 10.8455 11.3021 12.1487 10.3246 13.915 11.1278
threshold=-0.55499999999999983 0.020000000000000021 0.059999999999999998 0 0.047861094964369529 0.065956723688682467 1 0.15795000000000001 6.5000000000000009 1.2050000000000005 12.250000000000002 2 3 34.550000000000004 -2.9142135623730945 4 -0.1203846153846153 60.500000000000007 1.4500000000000002 3.0554348902962269 30.535000000000004 5.5050000000000008 -0.041333333333333659 0.84391101850717021 1402.5000000000002 0.36873803807614719 0.080000000000000043 5 18.100000000000005 0.12750000000000009
decision_type=2 2 2 1 2 2 1 2 2 2 2 1 1 2 2 1 2 2 2 2 2 2 2 2 2 2 2 1 2 2
left_child=-1 2 -2 -4 6 -6 14 27 9 17 13 19 18 -7 -5 16 -16 -9 -13 21 24 22 23 -12 25 26 -21 28 29 -8
right_child=1 -3 3 4 5 10 7 8 -10 -11 11 12 -14 -15 15 -17 -18 -19 -20 20 -22 -23 -24 -25 -26 -27 -28 -29 -30 -31
leaf_value=-0.045805472490196814 -0.00087721832283495921 0.00098067408971111436 0.0054544164614862356 0.033199330382501752 -0.0211323949760173 0.015402233445507927 -0.045991884607917727 -0.0057956585658170516 -0.073049056214712901 -0.046479396917521648 0.082123644879101301 -0.06126739757858906 -0.017745309511751284 -0.017505215434818585 0.042301619344454706 0.0084612764321154998 -0.023997888755154722 0.069771329479554625 0.0039206713257716871 0.040773777672236902 -0.016950892741392148 0.025137186960552178 -0.032267574657788192 -0.016529541131742979 0.077410050757423257 0.063466979189327893 -0.034060192431274131 0.00062210335791378817 0.032279815444228428 0.030822277818603694
leaf_weight=11.620503956102764 24912.779274024306 15526.552143982532 1771.2271224366668 40.049630045919912 127.06565410355688 30.380413853854407 11.947823113674533 325.30849763687002 8.6061703287996334 20.916645525023341 5.6762934830039757 6.4168350771069518 135.59117539110593 195.78468557528686 9.0245266121928562 498.48076567339012 55.636942667944822 4.867509967647492 167.79045039881021 8.20311126671732 62.184599498752505 116.33735242299736 19.164105543866754 7.1238936916925013 6.7405783105641595 6.9917965140193692 16.005046031437814 458.10247358377092 64.724272446081159 7.7882009942841242
leaf_count=129 301056 208741 23056 390 2220 880 370 2345 70 138 27 40 1518 3427 79 6265 928 20 1640 65 530 835 269 124 36 43 149 7356 790 151
internal_value=1.23357e-05 2.42661e-05 -0.000486017 0.00184101 -0.00082622 -0.00615298 0.00239331 -0.00117903 -0.00874796 -0.00717177 -0.00372643 6.51258e-05 -0.00725098 -0.0130848 0.00762991 0.00594695 -0.0127699 -0.00468164 0.00143701 0.00911363 -0.00298837 0.0178988 -0.00844617 0.0272186 0.0198962 0.00747069 -0.00870215 0.00381715 0.0188421 -0.0156796
internal_weight=44639.1 44627.5 29100.9 4188.14 2416.91 911.456 1505.45 902.262 359.699 351.093 784.39 558.225 309.798 226.165 603.192 563.142 64.6615 330.176 174.207 248.427 100.125 148.302 31.9643 12.8002 37.9405 31.2 24.2082 542.563 84.4603 19.736
internal_count=563687 563558 354817 53761 30705 11803 18902 11240 2573 2503 9583 5276 3198 4307 7662 7272 1007 2365 1680 2078 823 1255 420 151 293 257 214 8667 1311 521
cat_boundaries=0 1 2 3 4 5 6
cat_threshold=15814693 103523 10834 92697 524800 16
is_linear=0
shrinkage=0.05


Tree=175
num_leaves=31
num_cat=10
split_feature=1 40 56 8 67 68 8 67 67 8 61 37 70 32 32 34 55 67 37 68 50 50 8 71 67 40 40 8 40 57
split_gain=9.12101 10.85 15.1675 13.0848 12.2556 10.2926 9.76812 12.409 11.5189 11.4439 13.4096 12.5104 10.6068 9.65607 11.7865 9.50656 15.7111 16.0178 12.4616 17.3184 13.954 13.6769 12.5327 13.6529 12.3484 11.6291 17.2934 11.2154 12.0262 11.69
threshold=0.095000000000000015 -0.060000000000000046 -0.63999999999999913 0 1 0.025650000000000003 2 3 4 5 5.5000000000000009 5.5000000000000009 24.820000000000004 42.750000000000007 40.050000000000004 0.044999999999999936 1.9166666666666681 6 2.5000000000000004 0.14475000000000002 511.50000000000006 267.50000000000006 7 0.32900718380486232 8 0.27000000000000007 0.21500000000000033 9 -0.090000000000000288 -1.0000000180025095e-35
decision_type=2 2 2 1 1 2 1 1 1 1 2 2 2 2 2 2 2 1 2 2 2 2 1 2 1 2 2 1 2 2
left_child=15 4 3 -3 -2 -4 7 9 12 11 13 -7 -8 14 -11 -1 17 25 19 -19 21 22 -21 -24 27 26 -17 28 -18 -30
right_child=1 2 5 -5 -6 6 8 -9 -10 10 -12 -13 -14 -15 -16 16 24 18 -20 20 -22 -23 23 -25 -26 -27 -28 -29 29 -31
leaf_value=0.00036849144111323218 0.0022966714276489485 0.0041952975010657719 -0.011915179966883835 -0.0028675765701366026 -0.003317008913308626 -0.0036802286516995283 0.0028164819938266096 0.0061074696895473965 -0.00027146739778980436 -0.00048491331990071639 0.01271476086642667 -0.03317464135035475 0.013670717156811417 0.0064122326049980034 -0.023081555311325996 -0.0030794059417869699 0.031207389186668318 0.0016706018432370918 0.001731447725641823 0.0002694735693646553 0.029087949540486959 -0.048261164842191506 -0.031027527893184578 -0.00091475542924474452 -0.0078489057239852309 0.029391270287245436 -0.037409106177852612 -0.0059116729315185712 0.01300777016420411 -0.0045423267425911086
leaf_weight=13170.801233194608 1492.0103355398751 842.65470717880817 123.05220530456427 2841.454289680798 2755.8780205501607 320.83700143767055 1078.9966228413323 3209.0933770415868 3957.2674344566185 969.85400159194251 289.81376386075135 40.489866901902133 284.39880568813533 542.28250874110381 61.358969709748635 3918.8583295724602 40.895122910325881 434.8070360962447 5469.2646571550649 127.68024817854166 18.435970731079578 29.237783892313018 121.51869137457106 54.533419135492295 1540.1411544994771 27.222554973675869 37.030874003161443 442.55849232109904 161.73039581671765 229.5675943105889
leaf_count=142611 18979 10420 6543 35599 30224 3943 13934 41620 52278 13600 3937 868 2491 6891 999 57703 478 5611 75654 997 115 222 975 459 22694 310 533 7321 2240 3731
internal_value=3.81969e-05 0.0008757 0.0015243 -0.0012485 -0.00134769 0.00246343 0.00262795 0.00411705 0.00109741 0.00123135 0.00281619 -0.00679722 0.00504364 0.00101093 -0.00182945 -0.000571809 -0.00155055 -0.0006949 0.000883914 -0.00500068 -0.0132553 -0.0155998 -0.0124557 -0.0205335 -0.00517832 -0.00316869 -0.00340076 -0.000382217 0.0052855 0.00271144
internal_weight=44633.7 18809.4 14561.6 3684.11 4247.89 10877.4 10754.4 5433.73 5320.66 2224.64 1863.31 361.327 1363.4 1573.5 1031.21 25824.3 12653.5 10238.6 6255.48 786.213 351.406 332.97 303.732 176.052 2414.89 3983.11 3955.89 874.752 432.193 391.298
internal_count=563980 242326 193123 46019 49203 147104 140561 71858 68703 30238 25427 4811 16425 21490 14599 321654 179043 142579 84033 8379 2768 2653 2431 1434 36464 58546 58236 13770 6449 5971
cat_boundaries=0 1 2 3 4 5 6 7 8 9 10
cat_threshold=100485 13570824 178730 13070384 6448130 4104 14614818 102842 12837248 66531
is_linear=0
shrinkage=0.05


Tree=176
num_leaves=31
num_cat=5
split_feature=56 9 67 8 4 22 5 3 4 31 64 22 31 57 9 0 51 4 21 8 22 60 17 15 35 67 55 60 51 65
split_gain=8.99383 14.2143 17.9288 13.1895 12.9578 12.4475 13.0123 12.6842 16.7679 14.7901 17.1733 12.3087 11.6794 12.7224 16.1912 13.054 12.5093 17.7259 11.5648 12.3183 15.5188 10.4208 10.3689 10.3393 15.0558 15.1956 12.4935 12.781 13.1859 11.3301
threshold=0.35500000000000004 868.50000000000011 0 1 12.080000000000002 0.49363392844465254 8.7600000000000016 7.0050000000000008 38.025000000000013 0.039546537310618891 18.755000000000006 0.054462291851959665 0.050658980663980079 -1.2071067811865472 168.50000000000003 6.8650000000000011 0.03883861236802414 20.320000000000004 0.063605545157726859 2 0.44831082245866843 -0.019999999999999973 3.9950000000000006 3 -0.078333333333332686 4 4.583333333333333 -0.024999999999999991 0.15620915032679741 0.29329242247880721
decision_type=2 2 1 1 2 2 2 2 2 2 2 2 2 2 2 2 2 2 2 1 2 2 2 1 2 1 2 2 2 2
left_child=-1 3 5 4 22 6 -3 8 9 -7 -11 -4 -5 -14 15 16 17 -15 -8 20 -20 -9 -2 29 -25 -26 27 -27 -29 -6
right_child=1 2 11 12 23 7 18 21 -10 10 -12 -13 13 14 -16 -17 -18 -19 19 -21 -22 -23 -24 24 25 26 -28 28 -30 -31
leaf_value=-0.0004060864192119804 0.0031220310330357624 -0.02441456429934688 -0.007090631589666602 0.0037529349412141486 -0.00084216343212352657 -0.011874875588112375 0.011906046897652144 -0.10260730282655302 0.0020221210233004666 -0.063713445695729662 0.0034471150290662708 0.0020885027191084133 -0.0041366409499708724 0.058291954697617589 0.026174064497474975 -0.069775557783004746 0.046226272649027157 -0.054826729434225868 0.0011393570190508843 -0.006178608034298789 0.033529736562238781 -0.015454904405110388 -0.029168749735483803 0.027589907273478254 0.0038090400331926956 0.0098685632387362134 0.027591074026220776 -0.018828596249542445 -0.082632728930401356 0.022028198375081545
leaf_weight=32338.962956690008 37.548980958716129 60.764992155367509 394.89018958501401 3693.7305179637224 121.48000925523229 315.36097320052795 159.89774841896724 6.6588990390300751 213.17477374128066 30.45987992733717 13.844847831875084 4859.7307226524572 71.393215849995613 4.8661850052885773 182.69751916453242 7.4140914203599086 11.046312310732899 12.01204101461917 528.71481383655919 818.35128418443492 39.761022024787962 7.0731874010525626 73.572487390774768 35.749395625200123 223.84914700000081 38.770187086658552 16.99635365861468 215.91163679747842 8.4130550975678471 97.711499611963518
leaf_count=398357 2469 1127 17907 54374 1284 2056 1598 23 1920 141 59 50931 468 43 1041 50 61 63 8269 12320 149 100 1274 244 2767 327 260 2850 96 1387
internal_value=3.16355e-05 0.00118231 -0.000189577 0.00328791 -0.00228474 -0.00397522 -0.00171839 -0.0102278 -0.00908942 -0.0156753 -0.0427263 0.00139602 0.00449953 0.0141831 0.0201816 -0.0107988 0.00485982 -0.0222133 -0.000826738 -0.0022948 0.00334599 -0.0577164 -0.0182574 2.39992e-05 -0.00369643 -0.00598922 -0.0134749 -0.01664 -0.0212215 0.00894493
internal_weight=44640.8 12301.8 7448.68 4853.16 870.003 2194.06 1607.49 586.573 572.84 359.666 44.3047 5254.62 3983.16 289.429 218.036 35.3386 27.9245 16.8782 1546.72 1386.83 568.476 13.7321 111.121 758.881 539.69 503.94 280.091 263.095 224.325 219.192
internal_count=564015 165658 96600 69058 12958 27762 23463 4299 4176 2256 200 68838 56100 1726 1258 217 167 106 22336 20738 8418 123 3743 9215 6544 6300 3533 3273 2946 2671
cat_boundaries=0 1 2 3 4 5
cat_threshold=1099914 419 235913 5 4617258
is_linear=0
shrinkage=0.05


Tree=177
num_leaves=31
num_cat=8
split_feature=22 11 26 67 44 67 18 8 67 70 64 30 3 22 40 67 31 64 67 8 28 11 1 29 3 29 44 8 64 22
split_gain=7.06156 10.6304 13.2466 13.5575 12.7326 20.6956 16.881 15.384 14.4821 14.0041 13.6188 15.7947 13.2427 11.6498 14.3918 19.4443 17.5976 12.7723 17.3686 18.7555 17.3815 12.5158 12.8704 12.8626 12.3667 12.2585 14.2252 12.2557 13.2484 11.5154
threshold=0.25535429025034145 54.150000000000013 0.069799922047551005 0 0.17132829588997392 1 4.5500000000000007 2 3 18.465000000000007 17.885000000000005 -0.074999999999999956 5.8650000000000011 0.49363392844465254 -0.15499999999999978 4 0.063920233497439402 11.845000000000004 5 6 4.4500000000000011 66.550000000000011 0.12500000000000003 0.15500000000000005 5.995000000000001 0.13500000000000004 0.084595421748333802 7 7.8450000000000015 0.4755122212658523
decision_type=2 2 2 1 2 1 2 1 1 2 2 2 2 2 2 1 2 2 1 1 2 2 2 2 2 2 2 1 2 2
left_child=-1 2 4 -4 10 9 -7 -8 -9 12 -2 -12 -6 14 15 16 27 18 29 20 -20 22 -17 -24 -22 -15 -27 -3 -29 -16
right_child=1 13 3 -5 5 6 7 8 -10 -11 11 -13 -14 25 17 21 -18 -19 19 -21 24 -23 23 -25 -26 26 -28 28 -30 -31
leaf_value=-0.00068994502653463752 -2.7341163402016809e-06 -0.018459727128952344 0.02533356889291502 0.0029035018128392019 -0.009712446500486048 0.050552991873814596 0.015020310949799408 -0.014325137531527253 0.0083550625355010254 -0.038627481645392869 -0.056705582434354029 0.018525942571898522 0.035559101700554166 -0.0010861739848679482 -0.01278053856918007 -0.014657998742657436 -0.057680977381592363 0.0028721402337952137 -0.0086681562518023218 0.0036213919661170022 -0.0023616783132788437 -0.025325047671010778 0.027248412936831824 -0.057690627736875347 0.054371551013036978 0.029843162412437292 0.0028001246452201735 -0.03406376093635631 0.01825563216902237 0.02224354211846551
leaf_weight=17077.134408287187 3198.506843666546 28.256812522187829 118.40199779625982 164.28672640444711 91.664784906432033 25.794911234639585 445.0030351576861 101.45305211469531 181.01384261064231 33.456033436581492 7.3156841248273841 150.57145184744149 19.608994867652655 12231.206747990742 391.61747479857877 100.88057348132133 10.561798634007571 7386.5711475689895 604.70013767667115 1525.4714962951839 19.205100305378437 151.41176660358906 39.402234686538577 5.0255882053170344 19.216819344088435 67.056757888756692 176.94288317020983 13.120114110410212 155.59642708161846 24.964622836560011
leaf_count=379065 23359 170 603 949 639 112 2496 680 1030 200 42 588 87 96389 2733 599 48 36782 3888 9708 152 742 195 33 100 298 856 90 700 119
internal_value=0.000108578 0.000604662 0.00281616 0.013297 0.00211974 0.00740797 0.0106616 0.00939371 -2.21461e-06 -0.00959953 0.000704891 0.0150401 -0.00173456 0.000167485 0.00139677 -0.00684442 0.00495628 0.00181351 -0.00121128 0.000605161 -0.00649518 -0.0147675 -0.00478285 0.0176403 0.0260136 -0.000864801 0.0102322 0.00856654 0.0133932 -0.0104312
internal_weight=44565.4 27488.3 4537.08 282.689 4254.39 897.995 753.265 727.47 282.467 144.73 3356.39 157.887 111.274 22951.2 10476 504.255 207.535 9971.75 2585.18 2168.59 643.122 296.72 145.308 44.4278 38.4219 12475.2 244 196.973 168.717 416.582
internal_count=563452 184387 30785 1552 29233 5244 4318 4206 1710 926 23989 630 726 153602 56059 2577 1008 53482 16700 13848 4140 1569 827 228 252 97543 1154 960 790 2852
cat_boundaries=0 1 2 3 4 5 6 7 8
cat_threshold=2197075 10889216 140858 5277444 7536948 69904 71049 4296
is_linear=0
shrinkage=0.05


Tree=178
num_leaves=31
num_cat=4
split_feature=56 46 6 67 22 35 67 1 27 28 40 22 18 18 11 70 27 21 8 66 66 57 56 70 15 63 11 65 28 22
split_gain=8.54847 10.0637 8.0916 7.94236 8.999 7.65977 11.7365 13.9522 14.6879 14.9999 12.4886 11.3419 12.2438 13.0989 11.2565 18.2328 9.85258 9.81235 9.67898 11.9943 11.6102 9.6766 9.59946 9.14438 8.66588 12.5521 10.7711 13.914 9.08659 9.0311
threshold=-2.0549999999999993 0.14775443096619642 25.355000000000004 0 0.37219758829418187 0.040000000000000487 1 0.015000000000000001 0.32234801488833753 3.8166666666666669 0.1000000000000001 0.84877520768717696 8.1500000000000004 18.800000000000001 73.65000000000002 8.9700000000000024 0.38510430247718391 0.088338705369303452 2 0.1344174158293672 0.16463877271549651 4.9748737341529177 1.3700000000000006 9.0100000000000016 3 -1.4999999999999998 51.250000000000007 1.0627946061212412 1.2916666666666667 0.58955684867296432
decision_type=2 2 2 1 2 2 1 2 2 2 2 2 2 2 2 2 2 2 1 2 2 2 2 2 1 2 2 2 2 2
left_child=1 3 -3 4 -1 -2 10 8 21 16 14 18 -13 -14 17 -16 -10 -7 24 -20 -21 -8 -17 -12 25 26 27 -9 -27 -28
right_child=5 2 -4 -5 -6 6 7 11 9 -11 23 12 13 -15 15 22 -18 -19 19 20 -22 -23 -24 -25 -26 28 29 -29 -30 -31
leaf_value=-0.015580577399037319 0.00023007348458494261 -0.041976858445685966 0.022000046980948044 -0.015521605739908038 0.024509165740363381 -0.0045162109760531859 -0.0029787194710780987 0.011856886733511138 -0.060688838398919968 -0.068249117118779734 -0.020576702604683715 -0.096550114528679912 0.027427544136048095 0.0034372322301927135 0.02463833763751894 -0.026279420183556404 -0.0052367357442531688 -0.02950097714595612 0.00045653612504270233 -0.022035862146780327 -0.0048831118017438526 -0.043194832014755602 0.047496220277871565 0.010505072244301894 -0.0017752704919401386 0.05736215187226669 0.017906923709567098 -0.022653121448431554 -0.0026674507859887221 -0.0053835397571948803
leaf_weight=25.724028555472614 38954.439699899543 5.6601788848638526 38.967054584529251 223.02691421413328 30.708419692702591 803.86747703296714 303.35238540628052 72.965737421196536 9.967258442193268 18.954399962443858 27.842069447520771 2.6352073140442362 87.295151670929044 163.40803690871689 21.295474551618099 170.07876997021958 40.800812543835491 41.317090309072228 1239.015825426206 116.83015857217833 634.08491824683733 15.733402393030699 4.5265580005943766 157.68007731513353 598.99696281919023 6.4298203096259376 343.00395750196185 48.70419870771002 321.92012328924466 47.370348489843309
leaf_count=572 462686 74 381 3240 189 19322 5801 3148 52 125 1119 7 345 1477 102 1265 349 2175 26140 2062 7916 328 17 2803 10644 67 3404 1618 6087 304
internal_value=-7.17804e-05 -0.00816272 0.0138857 -0.0116837 0.00529625 -1.25258e-05 -0.00179625 -0.000495166 -0.0095044 -0.0302942 -0.00606149 0.000454667 0.0106637 0.0117907 -0.00824065 -0.0190397 -0.0161236 -0.0057376 -0.000299519 -0.00255264 -0.0075518 -0.00496169 -0.0243668 0.0058405 0.00281357 0.00606671 0.0110322 -0.00195739 -0.00149194 0.0150807
internal_weight=44576.6 324.087 44.6272 279.459 56.4324 44252.5 5298.08 4071.47 388.808 69.7225 1226.61 3682.66 253.338 250.703 1041.09 195.901 50.7681 845.185 3429.32 1989.93 750.915 319.086 174.605 185.522 1439.39 840.394 512.044 121.67 328.35 390.374
internal_count=563819 4456 455 4001 761 559363 96677 69874 6655 526 26803 63219 1829 1822 22881 1384 401 21497 61390 36118 9978 6129 1282 3922 25272 14628 8474 4766 6154 3708
cat_boundaries=0 1 2 3 4
cat_threshold=1573896 3807312 150311 205
is_linear=0
shrinkage=0.05


Tree=179
num_leaves=31
num_cat=7
split_feature=17 40 67 21 71 5 59 68 12 20 60 8 33 25 67 66 29 36 8 67 55 65 35 36 21 15 60 8 31 44
split_gain=9.0263 13.404 19.9648 12.7354 12.3715 11.2392 10.3699 9.94667 10.4397 9.63871 13.243 13.0016 12.7151 11.9543 17.1382 13.4618 11.519 18.0672 15.6196 11.2201 11.5828 15.9795 11.2955 12.156 13.93 11.7283 16.8959 14.1525 21.2071 15.8172
threshold=6.7550000000000008 -0.07499999999999972 0 0.081108493073543217 -0.63931543881762087 48.945000000000007 0.20500000000000004 0.029350000000000005 26.750000000000004 21.650000000000002 -0.059999999999999977 1 0.58342124989588839 0.035831671631112734 2 0.021861906355047877 -0.074999999999999997 1.648451183489491 3 4 1.2500000000000002 10.228962140308775 0.018333333333333094 -0.46106944597707072 0.06297757964530265 5 -0.074999999999999997 6 0.060254392793122592 0.17755213078654147
decision_type=2 2 1 2 2 2 2 2 2 2 2 1 2 2 1 2 2 2 1 1 2 2 2 2 2 1 2 1 2 2
left_child=7 2 -2 6 -4 -6 -3 8 -1 13 12 -12 -11 19 16 -16 17 18 -15 20 -9 -22 25 -24 -25 27 -27 -21 -29 -30
right_child=1 3 4 -5 5 -7 -8 9 -10 10 11 -13 -14 14 15 -17 -18 -19 -20 22 21 -23 23 24 -26 26 -28 28 29 -31
leaf_value=-0.0052519151160266052 0.0054001573568987216 0.0026745981983736706 0.034173397242109042 0.02982941513637697 -0.016878176326452412 0.021412955457879693 0.033101852326188397 0.0018083394915080844 -0.063796705539049106 0.054973390368371511 -0.0073089355918151844 -0.00076182698831874201 0.0067781253689968048 0.011505340853512944 0.011478658077029002 -0.00041562189346521064 0.0063870733465423522 -0.045699595664931453 -0.0050336827253424279 -0.0016452998396644691 -0.0023518397856289513 0.052704971924741377 -0.0026577815183536344 -0.065025830946661894 -0.010085072278092799 0.062626122340459833 -0.0021666682349066372 0.0022950912762301867 0.05228937849881652 0.012682060823615332
leaf_weight=809.76387857756345 275.76733482372947 3557.6897258598474 13.535839684773235 44.494866355322301 318.37769815360662 20.39112897682935 28.224127279594541 7456.3579480052431 7.6869661547243586 17.406599949463271 1242.5689207860705 1945.1927331644692 64.011609761510044 202.47885064338334 247.9219905360369 5876.0472343167057 2292.030721291143 21.993693149648607 425.1379475267604 2900.0515891577961 2580.7102952477071 13.246616681106387 3775.9125510200683 11.874870881903915 405.80813276411209 10.077216252451761 6498.8399442319424 3414.2700054501402 33.466562509536743 102.13303817994893
leaf_count=43697 2880 36147 123 384 3402 183 441 91191 50 132 15785 26469 478 2030 4171 61094 26801 142 4352 31975 33290 111 62031 154 5779 60 71476 38500 139 505
internal_value=-0.00011215 0.00207719 -0.00466705 0.00324396 -0.0123499 -0.0145734 0.00291409 -0.000343181 -0.00580245 -0.000230309 -0.00283058 -0.00333917 0.0170819 4.0759e-06 0.00157652 6.57972e-05 0.00470537 -0.00115578 0.000405176 -0.00051996 0.000806374 -0.00207068 -0.00129683 -0.00355312 -0.0116471 -0.000567672 -0.00206319 0.000943256 0.00305665 0.0224573
internal_weight=44613.5 4258.48 628.072 3630.41 352.305 338.769 3585.91 40355 817.451 39537.5 3269.18 3187.76 81.4182 36268.4 9065.61 6123.97 2941.64 649.61 627.617 27202.7 10050.3 2593.96 17152.4 4193.6 417.683 12958.8 6508.92 6449.92 3549.87 135.6
internal_count=563972 43560 6588 36972 3708 3585 36588 520412 43747 476665 42864 42254 610 433801 98590 65265 33325 6524 6382 335211 124592 33401 210619 67964 5933 142655 71536 71119 39144 644
cat_boundaries=0 1 2 3 4 5 6 7
cat_threshold=2273029 84377 3216737 168548 3048076 53 11369
is_linear=0
shrinkage=0.05


Tree=180
num_leaves=31
num_cat=5
split_feature=17 55 37 67 3 4 67 63 67 67 40 71 66 71 40 57 0 60 22 29 36 7 45 31 29 32 48 67 7 9
split_gain=10.5768 10.6644 13.3851 13.488 10.6341 14.2302 11.3036 9.64358 23.0934 20.9703 15.0216 13.3328 12.1542 11.5433 10.7783 11.3211 12.2647 10.7113 10.5672 13.2209 12.7917 10.9388 10.3885 10.9523 12.6227 11.6255 10.715 14.9121 19.4816 12.864
threshold=5.9650000000000007 -1.5833333333333319 5.5000000000000009 0 5.0050000000000008 23.295000000000005 1 1.0000000180025095e-35 2 3 0.23000000000000001 0.63900718380486243 0.36685029067606351 -0.39099281619513743 -0.11999999999999965 -6.4293956955236032e-16 6.6150000000000011 -0.040000000000000015 0.087297065925117198 0.0099999999999999898 -0.47423635973974104 51.500000000000007 0.090772110516923674 0.057412479909889867 -0.049999999999999954 44.150000000000013 2.5611362344626492 4 56.500000000000007 1157.5000000000002
decision_type=2 2 2 1 2 2 1 2 1 1 2 2 2 2 2 2 2 2 2 2 2 2 2 2 2 2 2 1 2 2
left_child=1 -1 7 -4 6 -6 -2 8 -3 -9 11 12 22 -14 15 16 -13 -16 -12 20 -20 -22 23 26 -25 -26 29 -28 -29 -11
right_child=4 2 3 -5 5 -7 -8 9 -10 10 18 14 13 -15 17 -17 -18 -19 19 -21 21 -23 -24 24 25 -27 27 28 -30 -31
leaf_value=-0.0024526929903533733 -0.0026173391365041428 -0.0010460588766030778 0.0020037972939570335 -0.0062999323886879779 -0.072255826606084941 0.00070701422832218088 0.011135893193152268 0.002090666411607768 0.0036759478091535087 -0.0045988149594867475 -0.038541663815093871 0.053059041750479957 -0.011793458590730816 0.012335247344025696 -0.028912008048822282 -0.023407856889105256 -0.0071340426144224853 0.0050113848951896826 0.061018000427436797 0.058373056047611199 0.059740716287380029 -0.016179260850624582 -0.029044639846184429 -0.016781286778403712 0.0070709404983603135 0.046323157810878507 -0.010502774908898675 0.013396518705418409 -0.027054272428842886 -0.016954086433324928
leaf_weight=6501.062296966149 215.38687807554379 5161.1651712586536 701.78491154756921 1595.49578599706 6.6857446206267914 14266.407705003629 480.61018538530334 3864.2427297725662 5182.1335589850605 4364.7403675665519 6.9633971888688384 11.403869655681772 65.293485459405929 205.81406956259161 23.877672988688573 76.278677727328613 32.81132912542671 913.31838673801394 9.8046535775065404 21.529499658383429 5.6783473864197722 28.85249771270901 42.192924176342785 29.051416984759271 50.795612199464813 30.0068419277668 136.04601132078096 278.96316350111738 33.320678517455235 221.35848756763153
leaf_count=90392 2710 70945 14079 35910 57 148696 5611 46907 69480 57809 297 58 588 1533 249 747 312 10033 58 172 32 245 370 167 257 173 783 1319 170 3728
internal_value=-0.000115964 -0.000663805 -0.000160202 -0.00378197 0.000967122 0.000672837 0.00700214 0.000239892 0.00132227 -0.000831197 -0.00254432 -0.00280061 -0.00379634 0.00652409 0.00233728 -0.0117393 0.0083908 0.00414709 0.0200339 0.0262267 0.0106163 -0.00369477 -0.00433581 -0.00413316 0.0114849 0.0216477 -0.00447395 0.00290362 0.00879867 -0.00519517
internal_weight=44563.1 29594 23092.9 2297.28 14969.1 14273.1 695.997 20795.6 10343.3 10452.3 6588.1 6515.27 5457.58 271.108 1057.69 120.494 44.2152 937.196 72.8284 65.865 44.3355 34.5308 5186.48 5144.28 109.854 80.8025 5034.43 448.33 312.284 4586.1
internal_count=563887 406813 316421 49989 157074 148753 8321 266432 140425 126007 79100 78296 66897 2121 11399 1117 370 10282 804 507 335 277 64776 64406 597 430 63809 2272 1489 61537
cat_boundaries=0 1 2 3 4 5
cat_threshold=4239912 10756753 5917414 4942352 300162
is_linear=0
shrinkage=0.05


Tree=181
num_leaves=31
num_cat=4
split_feature=17 21 9 28 67 50 66 6 41 22 55 67 15 17 50 3 22 30 11 15 45 63 26 28 34 64 35 71 55 36
split_gain=8.27919 10.7911 9.52571 21.2383 17.9327 13.2732 12.3165 13.5963 11.8067 12.3843 12.764 11.4014 11.2681 11.3599 10.8747 10.64 10.087 9.85269 9.82689 9.59258 10.7705 13.7369 10.1962 11.6226 11.069 9.37337 11.7208 9.3784 9.05499 14.5891
threshold=2.6250000000000004 0.095467301119806988 130.50000000000003 4.2250000000000005 0 313.50000000000006 0.29751033057851245 17.035000000000004 0.015000000000000126 0.49363392844465254 -0.24999999999999997 1 2 5.0250000000000012 111.00000000000001 4.2650000000000006 0.010120814359870329 -0.10749999999999996 53.350000000000001 3 0.049074564271848697 -1.4999999999999998 0.1529197362890202 2.8166666666666669 0.055000000000000167 11.715000000000003 -0.034999999999999691 0.024282067261203636 -1.0833333333333319 0.99796540989635762
decision_type=2 2 2 2 1 2 2 2 2 2 2 1 1 2 2 2 2 2 2 1 2 2 2 2 2 2 2 2 2 2
left_child=1 -1 3 4 16 6 7 -6 -9 12 -11 -5 -10 -14 -12 -7 -2 18 25 -19 22 -22 23 24 -21 26 -18 -28 29 -13
right_child=2 -3 -4 11 5 15 -8 8 9 10 14 28 13 -15 -16 -17 17 19 -20 20 21 -23 -24 -25 -26 -27 27 -29 -30 -31
leaf_value=-0.016448995237480443 -0.034964646897518777 0.008192656490529273 -9.225431534471898e-05 -2.9858678531309211e-05 -0.01791242075569989 0.012464880797095042 0.022842104829248561 0.0094466522297909569 0.014958864803433608 -0.0025620518391887173 -0.066241664815575932 0.014332669009027335 -0.023428846584795139 0.020316771760775083 -0.011499524238653025 -0.047700409551947251 -0.057280681621414968 0.0031893605388932339 -0.043267227300827354 -0.037500874858159866 0.033463455075515472 -0.050783776231238142 0.034919413609175845 -0.0025211089920142054 0.0034263849606997274 0.071241937758176777 -0.02351768306070148 0.04687823118675781 0.020674625324168246 -0.018420956826374422
leaf_weight=159.88449168766965 26.988005682709627 61.52569828814012 41785.477781428199 188.49051117189811 65.641457262623589 11.277563005918635 95.931328861508518 615.99585889014998 96.781895338033792 52.229048889130354 19.746500382199883 142.63376897858689 52.56401731655933 20.678644686937332 16.782744097523391 21.091328979935497 9.9747063769027609 390.35905789327808 30.618064927868545 51.968184553552419 5.9148495835252097 26.590809791348875 15.012113582342861 286.94135881759576 24.22007353650406 3.6877364609390488 10.039119810797276 8.948434573132543 285.41552508811583 44.637440104153939
leaf_count=15883 313 6917 512843 2659 685 153 656 5852 1226 322 99 2147 838 173 112 177 93 4069 210 486 64 246 78 3108 255 17 208 91 3598 507
internal_value=4.30704e-05 -0.00960155 9.11581e-05 0.00301505 0.000400986 0.00474653 0.00577572 0.00403479 0.00568166 -0.00328037 -0.0184191 0.0107641 0.00462254 -0.0097473 -0.0410913 -0.0267384 -0.00480909 -0.00392309 -0.0229184 -0.00242273 -0.00764895 -0.0354538 -0.00546108 -0.00713044 -0.0244902 -0.00383604 -0.0133956 0.00965843 0.0147568 0.00652561
internal_weight=44628 221.41 44406.6 2621.16 1959.98 1068.72 1036.35 940.42 874.779 258.783 88.7583 661.177 170.025 73.2427 36.5292 32.3689 891.263 864.275 63.2681 801.006 410.647 32.5057 378.142 363.13 76.1883 32.65 28.9623 18.9876 472.687 187.271
internal_count=564085 22800 541285 28442 19531 10293 9963 9307 8622 2770 533 8911 2237 1011 211 330 9238 8925 619 8306 4237 310 3927 3849 741 409 392 299 6252 2654
cat_boundaries=0 1 2 3 4
cat_threshold=1790181 889920 53 157
is_linear=0
shrinkage=0.05


Tree=182
num_leaves=31
num_cat=10
split_feature=12 55 67 57 20 8 36 8 56 34 44 67 18 35 8 60 7 15 28 67 67 67 8 45 66 35 20 31 36 71
split_gain=9.73545 8.86682 9.7095 10.5991 10.2064 27.6372 11.5785 16.3311 11.1538 9.54174 15.5881 11.0651 10.2937 10.1897 9.86131 9.21853 10.8015 9.06281 12.2109 11.1881 10.9825 10.5914 9.28712 13.999 11.9511 12.0941 11.8367 18.0571 11.3817 11.2306
threshold=1.0000000180025095e-35 -1.7499999999999998 0 -6.1819805153394629 18.750000000000004 1 0.57522374163552459 2 1.3700000000000006 0.090000000000000316 0.34488766069926718 3 58.050000000000004 0.12583333333333349 4 -0.030000000000000002 51.500000000000007 5 1.2916666666666667 6 7 8 9 0.039374158541063208 0.16264791067756282 -0.031666666666666725 21.450000000000003 0.049786988536645184 0.48382062482264038 -0.58904055536127931
decision_type=2 2 1 2 2 1 2 1 2 2 2 1 2 2 1 2 2 1 2 1 1 1 1 2 2 2 2 2 2 2
left_child=-1 2 3 -2 6 -6 -5 -8 -9 -3 12 13 17 -12 15 16 -13 21 20 -20 -19 -11 24 28 -21 -26 27 -25 29 -24
right_child=1 9 -4 4 5 -7 7 8 -10 10 11 14 -14 -15 -16 -17 -18 18 19 22 -22 -23 23 26 25 -27 -28 -29 -30 -31
leaf_value=-0.031035379864815728 0.025583859237428255 0.00079362329866924464 -0.0028103068050575153 0.0060990481546065274 -0.013182971960115551 0.0019268790143527875 0.006173164553477121 -0.0073288416965485593 -0.056067301910299641 -0.0077973828467980044 -0.00092261305127148583 0.049843398496773272 -0.012909450778934401 -0.072356728307003473 0.0013444797889488726 0.021682680629871286 -0.02515958134583823 0.029211448354834475 -0.0089653915800400937 -0.0015841396347614188 -0.0028810221381747013 0.002780768394342323 -0.011177881364567105 -0.015404539928390052 0.071507844398813677 0.0079071538063059509 0.010043926184677301 -0.075863904399360305 -0.048099915804481239 -0.0010032095292706329
leaf_weight=25.220570940335165 42.214833146368619 28669.512746727458 5033.4618982274624 1088.9421097564627 432.68550487642642 953.70757192868041 331.95651535465731 397.97714402506244 12.095496910857035 265.28515731988591 242.07899685192388 6.1426601670682457 205.65968818357214 5.0973129067569962 168.43759449012578 214.62365614494774 21.965661734342575 46.374431065050885 683.47507060591306 878.09370399227191 54.417199494782835 1691.1213436152902 309.37472082598833 219.44333971175365 7.6382032288238397 349.03249046148267 41.966884320834652 13.086321523878722 13.613898440264164 2198.3953190161701
leaf_count=14332 384 330364 62562 15181 4867 10298 3642 4322 171 5167 2605 32 1424 86 1548 1984 162 492 12799 16171 766 25879 6948 2935 28 4137 589 101 107 33953
internal_value=2.07895e-05 3.83521e-05 -0.00143675 0.000690806 0.000366333 -0.00287001 0.00281686 -0.00199981 -0.00855774 0.000375307 -0.00119541 0.00615919 -0.00188939 -0.00230258 0.0110337 0.017438 -0.00876878 -0.00155468 -0.00271739 -0.00309122 0.0144972 0.00131403 -0.00206776 -0.00366021 0.00153846 0.00926918 -0.0143961 -0.0188071 -0.00250594 -0.00225842
internal_weight=44623.1 44597.9 8293.04 3259.58 3217.36 1386.39 1830.97 742.029 410.073 36304.8 7635.32 658.346 6976.98 247.176 411.17 242.732 28.1083 6771.32 4814.91 4714.12 100.792 1956.41 4030.64 2795.88 1234.76 356.671 274.497 232.53 2521.38 2507.77
internal_count=564036 549704 101427 38865 38481 15165 23316 8135 4493 448277 117913 6417 111496 2691 3726 2178 194 110072 79026 77768 1258 31046 64969 44633 20336 4165 3625 3036 41008 40901
cat_boundaries=0 1 2 3 4 5 6 7 8 9 10
cat_threshold=313226 135274 152013 8475603 141041 194 2756610 944179 13641760 252032
is_linear=0
shrinkage=0.05


Tree=183
num_leaves=31
num_cat=8
split_feature=30 8 67 67 57 53 29 22 40 41 9 66 22 70 8 55 58 8 67 31 6 9 61 56 67 6 56 67 3 25
split_gain=10.2249 12.4823 12.4297 11.0318 9.37891 9.84343 12.7452 8.95272 8.47846 11.2761 11.089 9.95666 8.44758 14.0243 9.94465 9.68258 15.0716 11.2648 12.3919 9.48514 15.3625 13.8463 9.13671 8.71896 12.6499 9.16563 8.53233 17.1276 10.8901 9.58819
threshold=-0.15749999999999992 0 1 2 5.3284271247461907 1.0000000180025095e-35 -0.060000000000000005 0.99542110826777142 0.16500000000000006 0.10428571428571455 385.50000000000006 0.048566495949241124 0.023661628398005775 11.030000000000003 3 -1.4166666666666676 3.7677669529663698 4 5 0.048204694871739083 31.235000000000003 703.50000000000011 5.5000000000000009 0.044999999999999936 6 43.490000000000002 0.93999999999999984 7 6.785000000000001 0.09372190807597508
decision_type=2 1 1 1 2 2 2 2 2 2 2 2 2 2 1 2 2 1 1 2 2 2 2 2 1 2 2 1 2 2
left_child=1 3 4 -1 5 -3 -7 8 9 -4 -10 -11 13 15 19 16 23 18 -17 22 21 -21 -15 25 -25 -2 -14 28 -28 -29
right_child=12 2 7 -5 -6 6 -8 -9 10 11 -12 -13 26 14 -16 17 -18 -19 -20 20 -22 -23 -24 24 -26 -27 27 29 -30 -31
leaf_value=0.006104313669285797 -0.030398904976145183 0.018280984568035022 -0.0012758580159087252 -0.010486145633022853 0.05645462352768698 0.0049613525580796819 -0.072060924946707003 0.029116964360718513 0.023462138845960843 -0.039547941161653152 -0.064109034068598109 0.052657131286513975 -0.00014713671900439784 0.0076698455418943243 -0.0037510299050673174 0.0025301352288792135 0.035201919100597348 1.2228261739294618e-05 -0.025493777944813154 0.03268428442833754 0.043086482077941919 -0.070143454788816326 -0.018258820752239238 0.011319646616929453 -0.025305823265780958 -0.087312691366981762 -0.0023872943131168687 0.0045375097438643524 0.030648865013222254 0.035866786998358331
leaf_weight=194.26649733950035 59.750598863582127 260.7147242083156 250.14930005004862 187.93376766738947 14.313260260503737 26.666055256762775 6.7256619520485392 28.113270364701748 5.3815731583163169 3.5250926920562078 11.012705782428382 17.27985863853246 38037.025144700943 229.49878788372735 502.83537940634415 64.024614745692816 11.686847397701056 329.47066045883184 108.8981883334236 6.4413245581090433 38.607244447804987 6.6574852988123894 39.879725153557956 32.606707383070898 54.78238434150262 8.0240262072402384 1536.9554893005989 2466.6951749386062 25.357022494543344 24.665902541950345
leaf_count=1816 4129 2395 2541 1909 77 261 76 149 47 53 99 136 443107 5008 10823 4041 588 19666 7426 30 179 39 1057 2258 4523 350 20418 30311 209 164
internal_value=6.91876e-05 0.00505259 0.00932663 -0.00211284 0.0163992 0.0150074 -0.0105522 0.00212057 -0.000446872 0.00166575 -0.035363 0.0370343 -4.58484e-05 -0.00374168 0.000625551 -0.00911828 -0.0195542 -0.00565238 -0.0155468 0.00736689 0.0272115 -0.019578 0.00383128 -0.0236784 -0.0132405 -0.0371371 8.5261e-05 0.00226593 -0.00183933 0.00482831
internal_weight=44589.9 1006.08 623.882 382.2 308.42 294.106 33.3917 315.462 287.349 270.954 16.3943 20.805 43583.9 1493.16 823.92 669.244 166.851 502.393 172.923 321.085 51.7061 13.0988 269.379 155.164 87.3891 67.7746 42090.7 4053.67 1562.31 2491.36
internal_count=563885 9559 5834 3725 2809 2732 337 3025 2876 2730 146 189 554326 60117 17136 42981 11848 31133 11467 6313 248 69 6065 11260 6781 4479 494209 51102 20627 30475
cat_boundaries=0 1 2 3 4 5 6 7 8
cat_threshold=84584 11302425 13338965 66332 213920 7155721 2189473 14437000
is_linear=0
shrinkage=0.05


Tree=184
num_leaves=31
num_cat=5
split_feature=56 67 35 35 31 4 66 67 9 25 15 22 55 0 56 58 41 4 65 56 35 6 56 65 46 15 66 15 33 33
split_gain=8.39367 13.494 14.4145 9.25167 8.32418 8.54378 8.25812 14.4885 10.6097 10.9987 14.4044 11.4595 10.0076 10.5763 11.0928 9.87675 9.58396 13.5846 12.5701 10.1982 10.1971 12.0162 9.85015 14.1871 10.6408 9.95565 11.6709 9.81111 12.8233 13.7759
threshold=-2.2849999999999997 0 -0.029999999999999801 -0.036666666666666618 0.062043702916630507 33.045000000000009 0.17654169799835287 1 192.50000000000003 0.023731495387255958 2 0.37875048677815315 1.5833333333333324 6.9350000000000014 -0.079999999999999946 -3.7677669529663689 -0.089016129032258182 53.285000000000004 0.18572630863763581 0.48499999999999993 -0.019999999999999126 38.365000000000002 -1.0000000180025095e-35 0.21337713741037459 0.24782542924135845 3 0.18989992048142298 4 1.5504737641905784 2.8320251239161833
decision_type=2 1 2 2 2 2 2 1 2 2 1 2 2 2 2 2 2 2 2 2 2 2 2 2 2 1 2 1 2 2
left_child=1 -1 3 -3 5 -4 -2 8 9 10 11 -8 13 -11 -15 -10 17 22 -19 -18 21 -20 24 -24 25 26 -9 28 -25 -30
right_child=6 2 4 -5 -6 -7 7 16 15 12 -12 -13 -14 14 -16 -17 19 18 20 -21 -22 -23 23 27 -26 -27 -28 -29 29 -31
leaf_value=-0.027769665197016222 -0.00044973943976695077 -0.0089641077598841337 -0.044050556846716639 -0.069197584309778057 -0.067307100370648063 0.025251583320506366 0.0026826214588197587 0.064223285285008022 0.010172889362159382 0.015753116474757797 -0.0095570421814254077 0.043346089017252828 0.046189400083388378 -0.047200468943807347 0.022668963336092356 -0.001822915745146177 0.00080773622764796339 0.080052462891879728 0.010041542499351601 0.0054961231876009542 -0.04213264548154564 -0.047890220420545443 -0.031376425992743304 -0.020061207665415873 0.041955311679424401 0.01541369208630494 -0.032375270994465181 0.013161821241904357 0.031178946774410389 -0.024364577258852511
leaf_weight=60.791052278742427 31385.897399296802 22.781067100586373 4.8405071484157807 8.8522866901475918 2.8873571166768661 54.748205417417921 45.385696468874812 3.6209075087681439 177.47142378846183 160.9547175411135 151.98108743061312 28.024027882143855 22.89887583674863 14.545937486458572 9.3210054878145439 5178.8906915982952 4927.1001768718706 3.5582643784582606 39.156866579316556 1517.0035729286028 25.155051170382649 11.603567644022403 26.166382691357285 64.310226471628994 35.26716991327703 290.6057869005017 22.915119122248143 203.25816336087883 34.963332448154688 16.399385082069784
leaf_count=953 445508 259 226 81 18 673 582 23 1472 1331 1426 115 217 163 91 47417 41017 16 260 15755 205 68 284 504 208 2133 192 1694 284 160
internal_value=-5.12247e-05 -0.0116701 0.00151901 -0.0258199 0.0156046 0.019622 -1.06862e-05 0.00104846 -0.000815404 0.00671045 -0.000938705 0.0160231 0.0150103 0.0111473 -0.0199136 -0.00142546 0.00254042 0.0077898 -0.0117964 0.00191143 -0.0161015 -0.00320135 0.0100215 0.00401705 0.0159013 0.013004 -0.0139407 0.00692087 -0.004771 0.0134447
internal_weight=44551.4 154.9 94.1094 31.6334 62.4761 59.5887 44396.5 13010.6 5789.47 433.111 225.391 73.4097 207.721 184.822 23.8669 5356.36 7221.08 776.98 79.4737 6444.1 75.9155 50.7604 697.506 345.097 352.409 317.142 26.536 318.931 115.673 51.3627
internal_count=563335 2210 1257 340 917 899 561125 115617 52814 3925 2123 697 1802 1585 254 48889 62803 6031 549 56772 533 328 5482 2926 2556 2348 215 2642 948 444
cat_boundaries=0 1 2 3 4 5
cat_threshold=6486082 679828 152 32 37
is_linear=0
shrinkage=0.05


Tree=185
num_leaves=31
num_cat=6
split_feature=5 6 67 0 25 17 21 6 67 4 55 34 28 67 5 10 67 6 37 40 22 22 26 8 32 32 32 41 8 71
split_gain=8.09033 12.3214 18.9162 15.606 14.3136 12.3582 12.8477 15.2183 15.807 13.616 12.9666 12.2299 15.111 12.0333 14.6599 13.6204 11.4431 11.6194 11.4048 11.9598 11.7827 11.6655 11.0745 10.6547 10.1855 14.8719 13.919 12.4744 10.15 11.8437
threshold=32.505000000000003 28.955000000000002 0 7.0850000000000009 0.011818584982417914 6.6650000000000009 0.06589924111159183 64.365000000000023 1 26.875000000000004 -5.416666666666667 0.084999999999999978 1.8166666666666669 2 34.490000000000002 16.550000000000004 3 64.365000000000023 2.5000000000000004 0.22500000000000012 0.99542110826777142 0.35815615468449413 0.026942582920666761 4 34.850000000000001 34.150000000000013 72.15000000000002 -0.0053229166666666208 5 -0.48099281619513728
decision_type=2 2 1 2 2 2 2 2 1 2 2 2 2 1 2 2 1 2 2 2 2 2 2 1 2 2 2 2 1 2
left_child=16 2 -2 4 -4 6 7 8 -3 -10 -11 12 -6 15 -15 -7 -1 -18 19 21 23 22 -14 -20 25 -16 -26 -27 -17 -30
right_child=1 5 3 -5 11 13 -8 -9 9 10 -12 -13 18 14 24 28 17 -19 20 -21 -22 -23 -24 -25 26 27 -28 -29 29 -31
leaf_value=-0.0021178831952225917 0.0013777546040829082 0.0043759638314500703 -0.0072806997069785719 -0.030078484400228686 -0.020525809597172848 0.049761747938574658 0.0011002066591967042 -0.063425641840432631 0.014275433815762816 0.05722123598707031 -0.0084705763676964415 0.0082380632575446231 0.0030303654781786695 0.011486085814294679 -0.005597489672135191 5.2493464808290734e-05 0.00016927167251804876 0.024146886293338152 0.0072922184137928546 -0.074213778982837916 -0.064482016225996738 0.012771673079189711 -0.019677812631364661 -0.010495468610326669 0.0062389922338361437 -0.0026264377225368222 -0.011782294352663751 -0.087927718836494362 -0.012855264282388187 0.012541324328201472
leaf_weight=9330.1713040501782 2893.6350620744197 475.0728977022809 1463.2802826130937 57.658851240652439 108.04171510902233 19.537113853148185 14819.868561616568 10.567336939740924 73.530140993418172 7.5670459694229057 1028.7111796538811 327.57392306654947 254.25249177624937 276.27713304827921 391.96735260111745 323.1507916029077 10518.231199691814 50.769328423193656 109.14830911974423 4.8724364886293179 8.7527281232178193 241.35948155866936 68.064077562885359 302.417369439092 510.75282359984703 7.3284948382061001 135.59093169262633 10.323509729932992 49.105206471867859 704.7883209111169
leaf_count=117894 35892 5577 17326 754 852 342 187164 109 915 49 11108 5662 3620 2721 4863 3258 143476 615 1646 40 37 1238 747 4557 4359 62 1390 90 507 7011
internal_value=-9.284e-05 0.000511927 -0.00149493 -0.00430716 -0.00380751 0.00113377 0.000641245 -0.00362198 -0.00322324 -0.00645745 -0.00799089 -0.000239726 -0.00277148 0.00446256 0.00122284 0.00831155 -0.000843002 0.000284182 -0.000831676 0.00378523 -0.00707679 0.00445946 -0.00176495 -0.00585596 -0.0014508 -0.00761928 0.00245846 -0.0525136 0.00763683 0.0107446
internal_weight=44582.4 24683.2 5839.06 2945.42 2887.76 18844.1 16415.3 1595.45 1584.88 1109.81 1036.28 1424.48 1096.91 2428.82 1332.24 1096.58 19899.2 10569 988.867 568.548 420.318 563.676 322.317 411.566 1055.96 409.619 646.344 17.652 1077.04 753.894
internal_count=563881 301896 72371 36479 35725 229525 204922 17758 17649 12072 11157 18399 12737 24603 13485 11118 261985 144091 11885 5645 6240 5605 4367 6203 10764 5015 5749 152 10776 7518
cat_boundaries=0 1 2 3 4 5 6
cat_threshold=14810152 3572865 1105141 1096814 151877 72480
is_linear=0
shrinkage=0.05


Tree=186
num_leaves=31
num_cat=8
split_feature=21 4 67 10 18 28 48 58 67 36 22 15 0 11 26 26 67 8 36 30 10 64 70 67 4 65 67 70 17 67
split_gain=9.3794 11.7684 12.7052 12.7272 13.6819 11.9419 17.6115 13.9642 12.8497 11.5612 11.302 11.0526 11.579 10.6094 11.6606 10.566 20.497 16.7633 18.4608 13.4495 13.6444 14.1753 12.1718 17.0652 14.3988 11.6485 15.0832 13.8005 11.0045 12.8493
threshold=0.071814343359903735 52.790000000000006 0 39.250000000000007 14.450000000000001 2.7083333333333335 3.3526610644257713 -2.9142135623730945 1 -1.5071514112205482 0.022086928362386311 2 7.1950000000000012 68.850000000000009 0.14409272183449653 0.11266387415579981 3 4 0.65784579292379219 -0.069999999999999951 53.95000000000001 11.335000000000003 17.595000000000002 5 38.175000000000004 0.41187952877977718 6 24.135000000000005 5.2650000000000006 7
decision_type=2 2 1 2 2 2 2 2 1 2 2 1 2 2 2 2 1 1 2 2 2 2 2 1 2 2 1 2 2 1
left_child=-1 5 3 4 -3 6 8 -8 11 -5 -7 -2 13 14 -13 22 -17 -18 19 -19 21 -21 28 24 -24 26 -20 -27 -12 -30
right_child=1 2 -4 9 -6 10 7 -9 -10 -11 15 12 -14 -15 -16 16 17 18 25 20 -22 -23 23 -25 -26 27 -28 -29 29 -31
leaf_value=-0.00084434379242482671 -0.0048624761327934951 0.022893104373097953 0.00033124567146575879 0.042531134010442985 -0.071322338408919148 -0.0050698017886643583 -0.069187459482036376 -0.015144479553461376 -0.003481982140218073 0.0040666211452348219 0.00067770443825283637 0.0058789809402864674 -0.087528071459494095 -0.0046960332686387064 0.040665183011296395 0.017360661121792433 0.010742802258691892 -0.037206763508717926 -0.023408230229166334 0.033257024853934322 0.019676689828440161 -0.017100343963955156 -0.025553206789331508 0.0010809682734023789 -0.0049255632794900387 0.044059794219408782 0.014760748710096028 -0.025850437252526528 0.00050982742080068978 0.006160587495791332
leaf_weight=17657.675096292347 441.23420714237727 190.06606382352766 682.4166837441735 20.428449050523341 3.9331254027783862 760.07981271998506 14.916682549752293 60.16255824174732 2947.7815348458535 446.86528130061924 11826.81381740377 1030.3856394678005 3.4280810789205125 253.6808914138237 24.667280382476747 280.29518024995923 275.23988091666251 46.008372608572245 32.944810550659895 15.192398188635705 38.238976381719112 174.37556003080681 90.979771764017642 1920.7174458677182 1206.3484653781634 36.806930784136057 55.164674138650298 8.7343053147196752 1805.6007650090614 2289.1741087322007
leaf_count=199617 4987 2043 6547 142 25 39522 94 347 34380 3949 168782 11767 36 2497 149 2048 2186 356 290 117 297 1534 1061 21475 12601 129 407 44 19890 26493
internal_value=5.15769e-05 0.000637874 0.00519913 0.0100653 0.020983 0.000398824 -0.00185645 -0.0258817 -0.00147276 0.00574816 0.00091514 0.00191406 0.00421232 0.00448481 0.00669229 0.00114143 0.00625181 0.00141587 -0.00499082 -0.0125487 -0.00756874 -0.0130646 0.000884304 -0.00192034 -0.00632341 0.0101199 -0.000492372 0.0306518 0.00145117 0.00368516
internal_weight=44640.4 26982.7 1343.71 661.293 193.999 25639 4776.26 75.0792 4701.18 467.294 20862.7 1753.4 1312.16 1308.73 1055.05 20102.6 963.001 682.706 407.466 273.815 227.807 189.568 19139.6 3218.05 1297.33 133.651 88.1095 45.5412 15921.6 4094.77
internal_count=563812 364195 12706 6159 2068 351489 54257 441 53816 4091 297232 19436 14449 14413 11916 257710 7408 5360 3174 2304 1948 1651 250302 35137 13662 870 697 173 215165 46383
cat_boundaries=0 1 2 3 4 5 6 7 8
cat_threshold=1927315 696915 161 3833868 5560 4800627 8399808 11544859
is_linear=0
shrinkage=0.05


Tree=187
num_leaves=31
num_cat=3
split_feature=21 56 30 46 58 8 67 63 35 21 29 35 29 32 67 44 41 30 6 12 9 71 58 12 56 17 31 28 60 46
split_gain=12.1385 9.95231 11.4333 11.1128 9.36441 8.75371 13.614 12.5175 14.3007 11.5587 10.0098 10.261 9.42519 9.8464 9.73833 14.846 14.5695 9.30004 9.24525 9.11352 9.30178 8.97629 11.2447 8.97125 8.83991 8.72664 9.86053 10.1999 12.3229 8.7605
threshold=0.076025944402941734 -2.2849999999999997 -0.040000000000000001 0.013638301170270482 9.1848509936051499e-16 0 1 4.5000000000000009 -0.078333333333332686 0.079530921056887735 -0.040000000000000008 0.046666666666666419 -0.215 12.65 2 0.59263775971093058 0.19868817204301073 -0.010000000000000002 33.270000000000003 3.2500000000000004 269.50000000000006 0.03900718380486224 -2.9142135623730945 14.65 -0.90999999999999992 4.5150000000000006 0.060254392793122592 2.2250000000000005 0.01999999999999998 0.30305624740556253
decision_type=2 2 2 2 2 1 1 2 2 2 2 2 2 2 1 2 2 2 2 2 2 2 2 2 2 2 2 2 2 2
left_child=-1 2 3 -2 -4 12 7 8 9 19 11 25 13 -3 16 -16 24 23 -19 -7 -21 -13 -23 -9 -14 26 27 28 -10 -29
right_child=1 5 4 -5 -6 6 -8 17 10 -11 -12 21 14 -15 15 -17 -18 18 -20 20 -22 22 -24 -25 -26 -27 -28 29 -30 -31
leaf_value=-0.00065175783998764703 0.047061264718375712 0.046861630235517003 -0.047181168480619422 -0.028602361464516519 -0.0027968202027943462 -0.032338379415783949 0.00041104055071713817 -0.0046461353445754255 -0.065554355470553591 0.0068006754612305936 0.0020362554551358512 0.0058354331806849506 -0.020114869321000185 -0.031786050609733586 0.0011052491691437476 -0.047408595685783594 -0.066990666452578992 0.015791980503503323 -0.014905797632686645 0.0019932818753334359 0.035544131643790354 0.041034634978416702 -0.030144658780705609 -0.039215373295794692 -0.0031999488561775102 0.011827042565705367 -0.056738843967051936 0.0063686293141326789 0.023662760861500955 -0.079523401933283347
leaf_weight=26493.918320673267 11.264060480694754 4.4027560220711157 31.379197658738121 8.5258969318674627 19.128175841382472 6.491383670247159 10044.171806451177 35.416244204592658 11.091914873977659 232.14015016381745 4022.3284033774107 65.295657341615879 91.676124639634509 41.412367347467807 1659.9241413137715 15.920756508130578 9.913962154358158 48.893154255005356 49.215993805119069 26.208382987882942 97.556414026767015 6.286907464003888 47.243890358367935 39.924714808817953 490.55235049562907 738.50384278467391 7.0432335622608653 273.84090216935147 5.9447533532511434 3.0012131230905643
leaf_count=307747 111 80 569 174 306 133 139597 582 154 2153 56961 1672 1343 605 25303 126 168 501 594 222 667 97 948 314 7752 8271 41 6577 118 29
internal_value=3.05786e-05 0.00102689 -0.0177498 0.0144639 -0.0303719 0.00109992 0.00152109 0.0034674 0.00388735 0.0134896 0.00321565 0.00731138 -0.00176784 -0.0242281 -0.00132192 0.000640539 -0.00677238 -0.00975321 0.000392584 0.0254105 0.0284394 -0.00660746 -0.021785 -0.0229651 -0.00586333 0.00890257 0.00172552 0.0031267 -0.034423 0.00543748
internal_weight=44638.6 18144.7 70.2973 19.79 50.5074 18074.4 15760.6 5716.43 5542.98 362.396 5180.58 1158.25 2313.8 45.8151 2267.99 1675.84 592.142 173.45 98.1091 130.256 123.765 118.826 53.5308 75.341 582.228 1039.43 300.922 293.879 17.0367 276.842
internal_count=563915 256168 1160 285 875 255008 219631 80034 78043 3175 74868 17907 35377 685 34692 25429 9263 1991 1095 1022 889 2717 1045 896 9095 15190 6919 6878 272 6606
cat_boundaries=0 1 2 3
cat_threshold=417 494468 295604
is_linear=0
shrinkage=0.05


Tree=188
num_leaves=31
num_cat=6
split_feature=46 67 6 56 70 67 30 58 31 67 30 31 28 67 28 70 67 31 56 30 56 67 48 55 0 32 68 44 7 46
split_gain=7.83431 14.597 10.9121 12.8058 11.5506 13.3361 13.1049 13.0867 12.49 13.7741 12.0093 12.6383 12.7233 11.9262 14.8872 11.6801 11.237 11.6284 10.8036 10.7125 10.5189 9.91397 10.4627 9.8869 9.93513 11.277 16.0445 12.7156 10.9384 10.6657
threshold=0.10734824456468059 0 41.865000000000002 -1.1299999999999994 25.300000000000004 1 0.059999999999999998 -1.2071067811865472 0.048976367982128198 2 -0.05000000000000001 0.040946946075086366 3.9166666666666674 3 3.2916666666666674 8.3700000000000028 4 0.027878344153406107 -1.0299999999999994 0.34250000000000008 0.19999999999999987 5 4.4803417921738538 -5.916666666666667 7.0450000000000008 13.450000000000001 0.12510000000000002 0.25787064569029217 58.500000000000007 0.29606256956590876
decision_type=2 1 2 2 2 1 2 2 2 1 2 2 2 1 2 2 1 2 2 2 2 1 2 2 2 2 2 2 2 2
left_child=2 -2 -1 21 5 15 8 -8 -7 -10 13 16 18 14 -6 -5 17 -12 -13 23 -20 22 -4 -3 25 26 29 -28 -27 -25
right_child=1 19 3 4 10 6 7 -9 9 -11 11 12 -14 -15 -16 -17 -18 -19 20 -21 -22 -23 -24 24 -26 28 27 -29 -30 -31
leaf_value=-0.00075418711252421371 0.0031158500040726774 -0.026602797409153386 -0.019517517255798297 -0.0043914663439951311 -0.035399102286442455 -0.00051315487174269185 0.027715722311468273 0.0054695862035055312 -0.0070649311818637419 0.022403835959902075 -0.0010907355665026081 0.047911819552393736 -0.08399015925123772 0.019259394320740964 0.017033877223034698 0.013412748608849251 -0.01015501528021398 0.029978434372406638 -0.033214593310868554 -0.052320608704131348 0.013252451927658622 7.9071098816991538e-05 0.091490771918489242 0.011697270970124957 -0.0079106944514480033 -0.00046701589731862201 0.0075030850980428044 -0.081779561005293086 0.019349383095462008 0.046352970012314434
leaf_weight=30082.292722304555 4917.9683024895785 36.068502182606608 139.01276209374191 109.86456368261861 28.760581635870039 1711.2320947905682 90.872438319347566 242.59811293595703 56.507914575282484 115.5749743883498 106.57746566296555 5.7176884748041621 8.1252750083804113 89.55951146571897 25.57680304441601 570.23979960707948 220.21360267582349 41.978527790866792 57.934844754170626 9.9934188933111709 15.421183918602763 223.78295764341601 2.1555369496345511 132.65055380726699 402.75769208499696 5022.1544879002613 8.3679949417710286 7.6187118161469689 70.61673135421006 26.664064426906407
leaf_count=398729 52508 574 1648 2431 283 23584 1119 3474 381 732 1684 22 50 803 240 6584 3276 295 342 144 87 3021 4 1484 5661 53270 61 42 1090 155
internal_value=-6.19722e-05 0.00112222 -0.000432986 0.00206914 0.00299932 0.00430699 0.00238499 0.0115318 0.000778075 0.0136184 -0.00331575 -0.00729005 -0.0244087 0.00927768 -0.00905269 0.010384 -0.00324219 0.00720378 -0.0182863 -0.000597213 -0.0234461 -0.00684334 -0.0166435 -0.000507686 -0.000341712 0.000236956 0.0127058 -0.0350459 -0.00019224 0.0174975
internal_weight=44578.9 10634.9 33944 3861.71 3496.76 2896.89 2216.79 333.471 1883.31 172.083 599.865 455.969 87.199 143.897 54.3374 680.104 368.77 148.556 79.0737 5716.89 73.356 364.951 141.168 5706.9 5670.83 5268.07 175.301 15.9867 5092.77 159.315
internal_count=563778 114989 448789 50060 45387 38305 29290 4593 24697 1113 7082 5756 501 1326 523 9015 5255 1979 451 62481 429 4673 1652 62337 61763 56102 1742 103 54360 1639
cat_boundaries=0 1 2 3 4 5 6
cat_threshold=1130098 8536834 623625 2524323 4196567 4269150
is_linear=0
shrinkage=0.05


Tree=189
num_leaves=31
num_cat=3
split_feature=71 9 67 35 34 45 15 65 10 36 32 64 40 41 66 31 5 29 28 31 17 58 56 67 56 32 35 29 30 40
split_gain=10.7431 12.0991 15.88 10.1162 11.9532 9.80274 11.9137 12.0926 10.6392 9.64193 9.37117 10.8615 13.7277 14.1042 12.7215 9.03998 8.95891 8.6291 8.21804 12.5332 13.168 11.4727 11.5174 9.6709 11.5171 14.0223 9.51311 9.39431 14.6266 11.2676
threshold=0.30900718380486275 1143.5000000000002 0 0.048333333333333346 0.30000000000000032 0.071148239802845639 1 0.167075119742257 52.550000000000004 -1.1163837531806726 64.350000000000009 15.945000000000002 1.0000000180025095e-35 -0.069932432432431732 0.50243753899171162 0.033940620096674153 41.685000000000009 -0.2649999999999999 3.0833333333333335 0.038277869569043159 7.035000000000001 -1.7071067811865472 -0.20000000000000004 2 0.28499999999999975 11.15 0.033333333333333666 -0.030000000000000016 -0.005000000000000001 -0.020000000000000014
decision_type=2 2 1 2 2 2 1 2 2 2 2 2 2 2 2 2 2 2 2 2 2 2 2 1 2 2 2 2 2 2
left_child=1 -1 5 17 9 -3 7 -7 -8 -5 11 12 13 -9 -13 -15 -11 -4 23 -20 21 -21 -23 26 25 -25 -19 29 -29 -24
right_child=-2 2 3 4 -6 6 8 10 -10 16 -12 14 -14 15 -16 -17 -18 18 19 20 -22 22 27 24 -26 -27 -28 28 -30 -31
leaf_value=-0.00017643710377537186 0.0010258818707789576 -0.0073296108288197839 -0.028800273636808173 -0.0044982384452946526 0.063358971848575849 0.074388719935134531 -0.0034345231677452002 0.035603511377549545 -0.047370721910074028 -0.031203552934684232 -0.023743712297599168 0.036444086700546156 0.019190544967950505 0.020979500788877632 -0.013862246786633997 -0.067964774775562606 0.018932768435991995 0.0016733049669219358 0.00049565766743659724 0.026293580103337707 0.034475851751721721 0.040931402073120349 -0.036260028323205754 0.0082784964569551801 -0.0018215524184002519 -0.026308440383311944 0.030852799427846453 0.02549018374924308 -0.0042765504963110093 0.00096471778965796513
leaf_weight=24821.575660290073 15213.005075249777 1902.5533330988255 24.021410509711131 195.29560053331079 5.5835977497044942 7.3514525359496465 65.57891493360512 6.1061743674799827 17.443482739850879 71.505690457182936 19.378897599875927 59.720329001080245 30.837847619317472 3.4965919917449382 15.916278387419878 15.61130160698667 10.17860232235398 285.95652498165146 858.56927927001379 66.791412737220526 52.803490255028009 18.891876535490155 32.425165595952421 38.710947958286852 369.56094919377938 120.59792797907721 30.95613811200019 67.175764927174896 107.00807238765992 54.490986636839807
leaf_count=333470 171681 25284 251 3680 74 42 702 48 110 1200 203 366 314 62 121 168 167 3266 13000 539 253 119 304 595 4167 1358 370 521 1065 448
internal_value=-5.25931e-05 -0.000611103 -0.00297998 -0.000181757 -0.00907137 -0.00609678 0.0033654 0.0110682 -0.0113042 -0.0105315 0.00871945 0.0134966 -0.00318393 -0.0305488 0.0258581 -0.0516887 -0.0249561 0.000997805 0.00133802 0.00390014 0.0112152 0.00767334 0.00323152 -0.0024733 -0.0065423 -0.0179041 0.0043852 0.000503746 0.00720329 -0.0129224
internal_weight=44589.1 29376.1 4554.52 2410.52 282.563 2143.99 241.441 158.419 83.0224 276.98 151.067 131.689 56.0519 25.2141 75.6366 19.1079 81.6843 2127.96 2103.94 1258.16 399.587 346.783 279.992 845.782 528.87 159.309 316.913 261.1 174.184 86.9162
internal_count=563948 392267 58797 31377 5121 27420 2136 1324 812 5047 1282 1079 592 278 487 230 1367 26256 26005 16249 3249 2996 2457 9756 6120 1953 3636 2338 1586 752
cat_boundaries=0 1 2 3
cat_threshold=1761946 77 4461632
is_linear=0
shrinkage=0.05


Tree=190
num_leaves=31
num_cat=8
split_feature=45 17 55 57 26 30 6 9 70 67 8 30 67 8 5 36 17 29 70 31 5 36 5 67 8 50 8 8 0 71
split_gain=9.03104 8.39127 8.62946 7.16921 12.3626 7.63058 7.13566 14.9629 14.3484 32.8362 13.3419 10.7 9.98562 15.1823 12.5587 10.1013 9.89882 9.71102 14.5881 13.211 9.27753 10.9555 9.25677 17.7899 18.3051 14.3852 17.4488 14.6391 13.2167 12.3779
threshold=0.14450379975286673 6.9750000000000005 -1.9166666666666676 4.1213203435596428 0.031152405506640078 0.024999999999999988 28.955000000000002 139.50000000000003 5.6850000000000014 0 1 0.26250000000000007 2 3 20.655000000000005 1.7161078573360264 6.955000000000001 -0.29499999999999987 11.770000000000001 0.057412479909889867 59.545000000000009 -1.5513435037626968 27.555000000000003 4 5 55.500000000000007 6 7 6.5750000000000011 -0.5609928161951373
decision_type=2 2 2 2 2 2 2 2 2 1 1 2 1 1 2 2 2 2 2 2 2 2 2 1 1 2 1 1 2 2
left_child=6 3 -3 -2 5 -5 11 16 9 -9 -11 12 13 14 -1 20 -8 18 -14 -20 -15 -22 23 24 28 27 -27 29 -10 -25
right_child=1 2 -4 4 -6 -7 7 8 22 10 -12 -13 17 15 -16 -17 -18 -19 19 -21 21 -23 -24 25 -26 26 -28 -29 -30 -31
leaf_value=0.0079504054621932149 0.012076397997306608 0.03167236045557914 -0.052475482224454112 -0.060487479044926511 0.070557165715530681 0.05199004089078893 0.0040990038400803086 0.011900535752220547 0.084971014921153179 -0.0058534023990573112 -0.02847039022230264 0.019535067034802615 -0.026912512424260789 -0.0041193176041277963 -0.0013995785654599387 -0.021673983603416755 0.045492682493429193 9.3266873332991073e-05 0.050814304992557124 -0.056769090127156724 0.088758939516835222 -0.03296014644781578 0.00073093226628820134 -0.023399085426838991 0.0075371446608382036 -0.0049581082621200671 0.0028217443950423783 -0.011421631011732125 -0.005026366999341776 0.0019847028220796822
leaf_weight=449.79296196209907 90.213301387615502 4.6387057751417151 8.8778003416955453 3.6450484525412348 14.233536561019717 2.5717604300007224 2286.0403513127385 126.74258694912714 4.1125611774623385 143.06081568021546 148.1356236423162 63.358295311772963 10.673728197521994 2976.781741185976 1781.9353689235431 87.621269087598193 14.534764886833726 6448.316014520824 29.518607783131301 3.1589153148233882 1.9356244783557475 41.140926949126879 24246.202496876402 53.599431251146598 909.8854255398619 1458.7007122651121 1406.8085571996344 836.94552129373187 507.00472575373715 461.84939468931407
leaf_count=5390 625 21 62 30 71 18 31010 4292 23 7018 5613 953 232 39840 22679 816 101 80843 198 16 16 514 291576 930 11376 18094 17071 11633 6861 5853
internal_value=0.000128175 0.0135932 -0.0235969 0.0181356 0.044865 -0.0139579 9.05982e-05 0.000473029 0.000177895 -0.00902237 -0.0179222 -0.000957694 -0.00106744 -0.00266648 0.000482698 -0.00492244 0.00436052 0.000251443 0.0238374 0.0404143 -0.0044527 -0.0274908 0.000306559 -0.00151816 0.00330843 -0.00314462 -0.00114608 -0.00740246 -0.00421967 -0.000642392
internal_weight=44622 124.18 13.5165 110.664 20.4503 6.21681 44497.9 32603.6 30303 417.939 291.196 11894.2 11830.9 5339.21 2231.73 3107.48 2300.58 6491.67 43.3513 32.6775 3019.86 43.0766 29885.1 5638.91 1421 4217.9 2865.51 1352.39 511.117 515.449
internal_count=563775 827 83 744 119 48 562948 411451 380340 16923 12631 151497 150544 69255 28069 41186 31111 81289 446 214 40370 530 363417 71841 18260 53581 35165 18416 6884 6783
cat_boundaries=0 1 2 3 4 5 6 7 8
cat_threshold=8978947 256644 3021589 187906 5522433 250020 140487 3500
is_linear=0
shrinkage=0.05


Tree=191
num_leaves=31
num_cat=3
split_feature=26 67 36 57 14 15 10 32 51 26 56 22 29 0 71 71 1 1 65 9 11 28 58 70 5 5 67 22 56 70
split_gain=10.1647 12.8168 11.0921 14.1089 14.8386 11.2758 10.0821 19.836 12.6495 11.6201 16.5215 11.3483 10.7708 12.4763 11.8595 11.3022 11.6022 10.4955 10.3914 10.1107 9.87127 9.61929 16.9597 9.15102 9.3926 8.9292 8.82044 11.2601 8.73196 8.73015
threshold=0.1529197362890202 0 -0.55048188256316954 2.9142135623730954 6.5000000000000009 1 52.550000000000004 58.750000000000007 0.094044811320754734 0.16563244447859835 0.2349999999999999 0.54403638162886669 -0.024999999999999991 6.8550000000000013 0.32900718380486232 0.024282067261203636 0.095000000000000015 0.065000000000000016 0.4673342480460293 732.50000000000011 75.850000000000009 3.4500000000000006 -3.0616169978683822e-16 18.135000000000002 28.855000000000004 47.275000000000013 2 0.21588784223716942 -0.5199999999999998 17.175000000000004
decision_type=2 1 2 2 2 1 2 2 2 2 2 2 2 2 2 2 2 2 2 2 2 2 2 2 2 2 1 2 2 2
left_child=-1 6 3 4 -3 -4 8 20 12 11 18 -9 15 14 21 16 -2 -12 19 -11 -8 28 -23 24 -15 26 -7 -28 -14 -29
right_child=1 2 5 -5 -6 25 7 9 -10 10 17 -13 13 23 -16 -17 -18 -19 -20 -21 -22 22 -24 -25 -26 -27 27 29 -30 -31
leaf_value=-3.263239035926801e-05 0.034962508627812708 -0.01192812369153118 0.017534687690305382 0.029989236641786616 0.057401635879875471 0.0085640344793965276 -0.033932672523775409 -0.0040776785227794547 -0.033298234238328922 0.0084532198498819978 0.005387586287611503 -0.040951854122947107 -0.072399946682318098 -0.068372590685545645 0.034218567118254745 -0.026866725343877958 -0.042509338688174178 0.0442354530212858 0.029434379323601156 -0.02057230949408944 0.025859969719723798 -0.05218961837625255 0.042662407675305082 0.057374314227478546 0.036307069908379168 0.035451316704867376 0.020875167343846788 -0.075465921223843199 -0.0079551210579102711 -0.013277393254206593
leaf_weight=43257.167406072898 21.369026442058388 149.48371883435175 337.3439622707665 28.308148696552962 8.1379758184775692 180.53605252457783 72.318964221980423 78.621799220331013 16.890031730756164 50.51849804725498 32.356376544572413 28.403255702927709 7.6721084997989264 3.2200662204995734 29.17277152556926 30.058377822861075 6.2450846424326292 37.579424335621297 20.751587639562786 73.879896869882941 7.6310387048870316 6.5043535372242358 17.108245247043669 29.756590027362108 6.4059235993772745 21.268265916965902 24.340906120836735 6.047951126471161 16.692380108870566 84.36859564203769
leaf_count=553826 134 1281 2324 200 45 1204 358 797 120 455 282 130 45 29 187 217 36 286 109 680 41 58 104 189 56 144 270 36 139 519
internal_value=0.000104615 0.00424765 0.00816727 -0.00251163 -0.00834864 0.0113286 -0.00141588 -0.00593382 0.00801571 -0.000400858 0.00629814 -0.0138637 0.0120213 0.0207676 0.00907869 -0.00565139 0.0174418 0.0262622 -0.00332088 -0.00878497 -0.0282256 -0.00620777 0.0165344 0.043666 0.00128985 0.00403371 0.00190749 -0.00856453 -0.0282481 -0.0174372
internal_weight=44690.2 1432.99 839.836 185.93 157.622 653.906 593.156 402.061 191.095 322.111 215.086 107.025 174.205 116.532 77.1499 57.6725 27.6141 69.9358 145.15 124.398 79.95 47.9771 23.6126 39.3826 9.62599 316.562 295.294 114.757 24.3645 90.4165
internal_count=564301 10475 6023 1526 1326 4497 4452 3138 1314 2739 1812 927 1194 807 533 387 170 568 1244 1135 399 346 162 274 85 2173 2029 825 184 555
cat_boundaries=0 1 2 3
cat_threshold=13288545 227 2368266
is_linear=0
shrinkage=0.05


Tree=192
num_leaves=31
num_cat=3
split_feature=17 33 67 10 12 13 67 56 15 51 56 17 31 36 35 17 30 25 4 40 28 21 19 5 11 24 31 28 51 65
split_gain=6.85701 6.12273 15.8872 12.8155 9.56546 8.08005 7.6841 9.52415 11.662 10.7347 9.99599 11.3575 9.61794 14.1985 18.404 8.70006 8.73348 8.66802 12.6293 8.69362 9.04935 8.64317 11.7726 9.40147 9.32456 8.43791 8.06524 8.42236 8.01094 8.91149
threshold=1.4350000000000003 2.4841109828491201 0 37.550000000000004 10.550000000000002 0.20500000000000004 1 -0.44000000000000022 2 0.018693221523410204 1.4300000000000006 6.7650000000000006 0.068819642549300966 0.54034322695830472 -0.017500000000000068 6.5050000000000008 0.042500000000000031 0.09372190807597508 55.180000000000007 0.19499999999999987 3.3666666666666671 0.073531958745421594 22.500000000000004 29.615000000000006 69.850000000000009 0.032453794442510946 0.028356041393648817 1.9166666666666667 0.091608391608391626 2.9967649430038068
decision_type=2 2 1 2 2 2 1 2 1 2 2 2 2 2 2 2 2 2 2 2 2 2 2 2 2 2 2 2 2 2
left_child=-1 -2 4 -4 -3 6 17 25 10 -10 -9 -12 -11 14 -14 16 -16 19 21 -5 -21 22 23 -19 -24 -8 -25 -28 -27 -30
right_child=1 2 3 5 -6 -7 7 8 9 12 11 -13 13 -15 15 -17 -18 18 -20 20 -22 -23 24 26 -26 28 27 -29 29 -31
leaf_value=-0.058010374174378321 -0.00021104514195641319 -0.026298933005180991 0.0068027668547043689 0.001260249055179948 -0.0033949452029560095 0.074438570030936457 0.032915949786428832 0.0045902118171193551 -0.027377331426962359 0.00084277296005090627 0.058274214715847608 -0.036881037254398973 0.080205241958187498 -0.053584566650821452 -0.010665919361025272 0.012389623579227276 -0.092164565792229328 -0.0096098832147044309 -0.011681434762522327 0.055793275831748791 -0.0043111909820310497 0.040717530258200706 -0.022064508421489937 0.012393626487966818 0.028399129319077857 -0.011516164632223533 -0.010764192678537324 0.057008283458913449 -0.01177974651491355 0.027406539224583831
leaf_weight=5.0947247623989815 39515.196122432848 48.415499674971215 1391.2313187564723 1231.3881343137473 779.78575313347392 3.7366203404963008 12.409477068111299 523.81121374992654 48.556751802330837 321.59892994794063 16.552637326531116 3.868816787376999 5.7392052710056332 21.395817968994379 7.4370117820799369 11.703957860358058 5.8911049934104085 16.491258760914207 41.584406794980168 14.956067017279567 10.773586551658807 36.250272061675787 31.953970015980303 28.438637961167842 12.829264648258684 382.71079608378932 5.326844558119773 32.883524924516678 28.157649069093168 29.930420095100999
leaf_count=4292 504256 1073 19279 11494 8616 18 97 4740 530 3264 166 39 18 98 55 56 35 149 362 95 126 230 298 264 128 3355 30 191 227 233
internal_value=-7.13334e-06 -5.10657e-07 0.00162887 0.00285411 -0.0046774 0.000960751 0.000865505 -0.00175255 0.00103931 -0.00513912 0.00582122 0.0402472 -0.0023876 -0.0223021 -0.000550894 -0.0190662 -0.0466888 0.00339518 0.0129318 0.00186129 0.0306262 0.0191662 0.0130591 0.0241913 -0.00760795 -0.00774543 0.0325549 0.0475602 -0.00889013 0.00841135
internal_weight=44626.1 44621 5105.81 4277.61 828.201 2886.38 2882.64 1419.76 966.555 422.323 544.233 20.4215 373.766 52.1671 30.7713 25.0321 13.3281 1462.88 205.758 1257.12 25.7297 164.174 127.924 83.1403 44.7832 453.208 66.649 38.2104 440.799 58.0881
internal_count=563814 559522 55266 45577 9689 26298 26280 12913 9001 4056 4945 205 3526 262 164 146 90 13367 1652 11715 221 1290 1060 634 426 3912 485 221 3815 460
cat_boundaries=0 1 2 3
cat_threshold=6293632 9766729 422
is_linear=0
shrinkage=0.05


Tree=193
num_leaves=31
num_cat=5
split_feature=40 56 55 67 22 8 67 8 15 68 41 33 56 28 9 26 45 40 5 4 3 41 1 41 28 34 22 19 44 22
split_gain=8.80619 10.4277 12.3936 12.3826 12.1618 11.6445 10.8608 12.0823 13.5311 11.8456 10.4789 10.3742 10.2644 10.2527 10.1771 11.9715 10.7324 10.0376 10.463 9.49942 9.50075 9.43876 13.3799 10.3937 10.1103 9.36649 9.31102 11.7412 9.82518 11.9601
threshold=1.0000000180025095e-35 -1.3500000000000001 2.7500000000000004 0 1.9076434590085467 1 2 3 4 0.025200000000000004 -0.032469512195121279 2.4021517302573208 0.43500000000000011 2.2916666666666674 743.50000000000011 0.027191657391212171 0.036825960607039077 -0.020000000000000014 47.275000000000013 17.315000000000001 3.2250000000000005 -0.056638418079095747 0.025000000000000005 0.016363636363637028 1.0833333333333337 0.12500000000000003 0.36510219544456451 26.600000000000005 0.28389131983311294 0.53372636630039094
decision_type=2 2 2 1 2 1 1 1 1 2 2 2 2 2 2 2 2 2 2 2 2 2 2 2 2 2 2 2 2 2
left_child=1 2 3 5 6 -1 7 11 13 -10 26 21 -12 -9 15 19 -17 -13 -19 20 -14 -3 23 -23 -24 -16 27 -11 -28 -30
right_child=-2 4 -4 -5 -6 -7 -8 8 9 10 12 17 14 -15 25 16 -18 18 -20 -21 -22 22 24 -25 -26 -27 28 -29 29 -31
leaf_value=-0.020092332780476129 0.00077308016390998941 0.0091414622691737609 -0.024781239726561089 -0.006290678431201624 0.014166337671301314 0.0090971732953896278 -0.0010071465269811718 0.0087998357416631916 -0.029514008915860698 -0.00080009519771918945 -0.0039033094454098169 0.0067728635106402771 0.038387531706183226 -0.00736503794031585 -0.001549520254086909 -0.042094855404224064 0.053911325020421411 0.032923692053710048 -0.043468826459743252 0.046097417952955563 -0.034284397984834895 -0.017482915941147387 -0.033358845427455125 0.010550197981686445 0.0040325857330107597 0.037165368571948028 0.015280950863463575 0.031574329867741557 -0.054773712265414248 0.013210651376078989
leaf_weight=30.17697128598229 18970.760819249543 501.27803856739774 74.042411819915287 1018.2303197248839 142.3026601348538 253.10216261370806 19529.438919339027 111.65347190399189 29.116885061623179 355.69369375397218 713.40295818314189 142.94929368048906 9.1573648472622171 807.58766491785354 189.66880303667858 11.056416003033517 3.9512847103178492 78.866963485721499 4.7523203301243475 42.11101426766254 8.8380312437657249 147.49344357763766 18.431305236183107 42.619235482154181 944.30641581687087 17.025226393947378 331.34126489073969 30.39944667648524 11.481959858909251 14.818603087216614
leaf_count=451 253733 6485 997 12489 2633 3068 229103 1272 1550 6154 9072 1568 343 11150 2355 133 24 855 66 409 148 2114 215 590 13362 288 2611 358 66 80
internal_value=-4.34493e-05 -0.000648173 -0.00488305 -0.00375105 -0.000407853 0.00540863 -0.000493918 0.00169876 -0.000455221 0.00210201 0.00264348 0.00476268 -0.000711857 -0.00534348 0.00736737 0.0231292 -0.016818 0.014822 0.0285821 0.0331035 0.00269636 0.00341363 0.000923082 -0.0111985 0.00331674 0.0016394 0.00713334 0.00174894 0.0129461 -0.0164691
internal_weight=44586.1 25615.3 1375.55 1301.51 24239.7 283.279 24097.4 4568 2687.3 1768.06 1738.95 1880.7 995.211 919.241 281.808 75.1141 15.0077 226.569 83.6193 60.1064 17.9954 1654.13 1152.85 190.113 962.738 206.694 743.735 386.093 357.642 26.3006
internal_count=563742 310009 17005 16008 293004 3519 290371 61268 36013 23591 22041 25255 12772 12422 3700 1057 157 2489 921 900 491 22766 16281 2704 13577 2643 9269 6512 2757 146
cat_boundaries=0 1 2 3 4 5
cat_threshold=9438248 166144 8587776 13360 280
is_linear=0
shrinkage=0.05


Tree=194
num_leaves=31
num_cat=8
split_feature=22 28 8 67 31 48 8 67 40 0 68 22 12 2 1 67 9 53 11 31 4 57 67 64 1 41 27 8 60 67
split_gain=9.22708 16.4955 10.5863 10.6286 11.0881 10.3038 10.2319 11.7787 11.3352 9.10231 8.73032 8.49496 24.9072 17.892 22.0332 18.5313 17.6404 17.5145 15.6177 14.8279 13.4926 17.3135 16.6858 14.8241 17.5985 14.3348 13.6582 18.2312 15.6716 13.1944
threshold=0.025869158525698096 3.5500000000000003 0 1 0.022135293428155785 2.2061825251285732 2 3 0.16500000000000006 6.705000000000001 0.053300000000000007 0.49363392844465254 22.850000000000005 3.5000000000000004 0.25500000000000006 4 135.50000000000003 3.5000000000000004 42.250000000000007 0.004761016678075632 19.785000000000004 -2.4748737341529154 5 24.145000000000007 0.025000000000000005 0.044285714285714935 0.55658732368083752 6 -1.0000000180025095e-35 7
decision_type=2 2 1 1 2 2 1 1 2 2 2 2 2 2 2 1 2 2 2 2 2 2 1 2 2 2 2 1 2 1
left_child=1 6 5 -4 -5 -3 7 -1 9 -8 -11 12 -2 17 15 16 -15 18 -13 -18 21 22 -14 -23 -25 -26 -22 28 -28 -30
right_child=11 2 3 4 -6 -7 8 -9 -10 10 -12 13 20 14 -16 -17 19 -19 -20 -21 26 23 -24 24 25 -27 27 -29 29 -31
leaf_value=-0.020987827503066422 -0.00032780359299944972 -0.018071462850439198 -0.016067350044477204 -0.0049985233142354132 0.022633476061952044 -0.06207692411050756 0.015980624664544304 -6.9775170680812035e-06 -0.035928629821832633 -0.010824715536697192 0.0038934831708258635 0.019931713878865848 0.0093803917752261507 -0.062637853336838384 0.032809333156178379 -0.00086751054919012279 -0.035978139634863307 -0.013005100034430346 -0.0015387938902154173 0.0128716029720891 0.0016804237300476492 -0.00049889765559766664 -0.020524100098351955 -0.0072313824496444221 0.014339885377697351 0.036309877888858415 -0.077542080332817842 0.025922971041378268 0.026202215607698837 -0.0093178118647055438
leaf_weight=106.09941962272569 22043.487071982934 180.80101611827558 113.85612321112421 121.99029920156318 51.68829685205128 14.358578880783169 121.60254813140637 167.87125934411597 18.74340823989769 124.57778400882671 526.84664054855239 85.321447026915848 83.864864805247635 8.1630368949845415 62.332965250127017 1231.0040262900293 16.010415855795145 333.3589391738642 11587.689533577359 522.45674285758287 5818.522325969534 214.91635453142226 86.042312640696764 81.887275387533009 523.81460819300264 86.507526995614171 6.5012715607881537 125.20004943059757 28.726554360240698 71.304223580285907
leaf_count=3859 348885 13244 8531 9820 611 79 2374 5478 883 14535 7273 443 368 65 309 6350 144 2294 92563 2712 38060 1091 442 342 2125 350 28 416 88 271
internal_value=-0.00011762 -0.00390969 -0.0115779 -0.00480591 0.00304943 -0.0202704 -0.000436604 -0.0085851 0.00246032 0.00342295 0.00107879 1.88788e-05 0.000502966 -0.00100097 0.0035903 0.00256573 0.0101279 -0.00170458 -0.00138186 0.0114191 0.00307239 0.00822858 -0.00641935 0.0109722 0.0145337 0.0174539 0.00215452 0.0140585 -0.0021194 0.00257065
internal_weight=44565.5 1548.44 482.694 287.535 173.679 195.16 1065.74 273.971 791.77 773.027 651.424 43017.1 29170.8 13846.3 1839.97 1777.63 546.63 12006.4 11673 538.467 7127.29 1077.03 169.907 907.126 692.209 610.322 6050.25 231.732 106.532 100.031
internal_count=564033 66687 32285 18962 10431 13323 34402 9337 25065 24182 21808 497346 392466 104880 9580 9271 2921 95300 93006 2856 43581 4718 810 3908 2817 2475 38863 803 387 359
cat_boundaries=0 1 2 3 4 5 6 7 8
cat_threshold=197804 6701910 22723 8060987 1970561 279356 110241 4216096
is_linear=0
shrinkage=0.05


Tree=195
num_leaves=31
num_cat=5
split_feature=19 15 66 8 40 66 5 8 56 65 31 26 31 64 7 35 40 40 55 71 1 67 5 1 41 71 58 28 8 29
split_gain=9.91166 20.7939 15.578 14.1853 14.7216 13.7543 12.8863 13.0089 11.6422 11.4783 12.8526 11.0824 20.6518 10.9785 10.7283 10.5787 17.4356 10.4783 10.4751 10.0418 11.7566 13.4248 10.5405 9.98524 10.2169 9.82179 9.77839 13.8397 9.69875 14.8211
threshold=24.400000000000002 0 0.18323335959509149 1 0.020000000000000021 0.0090317283754436165 41.190000000000005 2 -0.25500000000000006 0.32103651075382089 0.060254392793122592 0.10602046200077996 0.048204694871739083 1.3000000000000007 47.500000000000007 -0.11499999999999976 -0.034999999999999691 -0.034999999999999691 1.9166666666666681 0.30900718380486275 1.0000000180025095e-35 3 43.435000000000009 0.22500000000000003 -0.11215838509316754 -0.020992816195137372 -1.7071067811865472 2.2916666666666674 4 0.22500000000000006
decision_type=2 1 2 1 2 2 2 1 2 2 2 2 2 2 2 2 2 2 2 2 2 1 2 2 2 2 2 2 1 2
left_child=19 5 6 8 11 -2 18 -8 17 10 -10 -5 26 -7 -6 16 -15 25 -3 20 21 -1 -22 24 -14 -4 27 -13 -21 -30
right_child=1 2 3 4 14 13 7 -9 9 -11 -12 12 23 15 -16 -17 -18 -19 -20 28 22 -23 -24 -25 -26 -27 -28 -29 29 -31
leaf_value=0.0052996942632964989 0.026177312590225616 -0.005766250465755852 -0.020447599015948795 0.0010511575508666254 0.04626137875537286 -0.019574980929988474 0.026681619923345268 -0.0018251187605968979 0.011847977238688067 0.028322655123934865 -0.048363961345432062 0.028327758649425244 0.043171803240558734 0.0086100711891548293 0.0054254490218180792 0.0046830355945653998 -0.061729959412448999 -0.012676564857401557 -0.019700155909460858 0.0020070755465127696 -0.0010553541366483928 -0.016687239902294766 0.002074189358807496 0.030839125073099261 -0.058992365226974999 0.034176985372417874 0.0038116653238209892 -0.061105016768798419 -0.0004565427029333368 -0.025471001424268641
leaf_weight=97.704208395985916 71.550358257314656 785.99742512509692 11.382797303609548 138.78367413044907 19.550852504558861 48.585193932114635 44.582414350821637 151.62905721680727 64.009388145059347 125.10230420506559 10.287008254788814 6.1012822519987848 2.6046005859971038 19.791278712451458 90.694635271094739 3130.3695225910051 15.8778157569468 71.080617246683687 162.82309833104955 7869.8949760543328 22700.954111864168 222.22724584759271 3052.2847555067128 3.8890341874212018 40.480585123412311 29.702231192961335 70.50127761811018 14.866144837811587 5448.6015171394974 59.866422919789329
leaf_count=1449 1071 9365 78 1112 113 1033 369 1584 619 805 69 37 14 132 734 29371 103 561 2230 88987 315292 3551 37598 24 229 188 459 111 65504 901
internal_value=3.74774e-05 0.00210489 -0.00214298 0.003727 -0.00271744 0.00448151 -0.00574529 0.00591889 0.0114609 0.0190778 0.00351109 -0.00893354 -0.0189428 0.00401255 0.0126673 0.00437452 -0.0227012 -0.00105804 -0.00815739 -0.000231367 -0.000802778 -0.0103286 -0.000684439 -0.0458904 -0.0528163 0.019043 -0.00510375 -0.0350811 0.000882258 -0.000727082
internal_weight=44581.8 5130.24 1844.07 699.036 387.472 3286.17 1145.03 196.211 311.564 199.399 74.2964 277.227 138.443 3214.62 110.245 3166.04 35.6691 112.166 948.821 39451.5 26073.2 319.931 25753.2 46.9742 43.0852 41.085 91.4687 20.9674 13378.4 5508.47
internal_count=563693 50411 18701 5153 2833 31710 13548 1953 2320 1493 688 1986 874 30639 847 29606 235 827 11595 513282 357890 5000 352890 267 243 266 607 148 155392 66405
cat_boundaries=0 1 2 3 4 5
cat_threshold=87 242721 32820 4787219 32026
is_linear=0
shrinkage=0.05


Tree=196
num_leaves=31
num_cat=6
split_feature=55 67 21 8 28 4 8 26 18 44 1 71 5 56 19 21 56 26 8 32 0 68 19 58 50 22 15 67 60 6
split_gain=11.1966 14.4875 10.7716 10.5376 10.087 18.0196 9.83002 13.1577 9.34216 9.74664 9.27584 9.07939 8.65445 10.3878 10.1438 11.166 11.022 8.47235 12.6429 10.8994 17.059 14.0943 12.93 10.9495 17.0127 12.5631 9.99651 18.0654 12.0438 12.0292
threshold=-4.0833333333333313 0 0.075153281986013634 1 2.7750000000000004 46.095000000000006 2 0.11024233383870495 12.350000000000003 0.093113639276532559 0.015000000000000001 -0.51099281619513748 38.475000000000009 -1.3500000000000001 29.400000000000002 0.082206095801381926 0.11499999999999978 0.10836247086247087 3 52.250000000000007 6.9850000000000012 0.44885000000000003 24.200000000000006 4.2862637970157366e-16 53.500000000000007 0.2223982546547158 4 5 -0.019999999999999973 55.665000000000013
decision_type=2 1 2 1 2 2 1 2 2 2 2 2 2 2 2 2 2 2 1 2 2 2 2 2 2 2 1 1 2 2
left_child=1 2 4 10 -1 11 -4 -8 9 -5 -3 -6 14 -14 15 16 -12 19 -19 22 21 26 -2 25 -25 -23 27 28 -21 -28
right_child=17 3 6 8 5 -7 7 -9 -10 -11 12 -13 13 -15 -16 -17 -18 18 -20 20 -22 23 -24 24 -26 -27 29 -29 -30 -31
leaf_value=-0.036896097714330355 0.00015027762769343045 -0.046921485009795677 0.016540919965166309 0.0057550059694977942 0.0061011982686717155 0.013294199868245166 -0.0052343840542820631 -0.040988936748236122 0.0080048921391974413 -0.018315274381472926 -0.019243550599185713 -0.029086751872054464 0.065419343421270162 0.0010353924124233613 0.066135252099296854 -0.039641527587048836 0.021199402414285445 0.0053492077364513686 0.00010450561852397599 0.023712804361271569 0.0076901173227570431 -0.049469189983469095 0.0055310025540763561 0.06575373447418531 -0.045591129036410757 0.049027123654353459 -0.0018755132572669858 -0.013328156540036815 -0.0027000346506350281 -0.029543334389387887
leaf_weight=55.444395618629642 32162.38511642738 15.766262274351901 39.020522521044768 86.432521924165485 22.459425838082097 48.901338810799643 419.94380926497251 27.410636461339891 415.54192723252345 81.91453180462122 50.384195631617331 99.752437335206196 7.6170021746074772 35.290621932712384 3.8328589103184632 35.705018610300613 25.309329239898943 1932.8836919793393 2824.372278748313 52.545019568351563 404.05474469991168 3.6108887038426465 1156.6499755060067 4.9721702039241817 11.06517532840371 31.300151235423982 3666.6857344874006 566.61408699181629 241.62238095724024 39.710509510245174
leaf_count=595 429473 228 548 3864 302 471 7337 236 3933 1098 688 1326 55 508 36 876 381 14456 21842 445 5470 74 9543 27 92 167 47559 8147 3318 556
internal_value=0.000110312 -0.00417973 -0.0092275 0.000681981 -0.0183619 -0.0123564 -0.00516235 -0.00726281 0.00391235 -0.00595714 -0.00978699 -0.0226201 -0.00670362 0.0124649 -0.0138412 -0.0165929 -0.00572081 0.000256708 0.0022469 9.77127e-06 -0.00216163 -0.00302359 0.000337066 0.0231292 -0.0110701 0.0388395 -0.00331533 -0.00814395 0.00195156 -0.0021661
internal_weight=44569.2 1470.73 712.933 757.794 226.558 171.113 486.375 447.354 583.889 168.347 173.905 122.212 158.139 42.9076 115.231 111.399 75.6935 43098.5 4757.26 38341.2 5022.18 4618.13 33319 50.9484 16.0373 34.911 4567.18 860.781 294.167 3706.4
internal_count=563651 22482 10815 11667 2694 2099 8121 7573 8895 4962 2772 1628 2544 563 1981 1945 1069 541169 36298 504871 65855 60385 439016 360 119 241 60025 11910 3763 48115
cat_boundaries=0 1 2 3 4 5 6
cat_threshold=14428218 245764 16512 53940 288 15753261
is_linear=0
shrinkage=0.05


Tree=197
num_leaves=31
num_cat=2
split_feature=71 21 67 12 5 71 48 4 71 22 67 44 20 17 70 26 6 33 21 60 60 41 1 32 31 58 2 22 22 25
split_gain=10.9776 9.5692 12.9712 11.4542 11.5268 10.4943 10.9125 9.91202 9.26881 8.58 11.0578 17.18 9.12228 8.30471 8.29285 18.0677 8.82417 8.55785 7.94063 8.83231 7.90168 7.74117 10.2759 11.2112 15.4924 12.6819 9.94214 9.43726 11.9783 9.70735
threshold=-0.39099281619513743 0.096751620319401668 0 7.5500000000000007 29.525000000000002 -0.94099281619513742 2.5260150375939854 2.3900000000000001 -0.96931543881762083 1.3614977444532925 1 0.10155232351419623 21.550000000000004 2.6250000000000004 25.060000000000002 0.022628175211680781 34.925000000000004 1.973265996957529 0.077365421765201864 -0.0099999999999999933 -0.020000000000000007 0.21341666666666684 0.085000000000000006 52.95000000000001 0.02960964611465396 4.9748737341529177 4.5000000000000009 0.41527575646646758 0.28635755900987564 0.097627367173119525
decision_type=2 2 1 2 2 2 2 2 2 2 1 2 2 2 2 2 2 2 2 2 2 2 2 2 2 2 2 2 2 2
left_child=1 14 5 -4 8 6 13 -7 -5 21 11 12 -11 -3 -1 16 -16 -17 19 -13 -12 -2 23 24 -23 -26 -24 28 29 -28
right_child=9 2 3 4 -6 7 -8 -9 -10 10 20 18 -14 -15 15 17 -18 -19 -20 -21 -22 22 26 -25 25 -27 27 -29 -30 -31
leaf_value=-0.001491758934702891 0.00030053315625854296 0.02073361300884272 -0.0044008150867385519 0.03849088192703562 0.045738847654326974 -0.082267185541861187 -0.090490719095554562 0.016970900963011442 -0.032195926682075132 0.0016954833091015625 0.031514146770485661 -0.024162194261529223 0.061681398902619047 -0.03692150580984932 -0.016564309364281736 -0.053784102327913919 0.033441262927228037 -0.0036100683492957461 0.029700021585092346 -0.07996388511354896 0.0088968946075470307 0.0032599627799826288 0.017773963117417382 0.019809097838436221 -0.034278599103303518 0.042083112936852407 -0.024878029363117501 -0.080992235388311254 0.055268874051588195 0.1229675610818817
leaf_weight=9098.1055270792167 33814.984871126115 10.172707020348755 27.390129630734009 8.5138127035461384 52.190054025501013 2.7012285494565722 5.7869657974224529 36.734063949523261 10.185826699715106 358.71807613852434 42.772107736207545 24.270233591087162 6.4518832992762318 16.179885373894649 17.573255334980786 30.670872236602008 17.716149728978053 11.756069323047994 4.5695318132638922 10.018311370164154 397.53058412077371 139.97726992657408 215.29462712351233 53.489342429209501 55.64996240567416 6.0259307473897925 23.49965672336112 4.2043922562152138 7.2357769068330517 1.1653145207092155
leaf_count=139313 396852 1931 3870 61 391 214 40 804 108 6075 237 167 25 597 288 258 219 107 25 55 6070 1722 1748 459 440 37 956 23 44 9
internal_value=0.000110144 -0.001413 0.0103464 0.0209304 0.0336703 -0.00623903 -0.0283182 0.0101733 -1.27259e-05 0.000514936 0.00549437 -0.000593313 0.00275532 -0.0146653 -0.00163068 -0.0178944 0.00853972 -0.0398814 -0.0322149 -0.0404661 0.0108476 0.000392439 0.00652775 -0.000541331 -0.00593937 -0.0268178 0.0137021 -0.0105785 -0.00129828 -0.017893
internal_weight=44511.5 9345.68 169.855 98.2798 70.8897 71.5749 32.1396 39.4353 18.6996 35165.9 844.331 404.028 365.17 26.3526 9175.82 77.7163 35.2894 42.4269 38.8581 34.2885 440.303 34321.5 506.542 255.143 201.653 61.6759 251.4 36.1051 31.9007 24.665
internal_count=563145 148201 8016 4430 560 3586 2568 1018 169 414944 12654 6347 6100 2528 140185 872 507 365 247 222 6307 402290 5438 2658 2199 477 2780 1032 1009 965
cat_boundaries=0 1 2
cat_threshold=3174868 10989057
is_linear=0
shrinkage=0.05


Tree=198
num_leaves=31
num_cat=6
split_feature=55 0 19 67 0 4 48 8 8 30 35 68 67 5 67 30 19 63 41 41 22 31 68 57 10 4 20 31 22 8
split_gain=6.20615 13.337 17.5557 16.4306 10.4142 11.9105 10.0902 10.7383 9.65952 10.5202 9.80904 12.1416 12.9947 9.77633 12.2526 9.19221 10.8074 9.65224 13.0778 11.5633 9.47807 9.23414 9.05285 9.91227 10.056 13.5199 12.5207 9.31545 9.60227 12.2903
threshold=1.9166666666666681 6.8550000000000013 21.400000000000002 0 6.8450000000000006 22.025000000000002 4.0525630810092972 1 2 -0.19249999999999992 -0.013333333333333195 0.030450000000000001 3 49.515000000000008 4 -0.14749999999999994 24.550000000000004 2.5000000000000004 0.027522727272727646 -0.0059999999999997824 0.34525656490508511 0.052634835523584035 0.035650000000000008 -4.592425496802573e-16 46.750000000000007 44.690000000000005 21.800000000000001 0.09205686851165136 0.44006183788362169 5
decision_type=2 2 2 1 2 2 2 1 1 2 2 2 1 2 1 2 2 2 2 2 2 2 2 2 2 2 2 2 2 1
left_child=-1 2 8 22 6 -6 7 -5 10 -10 11 -2 -13 -11 -15 16 -9 18 21 -19 -20 -17 -4 24 25 -24 -27 28 -25 -30
right_child=1 -3 3 4 5 -7 -8 15 9 13 -12 12 -14 14 -16 17 -18 19 20 -21 -22 -23 23 27 -26 26 -28 -29 29 -31
leaf_value=0.00034578459808130477 -0.03833334695677823 -0.0040332298334421479 -0.050544266496771295 -0.0022563903444126026 0.06369047468833039 -0.001266795394030798 0.068333654083178749 0.050602299610625769 -0.032052337838388477 0.0046333296080206766 -0.0083964106830252388 -0.0058552852771455513 0.013391200934462258 -0.027755260937963808 0.004605090578187066 -0.014038551279037423 -0.045967776636547372 -0.047425665756859831 -0.022699245613158614 -0.0052209958841975867 -0.070559303139365537 0.010968034451344883 0.0085106046105966875 -0.0078360080727916358 0.025357678321006851 -0.050690829593146441 0.046022175369524028 0.05554810205349623 -0.012099078553731492 0.018350007279492635
leaf_weight=36974.000559818567 16.809231994440779 2712.9281566074715 8.413828158285467 226.17311239338596 9.7555073259863985 25.511133111547679 3.96690859645605 10.180770518985808 20.386651412816718 2523.7997363126196 377.80568497149943 149.29226090479642 192.0837044830696 43.900565591880877 63.610935358941788 263.08408435643651 4.0496182944625607 51.122579731512815 30.062970902421512 23.777893211925402 15.771543169859795 42.943067528773099 155.24275147524895 341.27891560655553 72.575392252765596 18.323741110274572 4.0943322908133259 6.785465031862258 44.51133506372571 83.271618464030325
leaf_count=461898 422 40912 66 2310 111 282 15 81 229 33906 5958 1521 1988 584 794 3120 32 496 513 233 112 250 1938 4718 564 160 24 20 235 398
internal_value=7.91562e-05 -0.00122805 0.000348032 -0.00427476 -0.00964548 0.0167018 -0.0111737 -0.0116464 0.00231426 0.00371309 -0.00273881 0.00315225 0.00519498 0.0040043 -0.010762 -0.0160473 0.0231208 -0.0177294 -0.01426 -0.0340274 -0.0391678 -0.0105295 0.00100809 0.00161936 0.00967541 0.00326912 -0.0330276 -0.00261711 -0.00345853 0.00823269
internal_weight=44515.5 7541.51 4828.59 1440.9 706.399 35.2666 671.133 667.166 3387.69 2651.7 735.991 358.185 341.376 2631.31 107.512 440.993 14.2304 426.762 351.862 74.9005 45.8345 306.027 734.497 726.084 250.236 177.661 22.4181 475.847 469.062 127.783
internal_count=563890 101992 61080 15678 7555 393 7162 7147 45402 35513 9889 3931 3509 35284 1378 4837 113 4724 3995 729 625 3370 8123 8057 2686 2122 184 5371 5351 633
cat_boundaries=0 1 2 3 4 5 6
cat_threshold=11488928 22646 36966 14863367 861233 219360
is_linear=0
shrinkage=0.05


Tree=199
num_leaves=31
num_cat=6
split_feature=71 67 48 10 35 17 26 29 67 6 57 35 8 3 57 35 67 64 8 61 66 17 64 30 8 32 41 45 24 41
split_gain=9.60357 12.0314 8.51342 9.27501 8.09749 7.94851 7.65578 9.22488 16.5329 14.4866 12.1124 11.4112 11.2507 12.2421 11.918 10.2074 9.88041 10.9979 9.61183 9.5176 9.42004 9.14807 9.46416 9.40913 9.01864 9.00331 8.62088 15.6329 8.61643 8.32417
threshold=-1.6309928161951375 0 2.2406969046520495 48.95000000000001 -0.010833333333333249 1.4350000000000003 0.1529197362890202 0.059999999999999998 1 43.715000000000011 9.1848509936051497e-17 0.022499999999999968 2 7.5550000000000006 1.5308084989341916e-16 -0.10916666666666684 3 18.175000000000004 4 5.5000000000000009 0.33392005327716517 7.205000000000001 14.745000000000003 -1.0000000180025095e-35 5 58.050000000000004 0.036963109354413611 0.059270057229240912 0.036133125658527651 0.035000000000000593
decision_type=2 1 2 2 2 2 2 2 1 2 2 2 1 2 2 2 1 2 1 2 2 2 2 2 1 2 2 2 2 2
left_child=1 2 3 -1 -5 -2 -7 8 10 29 11 15 14 -14 -12 -8 18 -18 19 28 -11 22 -17 -24 -19 -25 -16 -28 -9 -10
right_child=5 -3 -4 4 -6 6 7 16 9 20 12 -13 13 -15 26 21 17 24 -20 -21 -22 -23 23 25 -26 -27 27 -29 -30 -31
leaf_value=-0.02347436208525705 -0.064084494663281977 0.00082592406502946577 -0.052779212546069855 0.036367555691308187 -0.022013936254383835 -0.0001706507643930224 -0.062336715156355117 0.013291438513005658 -0.010584043058962459 0.0099974903518211221 -0.066637347391794083 -0.0053381402422321388 0.010381493592512163 -0.06352697253730992 -0.017329480415373327 0.065636841378001742 0.036648394264050171 -0.013505407274890047 0.0093677486342127105 0.027308487120196841 0.062626849264140583 0.051922175785741501 0.023025654297496433 0.036269444122795008 0.016288723466920983 -0.014958053344439863 0.044127274435692983 -0.065651868051764609 -0.050162449251071821 0.0037621919528801314
leaf_weight=88.915250678619486 4.8468335564248255 153.37863237514102 18.270970493555069 13.88898973609321 10.376824304461477 42884.258594743878 3.6272807475179425 6.8826377755031016 396.08600632520393 46.382758796215057 9.7677470082417113 52.115570983383805 175.87936117872596 5.7871789913624516 61.618509836494923 10.072178684175013 58.592880513053387 26.136050997301936 69.753350050188601 7.3388996999710789 10.410647155717013 23.098618253134191 124.51270130928606 11.180571494624017 107.32189947273582 36.832580332644284 15.30880616605282 4.1145397126674643 24.024561353027821 135.77236618567258
leaf_count=3895 3696 4766 149 85 60 540792 16 48 2908 342 75 478 1208 47 487 52 403 212 511 53 43 150 854 48 835 349 105 36 192 1029
internal_value=-0.000116773 -0.00926847 -0.0196171 -0.015997 0.0114018 -5.79465e-05 -5.09425e-05 0.00355762 0.00147602 -0.00428578 0.00776338 0.015597 0.00053195 0.00760826 -0.0130276 0.0208093 0.0113454 0.0176704 -0.00140786 -0.0189287 0.0196448 0.0222755 0.0185252 0.0157748 0.0106625 -0.00302897 -0.00817365 0.0208722 -0.0360321 -0.00692175
internal_weight=44596.6 284.831 131.452 113.181 24.2658 44311.7 44306.9 1422.62 1122.57 588.652 533.916 261.44 272.476 181.667 90.8096 209.324 300.05 192.051 107.999 38.2461 56.7934 205.697 182.598 172.526 133.458 48.0132 81.0419 19.4233 30.9072 531.858
internal_count=563924 8955 4189 4040 145 554969 551273 10481 8227 4322 3905 1947 1958 1255 703 1469 2254 1450 804 293 385 1453 1303 1251 1047 397 628 141 240 3937
cat_boundaries=0 1 2 3 4 5 6
cat_threshold=3334556 3000984 82251 2990105 14889 229385
is_linear=0
shrinkage=0.05


Tree=200
num_leaves=31
num_cat=2
split_feature=9 70 17 56 8 5 55 12 59 11 29 34 40 43 63 55 12 0 36 45 71 3 9 53 70 17 68 45 20 8
split_gain=10.3566 12.6582 11.3012 11.0126 13.8757 11.4366 14.0495 11.7536 11.0934 11.2843 10.6527 10.5158 10.4615 10.9494 10.7769 10.1563 11.0054 10.1464 9.83514 9.76276 9.66245 9.58771 17.1837 11.636 11.1181 9.98071 9.83995 9.8088 9.27403 9.24435
threshold=562.50000000000011 4.0050000000000008 4.2150000000000007 0.16000000000000006 0 26.255000000000006 -0.58333333333333204 9.3500000000000032 0.14500000000000005 75.350000000000009 -0.12499999999999996 0.1000000000000001 -0.18000000000000013 1.0000000180025095e-35 -3.4999999999999996 7.583333333333333 22.050000000000004 7.1950000000000012 1.2584790953797389 0.057476960231479905 0.77068456118237927 4.745000000000001 469.50000000000006 1.0000000180025095e-35 10.210000000000003 6.8750000000000009 0.11940000000000002 0.011425604509716662 9.8500000000000032 1
decision_type=2 2 2 2 1 2 2 2 2 2 2 2 2 2 2 2 2 2 2 2 2 2 2 2 2 2 2 2 2 1
left_child=3 -2 18 12 5 6 11 -8 -6 17 -9 -5 13 14 -1 -4 19 21 -3 -17 -12 25 24 27 26 -10 -23 -24 -26 -16
right_child=1 2 15 4 8 -7 7 10 9 -11 20 -13 -14 -15 29 16 -18 -19 -20 -21 -22 22 23 -25 28 -27 -28 -29 -30 -31
leaf_value=0.047411466742918768 -0.021761242094757598 -0.0059913992275923596 -0.00066488312654437579 -0.0070315276939518379 0.010916556622355876 0.0078505542164662399 -0.011512264805159742 0.065686079712839907 0.0024142530085269646 -0.019048551430306569 0.015211644664009366 -0.042723596902950529 0.00036288808490500952 -0.027102985887006992 -0.017154209787069895 -0.012818722332551564 0.03218254688168519 -0.046640453839774471 -0.029438624379894775 0.045253448189402024 -0.035957857768472948 -0.0024916712180447637 0.012794725081020052 0.049336402672363167 0.038034801263664757 0.056866092622996744 -0.034544745220344071 -0.033601383330571971 -0.0070594310556915466 0.00019462013816829316
leaf_weight=9.7967145409493224 71.822095825133147 390.40005616896087 25227.01759143926 164.98051827357267 199.29175381793175 1624.5082380049826 58.278101295691158 9.7011374076828343 887.87232952615886 87.643576288130134 125.34784261789173 23.587104123318568 14577.211566162852 61.928039884776808 107.03042892966187 37.835364919272251 49.075036374852061 11.844773590069961 50.510057721287012 8.9491233460139465 9.9588032583706063 35.727258937200531 66.861957681132481 18.01737056276761 11.879768269136546 8.4959541973657888 72.597544612828642 13.731334232725201 283.27717423532158 232.00136040660436
leaf_count=116 1670 11639 310942 2389 1953 24969 2181 44 16708 831 887 595 177219 557 1295 1122 245 169 795 108 61 641 820 158 80 57 509 164 2543 2448
internal_value=-0.000151068 -0.000799772 -0.000741338 0.000745095 0.00318262 0.00597152 -0.00166599 0.00745239 -0.000164876 -0.00164028 0.0150742 -0.0114961 0.000141145 -0.00772824 -0.00428861 -0.000603157 0.015641 -0.000558446 -0.00867748 -0.00171045 0.0114455 -0.000168138 -0.00569978 0.0130108 -0.0102726 0.00293036 -0.0239731 0.00488984 -0.00524443 -0.00578254
internal_weight=44537.2 25835.6 25763.8 18701.6 3713.6 2016.36 391.854 203.286 1697.24 1497.95 145.008 188.568 14988 410.757 348.829 25322.9 95.8595 1410.31 440.91 46.7845 135.307 1398.46 502.092 98.6107 403.482 896.368 108.325 80.5933 295.157 339.032
internal_count=563915 326521 324851 237394 55759 31126 6157 3173 24633 22680 992 2984 181635 4416 3859 312417 1475 21849 12434 1230 948 21680 4915 1142 3773 16765 1150 984 2623 3743
cat_boundaries=0 1 2
cat_threshold=123448 101030
is_linear=0
shrinkage=0.05


Tree=201
num_leaves=31
num_cat=6
split_feature=45 65 71 5 17 9 17 67 6 10 64 56 50 41 8 6 17 41 56 11 57 36 5 51 8 51 67 34 67 8
split_gain=7.25486 13.2645 18.0135 9.70746 7.09698 6.67359 15.1409 16.7243 18.7444 17.1755 16.1275 16.6882 12.8791 12.2908 15.5865 11.9338 12.2252 11.7127 10.7766 10.9114 10.4344 10.0472 9.96889 9.84169 9.70586 11.6069 11.0538 9.66727 9.57926 13.2695
threshold=0.14450379975286673 0.22857974934189948 -0.32099281619513759 30.955000000000002 1.4350000000000003 547.50000000000011 4.5750000000000011 0 40.675000000000004 42.150000000000013 24.145000000000007 -0.90999999999999992 51.500000000000007 0.046153846153846441 1 35.235000000000007 4.4350000000000014 0.017692307692307899 0.745 62.850000000000001 1.0000000180025095e-35 -0.77611306719472595 32.505000000000003 0.058257918552036207 2 0.075614636935391666 3 0.079999999999999641 4 5
decision_type=2 2 2 2 2 2 2 1 2 2 2 2 2 2 1 2 2 2 2 2 2 2 2 2 1 2 1 2 1 1
left_child=4 2 -2 -3 -1 23 7 8 9 -7 24 -12 22 14 -11 -16 20 21 19 -19 -17 -14 27 -6 25 -9 -26 -13 29 -25
right_child=1 3 -4 -5 5 6 -8 10 -10 13 11 12 17 -15 15 16 -18 18 -20 -21 -22 -23 -24 28 26 -27 -28 -29 -30 -31
leaf_value=-0.060534877063324444 0.064215292857394843 0.033908132966871528 -0.069598784292593238 0.0045741560643899034 0.0014838288348281679 -0.011227356911151317 -0.00022547570022992525 -0.0033111122220086464 0.0085397358058519075 0.010237277616972802 -0.035682407605519606 -0.021385018806384399 0.050225962764761212 -0.07616500370736666 -0.054521641995258767 -0.0021128802528419346 0.029946700232145459 0.036581132175963864 0.064680598105427242 -0.02672849118900858 -0.099529770235593631 0.01794507133404263 -0.040217263982113068 0.011090384295308368 0.0042922799204237663 0.01957262229378387 -0.015613259043943582 0.059034029580627326 -0.0025073244437861944 -0.00011443089659140217
leaf_weight=4.8458411054743911 3.3754112459719172 50.012071222066879 9.8660248247906548 64.677383428439498 12619.098941690143 301.71663362235995 24893.56310254171 386.25881235839915 83.741664873581612 23.476252108812332 19.157634525559843 8.3997339457273466 29.643761374056339 15.107035115361212 50.868929393589497 6.0900704525411147 10.09672046266496 8.6434316746890527 4.9767735116183749 32.012360049411654 5.0101142227649689 128.98788525536656 18.664081437513232 316.78450805993634 91.30144628637936 64.692287150188349 289.39889908596524 6.732136618345975 3667.4243129377865 1388.2976042413502
leaf_count=4296 19 272 79 457 160851 8225 298273 10797 1476 101 121 44 109 92 257 29 47 32 20 175 30 550 88 3965 2573 1508 8044 23 44369 17048
internal_value=5.33508e-06 0.0118951 -0.0354879 0.0173657 -2.88654e-05 -2.22722e-05 -0.00052717 -0.00526557 -0.0127698 -0.0174069 -0.0017135 0.00921249 0.0128254 -0.0342573 -0.0276309 -0.0363442 -0.00986746 0.0175558 -0.00476754 -0.0132688 -0.0460824 0.0239775 -0.0157658 0.000720794 -0.00511335 -2.76571e-05 -0.0108517 0.0143932 -0.00107144 0.00201982
internal_weight=44602.9 127.931 13.2414 114.689 44475 44470.1 26478.5 1584.98 496.107 412.366 1088.87 257.218 238.06 110.649 95.5421 72.0658 21.1969 204.264 45.6326 40.6558 11.1002 158.632 33.796 17991.6 831.651 450.951 380.7 15.1319 5372.51 1705.08
internal_count=563970 827 98 729 563143 558847 332614 34341 10257 8781 24084 1162 1041 556 464 363 106 886 227 207 59 659 155 226233 22922 12305 10617 67 65382 21013
cat_boundaries=0 1 2 3 4 5 6
cat_threshold=616462 137347 13678 5648 2207424 100385
is_linear=0
shrinkage=0.05


end of trees

feature_importances:
venue_code_y=657
syn_win_rate=611
branch=421
local_win_rate=323
course_run_count=272
course_1st_rate=198
local_perf_diff=176
ex_diff_from_race_mean=166
tenji_z_score=133
rank_skill_gap=124
exhibition_start_timing=120
motor_rate=120
nat_quinella_rate=110
specialist_score=102
anti_nige_potential=101
ex_momentum_diff=98
weight_diff=94
nige_rate=93
venue_frame_win_rate=91
course_quinella_rate=86
boat_rate=84
series_avg_rank=84
st_std_dev=83
slit_formation=79
course_trifecta_rate=77
sashi_rate=77
ex_diff_from_race_min=74
exhibition_time=71
nat_win_rate=69
makurizashi_rate=67
ex_momentum_deviation=67
wind_makurizashi_cross=65
sashi_potential=64
wind_nige_vulnerability=62
makuri_rate=58
inner_st_gap=58
level_adjusted_win_rate=58
wall_strength=52
makuri_potential=52
inner_st_gap_corrected=51
wind_direction=49
motor_rank=48
wind_makuri_cross=46
venue_course_2nd_rate=41
follow_potential=40
wave_weight_prod=36
venue_course_1st_rate=35
wave_weight_ratio=35
wind_vector_lat=34
course_avg_st=31
strong_wind_makuri=31
venue_course_3rd_rate=30
wind_vector_long=29
corrected_st=24
weight=20
motor_gap=18
ex_rank_in_race=13
high_wave_heavy_penalty=13
pred_course=11
rank_numeric=7
wind_speed=6
racer_rank_num=6
high_wave_inner_risk=3
wave_height=2
linear_rank=2
is_gale_wind=1
high_wind_alert=1

parameters:
[boosting: gbdt]
[objective: lambdarank]
[metric: ndcg]
[tree_learner: serial]
[device_type: cpu]
[data_sample_strategy: bagging]
[data: ]
[valid: ]
[num_iterations: 1000]
[learning_rate: 0.05]
[num_leaves: 31]
[num_threads: -1]
[seed: 42]
[deterministic: 0]
[force_col_wise: 0]
[force_row_wise: 0]
[histogram_pool_size: -1]
[max_depth: -1]
[min_data_in_leaf: 20]
[min_sum_hessian_in_leaf: 0.001]
[bagging_fraction: 0.85]
[pos_bagging_fraction: 1]
[neg_bagging_fraction: 1]
[bagging_freq: 1]
[bagging_seed: 400]
[bagging_by_query: 0]
[feature_fraction: 0.85]
[feature_fraction_bynode: 1]
[feature_fraction_seed: 30056]
[extra_trees: 0]
[extra_seed: 12879]
[early_stopping_round: 0]
[early_stopping_min_delta: 0]
[first_metric_only: 0]
[max_delta_step: 0]
[lambda_l1: 0]
[lambda_l2: 0]
[linear_lambda: 0]
[min_gain_to_split: 0]
[drop_rate: 0.1]
[max_drop: 50]
[skip_drop: 0.5]
[xgboost_dart_mode: 0]
[uniform_drop: 0]
[drop_seed: 17869]
[top_rate: 0.2]
[other_rate: 0.1]
[min_data_per_group: 100]
[max_cat_threshold: 32]
[cat_l2: 10]
[cat_smooth: 10]
[max_cat_to_onehot: 4]
[top_k: 20]
[monotone_constraints: ]
[monotone_constraints_method: basic]
[monotone_penalty: 0]
[feature_contri: ]
[forcedsplits_filename: ]
[refit_decay_rate: 0.9]
[cegb_tradeoff: 1]
[cegb_penalty_split: 0]
[cegb_penalty_feature_lazy: ]
[cegb_penalty_feature_coupled: ]
[path_smooth: 0]
[interaction_constraints: ]
[verbosity: -1]
[saved_feature_importance_type: 0]
[use_quantized_grad: 0]
[num_grad_quant_bins: 4]
[quant_train_renew_leaf: 0]
[stochastic_rounding: 1]
[linear_tree: 0]
[max_bin: 255]
[max_bin_by_feature: ]
[min_data_in_bin: 3]
[bin_construct_sample_cnt: 200000]
[data_random_seed: 175]
[is_enable_sparse: 1]
[enable_bundle: 1]
[use_missing: 1]
[zero_as_missing: 0]
[feature_pre_filter: 1]
[pre_partition: 0]
[two_round: 0]
[header: 0]
[label_column: ]
[weight_column: ]
[group_column: ]
[ignore_column: ]
[categorical_feature: 8,15,67]
[forcedbins_filename: ]
[precise_float_parser: 0]
[parser_config_file: ]
[objective_seed: 16083]
[num_class: 1]
[is_unbalance: 0]
[scale_pos_weight: 1]
[sigmoid: 1]
[boost_from_average: 1]
[reg_sqrt: 0]
[alpha: 0.9]
[fair_c: 1]
[poisson_max_delta_step: 0.7]
[tweedie_variance_power: 1.5]
[lambdarank_truncation_level: 30]
[lambdarank_norm: 1]
[label_gain: ]
[lambdarank_position_bias_regularization: 0]
[eval_at: 1,2,3]
[multi_error_top_k: 1]
[auc_mu_weights: ]
[num_machines: 1]
[local_listen_port: 12400]
[time_out: 120]
[machine_list_filename: ]
[machines: ]
[gpu_platform_id: -1]
[gpu_device_id: -1]
[gpu_use_dp: 0]
[num_gpu: 1]

end of parameters

pandas_categorical:[["\u4e09\u91cd", "\u4f50\u8cc0", "\u5175\u5eab", "\u57fc\u7389", "\u5927\u962a", "\u5c71\u53e3", "\u5ca1\u5c71", "\u5e83\u5cf6", "\u5fb3\u5cf6", "\u611b\u77e5", "\u6771\u4eac", "\u6ecb\u8cc0", "\u798f\u4e95", "\u798f\u5ca1", "\u7fa4\u99ac", "\u9577\u5d0e", "\u9759\u5ca1", "\u9999\u5ddd"], ["\u5317", "\u5317\u6771", "\u5317\u897f", "\u5357", "\u5357\u6771", "\u5357\u897f", "\u6771", "\u7121\u98a8", "\u897f"], ["01", "02", "03", "04", "05", "06", "07", "08", "09", "10", "11", "12", "13", "14", "15", "16", "17", "18", "19", "20", "21", "22", "23", "24"]]
