tree
version=v4
num_class=1
num_tree_per_iteration=1
label_index=0
max_feature_idx=70
objective=binary sigmoid:1
feature_names=anti_nige_potential boat_rate branch corrected_st course_1st_rate course_avg_st course_quinella_rate course_run_count course_trifecta_rate ex_diff_from_race_mean ex_diff_from_race_min ex_momentum_deviation ex_momentum_diff ex_rank_in_race exhibition_start_timing exhibition_time follow_potential high_wave_heavy_penalty high_wave_inner_risk high_wind_alert inner_st_gap inner_st_gap_corrected is_gale_wind is_high_wave is_linear_leader is_strong_wind level_adjusted_win_rate linear_rank local_perf_diff local_win_rate makuri_potential makuri_rate makurizashi_rate motor_gap motor_rank motor_rate nat_quinella_rate nat_win_rate nige_rate pred_course racer_rank_num rank_numeric rank_skill_gap sashi_potential sashi_rate series_avg_rank slit_formation specialist_score st_std_dev strong_wind_makuri strong_wind_outer_adv tenji_rank tenji_z_score venue_code_y venue_course_1st_rate venue_course_2nd_rate venue_course_3rd_rate venue_frame_win_rate wall_strength wave_height wave_weight_prod wave_weight_ratio weight weight_diff wind_direction wind_makuri_cross wind_makurizashi_cross wind_nige_vulnerability wind_speed wind_vector_lat wind_vector_long
feature_infos=[0:0.27476958525345618] [0:90.909999999999997] -1:13:10:9:4:3:16:6:7:5:2:14:17:1:0:15:11:12:8 [0.070000000000000007:0.32000000000000001] [0:78.599999999999994] [0.070000000000000007:0.31] [0:89.700000000000003] [1:6864] [0:93.5] [-0.30499999999999972:0.60666666666666647] [0:1.1599999999999993] [-0.69749999999999979:1.3176923076923073] [-2.1200000000000001:1.25] [1:6] [0:0.98999999999999999] [6.3499999999999996:8.2699999999999996] [0:10.681920903954801] [0:14] [0:1] [0:1] [-0.95999999999999996:0.89000000000000001] [-0.16:0.16] [0:1] [0:1] [0:1] [0:1] [0:36.640000000000001] [1:6] [-5.1699999999999999:6.8300000000000001] [0.67000000000000004:8.7100000000000009] [0:1.265625] [0:0.29032258064516131] [0:0.1666666666666666] [-5:5] [1:6] [0:90.909999999999997] [0:80.950000000000003] [0:9.1600000000000001] [0:0.76479750778816202] [1:6] [1:4] [1:4] [-6.6695218195488026:5.1308909419135613] [0:23.144104803493452] [0:0.23164335664335661] [1:6] [-0.61499999999999999:0.875] [-6.3399999999999999:73.180000000000007] [0.054788097464989902:0.1284283132695522] [0:0.29032258064516131] [0:1] [1:6] [-2.0412414523193343:2.041241452319305] -1:8:7:5:14:16:1:11:20:6:0:4:21:9:18:19:22:10:23:13:12:15:2:3:17 [0.69999999999999996:67.700000000000003] [3.2000000000000002:32.700000000000003] [6.5:24.5] [0.017600000000000001:0.63149999999999995] [0:89.700000000000003] [0:40] [0:2240] [0:0.76923076923076927] [40:66] [-11:17] -1:2:3:0:4:5:1:6:8:7 [0:1.741935483870968] [0:1.4803625377643503] [0:9.3230088495575192] [0:15] [-10.606601717798211:10] [-13:12]
tree_sizes=3583 3580 3559 3588 3596 3587 3584 3537 3609 3546 3547 3524 3544 3621 3579 3584 3557 3601 3563 3535 3558 3582 3603 3571 3561 3560 3563 3570 3586 3578 3579 3538 3596 3561 3583 3509 3579 3572 3535 3513 3555 3588 3555 3584 3563 3592 3542 3554 3539 3577 3581 3568 3554 3586 3529 3533 3625 3484 3558 3575 3530 3566 3533 3548 3572 3559 3513 3584 3526 3593 3542 3543 3497 3605 3496 3517 3574 3558 3572 3529 3512 3585 3538 3524 3616 3569 3591 3559 3564 3552 3532 3538 3532 3570 3494 3473 3516 3542 3493 3523 3521 3569 3551 3517 3563 3542 3537 3550 3573 3537 3469 3514 3589 3519 3523 3523 3497 3547 3523 3510 3538 3517 3555 3554 3516 3570 3513 3527 3499 3525 3525 3548 3557 3493 3483 3549 3553 3536 3587 3524 3555 3473 3536 3540 3506 3544 3557 3516 3568 3529 3520 3518 3502 3488 3509 3517 3499 3500 3492 3546 3483 3441 3481 3462 3581 3534 3507 3526 3516 3505 3517 3545 3534 3502 3550 3515 3561 3530 3514 3514 3520 3535 3551 3487 3522 3499 3556 3548 3516 3492 3511 3524 3558 3546 3511 3567 3555 3555 3534 3540 3503 3519 3529 3575 3554 3551 3475 3531 3515 3500 3528 3528 3486 3507 3518 3492 3528 3447 3561 3478 3495 3582 3532 3590 3516 3476 3520 3563 3421 3548 3483 3504 3499 3520 3532 3591

Tree=0
num_leaves=31
num_cat=2
split_feature=38 47 7 28 0 40 38 4 60 40 0 27 4 44 27 47 40 40 14 38 0 2 38 40 10 7 48 2 7 8
split_gain=1366.31 424.507 150.564 161.433 117.519 97.893 110.928 90.9115 68.3524 67.0335 64.0218 53.7233 51.3489 40.7807 32.0492 30.6635 29.1503 28.6932 26.6195 25.2825 25.0498 30.1174 24.9621 27.0432 24.4457 23.138 21.7202 20.1476 19.4008 19.1465
threshold=0.34789952996474732 2.9050000000000007 546.50000000000011 0.16 0.038759209103198002 2.5000000000000004 0.58040445495384219 3.7500000000000004 136.50000000000003 2.5000000000000004 0.026807734584385252 3.5000000000000004 1.0000000180025095e-35 0.0025756610808156505 3.5000000000000004 9.4750000000000032 2.5000000000000004 2.5000000000000004 0.12500000000000003 0.51145538075456043 0.026362993000741301 0 0.45692642210843798 3.5000000000000004 0.069999999999999812 915.50000000000011 0.068658465351503759 1 1143.5000000000002 29.550000000000004
decision_type=2 2 2 2 2 2 2 2 2 2 2 2 2 2 2 2 2 2 2 2 2 1 2 2 2 2 2 1 2 2
left_child=1 7 3 9 11 19 22 12 -8 10 -3 16 -1 -9 17 -11 -4 -6 -13 25 -5 -22 -7 28 -10 -2 -16 -27 -24 -15
right_child=5 2 4 20 14 6 8 13 24 15 -12 18 -14 29 26 -17 -18 -19 -20 -21 21 -23 23 -25 -26 27 -28 -29 -30 -31
leaf_value=-0.029296590450013552 0.011917229932648378 0.00033137878109089553 -0.00037737976182331765 0.0065825512713922592 0.0074585017097526822 -0.00044479543562382022 0.011904175874423819 -0.00063406413826635501 0.0070323131518804692 -0.0051414218623428484 0.009120710122520647 -0.0080301687313881851 -0.012818998443582561 -0.00087424364771102579 -0.0054427281713468811 -0.00047187381287790067 -0.0043003089414095155 0.00087245633321174311 -0.0035010718336942487 0.016496362155985322 -0.0017511078447981351 0.016137028364398669 0.00768724776924656 0.0010353114900146319 4.8358358277852082e-05 -0.00043244969622489572 0.00022981244498004836 0.0091987399347388168 0.0018216105394264204 -0.0087484143286245056
leaf_weight=187.18168655002046 2460.7910861146283 2771.2322759480776 2679.7546796893621 1237.6797701918968 766.63864026989722 1332.3840653968291 3293.835054179659 765.02424468572644 1652.111549810541 2276.6702237783938 1022.5556832647544 4182.9920739900936 2294.6463684895843 308.28444200290505 1032.9910602725358 2883.5218270428486 4771.7799162469673 2708.5290374821452 1664.916475743521 788.55965144547008 100.02185282046958 606.32114963737877 1904.729878470047 1510.9512209380391 632.16903605055268 286.30226655304432 1447.4208980039111 598.11963986843148 713.52381324376438 4009.5922090009717
leaf_count=13169 11257 25607 29458 11952 7351 5709 15686 12921 7795 18181 9827 51609 71391 7413 7489 18575 38182 15134 23288 3436 791 5032 8150 6857 2784 1330 13363 2783 3057 65487
internal_value=3.42676e-05 -0.00302342 -0.00142785 0.00138793 -0.00302307 0.00763635 0.00615402 -0.00937734 0.00913191 -0.000310803 0.00271187 -0.00459145 -0.0140964 -0.00706261 0.000474627 -0.00253908 -0.00289403 0.00233745 -0.00674749 0.0115829 0.00921981 0.0137669 0.00310487 0.00425718 0.00511438 0.0104066 -0.00212297 0.00615207 0.00610281 -0.00819383
internal_weight=52891.2 37717.8 30153 10898 19255 15173.5 11039.7 7564.73 5578.12 8953.98 3793.79 13299.4 2481.83 5082.9 5955.58 5160.19 7451.53 3475.17 5847.91 4133.77 1944.02 706.343 5461.59 4129.2 2284.28 3345.21 2480.41 884.422 2618.25 4317.88
internal_count=515064 446220 275839 89965 185874 68844 50038 170381 26265 72190 35434 142537 84560 85821 43337 36756 67640 22485 74897 18806 17775 5823 23773 18064 10579 15370 20852 4113 11207 72900
cat_boundaries=0 1 2
cat_threshold=4161 59658
is_linear=0
shrinkage=0.03


Tree=1
num_leaves=31
num_cat=5
split_feature=38 6 52 40 40 38 32 60 31 30 66 20 48 9 10 52 53 3 53 66 54 9 9 8 38 53 48 53 53 30
split_gain=1255.96 232.35 162.851 115.993 104.592 101.699 99.1916 73.0605 66.2276 64.4858 60.609 41.5485 35.4941 28.7676 27.765 27.5042 26.3234 25.9307 25.9173 25.903 25.7595 23.7566 23.6971 23.0152 22.861 21.2188 20.7081 19.7198 19.3803 19.3113
threshold=0.34789952996474732 22.350000000000005 -0.43988458942360825 2.5000000000000004 2.5000000000000004 0.58040445495384219 0.025866917497381754 136.50000000000003 0.086927458730527776 0.040014556040756925 0.25663411897167865 0.059999999999999956 0.078875782599120911 -0.044999999999999443 0.06000000000000006 0.7233642332556075 0 0.18500000000000003 1 0.0048563342635902507 12.850000000000003 0.015833333333333102 0.023333333333332953 35.45000000000001 0.4728204445627579 2 0.075342153729044264 3 4 0.11148367585555606
decision_type=2 2 2 2 2 2 2 2 2 2 2 2 2 2 2 2 1 2 1 2 2 2 2 2 2 1 2 1 1 2
left_child=1 6 12 8 14 15 9 22 17 19 11 -5 27 -9 16 -6 -2 -4 -15 -1 -14 29 -7 -8 -17 -12 -18 -3 -10 -11
right_child=4 2 3 10 5 7 23 13 28 21 25 -13 20 18 -16 24 26 -19 -20 -21 -22 -23 -24 -25 -26 -27 -28 -29 -30 -31
leaf_value=-0.018102900758673327 0.017127269166669321 -0.0043858849568490111 0.002578173444156786 -0.0038517486617784384 0.0011038471606437453 0.012340026653550372 0.0030548256022954359 0.0095846982373070152 0.0028234592540922351 -0.0063451732381964226 0.0060768539801214893 0.00051789994690683739 -0.0056307265755203605 0.0069953961857941501 0.007659586283254795 0.00085361959113114882 0.0069591380507822796 -0.0012819275868853493 -0.00074718234690653083 -0.011425082867376195 0.0011786212469355674 -0.011059934440016727 0.0046168004185929475 -0.0043266582559531742 0.0077663275871036157 -0.00034687666536609558 0.013535652379691308 -0.0078449374514581605 0.014164387588351856 0.0010461900004952861
leaf_weight=730.13899708853205 984.41692920637979 2634.0803924485426 5216.710561712759 9854.9680388414854 3479.3225188623401 2873.7528948777035 578.22123335076867 672.78649024324113 222.38973437988079 1009.2994748724168 907.48065599515303 2428.8484215165736 912.26169373796529 611.38484522870749 1369.530152278091 648.55795549856975 823.18234942074923 2224.7641663336344 1020.1951069428978 2179.0765760234653 1090.2262272560665 631.02118979005445 426.96251656250388 1085.437808049558 1345.9336746532363 920.54685023721413 991.29096736855627 3991.0281391361968 496.87869607646644 454.00938308627701
leaf_count=29633 4325 26977 49613 70598 15001 13864 12212 3235 2175 18417 6591 19367 13298 2781 6541 2807 3628 23721 4670 63514 10899 15814 1903 18257 6030 6381 4441 47131 4971 6323
internal_value=-8.51931e-05 -0.00303304 -0.00193556 -0.0005784 0.00717539 0.00564405 -0.00811285 0.0084865 0.00226639 -0.0102234 -0.00222573 -0.00298536 -0.00543473 0.00436063 0.0112336 0.00272593 0.0129649 0.00142006 0.00217901 -0.0131226 -0.00191103 -0.00617316 0.0113535 -0.00174255 0.00553662 0.00286011 0.0105216 -0.00649437 0.0109526 -0.00403314
internal_weight=52814.7 37567.4 30900.2 22272.6 15247.3 11078.9 6667.2 5605.08 8160.74 5003.55 14111.8 12283.8 8627.6 2304.37 4168.42 5473.81 2798.89 7441.47 1631.58 2909.22 2002.49 2094.33 3300.72 1663.66 1994.49 1828.03 1814.47 6625.11 719.268 1463.31
internal_count=515118 445892 281722 183417 69226 50291 164170 26453 80480 133701 102937 89965 98305 10686 18935 23838 12394 73334 7451 93147 24197 40554 15767 30469 8837 12972 8069 74108 7146 24740
cat_boundaries=0 1 2 3 4 5
cat_threshold=397780 9093510 8364577 42543 5783820
is_linear=0
shrinkage=0.03


Tree=2
num_leaves=31
num_cat=7
split_feature=47 47 0 52 67 4 41 52 26 32 66 53 53 47 41 53 0 52 21 26 53 42 53 29 52 38 2 52 41 53
split_gain=1240.66 379.775 155.88 100.735 87.9485 87.7232 70.8014 62.1303 59.9527 49.6485 45.6128 45.0544 45.0147 40.8209 50.4587 36.0367 35.3087 31.3833 28.6972 28.3745 26.8276 26.5735 23.0736 22.6633 22.0833 20.6522 20.2578 20.157 19.4503 18.8902
threshold=25.265000000000004 2.9050000000000007 0.046166891998943409 -0.45120179730276216 1.133699257389416 0.65000000000000002 2.5000000000000004 0.5086847395152051 20.090000000000003 0.029003031736852206 0.25663411897167865 0 1 57.375000000000007 3.5000000000000004 2 0.025048622984470904 0.08852677897456146 0.024999999999999998 14.075000000000001 3 0.58900718380486217 4 3.7850000000000006 0.36400699862828984 0.52412995741282953 5 0.77411299971617653 2.5000000000000004 6
decision_type=2 2 2 2 2 2 2 2 2 2 2 1 1 2 2 1 2 2 2 2 1 2 1 2 2 2 1 2 2 1
left_child=1 5 3 20 13 -1 16 12 17 18 -8 -9 -6 14 22 21 -5 26 23 25 -3 -11 -2 -7 -10 -14 -4 -15 -19 -16
right_child=4 2 8 6 7 9 10 11 24 15 -12 -13 19 27 29 -17 -18 28 -20 -21 -22 -23 -24 -25 -26 -27 -28 -29 -30 -31
leaf_value=-0.024728531164674668 0.012060912581321716 -0.0036278878924633322 -0.0013278375652598204 -0.00064978972047756466 -0.0013040510251017877 -0.013262140183486549 -0.0037824383568201042 0.012636363298903372 -0.0033930047404812751 -0.0016458158488198075 0.0019660711098400336 0.0052939133349781788 0.0064441222083992094 0.0093613857013214105 -0.0061264787841181136 -0.0074564717908172972 0.0041879775518904108 0.012740774677806746 -0.013944437809887404 0.0017026331216384661 -0.0076479253471912938 0.013029823706773774 0.0069148173282350973 -0.0076392393036961203 0.0024239051724742749 0.020832472303658513 0.0060468307172698932 0.014360526342429807 0.0057146082418741192 0.0033935836868421907
leaf_weight=319.13399266774923 1288.7089157905848 2704.0191080126724 625.26673184751871 3664.3689242113187 1965.0273384548336 829.96162024728892 9032.7690970527783 1040.5783398553904 1190.8188970886304 488.92766313039556 1431.747889339209 3020.5148926227512 1446.9042248164242 1854.5628209181214 220.65547900810725 1031.9508271525556 2147.3334478956376 680.12270177714527 1301.3638684059615 1650.6786312858021 3677.8408494088681 140.78404100220723 2580.2896002679799 3352.060108686177 1151.7001921047377 96.745518893003464 694.55199316855123 1295.6202981458928 800.59071580122963 944.60241450613012
leaf_count=20532 5719 33069 5957 43283 8994 19852 69882 4687 6580 7466 10784 13616 6976 8657 1018 16218 23945 5663 39179 7201 48742 2044 11650 65131 5530 423 6317 6520 4753 4493
internal_value=-8.17652e-05 -0.00331694 -0.00170218 -0.0027731 0.00647116 -0.0093252 -0.00151771 0.00445374 0.00300924 -0.00862628 -0.00299284 0.00723208 0.00225906 0.00873865 0.00704172 -0.00404632 0.00113336 0.00597084 -0.0100067 0.00444993 -0.00596865 0.00159335 0.00869103 -0.00876813 -0.000520695 0.00739109 0.00256935 0.0114348 0.00897494 0.00153432
internal_weight=52670.2 35265.3 27801.1 22658.1 17404.9 7464.18 16276.2 9220.45 5143.05 7145.05 10464.5 4061.09 5159.36 8184.44 5034.26 1661.66 5811.7 2800.53 5483.39 3194.33 6381.86 629.712 3869 4182.02 2342.52 1543.65 1319.82 3150.18 1480.71 1165.26
internal_count=514881 434927 264505 229705 79954 170422 147894 41897 34800 149890 80666 18303 23594 38057 22880 25728 67228 22690 124162 14600 81811 9510 17369 84983 12110 7399 12274 15177 10416 5511
cat_boundaries=0 1 2 3 4 5 6 7
cat_threshold=9048084 6106115 1679657 6335531 824528 201803 4202546
is_linear=0
shrinkage=0.03


Tree=3
num_leaves=31
num_cat=5
split_feature=47 47 9 26 53 4 0 0 67 14 66 26 47 26 32 14 9 8 0 52 53 47 26 53 2 4 36 53 66 52
split_gain=1125.38 349.361 159.231 89.6423 82.6349 81.1613 66.0223 65.4005 62.0326 55.7957 54.7579 42.7632 55.4464 41.8425 39.0382 37.4453 34.7882 29.8974 29.751 27.3001 24.0644 23.8661 31.1865 23.2374 22.8707 22.4424 21.6176 21.0682 20.8979 20.7851
threshold=29.835000000000004 2.9050000000000007 0.0066666666666672508 14.530000000000001 0 1.1500000000000001 0.049044308501643062 0.044915432929564757 0.88552631578947383 0.10500000000000002 0.22976843292702032 12.550000000000002 49.595000000000006 14.075000000000001 0.029003031736852206 0.16500000000000004 -0.018333333333333948 32.250000000000007 0.046839616094016261 0.6269623282193858 1 56.655000000000008 20.415000000000003 2 3 1.0000000180025095e-35 26.180000000000003 4 0.43904407567078091 -0.63133730556071754
decision_type=2 2 2 2 1 2 2 2 2 2 2 2 2 2 2 2 2 2 2 2 1 2 2 1 1 2 2 1 2 2
left_child=1 5 3 6 11 25 15 10 21 20 -5 -2 -13 -10 29 -3 -15 27 -11 -14 28 22 -6 -19 -9 -1 -20 -16 -4 -7
right_child=4 2 9 7 8 14 -8 24 13 18 -12 12 19 16 17 -17 -18 23 26 -21 -22 -23 -24 -25 -26 -27 -28 -29 -30 -31
leaf_value=-0.028796151661113888 0.012745940378764068 0.00078581483525008028 -0.0085826159484910913 -0.0036088616780808871 0.0077499469546431039 -0.012554847426887734 0.011611682884271127 0.0065933011598237742 0.0062001168150932337 -0.0027080516574405572 0.0026827199757338853 0.0024415517627790332 0.0072483885560810897 0.0039484149137488968 -0.0081543855518515958 0.0066853357984809642 -0.0017896961163954648 -0.0012305716276404853 0.019358093230678355 0.012983593890538055 -0.0044251613138838854 0.010605740586339743 -0.0010378962858915621 -0.0088242283719652537 0.00075844192032634334 -0.015361139368113926 0.0022180908811468701 0.014076024561977953 0.010496419364031709 -0.0079955733241875125
leaf_weight=174.03004337974835 2112.2462421302007 4737.6859729975749 2737.1593811923321 7434.9916469988921 1509.1516236268053 1221.4888199862562 721.94746934091199 910.31718785036719 2214.9244468212064 3358.3569790565653 1488.2175172307007 1363.9616140766939 1796.1468279422752 1849.7499462626956 45.385027352493125 1220.7088974818616 1945.1878035162445 745.68763384542945 73.795679782517254 1345.9991588301555 3754.9428216790166 1640.6837071920936 470.38566624815849 741.25838772739462 1826.4151692612868 401.87477816674073 590.66310851610342 121.23338690166565 49.640687982578129 3946.4336766367178
leaf_count=13091 9537 47718 31689 55939 6757 35546 6029 4888 10249 43778 11022 5897 8190 8401 991 13940 8490 10798 1097 6604 39603 7799 2155 11081 9745 18365 4442 2728 439 77590
internal_value=3.35366e-05 -0.00290299 -0.00141266 0.000275821 0.00659572 -0.00872038 0.00304758 -0.00130988 0.00479613 -0.00434622 -0.00255582 0.00918634 0.00752657 0.00292285 -0.00779551 0.00200133 0.000999912 -0.00374607 -0.0015549 0.00972141 -0.00605715 0.00790756 0.00564766 -0.00511054 0.00274048 -0.0195585 0.00421908 0.00816908 -0.00819534 -0.00908344
internal_weight=52550.7 36302.2 28904.8 18340.3 16248.4 7397.39 6680.34 11659.9 9630.08 10564.6 8923.21 6618.35 4506.11 6009.86 6821.49 5958.39 3794.94 1653.56 4022.82 3142.15 6541.74 3620.22 1979.54 1486.95 2736.73 575.905 664.459 166.618 2786.8 5167.92
internal_count=514598 440519 270329 149281 74079 170190 67687 81594 43851 121048 66961 30228 20691 27140 138734 61658 16891 25598 49317 14794 71731 16711 8912 21879 14633 31456 5539 3719 32128 113136
cat_boundaries=0 1 2 3 4 5
cat_threshold=8819156 10391792 6152489 188454 5554180
is_linear=0
shrinkage=0.03


Tree=4
num_leaves=31
num_cat=3
split_feature=47 47 0 9 4 67 40 53 26 53 29 5 32 52 9 52 52 26 38 8 53 8 40 47 38 11 8 36 38 42
split_gain=1073.78 290.057 146.986 96.8483 92.3067 86.5558 68.1062 60.607 56.1756 46.1674 42.3485 35.2523 35.0788 32.2764 28.0781 27.0454 26.9816 25.4688 34.5319 24.476 22.8083 22.6526 22.3349 22.7996 22.1615 22.1164 21.15 20.5563 21.1267 20.3757
threshold=25.265000000000004 2.9050000000000007 0.046166891998943409 0.0050000000000002508 1.0500000000000003 1.2629525797793024 2.5000000000000004 0 22.540000000000003 1 5.8150000000000004 0.18500000000000003 0.029003031736852206 -0.7001400420139926 0.046666666666667259 1.2632020575723064 -0.78683468787903166 14.075000000000001 0.55658732368083752 41.550000000000004 2 44.350000000000001 2.5000000000000004 44.235000000000007 0.35724578015644298 0.016505813953488106 21.250000000000004 19.745000000000001 0.35056693277797063 0.56900718380486259
decision_type=2 2 2 2 2 2 2 1 2 1 2 2 2 2 2 2 2 2 2 2 1 2 2 2 2 2 2 2 2 2
left_child=1 4 3 6 -1 9 11 25 13 14 -8 -3 16 -4 -2 17 -6 -11 -19 29 -5 -15 24 -24 -9 27 -18 -7 -29 -14
right_child=5 2 8 20 12 7 10 22 -10 15 -12 -13 19 21 -16 -17 26 18 -20 -21 -22 -23 23 -25 -26 -27 -28 28 -30 -31
leaf_value=-0.020701618289303184 0.012262753241471554 0.0034370840857144932 -0.0004361141921427656 -0.0033001828312929204 -0.013096860858568636 0.016658346206280827 -0.0052875956786080855 7.7444020404109223e-08 -0.00067906238537197914 0.0091805884821708171 -0.0010079792529274476 -0.0020729432394093134 -0.0024077045959214212 0.018919092780404888 -0.0010758663145825525 0.010892335441913474 -0.0014892274039142864 0.00079281815194627103 0.0066491955411237241 -0.0069335381288563513 -0.0064458907213468105 0.0064523359900261696 -0.0063718023564815389 0.0009075742667907893 0.0066070852080370402 0.0032553005465073537 -0.0082847615347947743 0.0012527754615394898 0.0086132408587662589 0.0088843805343217282
leaf_weight=504.86368417162248 2514.723096508561 3419.3319830094624 616.28286820289031 3788.1752263317558 990.0946137251558 236.70221591250356 3381.135274446965 806.8164214100143 2192.6923501893652 1477.5622644895784 5468.828638156866 1495.8083203793049 574.63447757372342 141.28727730906667 145.84265522598616 1161.3392009467279 476.88224766534222 1438.3261950818051 2508.6594022291811 879.3800999736286 5009.5084855701934 2226.5462213230339 482.97307342142085 1904.2784328191638 1079.6901873446996 1262.0557081058741 3729.2937195850482 440.67801240734934 1953.2999176854464 189.28477569146071
leaf_count=29280 11658 36459 6092 46266 29839 1208 25704 3947 11272 6917 40484 17585 10748 1365 671 5557 16299 6387 11763 11656 63081 16212 2067 8520 4927 5704 69327 2045 8685 3165
internal_value=1.57627e-05 -0.00300633 -0.00160112 -0.00264784 -0.00830774 0.00610611 -0.00107347 0.00384699 0.00295439 0.00809686 -0.00264722 0.00175397 -0.00738272 0.00563292 0.0114769 0.00669616 -0.00859504 0.00580093 0.00452414 -0.0035252 -0.00510693 0.00722422 0.00135724 -0.000556686 0.00380029 0.00655033 -0.00752251 0.00814092 0.00727304 0.000366985
internal_weight=52497 35084 27739.6 22562.8 7344.43 17412.9 13765.1 8166.49 5176.81 9246.45 8849.96 4915.14 6839.57 2984.12 2660.57 6585.89 5196.27 5424.55 3946.99 1643.3 8797.68 2367.83 4273.76 2387.25 1886.51 3892.74 4206.18 2630.68 2393.98 763.919
internal_count=514890 434834 264520 229579 170314 80056 120232 37103 34941 42953 66188 54044 141034 23669 12329 30624 115465 25067 18150 25569 109347 17577 19461 10587 8874 17642 85626 11938 10730 13913
cat_boundaries=0 1 2 3
cat_threshold=10637788 5017796 6843907
is_linear=0
shrinkage=0.03


Tree=5
num_leaves=31
num_cat=3
split_feature=47 47 52 40 67 4 0 0 53 66 53 7 7 5 28 7 7 28 0 52 9 40 28 4 9 38 37 14 42 53
split_gain=977.4 325.371 125.173 104.462 82.6361 81.7927 75.4594 61.3902 56.0602 45.2927 44.1515 43.2638 35.4372 33.7568 35.0725 33.1773 32.4384 35.2747 27.8956 27.0444 26.1802 24.9043 24.448 24.0857 22.34 20.2494 21.2922 19.9367 21.0512 19.7291
threshold=25.265000000000004 2.9050000000000007 -0.45120179730276216 2.5000000000000004 1.2629525797793024 1.0500000000000003 0.029960607544981605 0.040536729985614209 0 0.15513655444404947 1 624.50000000000011 868.50000000000011 0.17500000000000002 -0.23000000000000012 925.50000000000011 540.50000000000011 0.43500000000000011 0.046166891998943409 0.7233642332556075 0.023333333333332953 2.5000000000000004 -0.45000000000000001 3.8500000000000001 -0.014999999999999148 0.35724578015644298 4.1650000000000009 0.21500000000000002 0.85428206726120381 2
decision_type=2 2 2 2 2 2 2 2 1 2 1 2 2 2 2 2 2 2 2 2 2 2 2 2 2 2 2 2 2 1
left_child=1 5 16 6 10 -1 11 9 19 -5 15 -4 -8 14 23 22 17 -3 29 -6 -12 25 -2 -7 -17 26 -10 28 -21 -18
right_child=4 2 3 7 8 13 12 -9 21 -11 20 -13 -14 -15 -16 24 18 -19 -20 27 -22 -23 -24 -25 -26 -27 -28 -29 -30 -31
leaf_value=-0.020245093168057244 0.0091719598915898631 -0.002697923648955079 0.0030171717216578931 -0.0043239412643070636 0.0041620096173206949 -0.013869866366740074 0.01034883925991526 0.0014620243092058618 0.0078375637397164119 0.00027746379298303387 0.0066656431389617949 -0.003070287248096958 0.0029846500217781476 -0.0097732699543176416 -0.0013215227448878607 0.010308807172174125 -0.0093849282276060372 0.010541169134390991 -0.0015507450901841456 0.0066287254489572137 0.00042268987822157838 -0.0011759618168901871 0.01503899812078742 -0.0060904352882701941 0.003570783175971824 0.0065664989797482457 -0.0036090021176947286 0.018961977004764312 0.019130383286779493 -0.0051573751140329407
leaf_weight=498.30496980805401 1341.7090319770468 1912.0866535705027 2582.0730250557172 6643.6443634246843 2784.2435786735441 461.85293770072894 1365.8482286586695 3952.8155223592112 206.76574116945358 2693.3830530892355 4055.4798940617811 1766.3360719736411 1060.1306606255603 3354.2035130738759 1195.5703712908671 861.18309934343051 1780.8689311583385 197.48847490261051 1117.835890361348 1265.761555722469 722.93358194366556 2143.5710745690749 1329.6341936945282 1774.0277771308092 954.99679602574997 949.43904287925579 485.65867316899403 168.82318266481161 136.72371727758673 2670.8880771194827
leaf_count=29335 6153 20254 26482 52414 12677 10695 12322 22067 1094 21692 18956 25045 11679 82299 23050 4112 24967 2588 9236 5716 3362 9491 6092 25086 4399 4326 2308 766 601 35867
internal_value=3.6173e-05 -0.00285063 -0.00136754 -0.000119227 0.00584657 -0.00849343 0.00291055 -0.00166609 0.00363304 -0.00299362 0.00778692 0.000537258 0.00714822 -0.00762031 -0.00550262 0.00994694 -0.00462435 -0.00143552 -0.00582584 0.0059491 0.00571603 0.00094031 0.0121125 -0.00772175 0.0067901 0.0037253 -0.000134999 0.00912512 0.00789434 -0.0068914
internal_weight=52434.3 35027.4 27743.4 20064.2 17406.9 7283.96 6774.39 13289.8 8140.99 9337.03 9265.94 4348.41 2425.98 6785.65 3431.45 4487.52 7679.17 2109.58 5569.59 4355.55 4778.41 3785.43 2671.34 2235.88 1816.18 1641.86 692.424 1571.31 1402.49 4451.76
internal_count=515131 435078 264613 171701 80053 170465 75528 96173 36979 74106 43074 51527 24001 141130 58831 20756 92912 22842 70070 19760 22318 17219 12245 35781 8511 7728 3402 7083 6317 60834
cat_boundaries=0 1 2 3
cat_threshold=10637820 9229556 10883988
is_linear=0
shrinkage=0.03


Tree=6
num_leaves=31
num_cat=5
split_feature=38 47 52 0 40 38 40 29 60 66 26 0 7 28 53 53 4 7 14 9 53 26 9 9 53 21 52 28 53 0
split_gain=967.968 316.436 143.12 117.928 75.8944 83.4891 72.2978 71.1202 46.3144 45.1264 41.8641 41.079 40.8591 32.2285 30.8314 28.9083 26.8317 25.7505 25.6078 25.3888 25.2389 21.8835 21.748 20.974 20.7052 20.7002 20.2042 22.0143 19.8904 19.7191
threshold=0.34789952996474732 0.73999999999999999 -0.45120179730276216 0.046166891998943409 2.5000000000000004 0.58040445495384219 2.5000000000000004 3.9250000000000003 160.50000000000003 0.26152058379178195 11.690000000000001 0.024834660776175004 355.50000000000006 0.65999999999999992 0 1 1.0000000180025095e-35 257.50000000000006 0.095000000000000015 -0.005000000000000249 2 23.980000000000004 -0.021666666666666046 -0.033333333333333645 3 -0.0099999999999999933 0.48666426339230701 -1.2499999999999996 4 0.060285158442380457
decision_type=2 2 2 2 2 2 2 2 2 2 2 2 2 2 1 1 2 2 2 2 1 2 2 2 1 2 2 2 1 2
left_child=1 7 12 6 23 15 11 16 14 -8 17 -4 13 -3 -7 -6 -1 -5 29 24 -12 -10 -23 -2 -9 -26 -17 -28 -25 -14
right_child=4 2 3 10 5 8 9 19 21 -11 20 -13 18 -15 -16 26 -18 -19 -20 -21 -22 22 -24 28 25 -27 27 -29 -30 -31
leaf_value=-0.029084204793968248 0.013079941693959592 -0.0017321660322220924 -0.00042302852135435144 0.019832133907092566 -0.00021181709636650705 0.011998710134510742 -0.003523420677543551 -0.00969338886241701 0.0091014457293734762 0.0021860094928924574 -0.00027656148474961608 0.0042823170697076311 -0.0077277895346517999 0.013694585122550503 0.0065292578593856114 0.0020387973207199469 -0.01485234837484282 0.0073532022991890031 -0.0035387489655826563 -0.010582116599018108 0.0052143210837019387 0.0053556262275860477 -0.0030430546990687733 0.0053664464490682413 0.0029077187208756908 -0.0056727188071062657 -0.0041543925400617712 0.0079593480496618317 0.01065733073657868 0.00020992314094315349
leaf_weight=146.13731843261394 1306.7780517461197 1527.4609068077971 6138.9638065016188 196.0926294132878 2169.3355537487096 2067.6415450907361 9978.8936327013325 634.79922186379736 411.57606060232865 1415.5003014591293 1360.470249258301 2287.2748708033414 4079.848113756263 130.28899081042255 1955.1694304639432 1768.4658106832148 890.84810935171481 691.11464029627132 2949.4373958733186 1690.4344906379638 1658.4597611035742 530.87051919913301 573.47602529978303 1260.670319548989 371.44298265721955 763.02630975143802 144.99092792198644 1381.0554549444796 1606.2742020161559 294.54890530482498
leaf_count=12298 5712 18262 67662 1595 9446 10024 79806 12734 1804 10767 7383 25333 50486 2113 9355 7614 29111 6238 39540 50394 9001 2633 2634 5817 5321 15656 657 6137 7277 2084
internal_value=4.1835e-05 -0.00256222 -0.00153499 -0.00031256 0.0064272 0.00511324 -0.00125274 -0.0100235 0.00771089 -0.00281126 0.00444865 0.000851376 -0.00476018 -0.000486602 0.0093985 0.00247265 -0.016939 0.0101835 -0.00572301 -0.00793342 0.00274774 0.00320622 0.000969543 0.00987971 -0.00537671 -0.00281204 0.00423624 0.00678485 0.00840246 -0.0071866
internal_weight=52381.3 37205 32708.4 23726.8 15176.3 11002.6 19820.6 4496.69 5538.73 11394.4 3906.14 8426.24 8981.58 1657.75 4022.81 5463.85 1036.99 887.207 7323.83 3459.7 3018.93 1515.92 1104.35 4173.72 1769.27 1134.47 3294.51 1526.05 2866.94 4374.4
internal_count=514894 445784 320270 207785 69110 50304 183568 125514 26450 90573 24217 92995 112485 20375 19379 23854 41409 7833 92110 84105 16384 7071 5267 18806 33711 20977 14408 6794 13094 52570
cat_boundaries=0 1 2 3 4 5
cat_threshold=14602434 5858818 11065712 14816532 16277547
is_linear=0
shrinkage=0.03


Tree=7
num_leaves=31
num_cat=8
split_feature=38 47 7 52 29 60 41 29 29 52 66 20 53 66 53 29 2 53 29 53 7 53 30 53 34 26 38 60 2 8
split_gain=858.223 320.824 130.379 84.4674 74.5688 72.6881 51.0791 84.5214 50.7508 49.5036 47.3713 41.3239 37.9894 37.7938 32.4432 31.358 29.7382 28.2672 27.1753 26.5554 26.5397 24.8201 24.765 27.3045 24.002 22.8554 39.6234 22.3587 21.1986 18.6998
threshold=0.34789952996474732 2.9050000000000007 392.50000000000006 -0.43988458942360825 2.5350000000000006 133.50000000000003 2.5000000000000004 4.8550000000000013 5.7750000000000012 0.71225520434054157 0.30637068011314722 -0.0099999999999999482 0 0.088084772076841011 1 2.7450000000000006 2 3 3.8850000000000002 4 464.50000000000006 5 0.32331491272350493 6 5.5000000000000009 12.550000000000002 0.5672473513721551 157.50000000000003 7 36.350000000000001
decision_type=2 2 2 2 2 2 2 2 2 2 2 2 1 2 1 2 1 1 2 1 2 1 2 1 2 2 2 2 1 2
left_child=1 4 6 22 -1 12 7 15 21 17 11 -5 -2 18 -11 -3 -9 28 -6 -15 -20 -8 -4 -24 25 -14 -27 -10 -7 -21
right_child=5 2 3 10 13 9 8 16 27 14 -12 -13 24 19 -16 -17 -18 -19 20 29 -22 -23 23 -25 -26 26 -28 -29 -30 -31
leaf_value=-0.023803734450219251 0.010116883197201713 -0.0095258252588781653 -0.005949275800467382 -0.0033049052355124502 -0.013007912248463838 0.0016248203061544355 0.0019503093442524789 0.0027755838722015604 0.0015261881782971181 0.012544320653989581 0.004996165200173713 -9.9217821760515262e-05 0.010478038463326901 -0.0082274757734135534 0.0045926943118191326 0.0029967015512858473 0.015902825918139185 0.0034674860886183784 -0.0048992965255230557 0.0061851190261956223 -0.0096979347194951493 -0.005403902295006216 -0.0075422554656197653 0.0020655613186445743 0.0011925179000483355 0.0018237932710798307 0.0085897781579596585 0.010173718141901168 -0.005359759014505759 -0.0030026077091224912
leaf_weight=265.26450197559734 3644.6307564665594 188.24353944365521 5516.4257649664996 6527.2814805565968 1099.0328077926442 799.63589063767813 559.03096107620149 234.02170546103935 891.08568166876921 666.85181978734818 1072.027719507234 8165.0946554171614 1192.1902096377971 589.8522854430521 1685.5405501213108 3076.6878042045455 655.09013009700993 2379.0517332173513 1852.8925393013915 289.39231700738947 2484.2167049867512 1492.666836982622 385.7337237149477 789.13316648595901 796.3376216693714 1432.9707789943413 1743.8018859951517 391.02558095866243 739.8745303741116 628.73703363611548
leaf_count=17438 16666 2519 69141 53314 30168 3601 4003 1958 5969 3080 7783 71400 5353 9704 7717 29135 5756 10629 33465 6350 64036 11305 3737 7342 3651 6287 8439 2558 3314 9296
internal_value=-5.6129e-05 -0.00250668 -0.00113737 -0.00228112 -0.0081879 0.00597853 0.00228834 0.00450793 -0.000469403 0.00349944 -0.0010797 -0.00152568 0.00773856 -0.00758038 0.00694108 0.00226013 0.0127049 0.00142322 -0.00874949 -0.00333996 -0.00765799 -0.00340234 -0.00510596 -0.00111739 0.00602011 0.00690601 0.0055503 0.00419866 -0.00172806 -6.6184e-05
internal_weight=52233.8 37152.9 29943.5 22455.7 7209.39 15080.9 7487.85 4154.04 3333.81 6270.95 15764.4 14692.4 8809.93 6944.12 2352.39 3264.93 889.112 3918.56 5436.14 1507.98 4337.11 2051.7 6691.29 1174.87 5165.3 4368.96 3176.77 1282.11 1539.51 918.129
internal_count=515114 446377 275920 212717 170457 68737 63203 39368 23835 28341 132497 124714 40396 153019 10797 31654 7714 17544 127669 25350 97501 15308 80220 11079 23730 20079 14726 8527 6915 15646
cat_boundaries=0 1 2 3 4 5 6 7 8
cat_threshold=5100736 6422804 5280 5581986 6949014 7690 203204 73851
is_linear=0
shrinkage=0.03


Tree=8
num_leaves=31
num_cat=3
split_feature=57 65 67 31 9 53 40 53 7 28 30 65 8 42 54 32 42 6 5 30 46 54 9 40 34 7 28 14 2 65
split_gain=753.938 180.659 94.3421 78.6235 78.2539 59.9984 58.3026 56.7814 52.2667 67.3598 46.5114 35.3374 32.0368 30.8286 29.6675 28.8605 28.7281 28.1757 27.9903 24.1819 24.0123 23.1302 23.0888 22.3092 22.1327 22.1294 24.7502 21.797 21.8038 19.7377
threshold=0.31200000000000006 0.079967942665325267 1.4722357459699233 0.0056630498690469506 0.026666666666667654 0 2.5000000000000004 1 679.50000000000011 -0.11999999999999994 0.11809885351025735 0.37883908920918075 50.350000000000001 0.55900718380486281 6.5500000000000007 0.010427540013917852 -0.19099281619513728 48.45000000000001 0.17500000000000002 0.41971475999951363 0.0049999999999999515 2.3000000000000003 0.016666666666667003 2.5000000000000004 4.5000000000000009 874.50000000000011 -0.96500000000000019 0.16500000000000004 2 0.34486176138887942
decision_type=2 2 2 2 2 1 2 1 2 2 2 2 2 2 2 2 2 2 2 2 2 2 2 2 2 2 2 2 1 2
left_child=1 3 5 12 6 22 10 17 9 13 21 14 15 -5 -8 -1 -11 -4 25 -12 29 -3 -2 -19 -10 26 -7 -9 -29 -6
right_child=2 4 7 8 20 18 11 27 24 16 19 -13 -14 -15 -16 -17 -18 23 -20 -21 -22 -23 -24 -25 -26 -27 -28 28 -30 -31
leaf_value=-0.015345379439724532 0.010958150416606529 0.035457985496053418 -0.0025192609725215092 -0.0058806030712768064 -0.0075418126779464665 0.0028745890107807854 0.0053165884392551346 -0.0015908150778597271 -0.0052731136875776921 -0.0013024999902922323 0.0042564901464294605 0.003190112881640349 0.00029376251112698225 -0.0004105513595192007 -0.0021347442767841087 -0.0079827660882338097 0.0059453281999989902 0.0081009908546185016 0.00080999573104316338 0.012590359010879732 -0.0016308674712354964 -0.0011317526378363805 0.0046691443357929508 0.0033115975987197403 -0.0096600665342733358 0.0037066254568301022 0.0088743314790477538 0.0095097292823820428 -0.0011744235509934882 -0.00017143846409225106
leaf_weight=982.77117170861038 3031.9677897566362 13.64894746199934 419.71845245592885 3546.3944482058832 2057.8513930828021 832.07921222655023 504.72472454805757 2874.4262377681925 3632.7441426638889 1024.7013190305643 2548.3815511591711 1527.080418125488 219.22351870743751 1272.1382603228221 8800.1678448221082 1001.6087132551675 935.03678309982206 1728.0919793269823 1181.439863785482 362.27927450726202 1629.3168729095696 1794.1991230468702 662.63197810932616 1842.8963041586148 1494.2640822328331 2487.7089851492556 2646.1099296456814 344.11178127676249 325.49898927286267 398.78637012886247
leaf_count=44913 14127 467 2403 44027 24515 3857 5916 13242 55376 16756 29443 9969 1501 14870 63177 26003 12154 8037 5570 3400 22513 24582 3031 8164 25515 11662 12209 1689 1609 3702
internal_value=1.07132e-05 -0.00265127 0.00490033 -0.00524098 -0.000788681 0.00669358 0.000180403 0.00231491 -0.00427188 -0.00253472 0.00296453 -0.00102994 -0.0104544 -0.00444345 -0.00172628 -0.011656 0.00214285 0.00476243 0.00505282 0.00531201 -0.00448248 -0.000800052 0.00981491 0.00564094 -0.00656081 0.00589592 0.00745012 -0.000445918 0.00440755 -0.00635869
internal_weight=52122 33745.3 18376.7 14108.9 19636.4 10841.9 15550.5 7534.74 11905.3 6778.27 4718.51 10832 2203.6 4818.53 9304.89 1984.38 1959.74 3990.71 7147.34 2910.66 4085.95 1807.85 3694.6 3570.99 5127.01 5965.9 3478.19 3544.04 669.611 2456.64
internal_count=514399 428799 85600 241115 187684 50456 136954 35144 168698 87807 57892 79062 72417 58897 69093 70916 28910 18604 33298 32843 50730 25049 17158 16201 80891 27728 16066 16540 3298 28217
cat_boundaries=0 1 2 3
cat_threshold=921844 10638300 209053
is_linear=0
shrinkage=0.03


Tree=9
num_leaves=31
num_cat=7
split_feature=38 47 40 0 0 29 60 66 53 53 52 47 44 0 46 9 47 53 26 38 8 53 26 9 66 53 9 53 2 26
split_gain=818.501 296.039 111.537 81.9936 72.7153 68.1297 67.9422 64.4054 45.5045 37.1824 36.4579 36.149 40.4705 34.0608 32.4066 29.1895 28.8825 28.3295 25.8933 32.1168 25.5116 25.4865 24.6733 23.3404 22.8458 21.6918 21.0933 24.2326 20.6443 20.3057
threshold=0.34789952996474732 3.0950000000000011 2.5000000000000004 0.026807734584385252 0.041031100582334758 3.0050000000000003 148.50000000000003 0.22619047619047619 0 1 -0.24565991654073863 -0.49999999999999972 0.0072786826187098011 0.058630211415462812 0.097499999999999962 -0.036666666666665647 57.375000000000007 2 13.345000000000002 0.58040445495384219 42.350000000000001 3 19.035 0.050833333333333251 0.033295017690741259 4 -0.019999999999999945 5 6 13.345000000000002
decision_type=2 2 2 2 2 2 2 2 1 1 2 2 2 2 2 2 2 1 2 2 2 1 2 2 2 1 2 1 1 2
left_child=1 5 3 10 7 -1 9 14 28 16 -3 21 20 17 -4 -10 22 -5 -11 -20 -13 24 -2 -15 -7 -12 27 -6 -8 -17
right_child=6 2 4 13 26 11 8 -9 15 18 25 12 -14 23 -16 29 -18 -19 19 -21 -22 -23 -24 -25 -26 -27 -28 -29 -30 -31
leaf_value=-0.018594214916408256 0.0092920123496836437 -0.0036418985095210753 -0.0051750289970219146 0 -0.00096996508471415381 -0.009858090857213132 0.0036494503476566945 0.00091110625136825256 0.0092951040291861624 0.0091624006763798872 0.0032432495271349556 0.00099374238670014363 -0.0075607236623125773 0.012747165273104426 0.00077468299592776068 0.007669927208432444 0.012988738417546926 0.0055608728290315679 0.00087405861172465394 0.0069845265752305685 -0.007212696073206586 -0.012503576851197429 0.0031254080542566509 -0.0060603561317982982 -0.0017612969031979187 -0.00084218009933522168 -0.0011549821331992369 0.005375034043537185 -0.0019733436378378435 0.0016533635136830867
leaf_weight=491.19103829366577 2482.0899339322195 2445.1981985438442 9901.5981344696665 1337.0585984230529 926.91001664230589 757.39098542805186 951.69849918196905 2225.7283622978939 1237.4740347995048 1233.1083274231378 1989.4213867782164 1124.4828353646508 2565.5419615802302 595.72114247321861 888.72084124260982 745.52352989403153 1437.7981558171014 2135.0695855533932 1536.8473573054498 1585.5113202176053 484.34056396654796 1434.494594301038 788.18069452792679 62.489104732709166 553.47809960095765 2790.323880947396 3024.4190150150453 1268.3405465114138 1491.6462739420649 1617.5500673107672
leaf_count=25461 10811 36116 84604 15860 4857 23305 4310 19071 5674 5565 18220 22353 43342 4999 8634 3422 7119 25474 6763 7690 6002 41366 3658 740 12608 27258 19205 6581 6761 7167
internal_value=-1.10667e-05 -0.0024141 -0.00106982 0.00126236 -0.00252367 -0.00777591 0.00587213 -0.00372342 0.00339767 0.00751777 -0.000661607 -0.0069985 -0.00522006 0.00463378 -0.00468216 0.0055341 0.00938821 0.00343105 0.00545158 0.003989 -0.00146409 -0.00968596 0.00781776 0.0109032 -0.00642128 0.000857647 0.000462631 0.00270391 0.000211685 0.00356909
internal_weight=52109.3 37001.9 29591 11355.3 18235.7 7410.92 15107.4 13016 6043.89 9063.54 7224.94 6919.73 4174.37 4130.34 10790.3 3600.55 4708.07 3472.13 4355.47 3122.36 1608.82 2745.36 3270.27 658.21 1310.87 4779.75 5219.67 2195.25 2443.34 2363.07
internal_count=514996 446056 271619 128667 142952 174437 68940 112309 27334 41606 81594 148976 71697 47073 93238 16263 21588 41334 20018 14453 28355 77279 14469 5739 35913 45478 30643 11438 11071 10589
cat_boundaries=0 1 2 3 4 5 6 7
cat_threshold=1916066 14472400 219526 5867915 10881628 8438741 71801
is_linear=0
shrinkage=0.03


Tree=10
num_leaves=31
num_cat=2
split_feature=38 0 40 29 38 7 52 52 28 9 40 38 20 61 40 38 26 2 13 14 12 28 0 2 26 38 8 29 32 46
split_gain=739.761 197.869 99.9456 97.2422 82.0877 67.6651 66.6992 56.2625 48.2176 44.8656 43.3485 45.2048 35.706 27.6366 24.9219 40.8973 24.505 25.3646 24.4892 24.1326 23.7278 23.5063 20.9207 21.9117 20.3947 19.8718 21.6443 19.2779 18.5536 17.6606
threshold=0.34789952996474732 0.025048622984470904 2.5000000000000004 2.5350000000000006 0.23084449796778564 883.50000000000011 0.69826519616169724 -0.67753742810529671 -0.60999999999999954 -0.005000000000000249 2.5000000000000004 0.58040445495384219 -0.044999999999999943 0.045804195804195758 2.5000000000000004 0.53477656164963427 7.9500000000000011 0 5.5000000000000009 0.13500000000000004 -0.055000000000000139 1.155 0.06394764425184897 1 24.700000000000003 0.50552736142255805 80.250000000000014 6.4250000000000007 0.074341649341649316 0.047499999999999952
decision_type=2 2 2 2 2 2 2 2 2 2 2 2 2 2 2 2 2 1 2 2 2 2 2 1 2 2 2 2 2 2
left_child=1 3 5 -1 7 12 10 28 -9 20 25 -12 21 -13 -8 29 -6 -18 -14 -11 -4 -3 -7 -24 -15 26 -2 -22 -5 -16
right_child=6 2 9 4 16 22 14 8 -10 19 11 13 18 24 15 -17 17 -19 -20 -21 27 -23 23 -25 -26 -27 -28 -29 -30 -31
leaf_value=-0.019846046224996958 0.0075394218009622498 0.00077199209720631688 -0.0025329732550822266 -0.0083887657570629551 0.0064683923196355115 -0.001292986389715668 0.011540317165006217 -0.0062767716230248197 -0.0024958989284094529 -0.0044288942655173651 0.00033896178335171394 0.0077692008890545847 0.01074066024496138 0.0072513297024425754 0.0012920400242843483 0.0089306710319979766 0.0047417135645428984 -0.0025004259253805288 -0.00068440661177767966 0.00025458499002132856 0.00012005632590298203 0.022262700191333036 0 0.018049103955449394 -0.00048478833174509835 0.012892923971011149 3.6613557913272151e-05 0.0041846917804233934 0 0.012469026573965356
leaf_weight=348.48294020865433 1762.3220912547667 805.99120953399688 1693.8289079566539 3607.1061589150486 571.27170409876544 1776.1558122381048 1506.26561133021 4531.3526910629425 9350.5966212721069 3973.1491102495002 3401.2107905723879 1804.5645482720438 1602.2249021512425 455.18647003046863 1170.3754806316447 3008.7946761406865 587.65912613242199 1569.236736652394 182.98073447021306 1302.5290140922962 2868.6992114528039 46.873691480606794 148.91929951102702 97.328286898358783 912.04791041821591 477.72906971723751 440.52918731187674 1669.4144515988301 250.80496487123128 142.38263450562954
leaf_count=18633 8153 7261 10044 78658 3090 24341 6557 57815 142820 29999 14684 8524 16997 1989 5170 14883 2760 7457 2737 10407 17688 481 1381 855 4218 2095 1991 9730 3107 613
internal_value=6.2756e-05 -0.00222016 0.000267969 -0.00415396 -0.00388342 0.00397492 0.00566277 -0.00462868 -0.00373294 -0.00123113 0.00407154 0.00275151 0.00713832 0.00532726 0.00818196 0.00699968 0.000951514 -0.000500419 0.00955337 -0.00326723 0.000488216 0.00203754 -0.000139637 0.00800189 0.00207568 0.00729271 0.006054 0.00162309 -0.00784046 0.00254425
internal_weight=52066 36984.6 16168.1 20816.5 20468 4660.47 15081.4 17739.9 13881.9 11507.6 9253.59 6573.01 2638.07 3171.8 5827.82 4321.55 2728.17 2156.9 1785.21 5275.68 6231.94 852.865 2022.4 246.248 1367.23 2680.58 2202.85 4538.11 3857.91 1312.76
internal_count=515138 446261 131921 314340 295707 54053 68877 282400 200635 77868 41654 29415 27476 14731 27223 20666 13307 10217 19734 40406 37462 7742 26577 2236 6207 12239 10144 27418 81765 5783
cat_boundaries=0 1 2
cat_threshold=54276 156779
is_linear=0
shrinkage=0.03


Tree=11
num_leaves=31
num_cat=9
split_feature=47 4 0 52 52 4 40 60 66 7 53 7 53 53 7 4 8 53 55 20 2 2 53 36 9 47 2 26 47 2
split_gain=721.782 249.157 122.122 90.4323 71.2473 62.9673 52.0995 44.4281 43.4972 42.4658 39.9691 37.7922 28.7206 28.4873 27.5899 24.6392 44.1094 24.2076 23.8038 23.5644 26.4259 20.9325 20.6422 26.0364 20.5318 17.793 17.4258 17.4051 17.9612 17.2644
threshold=29.835000000000004 5.8500000000000005 0.046166891998943409 -0.43988458942360825 0.69826519616169724 1.0000000180025095e-35 2.5000000000000004 160.50000000000003 0.15513655444404947 350.50000000000006 0 823.50000000000011 1 2 386.50000000000006 3.7500000000000004 35.750000000000007 3 16.050000000000004 -0.04999999999999994 4 5 6 28.620000000000005 0.033333333333333659 34.805000000000014 7 12.130000000000003 45.055000000000014 8
decision_type=2 2 2 2 2 2 2 2 2 2 1 2 1 1 2 2 2 1 2 2 1 1 1 2 2 2 1 2 2 1
left_child=1 5 3 12 7 -1 11 14 -8 22 27 -5 -3 -6 29 18 24 25 -7 -11 -21 -12 23 -4 -17 -16 -24 28 -9 -2
right_child=4 2 9 6 13 15 8 10 -10 19 21 -13 -14 -15 17 16 -18 -19 -20 20 -22 -23 26 -25 -26 -27 -28 -29 -30 -31
leaf_value=-0.028167100305955844 0.0043847661242514347 -0.0032780280800917142 0.031913778305139334 0.0020561308665309939 0.0055226014213635407 -0.0092991974881146289 -0.0036196941082900585 0.0056058674431025083 0.00048649202978667203 -0.0016234259767023888 -0.0057403487395223784 -0.0027982340855068617 -0.0071109898547778889 0.0097235125989444185 -0.0030215352564547785 -0.00016990989783437644 -0.010814172827471611 0.0024654584507885855 -0.018265063040966631 -0.00013549703627903112 0.0054798839535744482 0.0010375114601808265 0.010041998068221923 0.010619048362809648 -0.010380801256876368 0.0076180377036540918 -0.001218008885308735 0.0017629191519639366 0.019347233252090933 0.011122054428201416
leaf_weight=150.07807343568311 646.94639905582699 3786.7872620890976 65.609432116420066 5442.2886789378954 2929.1653060861463 1754.7960821437209 8212.7024264595348 384.7677874215251 3218.9986118429988 1427.8955704895779 864.01620159452978 1958.5634178904529 3480.6727819808202 3283.905707629885 148.80278782173991 948.00403932912013 970.92363187067167 3580.190548024857 327.37854613202035 1329.8941167077883 1713.6645549862096 758.3770248208084 237.38308199781568 281.74157644396928 217.84084668615651 1724.3126574344578 238.79361189925567 854.43867441957264 114.00205690855546 930.29373697047322
leaf_count=13204 2929 48501 633 54393 13540 64483 67959 1834 25961 8671 3897 28112 50257 15456 707 20943 17484 16281 6938 9519 11827 3425 1535 1685 7024 7836 1626 3732 509 4198
internal_value=-1.19391e-06 -0.00238235 -0.00144682 -0.00229019 0.00524714 -0.00909431 -0.00119088 0.00367344 -0.00246095 0.00270397 0.000588714 0.000767009 -0.00513365 0.00777476 0.00497422 -0.00839571 -0.00608991 0.00395062 -0.0107395 0.00154093 0.00303544 -0.00256937 0.00896345 0.0144726 -0.00211804 0.00671866 0.00444273 0.00438198 0.00887132 0.00848482
internal_weight=51983.2 35764 31395 26100 16219.2 4369.02 18832.6 10006.1 11431.7 5294.98 2975.6 7400.85 7267.46 6213.07 7030.55 4218.94 2136.77 5453.31 2082.17 4471.45 3043.56 1622.39 823.528 347.351 1165.84 1873.12 476.177 1353.21 498.77 1577.24
internal_count=515099 440755 310679 275183 74344 130076 176425 45348 93920 35496 13397 82505 98758 28996 31951 116872 45451 24824 71421 30017 21346 7322 5479 2318 27967 8543 3161 6075 2343 7127
cat_boundaries=0 1 2 3 4 5 6 7 8 9
cat_threshold=8537885 2207023 3270155 823744 197901 28548 10238664 31254 172074
is_linear=0
shrinkage=0.03


Tree=12
num_leaves=31
num_cat=5
split_feature=38 4 7 28 0 10 4 28 61 53 42 2 0 14 48 40 38 28 32 8 28 7 52 48 9 2 30 28 2 53
split_gain=709.68 241.373 100.696 153.334 85.4227 66.1054 61.5518 51.6907 43.8305 41.8946 31.4195 28.4388 28.1184 27.6134 25.8791 25.8279 46.6487 25.6763 28.4603 31.0635 24.0551 33.5423 23.9326 23.8488 23.32 22.985 29.227 23.0523 22.2672 20.8783
threshold=0.34789952996474732 5.7500000000000009 546.50000000000011 0.16 0.037966252181738255 0.074999999999999664 1.0000000180025095e-35 -0.84000000000000041 0.054058441558441507 0 -0.37099281619513785 1 0.047485743257857455 0.115 0.071211673716734855 2.5000000000000004 0.58040445495384219 1.3900000000000003 0.010682496344071401 37.250000000000007 -1.0149999999999999 344.50000000000006 0.7233642332556075 0.071577062274508621 0.01333333333333315 2 0.071184494736227608 1.2 3 4
decision_type=2 2 2 2 2 2 2 2 2 1 2 1 2 2 2 2 2 2 2 2 2 2 2 2 2 1 2 2 1 1
left_child=1 6 3 7 8 9 -1 12 13 20 -9 23 -3 -4 -7 -11 -17 18 -8 -20 -2 28 -13 -6 -10 27 -27 -5 -22 -16
right_child=5 2 4 25 11 14 17 10 24 15 -12 22 -14 -15 29 16 -18 -19 19 -21 21 -23 -24 -25 -26 26 -28 -29 -30 -31
leaf_value=-0.028086219672731949 -0.0009018642232287887 -0.004216313900604951 -0.0064878631613790455 0.002474028220835828 0.00025086005002182706 -0.00098204074433690504 -0.011807212257148827 -0.0030858640714760922 -0.00045527284193239088 0.01109787350153172 0.0021323094533023195 -0.0027881594854459444 0.0037968524085804536 -0.0027604097655841609 0.0001758318592470291 0.0038780066051228401 0.0097882036253316047 0.0056235809161809614 -0.0046615160458495604 -0.012798546840328794 0.0032015860454765654 0.0039496720446688029 0.0022850725540183299 0.0065887347256480709 -0.0045173367817346564 0.0055300900975202693 0.014911827206014599 0.018382834637857882 0.014832138622315355 0.0066626606956934594
leaf_weight=146.35181705141804 662.74461243333917 3716.8113057394839 5892.5328100185561 796.18475546470017 1255.8539868726257 1592.5602926428719 1607.326501783622 1327.0319506634314 3583.8398919962001 1889.638662223927 4705.0796307868322 2801.6834773824412 435.34093274373208 2622.3355255637234 747.3264569976227 2374.3914581252102 2490.4772101514791 112.14901029326575 1835.2708460488147 558.54169710406222 254.86819553245459 3419.2077496130196 1185.1973467886392 941.85471056123697 1986.9681688095607 554.8424084106955 691.30596859522211 90.751651701013543 473.97760979425038 1164.4351824368514
leaf_count=13128 3060 32683 68065 7250 8398 7116 51728 12378 34675 8265 40907 22358 2613 33882 3358 10483 12341 4528 48506 10516 1153 15755 6990 7543 27450 5128 6608 963 2120 5268
internal_value=-3.38629e-05 -0.00227753 -0.00139831 0.000739016 -0.00269849 0.00544978 -0.00899301 -0.000790616 -0.00398891 0.00654442 0.000978725 0.000236005 -0.00336751 -0.00534435 0.00182692 0.00807887 0.00691256 -0.00829306 -0.00869324 -0.00658173 0.00435549 0.00521322 -0.00126893 0.00297069 -0.00191059 0.00805009 0.0106886 0.00412684 0.0110728 0.00418114
internal_weight=51916.9 36847.3 32587.6 12317.3 20270.3 15069.6 4259.64 10184.3 14085.7 11565.3 6032.11 6184.59 4152.15 8514.87 3504.32 6754.51 4864.87 4113.29 4001.14 2393.81 4810.8 4148.05 3986.88 2197.71 5570.81 2133.08 1246.15 886.936 728.846 1911.76
internal_count=515216 446297 317891 108530 209361 68919 128406 88581 164072 53177 53285 45289 35296 101947 15742 31089 22824 115278 110750 59022 22088 19028 29348 15941 62125 19949 11736 8213 3273 8626
cat_boundaries=0 1 2 3 4 5
cat_threshold=7417353 187170 153025 184518 8366080
is_linear=0
shrinkage=0.03


Tree=13
num_leaves=31
num_cat=2
split_feature=47 47 7 28 32 67 52 53 4 38 7 28 14 31 14 53 52 52 26 42 42 65 8 32 46 7 67 58 45 67
split_gain=627.378 223.583 88.5026 95.4441 72.5241 60.457 59.1766 57.0278 44.4613 38.3556 43.4868 35.0406 33.5906 32.1063 32.4091 28.9668 28.6117 28.0474 26.6427 25.1696 24.1426 22.2303 21.9798 24.8993 20.0767 20.8308 20.6866 19.3497 17.9652 17.4843
threshold=25.265000000000004 2.9050000000000007 425.50000000000006 0.32499999999999979 0.0096246479917000017 1.2569498069498073 0.077991826884804175 0 1.0000000180025095e-35 0.58040445495384219 915.50000000000011 -0.72499999999999998 0.12500000000000003 0.069474371827382364 0.13500000000000004 1 -0.74785300449426262 0.32274861218394185 10.990000000000002 -0.015717932738796399 0.19428206726120403 0.35229342041789474 23.550000000000004 0.03313068223815506 0.032499999999999953 849.50000000000011 3.4300301733054774 61.850000000000001 4.1833333333333345 0.72750622665006237
decision_type=2 2 2 2 2 2 2 1 2 2 2 2 2 2 2 1 2 2 2 2 2 2 2 2 2 2 2 2 2 2
left_child=1 4 3 11 8 9 12 28 -1 10 18 20 21 14 -8 29 -6 -17 -2 -13 -3 -4 -18 -24 25 26 -9 -15 -7 -11
right_child=5 2 6 -5 16 7 13 24 -10 15 -12 19 -14 27 -16 17 22 -19 -20 -21 -22 -23 23 -25 -26 -27 -28 -29 -30 -31
leaf_value=-0.028203555087863309 0.0098253684109530087 -0.0053623914763574459 -0.0055627428900763762 0.010223332435591211 -0.0097502449771083213 0.0043013710459333526 -0.003170094748242913 0.0021498251249296692 -0.010728538278462445 0.0082434795138211954 0.00088611258686967633 -0.00037164445744843332 -0.001101345438048627 0.0025872950452996324 0.0017940655401805037 0.0067540018737352074 0.0036153742503282232 0.013594720975283857 0.0042116683270841983 0.0048845042814521763 0.000123104825761333 -7.476804941446693e-05 -0.0061459078488444391 -0.00034433908430729653 0.0045839539437795901 -0.0036177910092780804 -0.0089767698341157026 -0.0025090050807370493 0.0097237443625145109 0.0021707974759134323
leaf_weight=142.57434149025448 1370.0390782083296 1206.7315295751778 6323.7862044290532 1002.8774975543602 1013.1607750068652 3513.7177449999017 4804.9770404125375 1757.69865300335 1893.626592503766 933.04404839774725 1887.6203605200708 1537.6457605607748 2833.8631036373818 3113.554776641844 1560.4871896820641 958.25365403484284 303.95888318480047 1330.7884965528492 1786.2794379582374 1730.2293005761612 1767.7645912342396 754.71493706910223 2714.6571484104161 897.05504039148673 755.14214135333896 1397.1318909833444 161.77412990973517 847.07476409661831 667.3445760243003 818.82819786228629
leaf_count=13160 6276 10346 73763 10010 28374 15791 41045 7904 54715 4605 8682 14301 36198 21459 14851 4459 9348 6743 7852 14753 14521 6911 52159 12450 3522 6329 746 6387 3203 3962
internal_value=-7.59603e-05 -0.00241904 -0.00120081 0.00164176 -0.00722009 0.00457759 -0.00221998 0.00271148 -0.0119933 0.00626852 0.00450795 0.000255439 -0.00387605 -0.000626915 -0.00194824 0.00845536 -0.00523802 0.0107058 0.00666254 0.00240342 -0.00209435 -0.00498203 -0.00405847 -0.00471424 0.000169408 -0.000828326 0.00118809 0.00148904 0.0051659 0.00539714
internal_weight=51786.4 34448.7 27483.7 7245.25 6965.03 17337.7 20238.5 8252.81 2036.2 9084.85 5043.94 6242.37 9912.36 10326.1 6365.46 4040.91 4928.83 2289.04 3156.32 3267.88 2974.5 7078.5 3915.67 3611.71 4071.75 3316.6 1919.47 3960.63 4181.06 1751.87
internal_count=514825 434751 264545 63931 170206 80074 200614 37495 67875 42579 22810 53921 116872 83742 55896 19769 102331 11202 14128 29054 24867 80674 73957 64609 18501 14979 8650 27846 18994 8567
cat_boundaries=0 1 2
cat_threshold=10637789 2305801
is_linear=0
shrinkage=0.03


Tree=14
num_leaves=31
num_cat=5
split_feature=47 47 7 28 4 9 42 67 0 4 44 53 7 42 61 0 53 28 39 47 39 28 53 42 53 10 7 58 26 2
split_gain=579.444 210.227 91.6776 96.6414 77.4806 62.5292 53.6184 50.3829 45.9738 40.6751 53.091 40.3433 37.2711 34.6114 32.3266 29.6946 28.7707 28.4798 27.1198 26.2362 24.4709 23.8942 23.3204 22.9249 22.6131 22.2404 21.8625 21.6362 21.3323 20.7594
threshold=25.265000000000004 4.2050000000000018 839.50000000000011 1.0000000180025095e-35 1.0000000180025095e-35 0.023333333333332953 0.78068456118237928 1.957424509865725 0.037184716741568355 3.7500000000000004 0.0025756610808156505 0 326.50000000000006 -0.39099281619513743 0.054058441558441507 0.027270903331752954 1 -1.135 4.5000000000000009 60.605000000000011 4.5000000000000009 -1.3499999999999996 2 0.45900718380486222 3 0.05000000000000026 603.50000000000011 47.050000000000004 16.875000000000004 4
decision_type=2 2 2 2 2 2 2 2 2 2 2 1 2 2 2 2 1 2 2 2 2 2 1 2 1 2 2 2 2 1
left_child=1 4 3 6 -1 7 13 11 14 18 27 -2 17 -3 20 25 -9 -13 -6 -14 -4 -8 -17 -12 -7 -5 -20 -11 -26 -10
right_child=5 2 8 15 9 24 21 16 29 10 23 12 19 -15 -16 22 -18 -19 26 -21 -22 -23 -24 -25 28 -27 -28 -29 -30 -31
leaf_value=-0.028494531230389059 0.0036851055829271516 -0.0060511442437332181 -0.007733794757092711 0.0048054157203785515 -0.017352494559649618 0.0032585875603442639 -0.0026532277727598624 -0.0023733377464833453 0.0034760946763851951 0.0032402542766468189 -0.0068398630531889106 0.0042691641679600935 0.0053625824647729565 -0.00098838002938454565 -0.0020008816461039125 0.010743680083211056 0.0037880948362507458 0.014012144304005643 -0.0052907816357715253 0.010380108045264144 -0.0014399264520865611 0.0056921670284236702 0.0038054642900380996 -0.0025040167080823115 0.0015275406223684512 -0.0011506906944035067 -0.012470739228294357 -0.015636457091564086 -0.0054391539749295776 -0.0017143060527036859
leaf_weight=137.03838678643297 3828.071336113685 1451.5314116564377 2934.0136290997043 1291.2381478584839 343.72567993436587 1375.5072860564915 388.81057473887995 957.33339602466458 847.60869178704434 847.93498716176964 4496.6522433433984 365.93230555479113 4525.727098904279 7583.1120220528019 2369.4273894906464 920.17108573575752 2279.667035253683 1175.0346039594742 1057.1623983958743 1210.7063942897448 702.24835099993197 1405.2924535494385 933.73591716730243 1488.2546201145051 771.34163330592855 988.06999855747017 623.91488753135309 56.040583437226815 798.14557296033217 3546.3216030230778
leaf_count=13058 17709 12226 35589 11615 7572 6346 3064 4287 6634 14316 76712 1659 20730 60497 28278 7436 10278 5307 39214 6281 11143 11282 7726 23152 3760 12253 24259 1061 3545 27699
internal_value=-2.86067e-05 -0.00228024 -0.000877919 0.000624188 -0.0062054 0.00445149 -0.000863178 0.00526917 -0.00304159 -0.00585305 -0.00474327 0.00623031 0.0075482 -0.00180626 -0.00474817 0.00452678 0.00196063 0.0117265 -0.00960558 0.00643004 -0.00652801 0.00386594 0.00735161 -0.00576788 0.000458267 0.00221157 -0.00798503 0.00200497 -0.00198598 -0.000701096
internal_weight=51699.8 34412.3 25361.6 14962 9050.72 17287.5 10828.7 14342.5 10399.6 8913.69 6888.88 11105.5 7277.4 9034.64 6005.69 4133.22 3237 1540.97 2024.8 5736.43 3636.26 1794.1 1853.91 5984.91 2944.99 2279.31 1681.08 903.976 1569.49 4393.93
internal_count=514688 434786 235442 126099 199344 79902 87069 66251 109343 186286 115241 51686 33977 72723 75010 39030 14565 6966 71045 27011 46732 14346 15162 99864 13651 23868 63473 15377 7305 34333
cat_boundaries=0 1 2 3 4 5
cat_threshold=76555 1942656 7713291 8704461 184354
is_linear=0
shrinkage=0.03


Tree=15
num_leaves=31
num_cat=8
split_feature=38 0 26 29 9 52 66 9 53 41 11 0 57 53 52 0 49 66 28 53 66 53 2 53 67 34 53 53 66 54
split_gain=545.737 168.931 91.3031 81.5584 63.4788 51.2687 50.5149 48.8652 39.1661 37.9065 31.1633 30.7902 27.2883 26.563 26.1964 25.3666 22.9509 21.1517 20.1993 19.8995 19.6381 19.2588 18.635 18.3696 17.6092 17.3546 18.1508 16.4774 16.455 16.3216
threshold=0.30072715899037988 0.024202471481522752 14.530000000000001 2.4050000000000007 0.023333333333332953 -0.60878077752809745 0.11608792426192187 -0.010000000000000149 0 2.5000000000000004 -0.0037499999999996499 0.058630211415462812 0.13450000000000004 1 -0.92747779152030196 0.044915432929564757 0.056054624556880359 0.22976843292702032 -1.3200000000000001 2 0.060724903778933505 3 4 5 1.9009966230129318 5.5000000000000009 6 7 0.060724903778933505 50.45000000000001
decision_type=2 2 2 2 2 2 2 2 1 2 2 2 2 1 2 2 2 2 2 1 2 1 1 1 2 2 1 1 2 2
left_child=1 3 11 -1 8 12 9 15 24 -7 18 14 17 -8 27 20 21 -5 -10 -6 -4 -9 -17 -18 -2 29 -27 -3 -16 -12
right_child=4 2 7 5 19 6 13 16 10 -11 25 -13 -14 -15 28 22 23 -19 -20 -21 -22 -23 -24 -25 -26 26 -28 -29 -30 -31
leaf_value=-0.020666767967816708 0.004232165579144625 0.0025942620625367886 -0.0030992451176469439 -0.0089146791444779435 -0.0036861072938677705 -0.002322791814367202 -0.0042507785643858985 -0.0020657455421026153 0.00090315814137451435 -0.0059098382278252818 0.014026278960710698 0.0094931971431927251 -0.0024796519448941692 0.0020957271376700749 0.0019163070827062367 0.0077713085973416807 -0.0036095544610320876 -0.00041864052481161167 0.0086036678744305008 0.001961180925374039 0.0012576389377283571 -0.0060873902644670054 0.0014436340662010827 0.0031350942152287473 3.7976160617416621e-05 0.0052853501503522205 -0.0055067911876893532 -0.0067218633179661012 0.0060614575466270424 0.004726035566767455
leaf_weight=260.6457564285156 3902.5010181055968 284.85136669437361 1815.7940909860827 2841.9426187162226 758.18886373382429 6165.4716714213346 785.66718578896416 2012.4452266753187 337.25958066382827 4712.1097931445811 183.61584015360768 674.03126759527458 1050.7210934708646 2298.6624933856629 2182.3814140565091 581.51510362135559 657.70095182104797 299.11915349773244 4827.1810310130686 2052.1007342538514 1895.5900859273088 2458.2778167064935 1540.6782185031971 782.44515783552652 1190.0286752707561 248.62476003352549 290.70855409581418 390.86812192655998 1460.2681467565862 2820.7019790955837
leaf_count=16599 17997 4498 11397 72316 3450 101793 9180 15267 1560 58038 800 5741 11858 26762 24464 3003 5049 4336 22320 9387 12414 19014 7996 5910 5370 1120 1337 6433 16997 13004
internal_value=5.96331e-05 -0.00205732 0.000122445 -0.00403994 0.00454093 -0.00379731 -0.00291921 -0.00132037 0.0053779 -0.00388024 0.00660536 0.00352179 -0.00671214 0.00046068 0.00257883 0.000623174 -0.00324313 -0.00811594 0.00810714 0.000419258 -0.000866408 -0.00430376 0.00324071 3.00513e-05 0.00325197 0.00442351 -0.000479297 -0.0028152 0.00358866 0.00531337
internal_weight=51762.1 35151.2 16736.8 18414.3 16610.9 18153.7 13961.9 11744.4 13800.6 10877.6 8708.09 4992.4 4191.78 3084.33 4318.37 5833.58 5910.87 3141.06 5164.44 2810.29 3711.38 4470.72 2122.19 1440.15 5092.53 3543.65 539.333 675.719 3642.65 3004.32
internal_count=515410 439065 138183 300882 76345 284283 195773 80050 63508 159831 40141 58133 88510 35942 52392 34810 45240 76652 23880 12837 23811 34281 10999 10959 23367 16261 2457 10931 41461 13804
cat_boundaries=0 1 2 3 4 5 6 7 8
cat_threshold=1155627 14811142 5384240 2157323 45062 10670870 803028 2107227
is_linear=0
shrinkage=0.03


Tree=16
num_leaves=31
num_cat=8
split_feature=38 47 0 40 40 38 66 29 40 7 29 9 60 53 53 7 9 2 53 9 0 53 53 54 7 17 2 53 38 37
split_gain=536.098 217.998 97.0229 82.8357 69.0625 67.2636 62.9639 62.6993 50.1179 46.4426 72.6254 40.5182 40.5156 28.764 26.3442 25.9646 24.6023 23.212 23.2051 23.0682 22.7941 21.2438 21.1719 21.0713 30.6182 20.7183 20.5941 19.5732 18.8322 16.9418
threshold=0.34789952996474732 0.73999999999999999 0.046166891998943409 2.5000000000000004 2.5000000000000004 0.58040445495384219 0.25663411897167865 3.4250000000000003 3.5000000000000004 834.50000000000011 4.9350000000000014 0.021666666666666903 113.00000000000001 0 1 247.50000000000003 -0.038333333333332643 2 3 0.018333333333333954 0.024834660776175004 4 5 9.4000000000000021 638.50000000000011 5.5000000000000009 6 7 0.52412995741282953 4.3050000000000006
decision_type=2 2 2 2 2 2 2 2 2 2 2 2 2 1 1 2 2 1 1 2 2 1 1 2 2 2 1 1 2 2
left_child=1 7 3 9 16 14 11 -1 15 10 -3 -5 22 -9 -6 18 -2 -14 -4 -16 -11 -19 -7 24 -15 28 -17 -8 29 -18
right_child=4 2 8 6 5 12 27 13 -10 20 -12 -13 17 23 19 26 25 21 -20 -21 -22 -23 -24 -25 -26 -27 -28 -29 -30 -31
leaf_value=-0.018041878714378033 0.011731988436147645 -0.00028637785776876692 0.018661944381199953 -0.0031202470945595495 0.0043853469869279673 0.011777097806112984 0.0053300816106855347 -0.01056742038554782 -0.00072992285654730339 -0.0051266171362563838 0.0063343874877285376 -0.0070210581470880468 0.0054396388416952865 -6.4748094900188467e-05 0.0009324610351726623 0.00069439956634853876 0.011157120852700236 -0.0081317547921323109 0.0045579292681613313 -0.0048662375359428229 -9.4543779704553139e-05 0.0018459366841546551 0.0062385993890100456 -0.011175193759856403 -0.0075643348373519844 -0.016617052980991066 0.0062327737441456501 -0.00069717977328241447 0.012816597648486919 0.0047045916433541123
leaf_weight=530.14694002877468 1179.6856093853585 6448.0193029749516 215.73550004873414 10173.802956803936 1557.8148601435851 998.33743437436078 774.00763265696878 1310.8739395692337 2301.2644196965712 1879.4459484718291 1934.7501624441702 3163.8797250317857 1319.6302901830295 1047.1652583645905 3081.6857421663008 1073.535245454259 454.19293578896577 241.44387826125421 253.86557206404359 769.40041696867684 1444.6448901408539 776.18271272901984 2101.6244694228562 405.40831091717428 932.48561286146924 31.735645964741707 1448.7642521355847 1246.5011565870991 415.35087170024326 2146.0258253256043
leaf_count=29049 5126 74206 1607 83624 6833 5059 6587 35596 11885 33909 19907 35565 6264 26812 13577 8714 2250 1146 1825 3323 21033 3658 10363 6364 28115 152 11352 10272 1808 9549
internal_value=-4.50533e-07 -0.00196273 -0.0011245 -0.00185162 0.00475987 0.00348616 -0.00330053 -0.0083702 0.00258707 4.6867e-05 0.00123927 -0.00404874 0.00584321 -0.00696576 0.00110994 0.0051472 0.00801783 0.00283747 0.011645 -0.000219617 -0.00295008 -0.000559434 0.00809646 -0.00490166 -0.00361653 0.0065634 0.00391729 0.00162278 0.00682814 0.00585092
internal_weight=51657.4 36584.3 32358.2 27065.1 15073.1 10846.1 15358.2 4226.08 5293.16 11706.9 8382.77 13337.7 5437.22 3695.93 5408.9 2991.9 4226.99 2337.26 469.601 3851.09 3324.09 1017.63 3099.96 2385.06 1979.65 3047.31 2522.3 2020.51 3015.57 2600.22
internal_count=515530 446422 320486 285103 69108 50223 136048 125936 35383 149055 94113 119189 26490 96887 23733 23498 18885 11068 3432 16900 54942 4804 15422 61291 54927 13759 20066 16859 13607 11799
cat_boundaries=0 1 2 3 4 5 6 7 8
cat_threshold=10884628 10748116 159865 9565080 345120 10342400 66637 4169762
is_linear=0
shrinkage=0.03


Tree=17
num_leaves=31
num_cat=2
split_feature=47 47 9 0 4 7 28 10 26 67 32 7 7 61 28 6 7 42 2 29 26 48 35 45 28 67 38 2 42 57
split_gain=489.195 178.384 96.3213 71.7422 70.1395 55.0457 78.6359 50.9068 45.6751 40.2834 33.9169 33.4717 33.4163 31.4939 30.3891 27.1392 25.2897 23.2347 23.1475 22.5823 25.2402 20.4389 18.4593 18.332 19.4913 17.6567 16.7623 17.7433 15.8446 15.14
threshold=25.265000000000004 2.9050000000000007 0.026666666666666752 0.046166891998943409 0.45000000000000007 392.50000000000006 0.34000000000000002 0.074999999999999664 17.985000000000003 1.9274403024947602 0.029003031736852206 1029.5000000000002 868.50000000000011 0.054058441558441507 -1.3200000000000001 18.950000000000003 442.50000000000006 0.6290071838048622 0 3.7850000000000006 11.305000000000001 0.071119699814543455 30.955000000000002 2.2250000000000005 -1.2200000000000002 1.4133888869837568 0.59334526575580049 1 0.23900718380486244 0.57335000000000014
decision_type=2 2 2 2 2 2 2 2 2 2 2 2 2 2 2 2 2 2 1 2 2 2 2 2 2 2 2 1 2 2
left_child=1 4 3 5 -1 6 -3 9 12 11 19 14 -5 -7 -2 -12 -16 22 -19 -6 -21 25 -4 -11 28 -9 -13 -28 -25 -23
right_child=7 2 17 8 10 13 -8 21 -10 23 15 26 -14 -15 16 -17 -18 18 -20 20 -22 29 -24 24 -26 -27 27 -29 -30 -31
leaf_value=-0.024523781876874793 0.00071834347546366158 0.00018655452419365662 -0.0076349717980842557 0.011004145255526381 -0.011268688651345395 -0.0032079638752417331 0.011151228046161555 0.00096183591750614091 0.00067300207042736513 -0.0052352039343463571 0.003769742840418833 0.0014043936896764744 0.0027569133696859838 -0.00015064640633823936 0.010070798506337015 -0.004709516578024312 0.0061457456513678505 -0.0072290281515149483 0.0028474132540481059 -0.0038557704420416968 -0.008615224347578665 0.0043030554181815138 -0.0037913241902939551 -0.016160333828607581 0.0034249511401044873 -0.00537869645937892 0.00074042463798431528 0.0083818620854393122 0.00036906579096236046 -0.0010273807969547069
leaf_weight=187.29818619475373 635.39474213222729 4102.5731694014257 1928.1391361741835 921.78916847336404 977.36769598883984 7699.7987416281176 686.50355642801242 1049.9052610330127 2399.3513513280432 286.52602392998415 488.39086561352815 1830.5702425058789 874.57620035439686 5037.100366005774 2448.5208736234063 1086.8658471949266 3964.8289281541929 282.12938022613071 665.31495677597559 2145.1672193924669 1949.6033231269867 1808.1504817589503 2843.9732898258499 81.731149340947923 2536.2872011253103 626.12275606367166 430.76332973743138 848.76090474842658 129.35570690335589 640.19426546528939
leaf_count=17167 2968 35491 25648 6558 29327 76614 6744 4799 12397 1297 9691 8304 7405 46705 11098 15940 18650 3362 7929 57708 40562 8489 36195 372 11378 2784 2202 4286 569 2934
internal_value=-4.27591e-05 -0.00211971 -0.0010381 -0.000124498 -0.00645639 -0.000969469 0.00176858 0.0040662 0.00339667 0.00497625 -0.00593559 0.00588356 0.00701312 -0.00200145 0.00703127 -0.00206015 0.00765162 -0.00450126 -0.000176602 -0.00713198 -0.00613227 0.00114693 -0.00535316 0.0019264 0.00268747 -0.00139254 0.00326991 0.00590907 -0.00598181 0.00289731
internal_weight=51593.1 34275.9 27441.2 21721.7 6834.69 17526 4789.08 17317.1 4195.72 13192.7 6647.39 10158.8 1796.37 12736.9 7048.74 1575.26 6413.35 5719.56 947.444 5072.14 4094.77 4124.37 4772.11 3033.9 2747.37 1676.03 3110.09 1279.52 211.087 2448.34
internal_count=515573 435443 265048 191914 170395 165554 42235 80130 26360 61124 153228 47508 13963 123319 32716 25631 29748 73134 11291 127597 98270 19006 61843 13616 12319 7583 14792 6488 941 11423
cat_boundaries=0 1 2
cat_threshold=237697 1714
is_linear=0
shrinkage=0.03


Tree=18
num_leaves=31
num_cat=7
split_feature=38 47 14 4 7 41 67 52 38 53 66 53 7 0 32 53 48 38 53 0 53 0 4 29 66 44 29 36 53 2
split_gain=492.781 196.521 94.059 68.8221 59.7644 57.1659 61.6348 47.1689 38.1742 32.9716 32.3555 28.6917 24.4789 24.9243 24.0507 23.0751 22.966 25.6291 22.9043 21.8194 30.1852 21.371 20.8378 20.1402 19.6647 19.3927 18.6686 18.6329 18.5888 17.983
threshold=0.34789952996474732 2.9050000000000007 0.13500000000000004 0.45000000000000007 360.50000000000006 2.5000000000000004 1.0559428532671886 -0.43988458942360825 0.59786409242930993 0 0.095803351280632013 1 425.50000000000006 0.025473828202056955 0.029003031736852206 2 0.075342153729044264 0.5231514404462777 3 0.036076905046371156 4 0.040536729985614209 3.7500000000000004 6.3050000000000006 0.26152058379178195 0.0025756610808156505 2.2550000000000003 43.495000000000005 5 6
decision_type=2 2 2 2 2 2 2 2 2 1 2 1 2 2 2 1 2 2 1 2 1 2 2 2 2 2 2 2 1 1
left_child=1 3 4 -1 19 16 8 21 -7 14 -9 -8 23 -14 -5 -10 17 18 29 24 -21 -6 -11 26 -3 -24 -4 -25 -15 -2
right_child=5 2 12 9 7 6 11 10 15 22 -12 -13 13 28 -16 -17 -18 -19 -20 20 -22 -23 25 27 -26 -27 -28 -29 -30 -31
leaf_value=-0.024540718603595236 0.0065760440852044941 -0.00053893769997250983 -0.020903259909787194 -0.004869419835927479 -0.0062512576473003657 0.0031515727424832533 0.0046293544828111457 -0.0028123758307055779 0.0023879217079247716 -0.011114664753853958 0.00037138849363598685 -0.00020683833269663821 -0.0013848032388426848 0.0055414391121692899 0.0018584090423069252 0.0095589617388544823 0.0095946918511603529 0.011743953054834068 0.0065162934469285474 0.0094732673264593531 -0.0002122962371379032 -0.0017356840766845555 -0.00042981981338559435 0.030013004741278181 0.0085448240842128671 -0.0073314766215230118 0.004108009349048594 0.0079312984606793695 0.00074659059710778411 -0.0040277167070925995
leaf_weight=183.3583101927652 191.27509544183795 3429.6481374918158 24.877945854329482 2002.1720841600591 3685.9759149293041 2716.7594839466929 1526.2177423514431 7611.6685240988145 540.46371677789011 1153.8401157723956 4588.3975683116269 3878.2616005767086 2336.8933430262841 1238.341088136769 619.42444933437764 2195.3569969127548 2311.0373190806049 410.52482425176458 831.43467207566482 581.32974059962271 562.30554178054263 1297.2205095272457 443.89483131692214 48.448064155876637 226.76444232310132 2394.214664676445 2115.0867376458054 135.685651762411 1811.8345579113811 477.35660386282598
leaf_count=17211 872 29552 429 48132 48291 12176 6951 62232 2677 42079 38185 17426 28764 11066 9545 11131 10357 1780 3669 3881 3858 10736 8187 361 1883 45356 19456 885 16312 2158
internal_value=3.65252e-05 -0.001848 -0.00079337 -0.00644947 -0.00179406 0.00459882 0.00344081 -0.00262127 0.00569203 -0.0059361 -0.00161265 0.00116273 0.00205528 0.000937349 -0.00325574 0.00819969 0.00756681 0.00509074 0.00323676 0.00116079 0.00477364 -0.00508295 -0.00765899 0.00463063 2.05847e-05 -0.00626365 0.00378399 0.0141625 0.00272604 -0.000887769
internal_weight=51570.1 36491.4 29694.5 6796.9 21983.3 15078.7 10857.1 17183.3 5452.58 6613.55 12200.1 5404.48 7711.17 5387.07 2621.6 2735.82 4221.63 1910.59 1500.07 4800.05 1143.64 4983.2 3991.95 2324.1 3656.41 2838.11 2139.96 184.134 3050.18 668.632
internal_count=515598 446401 275891 170510 198618 69197 50361 159444 25984 153299 100417 24377 77273 56142 57677 13808 18836 8479 6699 39174 7739 59027 95622 21131 31435 53543 19885 1246 27378 3030
cat_boundaries=0 1 2 3 4 5 6 7
cat_threshold=1679627 10621012 8969 3236011 14165850 15729771 65593
is_linear=0
shrinkage=0.03


Tree=19
num_leaves=31
num_cat=9
split_feature=47 47 7 28 29 65 9 9 60 53 46 53 53 53 3 12 36 20 2 66 53 53 28 28 53 10 2 8 36 43
split_gain=468.156 185.996 93.7638 104.724 67.0651 52.7571 52.197 48.4956 42.4725 38.2007 33.8771 32.0704 28.0254 27.9209 27.357 26.55 26.0313 24.4159 24.2132 24.1685 22.8715 22.5557 22.5303 21.5156 20.6938 20.4444 20.2562 19.9374 18.7189 18.5525
threshold=24.005000000000006 1.9549999999999998 419.50000000000006 0.16 3.8150000000000004 0.35229342041789474 -0.036666666666666542 -0.0066666666666672491 117.00000000000001 0 0.064999999999999961 1 2 3 0.16500000000000004 -0.034999999999999643 18.485000000000003 -0.084999999999999937 4 0.041530476443971211 5 6 1.2450000000000001 1.3900000000000003 7 0.13500000000000018 8 37.250000000000007 25.850000000000005 0.12007941873671925
decision_type=2 2 2 2 2 2 2 2 2 1 2 1 1 1 2 2 2 2 1 2 1 1 2 2 1 2 1 2 2 2
left_child=1 4 3 10 -1 7 9 15 14 -2 13 16 -6 -3 20 -4 -10 -9 22 23 -8 -12 -5 -14 -7 -22 -13 -21 -16 -20
right_child=6 2 5 18 12 24 8 17 11 -11 21 26 19 -15 28 -17 -18 -19 29 27 25 -23 -24 -25 -26 -27 -28 -29 -30 -31
leaf_value=-0.013842645266539779 0.0032461360954139451 0.0028543693985806887 -0.0030140785408388775 0.0013351134536797517 -0.010150104876787828 -0.0027448184435069872 0.0083697098624992156 -0.0071495736393789883 0.018807818077700572 0.0085024390269176457 -0.00071445531444044147 0.0020943692472392213 -0.0071330902850773176 -0.0021583852221801901 0.0060285550098385689 0.00041747539029688958 0.0032050587184065922 -0.0032790423390910805 0.0051788968291407991 0.0014602362509814983 0.0046527228667593767 0.0085274167898426508 0.019650642802949179 0.011851928754853813 0.0037836379437378551 -0.006540191484475712 -0.0027034879940065065 -0.0049030511465490397 0.00046487072094399009 0.014819896817595666
leaf_weight=1045.0678238386408 2080.5415097282312 1343.0749128595289 3297.9648191627439 475.74290910720356 893.34248511060741 564.35536668764598 1979.1558020313569 1824.3975588886778 101.22310949862003 3366.8058898598902 371.31177463700715 1272.3030725482913 1781.8524480477754 3784.7958436183908 769.66268428495096 5237.3946512403181 1719.4583783447843 7942.1496402833809 265.07912664134346 906.73397518972251 2212.9845868135681 636.06284246686846 68.182781176655226 52.485901918777017 1784.8618688067845 153.43123586072306 2043.515668496887 854.3323876164286 1895.3385669791223 663.43614201068431
leaf_count=43654 9646 11431 27116 4577 22138 4651 9331 18582 542 15990 4261 5864 47113 33234 3833 44186 7821 102502 3393 22268 10320 6730 726 1967 14226 718 9386 13969 8439 6483
internal_value=0.000110622 -0.00195493 -0.00096856 0.00187619 -0.0069843 -0.00201807 0.00407929 -0.00256209 0.00297966 0.00652386 0.000145893 0.000899391 -0.00537541 -0.000837655 0.00449886 -0.000905319 0.00408624 -0.00400645 0.00905553 -0.00413602 0.0059699 0.00517394 0.00368211 -0.00656122 0.00220596 0.00389299 -0.000852588 -0.00161178 0.00208625 0.011988
internal_weight=51387 33792.6 28258.8 7607.69 5533.82 20651.1 17594.4 18301.9 12147.1 5447.35 6135.25 5136.5 4488.75 5127.87 7010.57 8535.36 1820.68 9766.55 1472.44 3595.4 4345.57 1007.37 543.926 1834.34 2349.22 2366.42 3315.82 1761.07 2665 928.515
internal_count=515097 433207 282098 70835 151109 211263 81890 192386 56254 25636 55656 23613 107455 44665 32641 71302 8363 121084 15179 85317 20369 10991 5303 49080 18877 11038 15250 36237 12272 9876
cat_boundaries=0 1 2 3 4 5 6 7 8 9
cat_threshold=124419 10649612 10617860 272002 136392 9295040 5331360 8537424 198765
is_linear=0
shrinkage=0.03


Tree=20
num_leaves=31
num_cat=6
split_feature=4 47 7 28 4 0 9 14 67 53 53 9 28 42 26 53 53 0 42 7 28 47 5 42 26 53 47 26 2 43
split_gain=440.7 160.887 68.7432 65.35 63.9065 54.0368 53.4091 42.9413 41.8037 36.3702 29.7661 28.478 26.9641 27.547 26.8412 26.4938 25.4549 23.3879 23.161 20.8056 22.5875 21.5002 20.1763 20.1223 19.2593 20.1029 18.9408 20.3408 18.3363 18.2802
threshold=26.850000000000005 2.9050000000000007 425.50000000000006 -0.72499999999999998 1.0000000180025095e-35 0.058630211415462812 -0.03833333333333349 0.12500000000000003 1.4810004810004813 0 1 0.041666666666666456 0.22500000000000009 0.53900718380486234 16.935000000000006 2 3 0.038759209103198002 0.17068456118237887 703.50000000000011 -0.45000000000000001 38.365000000000009 0.17500000000000002 0.22900718380486265 19.185000000000006 4 52.375000000000007 11.305000000000001 5 0.19531495028854601
decision_type=2 2 2 2 2 2 2 2 2 1 1 2 2 2 2 1 1 2 2 2 2 2 2 2 2 1 2 2 1 2
left_child=1 4 3 17 -1 7 9 11 16 -2 22 -4 13 -5 15 -10 19 23 -9 20 -8 -21 -6 -3 28 -26 27 -11 -7 -14
right_child=6 2 5 12 10 24 8 18 14 26 -12 -13 29 -15 -16 -17 -18 -19 -20 21 -22 -23 -24 -25 25 -27 -28 -29 -30 -31
leaf_value=-0.027540882332262751 0.0032712915545625438 -0.0068720113589890745 -0.002943346485548838 0.00072167619172395744 -0.0016117676597948969 0.012291778828635079 0.004707165081551978 -0.0018672597056941824 0.005833849533423612 0.0095489786640316921 -0.0080582318266864371 -0.0070824401849996039 0.0024856992589397868 0.0078394555727563913 -0.0026097588671894689 -6.5972130744357357e-06 0.0022476883902538118 0.0026634993388210434 0.0023908765999603883 -0.0011016823392101646 0.011928727063205904 0.0054796948969854592 -0.0062596043371307237 -0.0010282191067120929 -0.0057864992017858099 0.0039461271672129863 0.011165848233846027 0.0031192334427196269 0.0027897823627329706 0.0103885769463
leaf_weight=124.85491561150229 2538.8561159407382 961.2788394062818 10517.977764722826 2323.7668759369053 1695.2996180381529 288.31758815552166 834.13491749999321 2927.9627710185832 1044.9332987417592 874.754886346479 3184.3049089753017 1760.9162168446783 420.62608974529485 622.32688196039544 1818.1828947227696 2044.0042575637954 4709.9395242952041 696.28032722425087 1888.2743734592241 604.89460125311325 771.51628826836532 1628.246932788391 1712.8497306396785 1213.720992943835 327.67700638867882 423.49746100046377 1218.8315538187162 938.44086424035686 553.87025315955725 765.72503825909826
leaf_count=13206 12057 8956 101257 21233 30913 2209 3863 34723 4824 3892 77961 24572 4508 5240 8041 9493 23326 4492 20612 3884 3598 7546 47926 10911 1660 2112 6179 4382 4424 7154
internal_value=-0.000108953 -0.00223715 -0.0011547 0.00137732 -0.00637122 -0.00210525 0.00351442 -0.00259876 0.00248726 0.00598824 -0.00595751 -0.00354043 0.00379469 0.0022397 0.000273407 0.00198077 0.00375418 -0.00209162 -0.000191271 0.00557224 0.00820631 0.00368417 -0.00394718 -0.00362871 0.00316736 -0.00028813 0.00821188 0.00624482 0.00627833 0.00762072
internal_weight=51436.3 32409.5 25692.2 7003.73 6717.31 18688.5 19026.7 17095.1 13455.9 5570.88 6592.45 12278.9 4132.44 2946.09 4907.12 3088.94 8548.73 2871.28 4816.24 3838.79 1605.65 2233.14 3408.15 2175 1593.36 751.174 3032.03 1813.2 842.188 1186.35
internal_count=515154 424069 254063 62494 170006 191569 91085 181164 64575 26510 156800 125829 38135 26473 22358 14317 42217 24359 55335 18891 7461 11430 78839 19867 10405 3772 14453 8274 6633 11662
cat_boundaries=0 1 2 3 4 5 6
cat_threshold=1173257 1682219 8556636 840948 2509930 39634
is_linear=0
shrinkage=0.03


Tree=21
num_leaves=31
num_cat=0
split_feature=38 47 52 46 4 41 60 0 4 8 0 38 26 26 26 43 48 52 0 17 52 48 35 0 26 8 4 48 48 14
split_gain=417.656 159.238 83.2839 71.0257 65.1197 51.6737 44.5631 38.122 36.8132 41.9863 35.6386 29.0962 53.0667 27.3991 25.9419 25.663 22.2302 20.8365 18.9261 17.205 17.0638 17.0095 18.0726 15.9541 16.9776 15.0591 15.6898 14.2466 13.8436 13.8335
threshold=0.34789952996474732 4.2050000000000018 -0.60878077752809745 0.064999999999999961 1.0000000180025095e-35 2.5000000000000004 160.50000000000003 0.026362993000741301 3.0500000000000003 22.550000000000004 0.044299623223950209 0.58040445495384219 18.550000000000001 11.070000000000002 19.630000000000006 0.025285497631919861 0.075134504922127962 0.6022539598327955 0.053573486087464706 5.5000000000000009 1.02899151085505 0.07620560379824616 27.555000000000003 0.060285158442380457 12.550000000000002 13.550000000000002 1.2500000000000002 0.074557892401056869 0.081472161244482519 0.20500000000000004
decision_type=2 2 2 2 2 2 2 2 2 2 2 2 2 2 2 2 2 2 2 2 2 2 2 2 2 2 2 2 2 2
left_child=1 4 16 5 -1 7 11 -4 25 -10 -7 12 21 19 -13 -11 18 -15 -3 27 -16 -2 -23 -5 -25 26 -6 -8 -14 -18
right_child=6 2 3 23 8 10 13 -9 9 15 -12 14 28 17 20 -17 29 -19 -20 -21 -22 22 -24 24 -26 -27 -28 -29 -30 -31
leaf_value=-0.027134265823370776 0.0039693957822866423 -0.0061058872023886787 -0.00010887507594588054 0.0037183706854456672 -0.0076294833318000799 -0.002643316913876214 0.0020826977626580484 0.0045378430369149604 0.011663407503082885 0.00067748918471118751 0.0011746780208519918 0.011631262122052356 -0.0018289492686064039 -0.0017986935115244947 0.0044751119749467799 -0.0050340577833504962 -0.0023836578522933327 0.003092424248740162 0.00013007275942104462 -0.014558972377023874 0.0094695984183487594 0.0025775000197866627 0.0090622947797756037 0.023127552317071226 0.0064122194153517949 -0.010890474070478018 0.0079193941393976945 0.0092283071520932666 0.0073360495698759987 0.0042791115908429106
leaf_weight=119.3890892454674 2915.1060072939063 3094.3862002924907 4229.311959882768 2877.1506545154461 188.21351778624103 8641.185911196535 434.30665082948599 2531.6293894804903 146.70219019381602 786.45984805887019 2938.1219762798191 951.53568801104029 1382.9261653778822 1885.1699106295282 2222.2801155820516 6326.4529078391788 2092.7401519256819 1337.1753354476295 499.17338956331332 33.825370013713837 882.11033872585085 525.69409604293378 1653.951382603871 77.99170434102416 208.38155619870486 1145.0271627766233 80.955561864691845 642.53226840126808 163.38860541018039 319.25697501370632
leaf_count=13062 12731 36898 37793 28182 12268 67136 1947 25031 4342 13520 15989 4253 6355 8306 10975 111736 25508 6270 3717 163 4865 2333 7246 673 1120 40319 4321 2924 732 4443
internal_value=5.55233e-06 -0.00173505 -0.000610335 0.000260782 -0.00524934 -0.000453949 0.00421136 0.00162748 -0.00493847 -0.00406649 -0.00167192 0.0052522 0.00401717 0.00163366 0.00726403 -0.00439831 -0.00373354 0.000222327 -0.00523173 0.00569359 0.00590913 0.00549487 0.00751582 0.00441152 0.0111974 -0.00938143 -0.00281844 0.00638338 -0.000832945 -0.00148652
internal_weight=51332.5 36302.5 27509.3 21503.8 8793.2 18340.2 15030 6760.94 8673.81 7259.61 11579.3 10697 6641.07 4333.01 4055.93 7112.91 6005.56 3222.35 3593.56 1110.66 3104.39 5094.75 2179.65 3163.52 286.373 1414.2 269.169 1076.84 1546.31 2412
internal_count=515158 446058 246490 175924 199568 145949 69100 62824 186506 129598 83125 49490 29397 19610 20093 125256 70566 14576 40615 5034 15840 22310 9579 29975 1793 56908 16589 4871 7087 29951
is_linear=0
shrinkage=0.03


Tree=22
num_leaves=31
num_cat=4
split_feature=4 4 9 0 40 7 28 4 7 28 53 67 4 14 53 7 66 20 53 60 44 29 9 28 52 53 1 14 67 35
split_gain=363.755 169.132 90.5175 66.5227 71.1137 50.7161 44.1527 42.5626 38.1074 69.9189 34.7179 32.5524 28.6825 26.7571 29.7075 26.3971 23.6408 21.3895 21.225 20.2285 20.2137 18.7234 18.4324 22.9911 17.8598 18.2192 17.289 17.2658 17.1387 16.6391
threshold=27.150000000000002 3.7500000000000004 0.022499999999999905 0.028718125445962053 2.5000000000000004 1008.5000000000001 -1.1599999999999993 1.0000000180025095e-35 883.50000000000011 -0.11999999999999994 0 1.1194576799792084 62.850000000000001 0.095000000000000015 1 883.50000000000011 0.11495991792303541 -0.039999999999999945 2 154.50000000000003 0.16258330758705916 3.7850000000000006 -0.04166666666666554 -0.49999999999999972 0.16137430609198053 3 40.585000000000008 0.20500000000000004 2.0008756567425574 39.400000000000006
decision_type=2 2 2 2 2 2 2 2 2 2 1 2 2 2 1 2 2 2 1 2 2 2 2 2 2 1 2 2 2 2
left_child=1 7 3 8 15 6 28 -1 9 -3 22 20 18 14 -4 -5 -10 -6 -7 -14 -12 -9 -8 -24 -23 -26 29 -13 -2 -15
right_child=5 2 13 4 17 12 10 21 16 -11 11 27 19 26 -16 -17 -18 -19 -20 -21 -22 24 23 -25 25 -27 -28 -29 -30 -31
leaf_value=-0.027786304837976943 0.0014071520625299828 -0.0025737289967919055 -0.0031543877952994069 0.0080078976773115436 -0.0023157813324964495 -0.0035656420975365088 0.0098456695463952984 -0.014178260110892935 -0.0066620131689641695 0.0026392682438839145 0.0065147892469468336 0.00074354605986823633 0.0065849411556375709 -0.0040488127598393674 -0.008205140132699627 0.0020630239300457355 -0.001230397456154842 0.0011783702076815631 0.0011405980278848689 0.00024415380142148694 -0.0051897596097890963 -0.010731031098864884 0.0022679679668177002 0.0074745990524790291 0.0020867983320310948 -0.0075109240323592884 0.0035544473757859641 0.0076988695158199949 -0.0062675730948279565 0.0020375853624818728
leaf_weight=116.50624331514837 1245.9588294454788 6873.7852568619273 2208.4004299012222 1659.1783241169433 2469.6069003051634 1227.1619439781171 1498.8324381209195 492.75941748829155 1924.9828746047106 3485.4207807331259 2720.3515907464771 2874.3133983784219 1184.7280384162314 2134.1161736555932 2124.7685372003207 1159.1447094209889 1178.3616912638272 4349.7415596096816 2817.5651991754594 748.74611857340915 135.29725075586884 697.1203928055811 1141.996367377862 2436.2703831022764 277.41049992379158 457.78917078622044 429.82286874600686 362.12618436664343 329.11016436606769 490.16282858746126
leaf_count=13117 5854 73022 29670 14888 14236 5963 6960 22708 31338 42133 13073 13101 6005 34235 31590 13076 14978 28149 13735 3571 849 29524 5313 11517 7095 12157 6677 1719 1477 7148
internal_value=9.8474e-05 -0.00181832 -0.00125707 -0.000331128 0.00156979 0.00343022 0.00450032 -0.0101755 -0.00169423 -0.000816717 0.00516341 0.00360333 0.00114324 -0.00414757 -0.00566679 0.00557667 -0.00461137 -8.29365e-05 -0.000286901 0.00414773 0.0059465 -0.00906642 0.00700641 0.00582349 -0.00726957 -0.00392649 -0.00197998 0.00153532 -0.000183371 -0.00289989
internal_weight=51251.5 32529.1 30487.5 23100.2 9637.67 18722.5 12744.3 2041.59 13462.6 10359.2 11169.2 6092.09 5978.2 7387.27 4333.17 2818.32 3103.34 6819.35 4044.73 1933.47 2855.65 1925.08 5077.1 3578.27 1432.32 735.2 3054.1 3236.44 1575.07 2624.28
internal_count=514878 425741 341140 231820 70349 89137 59863 84601 161471 115155 52532 28742 29274 109320 61260 27964 46316 42385 19698 9576 13922 71484 23790 16830 48776 19252 48060 14820 7331 41383
cat_boundaries=0 1 2 3 4
cat_threshold=3018974 4288269 1679363 1600067
is_linear=0
shrinkage=0.03


Tree=23
num_leaves=31
num_cat=8
split_feature=4 47 14 4 52 40 47 32 68 8 28 66 40 21 42 28 48 53 53 48 53 53 26 48 29 53 53 53 53 6
split_gain=328.297 147.442 89.1488 63.0237 43.3372 40.7608 50.2908 38.6529 37.0303 34.5957 33.0331 31.1653 31.618 28.4602 28.2217 32.5435 26.1771 23.72 23.5599 21.783 21.6149 20.9891 20.5376 20.0315 19.3582 18.5818 17.4316 17.3372 16.9867 16.9359
threshold=39.850000000000001 4.2050000000000018 0.13500000000000004 1.0000000180025095e-35 -0.089514359254919684 2.5000000000000004 49.595000000000006 0.029003031736852206 2.5000000000000004 36.550000000000004 -0.60999999999999954 0.29972995111896494 2.5000000000000004 0.029999999999999988 0.75068456118237903 -0.59500000000000008 0.071725258167660358 0 1 0.076455052432249815 2 3 19.835000000000004 0.082279652125287608 4.3350000000000009 4 5 6 7 77.950000000000017
decision_type=2 2 2 2 2 2 2 2 2 2 2 2 2 2 2 2 2 1 1 2 1 1 2 2 2 1 1 1 1 2
left_child=1 3 4 -1 23 19 22 10 21 20 -5 12 -6 -12 15 17 -17 -4 -10 29 -9 -8 28 24 -3 -11 -24 -21 -7 -2
right_child=5 2 14 7 11 6 8 9 18 25 13 -13 -14 -15 -16 16 -18 -19 -20 27 -22 -23 26 -25 -26 -27 -28 -29 -30 -31
leaf_value=-0.027153586559410785 0.0035931247482919133 0.0024369845223709231 0.002708884032697203 -0.0089634960641316753 0.0011075100794867431 0.0036163825570360002 0.0087900087459317055 -0.0023578534731575054 0.0048820506448976637 0.0016465892307652641 -0.0028421331139248584 0.0049892043481401197 -0.0020825313710697521 -0.0087359065777407111 0.0071148733525543953 -4.9650425602568696e-06 0.0044794198035591187 -0.0051053697707750031 8.9827268152948704e-05 0.012200443626929562 0.011360758147759584 0.004102025375860241 -0.010079878805387434 0.00092150036055044021 -0.0041883895769931475 -0.0048217490924220468 -0.00010784777117404408 0.0055251009364017927 -0.0013765934548596659 0.013602620512961329
leaf_weight=112.87507306627958 1910.9285790078393 414.48918933659661 533.88249922553132 2187.0095419971858 4502.8615306365582 1087.693930878233 1672.9775810046312 161.29250617857724 1558.9374024200788 530.24312240393738 2958.1722458666745 875.71203451741894 7336.4053963409051 995.25059066298672 950.27617992646992 1892.7555423296899 3016.7449752817429 957.59867806639522 2283.4724405793168 828.16958624429117 259.73477957008708 1994.7627277366173 312.52117826140966 898.62239284173393 6772.0590579907157 1518.5134867851666 329.98593875341521 762.47868073832524 1367.2170880306203 166.86409472884952
leaf_count=13086 8466 4554 4147 44375 38065 4643 8230 3492 7422 7648 68154 5990 50455 35314 8456 17761 31348 7582 10671 3632 5568 9727 1420 9476 71630 21839 1498 3404 5888 728
internal_value=-0.000112025 -0.00160804 -0.000550732 -0.00501587 -0.00155521 0.00374972 0.00280112 -0.00471594 0.00412776 -0.00152861 -0.00599213 -0.000460345 -0.000866738 -0.00433711 0.00228697 0.00156355 0.00274515 -0.0023043 0.00205639 0.00648148 0.00626086 0.0062873 -0.000406439 -0.00327278 -0.00380152 -0.00314855 -0.00517918 0.0091417 0.000833686 0.0044237
internal_weight=51150.5 36874.5 28151.4 8723.09 20800.1 14276 10607.6 8610.22 7510.15 2469.78 6140.43 12715 11839.3 3953.42 7351.26 6400.98 4909.5 1491.48 3842.41 3668.44 421.027 3667.74 3097.42 8085.17 7186.55 2048.76 642.507 1590.65 2454.91 2077.79
internal_count=514669 448940 249464 199476 180170 65729 49499 186390 36050 38547 147843 94510 88520 103468 69294 60838 49109 11729 18093 16230 9060 17957 13449 85660 76184 29487 2918 7036 10531 9194
cat_boundaries=0 1 2 3 4 5 6 7 8
cat_threshold=8929883 9441780 5655558 11306438 1155329 10413202 1398740 151292
is_linear=0
shrinkage=0.03


Tree=24
num_leaves=31
num_cat=7
split_feature=4 4 52 38 26 40 5 43 60 4 53 66 28 46 53 67 4 42 53 53 55 43 2 42 44 53 2 7 28 32
split_gain=337.66 105.633 71.5586 64.1756 61.2659 52.795 50.4272 47.4623 47.1936 44.6374 43.319 38.8444 32.2498 30.2019 28.7162 26.8705 26.5677 26.3325 24.6662 23.2483 22.769 21.9848 21.0983 20.8725 20.4979 20.401 21.9753 17.9248 28.5616 17.0852
threshold=22.350000000000005 3.7500000000000004 -0.59761430466718701 0.47523155737026329 14.530000000000001 2.5000000000000004 0.18500000000000003 0.30211630709481935 157.50000000000003 1.0000000180025095e-35 0 0.11739730963247656 -0.71500000000000019 0.039999999999999959 1 1.9461273353890807 14.950000000000001 -0.57571793273879612 2 3 16.050000000000004 4.6085756831243812 4 0.4090071838048624 0.063316728649902718 5 6 603.50000000000011 -0.69000000000000006 0.051112222204861356
decision_type=2 2 2 2 2 2 2 2 2 2 1 2 2 2 1 2 2 2 1 1 2 2 1 2 2 1 1 2 2 2
left_child=1 9 23 5 6 13 12 -7 10 -1 -5 16 -4 15 22 17 -6 -2 -17 -13 27 -16 -9 29 -8 -10 -27 28 -11 -3
right_child=3 2 4 8 11 7 24 14 25 20 -12 19 -14 -15 21 18 -18 -19 -20 -21 -22 -23 -24 -25 -26 26 -28 -29 -30 -31
leaf_value=-0.027541201104493047 0.01181429882634537 -0.0066310411716206143 -0.0016169977415611619 0.0082637269156980581 -0.005527295881133802 -0.0029905382794891419 -0.0041489284150670082 0.0082028930784193849 0.0043242241823441465 -0.010310081777875391 0.0034725938707631382 -0.0030041631473531937 0.0037043137312427598 0.0079130624690778341 0.00093482346289727183 0.0033356733275142539 -0.0018321850078030692 0.0030506758053022529 -0.0034475757710499878 0.0015383298338359365 -0.015556834999739496 -0.0071748492735578375 0.0015071850961786591 -0.0015376940043535876 0.0027947204045906176 0.0030130451823884401 -0.0032877026563796143 -0.010582275573319321 0 -0.0022153637444492879
leaf_weight=108.70718431810701 352.96519807353616 3483.2905832413207 1300.4647217928205 3370.0846871338008 3488.3041721690715 3505.9093623119961 1808.930698299584 807.87240738543642 1317.0772876893252 386.81883197802472 3596.624731441545 1558.1395407171894 4702.9372694401291 1063.9948874083339 1492.9606873185685 855.41954005704974 3586.0584439021732 2591.5870343583938 1072.7704151139069 2849.4195073170431 290.77057390643176 373.69791583720234 939.23590588177103 1536.7500869194491 478.24412249925808 886.32408001226486 1103.4800844971915 578.08154567518022 640.89509872559711 1051.7423181741306
leaf_count=13046 1839 60952 15222 16133 38786 20413 30308 4834 5968 13063 16925 13003 60205 5895 9270 4113 25726 13046 5014 23813 6913 2715 5968 23291 5908 4090 5074 24297 27073 12262
internal_value=-2.52674e-05 -0.00225606 -0.00173957 0.00263636 -0.000862721 0.00123715 0.00109992 -0.000501227 0.00441108 -0.00888934 0.00581312 -0.00228242 0.00254645 0.00332642 0.00190581 0.00231591 -0.0036595 0.00411866 -0.000422964 -6.4666e-05 -0.00777657 -0.000674977 0.00465521 -0.00458885 -0.00268275 0.00144658 -0.000464919 -0.00633149 -0.00389541 -0.00561502
internal_weight=51179.6 27849.6 25844.3 23330 19772.5 13056.4 8290.58 7119.68 10273.6 2005.27 6966.71 11481.9 6003.4 5936.74 3613.77 4872.74 7074.36 2944.55 1928.19 4407.56 1896.57 1866.66 1747.11 6071.78 2287.17 3306.88 1989.8 1605.8 1027.71 4535.03
internal_count=515165 393868 309476 121297 212971 73107 111643 43200 48190 84392 33058 101328 75427 29907 22787 24012 64512 14885 9127 36816 71346 11985 10802 96505 36216 15132 9164 64433 40136 73214
cat_boundaries=0 1 2 3 4 5 6 7
cat_threshold=10408130 6644267 2102495 14815308 189202 8536861 77881
is_linear=0
shrinkage=0.03


Tree=25
num_leaves=31
num_cat=8
split_feature=38 4 14 0 40 38 4 28 42 9 40 28 34 40 53 8 4 53 67 26 38 2 53 42 53 67 53 9 53 53
split_gain=324.851 130.277 90.5445 66.158 46.0666 46.9918 43.0283 35.6689 38.2466 35.0925 32.464 28.6479 28.6026 26.5689 22.0206 21.9827 27.1768 21.7998 21.473 20.2026 25.2315 19.9893 19.6673 19.2169 18.2803 16.1461 16.0631 15.7903 15.2691 15.0583
threshold=0.34789952996474732 3.7500000000000004 0.12500000000000003 0.041031100582334758 2.5000000000000004 0.58040445495384219 1.0000000180025095e-35 -1.2200000000000002 0.21900718380486198 0.0058333333333333006 3.5000000000000004 -0.13999999999999915 4.5000000000000009 3.5000000000000004 0 23.550000000000004 1.7500000000000002 1 1.2629525797793024 20.415000000000003 0.45692642210843798 2 3 0.95900718380486227 4 3.2137710992177859 5 -0.049999999999999344 6 7
decision_type=2 2 2 2 2 2 2 2 2 2 2 2 2 2 1 2 2 1 2 2 2 1 1 2 1 2 1 2 1 1
left_child=1 6 3 9 24 19 -1 23 12 11 21 -3 -9 -7 -10 16 29 -11 22 20 -6 -5 -15 -4 -2 -22 -21 -26 -18 -8
right_child=4 2 7 10 5 13 15 8 14 17 -12 -13 -14 18 -16 -17 28 -19 -20 26 25 -23 -24 -25 27 -27 -28 -29 -30 -31
leaf_value=-0.027262751457602322 0.0036391245671350664 -0.0031293940207317039 -0.0068852052756353706 0.00031543200276302287 -0.0016101273499325188 0.0085394284218284523 -0.0017808016232388952 0.0018198322248570587 0.0068164624038253444 -0.0070009412079799875 -0.0016290323926347462 -0.00016474977352258063 -0.0027789069746631898 0.0018828895287098029 0.001837518897271114 -0.010931239211658086 -0.0047260873461109961 -0.0033403066498435326 3.9466153494718107e-05 -0.0057256197772101785 0.0041484957776803354 0.0054316085316775094 0.0069665449326215658 0.0042833342631728435 0.012699321314929062 -0.0081418197718257819 0.00033447956798700193 0.0068053170565458261 0.0068850429548638938 -0.012733180384441241
leaf_weight=108.01095780954847 1485.2126228253228 6604.0799773928256 658.75671314494684 1255.9354056531756 1183.8598880588543 1278.6673453199528 204.43590069311085 4184.0939707663329 1752.597025318436 2174.8683662294625 2263.2327406178529 5317.2321139131864 1711.6123261531748 1209.5724884247738 1549.100183806966 978.21571187054769 174.64603211180383 4940.1242598861591 1144.107164035051 624.206440222938 2469.2363817364958 1565.879010941816 1721.540076090746 170.50725531112403 523.77047109736395 96.713748171408952 1014.4893624004499 2253.949731331506 211.15440997718042 319.00753608159675
leaf_count=13110 6726 58525 6430 10069 5071 5799 10409 47955 18694 33555 12078 54796 21712 6131 17213 28657 6888 66928 5523 2875 10675 12203 9013 1574 2258 408 4697 9982 8030 17417
internal_value=0.000102385 -0.00143749 -0.00100084 -0.00199727 0.00381318 0.0027603 -0.00888627 0.00139324 0.00193305 -0.00280966 0.00103798 -0.00180985 0.000479173 0.00475146 0.00451823 -0.00779104 -0.00436314 -0.00447967 0.00355196 0.000775341 0.00199339 0.00318731 0.0049118 -0.00454794 0.00645682 0.0036676 -0.00199265 0.00790738 0.00160991 -0.008812
internal_weight=51148.8 36143.5 34148 24121.4 15005.3 10742.4 1995.47 10026.7 9197.4 19036.3 5085.05 11921.3 5895.71 5353.89 3301.7 1887.46 909.244 7114.99 4075.22 5388.51 3749.81 2821.81 2931.11 829.264 4262.93 2565.95 1638.7 2777.72 385.8 523.443
internal_count=515401 446243 361732 248154 69158 50192 84511 113578 105574 213804 34350 113321 69667 26466 35907 71401 42744 100483 20667 23726 16154 22272 15144 8004 18966 11083 7572 12240 14918 27826
cat_boundaries=0 1 2 3 4 5 6 7 8
cat_threshold=13722470 14028992 70857 2174733 12132363 1715346 11581012 4756235
is_linear=0
shrinkage=0.03


Tree=26
num_leaves=31
num_cat=5
split_feature=38 4 14 0 7 28 52 4 26 68 9 66 34 42 28 7 28 53 53 7 8 4 53 53 34 28 7 12 64 26
split_gain=306.779 139.58 75.5408 49.9976 47.4719 70.5575 44.6775 40.2492 39.1861 35.6762 34.6312 32.0442 29.1235 27.6478 30.8576 24.7977 24.6113 24.5198 23.8924 23.1667 23.095 24.2433 19.8039 18.6843 17.1401 16.8832 17.5975 16.172 15.604 14.0628
threshold=0.34789952996474732 3.7500000000000004 0.12500000000000003 0.041031100582334758 638.50000000000011 0.16 0.69826519616169724 1.0000000180025095e-35 22.540000000000003 3.5000000000000004 0.035000000000000558 0.099517051743623769 3.5000000000000004 0.21900718380486198 -0.20999999999999966 906.50000000000011 -0.60999999999999954 0 1 452.50000000000006 23.550000000000004 1.7500000000000002 2 3 3.5000000000000004 -0.70999999999999963 566.50000000000011 0.11499999999999977 4 15.885000000000002
decision_type=2 2 2 2 2 2 2 2 2 2 2 2 2 2 2 2 2 1 1 2 2 2 1 1 2 2 2 2 1 2
left_child=1 7 3 4 5 -3 9 -1 15 12 13 -6 23 14 -4 -5 -15 -11 28 -14 21 -9 -21 29 -10 -20 -27 -12 -8 -2
right_child=6 2 10 8 11 -7 18 20 24 17 27 -13 19 16 -16 -17 -18 -19 25 22 -22 -23 -24 -25 -26 26 -28 -29 -30 -31
leaf_value=-0.02717366369472593 0.0069812956315362783 -0.0023394984734676134 -0.0023657911746104284 0.0056789773367977451 -0.0054671394174170759 0.0043860433943999277 0.0065449890106832678 -0.0088072085950778346 0.00018760186707999618 0.002842891762896213 -0.0042496450644653834 -0.0018227250014663536 0.0058480644636128868 0.00099075382166932658 0.0023970432649020566 6.4354646745701347e-05 0.0062904262700565258 -0.0027494087605570696 0.0037018966026987361 0.0053452719647323378 -0.011376790968968051 0.0010596846085613265 -0.0013999236456323505 0.0072222092266948784 -0.0050760183097184703 0.011870370900922873 0.0066636365341988888 0.003774672341224312 0.00093757663684131208 -0.00029239735293056814
leaf_weight=105.87945739009001 361.74424617105615 7860.3012552906275 1983.1964019035722 1508.866138563717 6002.1197754642217 1704.8964519816509 700.44902598550198 523.88156105771304 1173.4864708231107 1194.6300715069856 1323.2971600836645 3452.0409091090332 829.39373294882807 1367.8556663253803 3182.0025400323848 1352.8979426118067 1912.771608870019 1683.5340374545922 980.7451778082268 483.8867794574935 971.2265967660569 381.28696880388497 1853.0601752543316 2149.0802993134857 1039.4975556477393 893.96580948064275 1887.910310844366 266.99670722588235 1273.6743411225225 677.18197879227318
leaf_count=13234 1617 76812 19523 10726 77158 17964 3260 27978 6123 5303 21111 41871 3715 12441 36374 11764 20054 7551 4812 2239 28691 14800 8414 9802 5676 4136 9179 3959 5878 3101
internal_value=3.13032e-05 -0.00146493 -0.00101418 -0.00192551 -0.0026317 -0.00113694 0.00364261 -0.00920188 0.000715267 0.00234435 0.00117063 -0.00414028 0.00359961 0.00193749 0.000562322 0.00303704 0.00409182 -0.000417128 0.00572521 0.0015471 -0.00814396 -0.0046247 4.15053e-06 0.00562651 -0.00227367 0.00713373 0.00835494 -0.00288054 0.0029698 0.00219884
internal_weight=51081.8 36112.5 34130.2 24094.1 19019.4 9565.2 14969.3 1982.27 5074.75 9232.51 10036.1 9454.16 6354.35 8445.83 5165.2 2861.76 3280.63 2878.16 5736.74 3166.34 1876.4 905.169 2336.95 3188.01 2212.98 3762.62 2781.88 1590.29 1974.12 1038.93
internal_count=515266 446259 361556 248094 213805 94776 69007 84703 34289 41742 113462 119029 28888 88392 55897 22490 32495 12854 27265 14368 71469 42778 10653 14520 11799 18127 13315 25070 9138 4718
cat_boundaries=0 1 2 3 4 5
cat_threshold=8410717 123403 12849280 12594728 417
is_linear=0
shrinkage=0.03


Tree=27
num_leaves=31
num_cat=7
split_feature=38 47 7 28 4 65 41 47 7 53 7 41 53 66 29 28 7 32 43 28 9 53 53 43 45 64 26 53 35 53
split_gain=306.206 120.593 91.2678 81.133 57.6668 39.7914 39.0819 46.4892 39.0318 33.5959 32.4061 32.2636 28.0938 27.3717 27.3045 26.0954 28.3063 25.6043 24.1041 32.1527 22.184 21.4925 21.0152 20.7086 20.5412 19.7033 18.668 19.7818 17.8127 17.6934
threshold=0.35724578015644298 4.2050000000000018 915.50000000000011 1.0000000180025095e-35 1.0000000180025095e-35 0.37883908920918075 2.5000000000000004 49.595000000000006 242.50000000000003 0 1286.5000000000002 3.5000000000000004 1 0.25162344507695555 5.4150000000000009 -0.079999999999999891 464.50000000000006 0.030031248781248753 0.26111555311570528 0.4650000000000003 -0.011666666666666247 2 3 0.19880770669615003 4.916666666666667 4 19.305000000000003 5 45.07500000000001 6
decision_type=2 2 2 2 2 2 2 2 2 1 2 2 1 2 2 2 2 2 2 2 2 1 1 2 2 1 2 1 2 1
left_child=1 4 3 11 -1 18 22 26 24 17 12 13 25 -3 -13 -11 -17 -6 21 -20 -14 -4 -2 -10 -5 -9 -8 -28 -29 -7
right_child=6 2 5 8 9 29 7 10 23 15 -12 14 20 -15 -16 16 -18 -19 19 -21 -22 -23 -24 -25 -26 -27 27 28 -30 -31
leaf_value=-0.026774730731429001 0.0082394791084049977 0.00019883619190097298 -0.0015661867157577168 0.0074564417926223179 -0.0033531571503357268 -0.0045185242038404934 0.00087581120535071776 -0.0040790801764720285 -0.00014837848128427535 -0.0072145979787377546 0.0002258433629672446 -0.0076552132727391187 0.0088171981568058427 0.0084245145167041648 -0.0015324911446929735 0.0011326926445167542 -0.0060725312104769596 0.0029971883470292534 -0.004689157544602713 -0.00042256457880880568 0.0038951345939963271 -0.0094545682012759629 0.0037904038018140383 0.0039764714684307201 0.021816357491997403 0.0035822089313551709 0.0021328320078941687 -0.010192469981609919 0.011055261686138615 0.0043862234121183428
leaf_weight=102.71458319080557 2115.4987526477216 7112.3250911777131 476.69117891542919 936.68838280564341 2172.8827953712184 248.6685958158987 2507.6675624726904 341.2584319885782 1700.2415247939489 3594.2039779679108 1638.0457712629031 770.8182913530427 2014.8269494657088 382.34618978628168 4506.3888479874331 869.55324050536183 1105.3178029495466 768.71607077865701 3788.4345855128631 2766.956787361024 1451.2501113927037 1054.5786568025478 1932.5074769420025 3008.377045631526 101.2420182586593 2063.7589519668254 247.83035677287535 421.02722156670188 35.805412784218788 857.97485275677627
leaf_count=13209 9316 59781 4459 7750 52023 2180 10760 1608 13892 70089 7742 5450 10331 3119 31668 20493 32217 11646 35905 36063 6776 10671 8619 28617 1266 9768 1111 1906 166 7066
internal_value=-2.73842e-06 -0.0014842 -0.000519174 0.000692592 -0.00458466 -0.00296296 0.00363856 0.00268449 0.00365305 -0.0043071 0.00397657 -0.000637445 0.00501749 0.000624613 -0.00243505 -0.00567672 -0.0028869 -0.00167685 -0.00369448 -0.00289353 0.00674895 -0.00709557 0.00615553 0.00248122 0.00892525 0.00246785 -0.000327152 -0.00464092 -0.0082412 0.00235248
internal_weight=51094.6 36325.1 27711.7 18518.4 8613.39 9193.3 14769.5 10721.5 5746.55 8510.67 7509.14 12771.9 5871.09 7494.67 5277.21 5569.08 1974.87 2941.6 8086.66 6555.39 3466.08 1531.27 4048.01 4708.62 1037.93 2405.02 3212.33 704.663 456.833 1106.64
internal_count=515667 447564 247887 151543 199677 96344 68103 50168 51525 186468 36225 100018 28483 62900 37118 122799 52710 63669 87098 71968 17107 15130 17935 42509 9016 11376 13943 3183 2072 9246
cat_boundaries=0 1 2 3 4 5 6 7
cat_threshold=1679745 6303275 6329868 4593652 4 6363173 8538385
is_linear=0
shrinkage=0.03


Tree=28
num_leaves=31
num_cat=5
split_feature=38 4 14 0 9 4 28 20 42 28 66 26 60 53 53 35 53 54 9 36 53 29 36 28 9 11 33 42 42 53
split_gain=277.634 120.554 82.8502 67.9233 39.3581 39.1482 38.1128 35.5169 32.3616 32.2669 31.1242 28.6488 27.3068 25.4156 24.5408 22.8044 21.1255 19.5608 18.6122 17.9607 16.9347 16.1624 15.7152 15.52 15.2356 14.3122 13.6417 13.4293 12.8847 10.7425
threshold=0.34789952996474732 3.7500000000000004 0.13500000000000004 0.041031100582334758 0.023333333333333855 1.0000000180025095e-35 -1.2499999999999996 -0.084999999999999937 0.6290071838048622 -1.175 0.20976941510565408 21.890000000000004 133.50000000000003 0 1 32.475000000000001 2 10.400000000000002 -0.00083333333333344398 30.740000000000006 3 5.955000000000001 26.885000000000002 0.33000000000000035 -0.005000000000000249 0.015000000000000053 1.5000000000000002 0.17900718380486239 -0.19931543881762101 4
decision_type=2 2 2 2 2 2 2 2 2 2 2 2 2 1 1 2 1 2 2 2 1 2 2 2 2 2 2 2 2 1
left_child=1 5 3 7 6 -1 27 23 9 26 -9 18 20 19 28 -11 -7 24 -5 -14 -8 -13 -22 -3 -18 -15 -4 29 -6 -2
right_child=4 2 8 11 14 16 12 10 -10 15 -12 21 13 25 -16 -17 17 -19 -20 -21 22 -23 -24 -25 -26 -27 -28 -29 -30 -31
leaf_value=-0.026921077148604235 0.0032893275663125306 -0.0062148362541751198 -0.0099817909294906901 0.0052532834497167604 -0.0013073250440616391 -0.011852082388423793 0.0086553088470889012 -0.0024821823265525835 0.0054934919954758871 -0.00066533556069565383 0.001657066095646213 -0.0063265688285271109 0.013906904225971373 0.0029000675371210604 -0.002607791526406107 0.0028097814982462246 8.1904808828550083e-05 -0.014610408110679304 0.00044136359770154885 0.0047413571428004475 0.0093899064628253648 -4.0788862852611982e-05 0.0043690461793972034 -0.0017151588303260191 -0.0072159206929114008 -0.0011575883167160538 0.00012626212941044791 0.00083519527846972336 0.00592873765342373 -0.0095820047020279703
leaf_weight=99.310483414327337 70.170452847587512 3049.6723179825131 341.36459203623235 1655.6535767149626 319.57576940148556 676.3447791732724 1571.9756091216941 14051.715760871746 1536.2232713941312 3061.8559375591622 1839.7872788289678 459.68072859779295 255.34347268176953 2505.979855002045 1388.0066974588281 3784.5362257211909 528.1199393473189 163.98513211001227 1310.1708958844229 864.92833341480582 654.75683841837053 1866.3688497395524 4612.8362650387398 919.64372277911752 485.88562925525594 1123.1367451823189 175.86225147452205 655.98597975946268 673.4124397438527 235.36942470766098
leaf_count=13145 326 28531 3572 11231 1444 26665 7488 166129 16255 37309 18446 2445 1136 11429 6235 42619 16516 3977 12190 3964 2929 10000 21662 11443 24146 5097 1554 3071 3021 1092
internal_value=5.59851e-05 -0.00136969 -0.000952648 -0.00183338 0.00349562 -0.00861503 0.00416641 -0.00263851 0.00153296 0.000701355 -0.00200094 0.00118254 0.00464321 0.00288129 -2.81102e-05 0.00125151 -0.00759052 -0.0049599 0.00313943 0.0068175 0.0058611 -0.00130026 0.00499268 -0.00518126 -0.00339282 0.00163161 -0.00649993 -0.00154688 0.0035363 -0.00673087
internal_weight=50937.7 36006.2 34052.5 25152.7 14931.5 1953.65 12550.5 19860.8 8899.84 7363.62 15891.5 5291.87 11589 4749.39 2380.99 6846.39 1854.34 1177.99 2965.82 1120.27 6839.57 2326.05 5267.59 3969.32 1014.01 3629.12 517.227 961.526 992.988 305.54
internal_count=515067 446173 361724 260415 68894 84449 58194 224549 101309 85054 184575 35866 53705 21626 10700 79928 71304 44639 23421 5100 32079 12445 24591 39974 40662 16526 5126 4489 4465 1418
cat_boundaries=0 1 2 3 4 5
cat_threshold=8522261 8422349 10912340 1872000 8963104
is_linear=0
shrinkage=0.03


Tree=29
num_leaves=31
num_cat=7
split_feature=47 0 29 40 32 42 7 9 9 9 53 25 53 53 6 29 28 29 45 45 37 47 53 2 43 53 12 53 14 40
split_gain=270.369 116.157 65.8197 62.0294 54.749 43.5766 41.6782 41.5109 34.432 32.8145 31.3591 28.8128 28.2928 28.2673 26.3128 23.7635 22.6717 20.5326 22.7057 20.2332 20.0902 25.7726 19.8365 18.3834 21.7545 18.3074 18.0544 17.0911 16.7509 16.2078
threshold=24.005000000000006 0.024202471481522752 2.4050000000000007 2.5000000000000004 0.069749776116855164 0.070684561182379216 879.50000000000011 -0.036666666666666542 -0.004999999999999399 -0.010000000000000149 0 1.0000000180025095e-35 1 2 31.250000000000004 4.5750000000000011 -0.22000000000000039 6.4250000000000007 2.0833333333333335 2.3666666666666667 4.0650000000000004 34.805000000000014 3 4 3.8119615994204987 5 0.044999999999999908 6 0.085000000000000006 3.5000000000000004
decision_type=2 2 2 2 2 2 2 2 2 2 1 2 1 1 2 2 2 2 2 2 2 2 1 1 2 1 2 1 2 2
left_child=1 2 -1 6 5 8 12 10 -4 17 -2 20 -3 28 19 -14 -7 18 -5 -6 -9 -22 -23 24 -8 -19 -11 -28 -13 -15
right_child=7 3 4 9 14 16 23 11 -10 26 -12 13 15 29 -16 -17 -18 25 -20 -21 21 22 -24 -25 -26 -27 27 -29 -30 -31
leaf_value=-0.019795375987715427 0.0020024987021503575 0.0090319291289601301 -0.0031619972603573825 -0.0058305372260080961 -0.0022959914527292259 -0.0030854348236522156 0.0013052172019089874 0.0090486447835113389 -0.0070510170540380255 -0.0036846995080133623 0.0068841599586882043 -0.0055789826991438788 -0.001225417827258478 0.0042241007509138846 0.00084438755061289929 0.0060175258030807531 0.00047522656119362058 0.0065639810327013234 0.00038815479529278571 0.018121632359517088 -0.0012046037325019667 0.0058192501542339214 0.0022750692038757602 -0.0026500341523968979 0.01571398841561748 0.00070876962772236068 0.0025934904469232111 -0.0031746308354374925 0.00018675269435142018 -0.0016551924703047745
leaf_weight=213.40588326671423 1848.1225577574496 1166.2415608645924 4232.8238528384718 633.88180645977445 57.10646361871477 4654.4979783232639 799.43809989464171 475.62765798080636 4056.5874589772448 3953.0184488383165 3555.9101591643648 947.04536018076942 714.57116836686419 1346.2234049571689 1180.9363450014807 927.99499288862717 2438.230898824052 803.42413586816383 3089.6523792503986 150.97907625575499 1278.3078430426131 2134.6704531269816 4533.613311790893 1154.4213718969513 106.12610859329288 1228.0446519533753 984.33849034556988 850.11642908959129 849.61236411891878 604.20785153052202
leaf_count=16433 8639 11856 61237 3382 471 70153 10771 2477 90172 30882 16985 4338 8455 6099 11835 8624 44404 4583 19357 1888 6298 9825 20680 15641 1353 7201 7487 6909 3927 2815
internal_value=3.42172e-05 -0.00155016 -0.0032893 0.000248088 -0.00307515 -0.00359106 0.00308862 0.00304666 -0.00507003 -0.000947823 0.00523803 0.00207038 0.00546461 -0.000110434 0.00261346 0.00283347 -0.00185739 0.000652048 -0.000665003 0.012407 0.00304399 0.00267863 0.00342768 -0.000138659 0.00302447 0.00307914 -0.00254358 -6.69263e-05 -0.0028229 0.00237544
internal_weight=50969.2 33395.8 16984.6 16411.3 16771.2 15382.1 4868.79 17573.3 8289.41 11542.5 5404.03 12169.3 2808.81 3747.09 1389.02 1642.57 7092.73 5755 3723.53 208.086 8422.22 7946.59 6668.28 2059.99 905.564 2031.47 5787.47 1834.45 1796.66 1950.43
internal_count=515177 433094 296593 136501 280160 265966 56700 82083 151409 79801 25624 56459 28935 17179 14194 17079 114557 34523 22739 2359 39280 36803 30505 27765 12124 11784 45278 14396 8265 8914
cat_boundaries=0 1 2 3 4 5 6 7
cat_threshold=42755 14688971 6171042 299492 37592 3498022 12641835
is_linear=0
shrinkage=0.03


Tree=30
num_leaves=31
num_cat=6
split_feature=38 4 14 0 4 10 48 3 52 28 53 60 28 53 53 42 60 53 20 2 21 21 42 42 52 46 8 29 2 8
split_gain=250.708 99.8285 75.2115 56.3436 44.1955 40.3443 39.3292 35.3723 34.0889 26.6594 22.9872 22.7928 22.0707 21.9572 21.7191 20.4152 20.0155 19.7117 19.5201 21.9429 18.8978 18.5919 17.8027 17.6983 17.2447 16.436 14.6944 18.8181 14.1584 13.9584
threshold=0.34789952996474732 3.7500000000000004 0.13500000000000004 0.041031100582334758 1.0000000180025095e-35 0.074999999999999664 0.075748546385846063 0.17500000000000002 -0.45120179730276216 -0.96500000000000019 0 154.50000000000003 -0.29999999999999954 1 2 0.78068456118237928 283.50000000000006 3 -0.04999999999999994 4 -0.060000000000000012 0.040000000000000029 -0.62571793273879595 0.90900718380486245 0.26788678107572578 0.069999999999999965 23.550000000000004 5.9350000000000014 5 83.950000000000017
decision_type=2 2 2 2 2 2 2 2 2 2 1 2 2 1 1 2 2 1 2 1 2 2 2 2 2 2 2 2 1 2
left_child=1 4 3 6 -1 9 11 -8 17 14 22 -3 15 26 -2 -10 25 -4 20 -20 -5 -14 -11 29 -24 -12 27 -6 -16 -7
right_child=5 2 8 18 13 23 7 -9 12 10 16 -13 21 -15 28 -17 -18 -19 19 -21 -22 -23 24 -25 -26 -27 -28 -29 -30 -31
leaf_value=-0.027983340206027319 0.0042366917164281433 -0.0048238870554257384 0.0010494830237875697 0.017448883203466586 0.00049407109562309777 0.0015976711022744298 0.00096297324498095859 -0.002960319527309989 -0.00078544692819150117 -9.1839294059306716e-05 0.0037138995064463056 -0.002064256415329421 0.0043985441151232554 -0.0094983004317730872 0.0021579475719511916 0.0057268478562658518 -0.0031686109038716452 -0.0043002416244505032 -0.00066861628474367333 0.0042678073761272207 -0.0019428890079995651 -0.0078360690329412619 0.0040447155567697067 0.0075825571548207718 0.0094028218494208657 0.010745785678727601 -0.0068071856791450062 0.038511450976856487 -0.0054204314730074274 -0.0023472858787116704
leaf_weight=94.724372824048714 770.35216665900043 7115.2414188476369 1197.4143644139094 44.052871938794851 311.89854789641277 1703.8624524573152 4011.3488948384875 4248.6492923720471 2263.6866062945992 282.93663005956751 6204.6393186952955 4418.9975587699109 3512.0776053444115 1157.4229195718094 345.47877139867614 532.70430323062465 357.31460380448698 1253.9834587304686 1360.6416810401934 1960.80594840289 1971.6489182795513 111.9730654777959 817.67963692449757 279.29506415042761 1774.48848655447 318.4862757101655 345.15276871773267 10.266818046569822 571.7309423980123 1526.7217793960799
leaf_count=13040 3661 80279 17970 214 13981 7676 42080 55364 20924 1290 28992 46905 36201 47117 1614 4688 1614 18989 9514 14036 12353 2287 3686 1251 8333 1440 9900 234 2674 6812
internal_value=-7.8297e-05 -0.00143759 -0.00106057 -0.00189933 -0.00809269 0.00318498 -0.00263724 -0.00105163 0.00131189 0.00404813 0.0046507 -0.00376976 0.00246266 -0.00701422 0.000545663 0.000447612 0.00367884 -0.0016894 0.000831738 0.0022482 -0.00148734 0.00400814 0.006925 0.000361629 0.00772863 0.00406501 -0.00246664 0.00202829 -0.00254265 -0.00025767
internal_weight=50875.7 35922.7 34003.2 25131.4 1919.47 14953 19794.2 8260 8871.84 11443.1 9755.54 11534.2 6420.44 1824.74 1687.56 2796.39 6880.44 2451.4 5337.15 3321.45 2015.7 3624.05 2875.1 3509.88 2592.17 6523.13 667.318 322.165 917.21 3230.58
internal_count=515119 446076 361804 260745 84272 69043 224628 97444 101059 53304 45355 127184 64100 71232 7949 25612 32046 36959 36117 23550 12567 38488 13309 15739 12019 30432 24115 14215 4288 14488
cat_boundaries=0 1 2 3 4 5 6
cat_threshold=530644 1654827 8831465 7922955 70681 217240
is_linear=0
shrinkage=0.03


Tree=31
num_leaves=31
num_cat=8
split_feature=47 4 9 0 26 4 0 29 52 4 26 53 8 53 53 8 53 9 53 67 8 53 36 9 67 26 47 2 42 2
split_gain=228.98 105.287 74.254 52.1322 38.6534 38.1472 34.3019 33.7404 33.4872 27.2804 30.8611 26.2073 24.3802 25.7233 23.0554 21.8412 21.7023 20.6165 20.1893 18.9552 20.8349 18.479 17.8808 16.2821 16.2736 15.8 15.8373 17.6614 15.6683 15.1736
threshold=20.145000000000007 3.7500000000000004 0.022499999999999905 0.046166891998943409 14.530000000000001 1.0000000180025095e-35 0.024834660776175004 5.8150000000000004 0.95742710775633266 56.95000000000001 13.345000000000002 0 62.750000000000007 1 2 23.550000000000004 3 -0.0066666666666663496 4 1.0255906503450711 83.950000000000017 5 18.275000000000002 -0.017499999999999998 0.62864982949701631 17.535 60.605000000000011 6 -0.36099281619513762 7
decision_type=2 2 2 2 2 2 2 2 2 2 2 1 2 1 1 2 1 2 1 2 2 1 2 2 2 2 2 1 2 1
left_child=1 5 3 4 6 -1 -3 -6 14 10 18 28 16 -14 22 17 -5 -7 24 -16 29 -12 23 -2 -10 -11 27 -27 -4 -21
right_child=8 2 11 12 7 15 -8 -9 9 25 21 -13 13 -15 19 -17 -18 -19 -20 20 -22 -23 -24 -25 -26 26 -28 -29 -30 -31
leaf_value=-0.027001112348690747 -0.00081621227397229903 -0.00065986117275731733 -0.0055889340992377997 0.0010068114502708458 -0.0039625636938997099 0.00028512924057737585 0.0036596049379587535 -0.00064793965756477037 0.010527782873940163 0.012697635971585682 0.0030102574189424681 -0.0056778942674840455 0.0050869877658307645 -0.0025147965922826818 0.002375326963676907 -0.010593568812045493 0.0079143398755916264 -0.0088459324963143602 0.0086661243512981285 0.0045086051801833827 -0.0033516704006297873 -0.0039648080866665899 0.002837288112639736 0.013943960620373381 -0.00015855727111053087 -0.0048890124285437039 0.0092287219126162678 0.0051897423642979484 -0.00094322865221935443 -0.00032269809758344589
leaf_weight=93.73281747353758 86.830971524119377 4923.566613469814 853.5545865799686 664.96339805546086 4655.0340791497956 471.86460799995757 2484.0462786435828 6867.6609337274776 156.5344065074114 383.19862101248145 636.06473423381794 3443.7169249010522 643.33379645833975 1016.2342314968355 3685.3769652748897 937.80906115687367 1165.1760721537057 408.92893752387135 843.91159081174919 776.75989257571928 1542.1660924952803 708.69117999850278 5451.0640075974743 246.26562802450007 644.23509642498357 175.27269884669568 782.55111385392047 964.935797586847 2872.9814418461929 2230.0074654413365
leaf_count=13200 430 75193 13427 4654 42718 17672 27299 61035 713 1712 3046 56512 3494 5466 19140 28656 8253 24882 3764 3540 6988 3313 26185 1314 2863 896 4409 4898 38586 10403
internal_value=2.24382e-06 -0.00157394 -0.00113157 -0.000280133 -0.00090254 -0.00839496 0.000785163 -0.00199007 0.00257459 0.00461046 0.00270018 -0.00378885 0.00308618 0.000432047 0.00180287 -0.00739089 0.00547346 -0.00393063 0.00545581 0.000774395 -0.0005148 -0.000650868 0.00325409 0.0100249 0.00189051 0.00706944 0.00592015 0.00361096 -0.00201239 0.000931516
internal_weight=50816.5 31502.6 29590.3 22420 18930.3 1912.34 7407.61 11522.7 19313.9 5295.4 2989.44 7170.25 3489.71 1659.57 14018.5 1818.6 1830.14 880.794 1644.68 8234.31 4548.93 1344.76 5784.16 333.097 800.77 2305.96 1922.76 1140.21 3726.54 3006.77
internal_count=514661 421047 336637 228112 206245 84410 102492 103753 93614 25614 13699 108525 21867 8960 68000 71210 12907 42554 7340 40071 20931 6359 27929 1744 3576 11915 10203 5794 52013 13943
cat_boundaries=0 1 2 3 4 5 6 7 8
cat_threshold=306479 5678121 10801364 7241772 2158019 11147746 49570 51221
is_linear=0
shrinkage=0.03


Tree=32
num_leaves=31
num_cat=3
split_feature=38 4 14 9 4 52 40 4 8 9 5 26 67 39 38 66 26 30 66 47 26 2 52 2 26 4 2 38 48 34
split_gain=230.078 103.624 72.2987 42.5824 35.8207 35.4517 27.2675 29.0804 27.1985 25.9921 25.7209 25.2342 27.5154 23.2093 22.6039 21.319 19.3277 33.0947 30.6548 16.2727 19.2618 15.8757 15.6669 16.6357 15.6108 15.8599 15.3541 15.1754 14.1894 13.8292
threshold=0.34789952996474732 3.7500000000000004 0.13500000000000004 -0.010000000000000149 1.0000000180025095e-35 0.7233642332556075 3.5000000000000004 5.7500000000000009 23.150000000000002 0.035000000000000558 0.17500000000000002 12.130000000000003 1.4722357459699233 4.5000000000000009 0.55396818659416658 0.31607175351728239 11.890000000000002 0.28960810753167238 0.15513655444404947 60.605000000000011 18.550000000000001 0 -1.4797632568168446 1 24.135000000000005 49.250000000000007 2 0.52792142951998622 0.075442956021068763 3.5000000000000004
decision_type=2 2 2 2 2 2 2 2 2 2 2 2 2 2 2 2 2 2 2 2 2 1 2 1 2 2 1 2 2 2
left_child=1 4 3 8 -1 11 7 -5 -3 16 -10 22 14 -6 29 -8 17 -4 -18 20 27 -15 -2 -24 25 -14 -26 28 -7 -13
right_child=5 2 9 6 13 19 15 -9 10 -11 -12 12 24 21 -16 -17 18 -19 -20 -21 -22 -23 23 -25 26 -27 -28 -29 -30 -31
leaf_value=-0.026550109924429556 -0.006693797613785731 0.022885978578252249 0.0028077336710540949 -0.0082350790009211843 -0.014944738032091481 0.0016290985000932956 -0.0056274843700257968 -0.001508590984079187 0.00029334473441964886 -0.0023806101880522348 -0.0027547980022399597 0.0021590620723401818 -0.0049284408659168851 -0.00087745175507522035 0.0038852321311112679 0.0012184923850661498 -0.00085685620432813386 0.013297653861233293 0.004954560429026326 0.0083200610200566683 0.0015512583118404484 -0.0076981923088458894 0.0070753097393165022 0.0021700618767968088 -0.010022895205446084 0.0020978406222315199 -0.0013332678809946281 0.0094235911993829982 0.0066317855552417747 -0.0034153869644590229
leaf_weight=90.414825204400586 106.32202444852101 42.505765376436102 3026.2200788741284 624.71947876109789 295.61198990697494 968.18350839376126 3925.4359925197487 8014.5884794135609 8508.0978692113549 1403.9449340697638 3513.3193185437049 814.50707861057708 403.73943444422912 467.64164401523249 2881.6494105176316 448.47768656786775 3055.640460767544 298.03363411221653 1110.516205069609 1079.9757954351771 1635.4230247383493 1037.9695780764609 1404.0049102324783 1208.9043176209425 328.07833420133284 1003.0245670815993 443.85987896213373 732.54809118726189 1128.6785197069012 780.11143792326038
leaf_count=13110 506 754 39595 17225 7554 4198 38051 101511 64757 22473 34368 3548 1713 19952 13775 3746 26816 3289 8963 5972 8220 43770 6284 5426 1485 4290 2022 3269 4897 3373
internal_value=-4.74656e-05 -0.00135046 -0.000968676 -0.00179339 -0.00818271 0.00308249 -0.00298401 -0.00200026 -0.000506306 0.00135305 -0.000595305 0.00195183 0.000950536 -0.00721567 0.00229895 -0.00491844 0.00205732 0.00376465 0.000686651 0.00498723 0.00417098 -0.00566043 0.00438883 0.00485604 -0.00180567 5.58777e-05 -0.00522826 0.00567245 0.00433994 -0.000550115
internal_weight=50782.1 35863.1 33971.5 25077.1 1891.64 14919 13013.2 8639.31 12063.9 8894.36 12021.4 9374.2 6654.97 1801.22 4476.27 4373.91 7490.41 3324.25 4166.16 5544.81 4464.83 1505.61 2719.23 2612.91 2178.7 1406.76 771.938 2829.41 2096.86 1594.62
internal_count=514912 445934 361548 260412 84386 68978 160533 118736 99879 101136 99125 42422 30206 71276 20696 41797 78663 42884 35779 26556 20584 63722 12216 11710 9510 6003 3507 12364 9095 6921
cat_boundaries=0 1 2 3
cat_threshold=205060 32049 214406
is_linear=0
shrinkage=0.03


Tree=33
num_leaves=31
num_cat=8
split_feature=38 47 7 28 0 4 7 28 14 28 42 53 42 32 6 53 7 9 38 21 29 53 43 53 2 53 28 26 2 53
split_gain=217.991 101.221 69.3857 79.8395 50.169 48.9368 39.4452 42.8236 37.1082 30.1667 29.8791 27.1356 26.8136 26.7915 34.0156 32.3663 24.0436 22.8013 22.3625 22.3557 20.6385 20.0652 18.4577 25.4809 18.4446 17.5537 23.4906 17.4583 17.0802 16.132
threshold=0.34789952996474732 2.9050000000000007 546.50000000000011 0.16 0.058630211415462812 1.0000000180025095e-35 938.50000000000011 -0.46500000000000019 0.095000000000000015 -1.1599999999999993 0.17068456118237887 0 0.20068456118237912 0.029003031736852206 18.950000000000003 1 207.50000000000003 0.040000000000000459 0.58234112922277359 -0.0099999999999999933 6.3450000000000006 2 0.19880770669615003 3 4 5 -0.90000000000000013 18.550000000000001 6 7
decision_type=2 2 2 2 2 2 2 2 2 2 2 1 2 2 2 1 2 2 2 2 2 1 2 1 1 1 2 2 1 1
left_child=1 5 3 9 8 -1 7 10 17 -3 11 -2 -11 19 15 -15 -9 -4 27 29 -10 -18 23 -5 -20 26 -12 -8 -24 -7
right_child=6 2 4 22 -6 13 18 16 20 12 25 -13 -14 14 -16 -17 21 -19 24 -21 -22 -23 28 -25 -26 -27 -28 -29 -30 -31
leaf_value=-0.026765848298001358 -0.0048093722330532288 -0.0031179545502233921 -0.0027613789228494307 0.0095023456687512321 0.0029732627249075402 -0.0064752263406825904 0.00097023885265231703 0.011228403593684306 -0.0014997251353060595 -0.00052497172847343343 -0.0025944230956928046 0.0022472591968134329 0.0033037381452784738 -0.0031056388186320406 -0.0039729935339369339 0.012343696829762461 0.0026073431597916073 -0.0068138212531417474 0.006079675969260818 -0.0068562907443113792 0.0022308185291740387 0.0070343329957699543 0.013450384605060846 -0.00076748610378798933 0.00066709891565413658 0.0065143352100868277 0.0065869293140454251 -0.0035971435859504571 0.0055614086403409629 7.9011215685427139e-05
leaf_weight=88.11303892288015 811.04350807477567 2016.2422459324944 8524.520849952205 351.90012038876193 1863.8291901042685 520.7759970119132 2376.7394726844259 735.64954961786952 4871.4071554282127 3951.4421630127626 588.34645538863242 1198.1522045261163 2806.5551679174969 209.96933273245395 1040.1728402612507 266.46868898475259 1619.1891357402792 1480.9689095546983 1118.4699112420831 3367.6340761943698 1832.230064540041 2372.0351614086112 501.7433228992104 531.06901722860675 1186.2587235321043 1393.2752076391898 431.41455262974614 1097.3491131527917 630.80283678191518 908.83093718827377
leaf_count=13088 3694 16174 80245 3036 11799 11147 10409 3308 57082 32981 2717 5589 22878 4484 15881 5201 7447 20511 5645 102346 15906 10831 4677 4463 5909 6469 1989 5029 5606 18262
internal_value=-4.88586e-05 -0.00132043 -0.000573901 0.00133774 -0.00168609 -0.00473844 0.00299535 0.00422186 -0.0022079 9.69091e-05 0.00208825 -0.000601034 0.00106114 -0.00441791 -0.000917002 0.00568094 0.00620989 -0.00336544 0.00104755 -0.0055176 -0.000475262 0.00527222 0.00671918 0.0034025 0.00333904 0.00433853 0.00125345 -0.000465055 0.00926797 -0.00233799
internal_weight=50692.6 35764.7 29362.7 10789.8 18573 6401.96 14927.9 9149.11 16709.1 8774.24 4422.23 2009.2 6758 6313.85 1516.61 476.438 4726.87 10005.5 5778.82 4797.24 6703.64 3991.22 2015.52 882.969 2304.73 2413.04 1019.76 3474.09 1132.55 1429.61
internal_count=514803 445767 275358 89815 185543 170409 69036 42044 173744 72033 20458 9283 55859 157321 25566 9685 21586 100756 26992 131755 72988 18278 17782 7499 11554 11175 4706 15438 10283 29409
cat_boundaries=0 1 2 3 4 5 6 7 8
cat_threshold=5317915 16665604 7529025 14321753 227369 2701865 109100 14887428
is_linear=0
shrinkage=0.03


Tree=34
num_leaves=31
num_cat=4
split_feature=47 4 7 28 9 47 4 46 9 65 45 7 60 8 0 31 53 7 53 42 41 47 53 26 52 28 41 53 46 29
split_gain=237.071 84.7989 63.9005 82.7579 56.1334 36.851 36.3927 33.4067 32.5886 35.9836 27.9044 27.6213 28.6097 26.6481 26.2894 27.601 25.1427 22.6059 22.2174 21.9064 20.1706 22.0242 20.107 21.2722 19.5369 18.2067 17.4099 17.3921 16.0417 15.4298
threshold=16.705000000000005 3.7500000000000004 425.50000000000006 0.18000000000000038 0.023333333333332953 49.595000000000006 1.0000000180025095e-35 0.037499999999999957 0.035000000000000558 0.069200290410281709 1.8166666666666669 1139.5000000000002 50.500000000000007 62.750000000000007 0.026362993000741301 0.038365441108259353 0 496.50000000000006 1 -0.55571793273879588 2.5000000000000004 34.805000000000014 2 27.140000000000004 0.95742710775633266 0.96999999999999997 3.5000000000000004 3 0.054999999999999959 6.1150000000000011
decision_type=2 2 2 2 2 2 2 2 2 2 2 2 2 2 2 2 1 2 1 2 2 2 1 2 2 2 2 1 2 2
left_child=1 6 3 14 5 7 -1 20 9 19 -5 12 -7 -11 16 -16 -3 27 29 -4 21 -2 -13 -24 -14 -12 28 -9 -6 -8
right_child=4 2 8 10 26 11 18 17 -10 13 25 22 24 -15 15 -17 -18 -19 -20 -21 -22 -23 23 -25 -26 -27 -28 -29 -30 -31
leaf_value=-0.02674718339917305 0.00071515957191455688 0.00094983383612354277 -0.0091850493801803306 -0.0078311678416248184 -0.00016889431530860488 0.012058589558132412 -0.0042060856974328736 0.0032832229609031931 -0.0050674930193743183 0.0004372883300860983 0.006503124817226846 -0.0028380324088953454 0.0035613667282608555 -0.0028838762600327866 0.02005870984752979 0.0013125252373004906 -0.0037607966403121178 0.0030632862830497444 -0.0099409919342493287 -0.003055669823229521 -0.00010835377014527834 0.0049422007934371561 0.0059317882121559268 -0.0020871467424940617 0.0078260139781966328 0.014971408154197747 -0.0034034401679973675 0.013072331132726472 0.0073574566951046536 0.012300396574696481
leaf_weight=87.420814635509942 2417.131386709746 1629.4105914650868 602.92501797848035 98.798301853820703 2254.0552154590014 624.12671989667069 746.39750017770575 300.33684028895004 3229.5225321868747 6499.0334066432169 1069.8479984750356 576.57734872560286 2693.2232661667813 3257.0086761238181 71.106889751142262 2490.0228027953217 2670.292906815404 1396.8061863940811 995.00805520159429 4385.3794164907658 4822.4976926627987 2080.5669668568635 1077.5973269804745 403.30799234925325 1554.2683809427426 303.0890178878708 1496.1146661072471 468.93266669066452 284.44736070164163 51.99192919995312
leaf_count=13196 12628 20304 9650 750 12232 3080 28610 1497 55068 73094 12409 2775 12750 23971 527 18843 33632 8403 41448 61410 25867 9024 5094 2144 7982 4010 8939 2357 1885 1261
internal_value=6.2755e-05 -0.00176851 -0.00132683 0.000841962 0.0023633 0.00306574 -0.00792223 0.00201833 -0.00233391 -0.00173252 0.00729344 0.00479662 0.00603007 -0.000668756 -0.000539313 0.00185994 -0.00197561 0.00537681 -0.00695911 -0.00380591 0.00123359 0.00267852 0.00185853 0.00370285 0.00513192 0.00841346 -0.000835416 0.00951987 0.000667777 -0.00302781
internal_weight=50637.2 28187.3 26306.4 8332.57 22450 18415.4 1880.82 11486.3 17973.9 14744.3 1471.74 6929.1 4871.62 9756.04 6860.83 2561.13 4299.7 2166.08 1793.4 4988.3 9320.2 4497.7 2057.48 1480.91 4247.49 1372.94 4034.62 769.27 2538.5 798.389
internal_count=514840 398183 313668 90475 116657 93601 84515 59776 223193 168125 17169 33825 23812 97065 73306 19370 53936 12257 71319 71060 47519 21652 10013 7238 20732 16419 23056 3854 14117 29871
cat_boundaries=0 1 2 3 4
cat_threshold=8728067 1646955 4295177 8513156
is_linear=0
shrinkage=0.03


Tree=35
num_leaves=31
num_cat=11
split_feature=4 4 14 66 7 26 4 0 4 0 9 42 4 52 53 67 53 53 52 34 53 7 53 4 53 53 2 53 2 53
split_gain=194.262 100.221 63.4859 45.9193 45.8347 41.4719 47.7041 39.6631 31.5027 31.1188 27.566 25.3691 26.9612 24.5329 21.8135 20.0039 23.8276 18.6631 17.5129 16.964 21.5375 16.8138 16.9519 16.4341 16.146 15.8569 14.5974 14.2209 13.3618 19.8335
threshold=39.850000000000001 3.7500000000000004 0.13500000000000004 0.31607175351728239 845.50000000000011 14.075000000000001 49.250000000000007 0.046166891998943409 1.0000000180025095e-35 0.022819869685612556 0.035000000000000558 0.17068456118237887 26.550000000000004 1.1983342482328254 0 1.0255906503450711 1 2 1.4301938838683488 3.5000000000000004 3 274.50000000000006 4 57.350000000000001 5 6 7 8 9 10
decision_type=2 2 2 2 2 2 2 2 2 2 2 2 2 2 1 2 1 1 2 2 1 2 1 2 1 1 1 1 1 1
left_child=1 8 3 4 7 18 17 -3 -1 -6 11 12 -4 15 -10 25 -17 26 21 20 -12 -2 23 -23 -13 -8 -7 -15 -5 -30
right_child=5 2 10 28 9 6 13 -9 14 -11 19 24 -14 27 -16 16 -18 -19 -20 -21 -22 22 -24 -25 -26 -27 -28 -29 29 -31
leaf_value=-0.02586312990399053 0.0082407860523788911 -0.0014456698431005027 -0.00043606007886309617 0 -0.00608450375422719 -0.013377187767802216 0.0059818527147219363 0.0033230770362708602 -0.0018688607263556277 -0.002287640523383956 0.0057251213667015664 0.0074215659295882013 0.0058314217901470414 0.0026046670092206127 -0.0092698086794439499 0.003095078447817238 -0.0017227738495392824 -0.00024812681804585495 0.011985108849068546 -0.005734166989328362 -0.0045072629035672112 -0.0011677592607901236 0.0055236791077423941 0.011627724975187681 0.0026612919456603713 0.001919308016478745 -0.0026718542684189051 0.0081768812299941509 0.011373772679332419 0.0017085645425722717
leaf_weight=83.916762268830098 1011.5161304562134 13873.703262564799 3744.3974447434075 512.30062304242256 3036.7822145009332 240.30319514691473 1416.2121896035487 1764.9972529742445 548.5633315654145 5516.8414264808243 370.13805555139425 934.06382375385056 736.41678400523961 777.6772967031593 1226.1787550095692 1620.3981392126261 2112.2179114908549 626.41934698989644 362.78849004114818 715.78166099643386 345.9219967329509 796.01778097974511 1483.3541619873513 99.749955385923386 2263.2419593465929 2372.1783336362269 261.11478801429075 1019.6417973413472 364.79014031080806 434.02896634415356
leaf_count=13121 4469 139853 44294 4095 50736 1036 6949 10596 20581 51144 5250 9306 3904 4046 50723 7442 9454 2700 1569 11841 5527 3534 6503 432 22097 11274 1120 5268 2903 3413
internal_value=-1.40185e-05 -0.00117363 -0.000808013 -0.00157641 -0.00187368 0.00296211 0.00198517 -0.000905191 -0.00795813 -0.00364025 0.00133971 0.00205449 0.000589443 0.00269246 -0.00706647 0.00193303 0.000364925 -0.00382643 0.00567054 -0.00246983 0.000758346 0.00497939 0.0035744 0.000243705 0.00409663 0.00346912 -0.00805354 0.00584802 0.00388035 0.0062623
internal_weight=50671.7 36472.1 34613.4 25503.4 24192.3 14199.6 10446.2 15638.7 1858.66 8553.62 9109.96 7678.12 4480.81 9318.33 1774.74 7521.01 3732.62 1127.84 3753.43 1431.84 716.06 3390.64 2379.12 895.768 3197.31 3788.39 501.418 1797.32 1311.12 798.819
internal_count=515180 449384 364959 262740 252329 65796 49289 150449 84425 101880 102219 79601 48198 44433 71304 35119 16896 4856 16507 22618 10777 14938 10469 3966 31403 18223 2156 9314 10411 6316
cat_boundaries=0 1 2 3 4 5 6 7 8 9 10 11
cat_threshold=5840905 10637781 6121538 5291085 1925251 12665440 13471908 209428 2438065 231563 6153505
is_linear=0
shrinkage=0.03


Tree=36
num_leaves=31
num_cat=8
split_feature=47 0 29 41 9 20 7 37 47 41 66 26 28 7 20 9 28 53 42 2 53 2 9 53 53 53 7 35 9 2
split_gain=156.001 85.2488 63.6434 55.1368 44.415 37.1562 36.4713 34.9297 36.5142 34.1941 30.2018 29.2645 28.6594 27.6335 27.4866 28.6045 27.0572 26.8634 24.9004 24.4529 23.6692 23.0905 21.4902 21.4644 20.8206 19.3724 18.2696 17.7533 15.7812 15.7684
threshold=24.005000000000006 0.025048622984470904 2.5350000000000006 2.5000000000000004 -0.0066666666666672491 -0.084999999999999937 883.50000000000011 3.9950000000000006 49.595000000000006 3.5000000000000004 0.22976843292702032 19.185000000000006 -0.11000000000000019 762.50000000000011 0.12999999999999998 -0.005000000000000249 -1.1199999999999997 0 -0.055717932738795987 1 2 3 -0.018333333333333948 4 5 6 823.50000000000011 29.455000000000002 -0.061666666666666044 7
decision_type=2 2 2 2 2 2 2 2 2 2 2 2 2 2 2 2 2 1 2 1 1 1 2 1 1 1 2 2 2 1
left_child=1 2 -1 6 12 -6 16 26 11 24 -7 20 18 -14 15 21 -3 -16 -4 -18 29 -5 23 -11 -10 -13 -2 -17 -22 -9
right_child=7 3 4 14 5 10 -8 8 9 22 -12 25 13 -15 17 27 19 -19 -20 -21 28 -23 -24 -25 -26 -27 -28 -29 -30 -31
leaf_value=-0.017717492854196954 0.011182320988653334 -0.0024254935920300252 -0.0055249787678085449 0.0023616723118789281 -0.0082864179867093418 -0.0036955925239878108 -9.8664572640032766e-06 0.0067508835141315776 0.0022832519335467152 0.00012028234095530456 0.0032258131414762952 -2.5663380067072034e-05 0.0034212235917507657 -0.0020742449230981711 0.011877634217476708 -0.0056757109446136066 0.0026947265877631274 0.00029619433039289312 -0.0009565066610004127 0.0090724045699854001 0.004383305678776552 -0.0014926232721020614 -0.00012832977711052184 0.0059183948354339707 0.0075668218024390705 -0.0087766316114215748 0.00056851818250384456 -0.0016912474161844806 -0.0012814049690498947 0.0018615615197742504
leaf_weight=249.70128907472463 574.16125082893632 345.14053980600329 1565.2858353867864 2482.0284818548835 1514.2901501424076 6539.5496730112109 1981.7786074666019 741.42224149728463 1061.3951711585587 932.08590022620774 615.11701690319296 469.10022132840095 2017.2454950945203 1382.2476702968788 275.74326097406538 1492.7951066729884 967.24606318284168 510.55927206886827 3483.4192826139156 1370.3770224022683 508.69161885877293 3169.9548698608805 2503.0650672621477 1565.7969147963677 2087.5413007682209 453.85001241996451 203.91636575758457 3196.7385172741515 3266.1532121010223 3138.7080716710088
leaf_count=18501 2957 3142 20088 14844 24626 141147 26453 3284 4660 4967 8310 2277 27623 21574 1999 11779 9746 3895 41325 14319 2217 19077 11982 8358 9377 2229 1035 24889 14672 13963
internal_value=-5.99496e-05 -0.00127005 -0.00272064 0.000323403 -0.00249807 -0.00400749 0.00306195 0.00223036 0.0019384 0.00337686 -0.0030956 0.00056775 -0.00094507 0.00117802 -0.000822186 -0.00123587 0.00534062 0.00456993 -0.00238047 0.00650117 0.0011796 0.000196431 0.00182495 0.00379281 0.00582928 -0.00446612 0.00844773 -0.00296787 -0.000506836 0.00282146
internal_weight=50665.1 33159.2 17366.9 15792.4 17117.2 8668.96 4664.54 17505.9 16727.8 8149.88 7154.67 8577.93 8448.2 3399.49 11127.8 10341.5 2682.76 786.303 5048.71 2337.62 7654.98 5651.98 5000.95 2497.88 3148.94 922.95 778.078 4689.53 3774.84 3880.13
internal_count=515315 433337 303194 130143 284693 174083 53660 81978 77986 39344 149457 38642 110610 49197 76483 70589 27207 5894 61413 24065 34136 33921 25307 13325 14037 4506 3992 36668 16889 17247
cat_boundaries=0 1 2 3 4 5 6 7 8
cat_threshold=11010103 105745 2236380 174726 2241305 577033 6364973 51332
is_linear=0
shrinkage=0.03


Tree=37
num_leaves=31
num_cat=6
split_feature=47 4 7 28 52 32 47 28 4 28 7 14 43 47 60 5 49 53 34 53 8 4 53 53 58 53 39 7 40 53
split_gain=175.193 83.587 60.4212 72.5361 38.1291 34.6298 32.5863 28.6911 27.3777 27.3385 51.9587 25.9168 25.4619 25.2904 24.0623 23.8495 23.4082 23.1703 21.7171 21.3201 21.1014 20.099 19.3629 18.2067 16.7542 15.9068 15.2901 16.336 15.0993 15.0221
threshold=16.705000000000005 3.0500000000000003 386.50000000000006 0.16 1.3716816017817921 0.040754063415933912 1.9549999999999998 -1.1599999999999993 1.0000000180025095e-35 -0.47000000000000036 915.50000000000011 0.13500000000000004 1.7038542357885424 57.375000000000007 160.50000000000003 0.16500000000000004 0.064175113736132161 0 3.5000000000000004 1 42.650000000000013 69.15000000000002 2 3 77.350000000000009 4 4.5000000000000009 597.50000000000011 3.5000000000000004 5
decision_type=2 2 2 2 2 2 2 2 2 2 2 2 2 2 2 2 2 1 2 1 2 2 1 1 2 1 2 2 2 1
left_child=1 8 3 6 9 11 20 -8 -1 21 15 18 17 23 -15 25 -14 -7 -4 -17 -3 28 -13 -12 -6 -11 -10 -28 -2 -23
right_child=4 2 5 -5 24 12 7 -9 26 10 13 22 16 14 -16 19 -18 -19 -20 -21 -22 29 -24 -25 -26 -27 27 -29 -30 -31
leaf_value=-0.025747780681646473 0.00035802674103038647 -0.002497233092879198 -0.0027510409765383417 0.006899102025306008 0.005642795671322488 0.0054294339650213267 -0.0031134158804496221 0.002001226187114815 -0.015893659925880984 0.0033392251618588032 0.0016936539129793961 0.0018807747307087897 -0.0025794893996514594 0.0063280913277115646 -0.0019427085331884535 0.0046421746144182921 0.0027862164458410869 -0.00066234116039407703 -0.005879039804603769 -0.00054086279335080565 -0.011572396675684906 -0.00019972654854348476 -0.0029997234831447878 -0.0017878403892305668 -0.0078526404846835322 0.0073789966352492097 -0.0037016139259894087 -0.011569065567242114 -0.0029518406262171691 0.0090219066393406825
leaf_weight=81.706740070814249 3197.2982127644846 910.80946643523112 4523.4689931485682 1482.5419585901445 2630.1329866474125 982.41276226461014 1355.2152283362743 3599.6290721103437 183.3422850037914 1676.9821486327082 2121.3847735639429 1286.5386849264614 4815.7771135551739 1055.8445046350635 443.79186711092461 1366.6882523010781 855.96875198403814 1275.5078935477859 3668.2198750141733 1464.8552264558184 313.91994747157059 294.42573315726531 1656.0221510352485 3663.301745826373 81.967916882395912 2108.9769700628294 728.0984560988818 366.74955385257681 2011.0045316237929 329.07177332034553
leaf_count=13131 14699 17064 60384 18191 12889 11227 12479 35245 5163 8645 12176 20714 47446 5324 2085 6718 6963 14572 54891 7369 3931 1525 24730 21401 590 10785 33685 17892 10846 1727
internal_value=-9.5089e-05 -0.00167474 -0.00130389 0.000943182 0.00188014 -0.0022086 -0.00048262 0.00059556 -0.00892847 0.00141934 0.00214275 -0.00328822 -0.000688454 0.000389834 0.00386118 0.00406706 -0.00176372 0.00199845 -0.00415651 0.00196621 -0.00486289 -0.000300099 -0.000859669 -0.000505926 0.00521838 0.00562851 -0.00779134 -0.00638067 -0.000914848 0.00477367
internal_weight=50531.7 28085.9 26726 7662.12 22445.7 19063.9 6179.57 4954.84 1359.9 19733.6 13901.8 11134.2 7929.67 7284.32 1499.64 6617.5 5671.75 2257.92 8191.69 2831.54 1224.73 5831.8 2942.56 5784.69 2712.1 3785.96 1278.19 1094.85 5208.3 623.498
internal_count=514487 397708 327837 86910 116779 240927 68719 47724 69871 103300 74503 160719 80208 40986 7409 33517 54409 25799 115275 14087 20995 28797 45444 33577 13479 19430 56740 51577 25545 3252
cat_boundaries=0 1 2 3 4 5 6
cat_threshold=3270929 10783644 13608576 6492812 14854697 6889044
is_linear=0
shrinkage=0.03


Tree=38
num_leaves=31
num_cat=11
split_feature=4 29 66 53 48 9 5 35 47 28 40 43 4 53 2 53 60 26 26 47 26 2 8 53 2 48 53 53 2 53
split_gain=163.493 66.7179 49.3921 42.9902 37.6613 35.5016 34.4541 31.7357 31.3304 28.765 25.9137 30.3696 31.0393 24.9851 24.2439 24.2316 23.392 22.8371 22.4846 21.7905 19.9882 19.1665 17.7474 17.6552 17.5763 16.9359 18.1494 17.0622 16.0451 15.7091
threshold=22.350000000000005 2.5350000000000006 0.11608792426192187 0 0.076165517975165506 0.023333333333332953 0.17500000000000002 29.385000000000002 55.865000000000009 -0.61999999999999977 3.5000000000000004 0.3077111201951595 39.150000000000013 1 2 3 113.00000000000001 14.530000000000001 24.445000000000004 8.8750000000000018 23.980000000000004 4 23.150000000000002 5 6 0.07091489135920577 7 8 9 10
decision_type=2 2 2 1 2 2 2 2 2 2 2 2 2 1 1 1 2 2 2 2 2 1 2 1 1 2 1 1 1 1
left_child=1 -1 4 17 7 8 9 -3 10 -6 11 12 -2 -8 20 -12 21 22 -18 -9 -5 29 -4 -13 -20 27 -27 -7 -19 -10
right_child=5 2 3 14 6 25 13 19 16 -11 15 23 -14 -15 -16 -17 18 28 24 -21 -22 -23 -24 -25 -26 26 -28 -29 -30 -31
leaf_value=-0.016622986007672751 -0.00033978220982441507 -0.0060603649407872566 0.052868013290142082 0.0032353168614753392 -0.0018101461400515688 0.00029944023014939172 1.4370576295626015e-05 -0.0038346089629077923 0.0074292591753668284 0.0034609930420720571 -0.0025618094465072851 0.0028547107636263829 0.0032991140379027123 -0.0042664233483179778 -0.0036175506867191054 0.0019071530135825281 0.0067309924020104482 -0.0023996742425313744 -0.0047275868390593955 -0.00052333750631111296 -0.0025269127555537954 0.0080680953621313136 0.0067448977932544037 0.012014183860332319 0.002467697342976962 -0.0029651199445230336 0.0028442210507260233 -0.0053332937824848454 0.0030267303327831635 -0.0013379370307885676
leaf_weight=260.48744686961072 3169.5832518082079 3013.2340440620828 5.8254878515563169 1298.1539374773015 1552.8823872739581 899.07034787666908 2130.9802248336755 4112.3523900357441 295.50974473275892 2305.8609549406988 2056.5848757730828 377.8923073863898 6221.6757838985741 2854.4622631284974 2171.4297728477109 2298.4127966360911 618.86380649118928 647.87046152113453 475.83731642168186 3206.5692124487023 922.56750028560418 1865.9356169123994 905.1297521888041 450.94661996718787 804.03016859980744 676.05503104948184 1606.8589483072747 1020.2528588720088 1877.4942166105247 443.70566510022672
leaf_count=18944 16597 42922 162 15948 18597 5539 41220 69498 1579 31148 12193 2459 27078 57698 23591 13140 2819 6163 2376 28952 7739 9758 13735 3018 4106 3643 8609 6374 17226 2326
internal_value=1.58627e-05 -0.00156009 -0.00141246 0.000592451 -0.00223248 0.00186277 -0.000790829 -0.00346323 0.00241285 0.00133211 0.00173333 0.00255915 0.00206797 -0.00243988 -0.00136884 -0.000198074 0.00460347 0.0031023 0.00204471 -0.00238851 0.000824155 0.00645388 0.00718788 0.0080701 -0.00020484 -0.000627526 0.00110911 -0.00270777 0.00162443 0.0021896
internal_weight=50546.5 27265.3 27004.8 7828.47 19176.3 23281.2 8844.19 10332.2 19079 3858.74 14575.1 10220.1 9391.26 4985.44 4392.15 4355 4503.88 3436.32 1898.73 7318.92 2220.72 2605.15 910.955 828.839 1279.87 4202.24 2282.91 1919.32 2525.36 739.215
internal_count=515157 393543 374599 84564 290035 121614 148663 141372 97449 49745 74485 49152 43675 98918 47278 25333 22964 37286 9301 98450 23687 13663 13897 5477 6482 24165 12252 11913 23389 3905
cat_boundaries=0 1 2 3 4 5 6 7 8 9 10 11
cat_threshold=1683041 14756359 160526 11705426 54320 57300 182146 10423296 9211593 69772 11428994
is_linear=0
shrinkage=0.03


Tree=39
num_leaves=31
num_cat=9
split_feature=4 4 52 40 7 28 0 8 4 66 53 53 40 43 4 4 67 53 60 28 53 53 28 53 14 53 2 28 53 1
split_gain=148.916 71.5703 56.0805 44.5171 37.8237 37.9363 35.2912 37.2394 33.1024 30.8337 30.5327 28.6824 28.2452 30.6892 27.654 25.6702 23.692 21.3592 20.1211 20.0252 19.8172 18.5504 17.8976 17.7679 16.7783 16.7379 15.7002 15.5212 14.9451 14.1536
threshold=22.350000000000005 2.8500000000000001 -0.59761430466718701 2.5000000000000004 436.50000000000006 -0.084999999999999895 0.026807734584385252 26.550000000000004 62.850000000000001 0.11608792426192187 0 1 3.5000000000000004 0.38462071206564113 1.0000000180025095e-35 50.050000000000004 2.1863732767762465 2 160.50000000000003 1.4200000000000004 3 4 0.8899999999999999 5 0.115 6 7 -1.3200000000000001 8 34.370000000000012
decision_type=2 2 2 2 2 2 2 2 2 2 1 1 2 2 2 2 2 1 2 2 1 1 2 1 2 1 1 2 1 2
left_child=1 14 17 6 5 16 7 -4 12 10 -5 -11 13 15 -1 -6 27 -3 25 28 26 -8 23 -7 -22 -10 -14 -2 -16 -21
right_child=4 2 3 9 8 22 21 -9 18 11 -12 -13 20 -15 19 -17 -18 -19 -20 29 24 -23 -24 -25 -26 -27 -28 -29 -30 -31
leaf_value=-0.025904962865778397 -0.00043267608883111152 -0.0058197923493389795 0.01082909553519896 0.00013601397348464466 -0.00068688878445375963 0.0016116884310943852 0.0010542476024042568 -0.0008000822297706884 0.00081683391925166848 -0.0041653090699969586 -0.0041294190598762928 0.0015886396510426395 0.0040687049079904903 0.0068499724382509097 -0.0025632206879610169 0.0028922086670130939 -0.0020895940576472613 -0.0021728629442980831 0 0.026336245174149526 -0.0046431395677783115 0.0059156233100034527 0.015461769289759199 0.0089136748136548916 0.00037246816726123615 0.0061253137893545291 -0.0013393891823493612 0.0044030420455352928 -0.01056295886868454 -0.0066804428191813651
leaf_weight=78.172829174801336 741.81065140245028 2603.4546140380858 258.32186732542777 2134.5218904349654 4569.4916390209964 499.72953225595484 1276.0818417146847 5116.5053755280242 757.60985688743131 991.96921461815145 5089.8197339780709 3468.7350005674525 768.23058806646986 814.78215455978716 338.98048734211852 2967.7111720629873 875.13459711752421 3427.2585863185545 1119.7629840408154 24.53973781231889 2020.2605142758302 1671.8147754697711 233.44706473418773 865.9214027582475 838.05716291535646 2071.036070962231 1249.2405948446567 2842.8092507623114 753.01598854186659 17.63814969942905
leaf_count=13086 3585 47224 7192 20693 23495 2408 12971 80166 3858 8221 49106 29475 4535 6053 14570 12946 4015 55352 5406 1394 12739 17166 1143 4128 5178 10838 7354 13744 35317 1029
internal_value=-5.92021e-05 -0.00156421 -0.00123076 -0.000464533 0.00170462 0.003744 0.00120996 -0.000231768 0.000983132 -0.00165977 -0.00287083 0.00029529 0.000260953 0.00132199 -0.00868745 0.000718765 0.002311 -0.00376687 0.00339359 -0.00743082 -0.00155019 0.00384718 0.00771388 0.00634683 -0.00315183 0.00474022 0.000717052 0.00339428 -0.00823629 0.0121727
internal_weight=50485.9 27250.8 26038.5 20007.8 23235 6058.85 8322.72 5374.83 17176.2 11685 7224.34 4460.7 13227.8 8351.98 1212.35 7537.2 4459.75 6030.71 3948.41 1134.17 4875.79 2947.9 1599.1 1365.65 2858.32 2828.65 2017.47 3584.62 1092 42.1779
internal_count=514387 392962 327566 224990 121425 29023 117495 87358 92402 107495 69799 37696 72300 42494 65396 36441 21344 102576 20102 52310 29806 30137 7679 6536 17917 14696 11889 17329 49887 2423
cat_boundaries=0 1 2 3 4 5 6 7 8 9
cat_threshold=5442050 14680076 11424464 6627885 248236 14689128 2108929 192550 5832969
is_linear=0
shrinkage=0.03


Tree=40
num_leaves=31
num_cat=7
split_feature=47 4 7 7 67 53 42 49 4 53 38 14 0 55 0 26 0 48 55 7 53 0 53 43 52 2 53 52 4 53
split_gain=151.292 63.423 56.2961 36.6968 39.4228 36.2683 31.954 32.5281 31.6451 29.7637 27.0509 24.6038 23.3584 24.6194 23.1131 21.0347 28.1617 21.0083 20.9588 23.8273 23.007 20.9831 20.932 22.7638 20.0332 21.6741 21.1815 19.9135 17.9062 17.7641
threshold=16.305000000000003 3.7500000000000004 546.50000000000011 915.50000000000011 2.1863732767762465 0 0.36900718380486236 0.013894922289796252 1.0000000180025095e-35 1 0.63026646038739853 0.14500000000000005 0.048257879923976753 14.150000000000002 0.017778787207573952 17.715000000000007 0.027999315792735353 0.070557773796565873 16.050000000000004 496.50000000000006 2 0.0069006038039111511 3 0.30211630709481935 0.17175134664318667 4 5 0.26788678107572578 70.750000000000014 6
decision_type=2 2 2 2 2 1 2 2 2 1 2 2 2 2 2 2 2 2 2 2 1 2 1 2 2 1 1 2 2 1
left_child=1 8 9 4 11 -6 7 14 -1 15 24 22 13 -11 -4 16 -3 -8 19 20 -10 -21 23 -2 26 29 -5 -19 -24 -26
right_child=3 2 6 10 5 -7 17 -9 18 12 -12 -13 -14 -15 -16 -17 -18 27 -20 21 -22 -23 28 -25 25 -27 -28 -29 -30 -31
leaf_value=-0.025743738327482394 0.0001841923831157661 0.0018779093791077099 -0.0064921866359332588 -0.0040046967032322323 0.0053043386035922617 -0.0026943687412553465 -0.0025027035612748614 -0.0005422655731885434 -0.0069471284754609591 0.0045667635639698896 0.004417570951542403 0.0062178453381494317 0.0054959219918493214 -0.0022226110873751026 -0.0029823757817644997 -0.00024314839055532506 0.0080354843203769722 -0.00048992567642675792 -0.013862226068522162 -0.010510376815264009 0.0031864192544450152 0.0063782260335635901 0.0036552434369473918 0.0069907476940056059 0.015706270513989661 0 0.00042394948685611219 0.0050593499029715659 0.011291981256365541 0.0034187961733808366
leaf_weight=75.631890532173657 3240.4325711474448 2307.0219804024268 2599.4984491547557 1956.840700338169 687.1478398583622 1870.2647605053371 1764.8325813017454 3130.2590445824299 333.18983762201879 531.98874678246739 1282.1597398078502 2517.6112329075004 462.87640457041107 4631.5260261613084 5003.8191381229162 1937.421911681331 951.86800787193488 1383.7396439325985 261.32519692221194 610.37892158105115 470.72083784391953 70.60578347397859 4621.5143391911934 512.06823149713 117.47775310871839 3136.6366108938191 1900.4961257922059 991.54234877948693 297.36050241890462 808.93723323582799
leaf_count=13084 15976 31340 52394 12212 3199 8739 19619 36990 14447 9088 6748 12733 2910 50215 53031 14962 8055 21124 6978 28326 19814 1933 23382 2983 582 16742 11540 9978 1633 4202
internal_value=4.81047e-05 -0.00145125 -0.00106609 0.00184727 0.00282905 -0.000520822 -0.00226418 -0.00312765 -0.00686019 0.000577786 0.000377175 0.00359735 -0.00093023 -0.00151581 -0.00418768 0.00221365 0.00368946 -1.78868e-05 -0.00599663 -0.00457542 -0.0010298 -0.00870186 0.00283182 0.00112125 -0.000274052 0.00119129 -0.00182513 0.00181626 0.00411903 0.00518985
internal_weight=50467.2 27518.2 25696.4 22948.9 13746.4 2557.41 14873.7 10733.6 1821.85 10822.7 9202.55 11189 5626.39 5163.51 7603.32 5196.31 3258.89 4140.11 1746.22 1484.9 803.911 680.985 8671.38 3752.5 7920.39 4063.05 3857.34 2375.28 4918.87 926.415
internal_count=514959 394288 309706 120671 68645 11938 193136 142415 84582 116570 52026 56707 62213 59303 105425 54357 39395 50721 71498 64520 34261 30259 43974 18959 45278 21526 23752 31102 25015 4784
cat_boundaries=0 1 2 3 4 5 6 7
cat_threshold=262173 2174747 10883670 7416585 168451 10131698 131116
is_linear=0
shrinkage=0.03


Tree=41
num_leaves=31
num_cat=7
split_feature=47 20 40 38 4 29 53 8 9 2 55 44 3 8 38 52 32 28 21 53 70 4 38 53 2 53 61 10 28 2
split_gain=121.397 78.6171 48.1026 56.3471 43.1394 37.5348 32.841 30.1008 26.7506 26.9871 26.7413 24.4663 22.4804 20.6528 20.2171 19.0213 21.5254 18.8643 19.2992 17.7588 17.7406 17.7378 16.6435 16.4561 16.4541 15.9811 16.7147 14.8183 14.686 14.6546
threshold=4.4850000000000021 -0.044999999999999943 3.5000000000000004 0.52412995741282953 1.0000000180025095e-35 5.9650000000000007 0 51.45000000000001 0.0083333333333332517 1 13.800000000000002 0.14521279113373312 0.19500000000000003 49.150000000000013 0.58040445495384219 -0.74785300449426262 0.048370195695777059 0.11499999999999977 0.010000000000000024 2 2.4748737341529163 3.7500000000000004 0.62413176376265267 3 4 5 0.037386443046820358 0.034999999999999656 -0.96500000000000019 6
decision_type=2 2 2 2 2 2 1 2 2 1 2 2 2 2 2 2 2 2 2 1 2 2 2 1 1 1 2 2 2 1
left_child=4 13 3 7 -1 14 10 12 22 -10 20 -9 -3 23 -4 16 -8 21 -19 -16 27 -17 -7 -2 -22 -5 -27 -6 -15 -25
right_child=1 2 5 25 6 8 15 11 9 -11 -12 -13 -14 28 19 17 -18 18 -20 -21 24 -23 -24 29 -26 26 -28 -29 -30 -31
leaf_value=-0.025670814106142456 0.0062834961436981848 0.0056203900021703839 -0.004421104403637504 0.0024748732165256692 0.0035300117834412598 0.00089992145113235221 -0.0098064291457215791 0.00087767833325679771 0.0023990582886486006 -0.0038159678638812456 -0.0034107105287673974 0.0089155363149040455 -0.0026957909200680543 -0.0063415366031466403 0.0050762139997309356 -0.0098315170222411877 0.0071306956454060275 0.0029758885458528736 -0.0055479493755291858 -0.0033768175218746956 -0.0023143584788122089 -0.0037890349781600475 0.0043773060327067861 -0.0068018626858687235 0.011468294250768892 0.0105991880200937 0.0050364033530633312 -0.0023845135264569011 -0.0021182599705768016 0.0039576410883705501
leaf_weight=74.669659564999165 433.52002064230328 2247.2786324444141 2374.074652376933 884.91394458817831 674.01478568869288 4535.2901506801645 869.46091693191056 16068.227703396189 945.11688038980628 1812.6034889522953 1917.2312232045656 347.26209966120769 329.87360268035172 860.46974571514875 440.79698404065221 548.16072231840917 69.709718441604309 640.04363918662557 378.50592613282652 428.07999618071335 106.46735398005285 2372.5261642914334 1720.5431508312595 236.34583188407123 253.90454752784672 896.05848892161794 1148.0287542648621 870.63950856872179 5797.9544911032499 197.46836785878986
leaf_count=13147 5193 31603 15924 3925 13823 28872 28759 114003 7178 13610 29032 2894 5676 5728 2284 20027 1225 13908 12444 2087 2553 35528 9440 2956 6513 4077 5124 28860 46486 2419
internal_value=-1.38577e-06 0.000672911 0.00128467 0.00212629 -0.00320876 -0.000218264 -0.00300668 0.00152651 0.000774978 -0.00168004 -0.000903728 0.00105061 0.00454303 -0.00210102 -0.00298693 -0.00463582 -0.00850492 -0.00371367 -0.000166947 0.000898433 0.00159978 -0.00493932 0.00186219 0.00223068 0.00757591 0.00600152 0.00746111 0.000178139 -0.00267028 -0.00186224
internal_weight=50479.2 41703.9 34178.1 21921.6 8775.33 12256.5 8700.66 18992.6 9013.55 2757.72 3822.26 16415.5 2577.15 7525.76 3242.95 4878.41 939.171 3939.24 1018.55 868.877 1905.03 2920.69 6255.83 867.334 360.372 2929 2044.09 1544.65 6658.42 433.814
internal_count=515298 309479 246697 167302 205819 79395 192672 154176 59100 20788 80781 116897 37279 62782 20295 111891 29984 81907 26352 4371 51749 55555 38312 10568 9066 13126 9201 42683 52214 5375
cat_boundaries=0 1 2 3 4 5 6 7
cat_threshold=1679755 247822 10275281 13921813 151857 117288 87752
is_linear=0
shrinkage=0.03


Tree=42
num_leaves=31
num_cat=8
split_feature=47 4 14 10 48 3 28 66 4 0 38 26 6 35 38 42 5 57 53 34 46 53 53 1 53 53 2 28 2 53
split_gain=128.799 72.7431 49.0052 39.7061 31.3785 31.4867 28.9951 28.9143 27.1731 25.3272 24.4262 24.6441 28.691 24.1399 20.2735 19.5784 19.3943 19.1056 19.0754 18.8938 21.23 19.1316 18.3227 17.8838 17.5146 17.1226 18.725 16.7366 16.0853 14.8482
threshold=16.705000000000005 3.0500000000000003 0.115 0.069999999999999812 0.075872833094011868 0.18500000000000003 -1.1999999999999995 0.27772736438798151 1.0000000180025095e-35 0.060285158442380457 0.58040445495384219 14.530000000000001 48.250000000000007 34.725000000000001 0.35932089451905408 0.26900718380486272 0.17500000000000002 0.054500000000000007 0 4.5000000000000009 0.052499999999999956 1 2 41.585000000000008 3 4 5 -0.23000000000000012 6 7
decision_type=2 2 2 2 2 2 2 2 2 2 2 2 2 2 2 2 2 2 1 2 2 1 1 2 1 1 1 2 1 1
left_child=1 8 4 6 7 18 -2 9 -1 -3 11 14 -13 15 -8 27 17 -15 -6 20 23 -22 -12 -5 -9 -21 -27 -4 -25 -17
right_child=3 2 13 19 5 -7 10 24 -10 -11 22 12 -14 16 -16 29 -18 -19 -20 25 21 -23 -24 28 -26 26 -28 -29 -30 -31
leaf_value=-0.025979660455504223 -0.001956408404418737 -0.003783990659147877 -0.0046057022728056389 -0.00073248892379634107 0.0032583164911087975 -0.0036856038343148411 0.0016568091573118671 0.0063338425582577691 -0.0071835119664249315 0.0034685677043491594 0.002500273182013213 0.0079564182482806632 0.00021143880739424756 0.011641343642981325 0.0054969809662652434 -0.0079031707173229711 -0.00025236582701914273 0.0032006695688848621 -0.00056275560922682683 0.0014463500529087081 -0.00083597212662989888 0.01124224009811718 0.0068450163044737932 0.010604121770167561 -0.0016996143726504848 -0.00023892017543610471 -0.0070793770100282139 -0.00018650545756954554 -0.00069073735620692818 0.0026200804091585225
leaf_weight=73.291319663196191 1241.9165965149532 9548.4582734887645 1321.0527829690509 3285.8331920998799 1854.7140106011566 1891.8350423334377 2419.0672987019816 436.01899864142069 1247.8261187102726 448.13120917688684 1657.7495768259805 464.95792731622805 5646.2985968020284 275.20205972855911 2599.143657828813 117.52539125131443 1380.9513622842887 2133.9715223010562 3147.4932758952809 640.15704616549556 189.69888962432742 295.74541295878589 2023.1690788511014 243.30727251500957 522.5769127908643 619.08980845851511 909.55861711494254 1885.9084768044177 201.25862602970483 1688.4666743353628
leaf_count=13221 6003 111522 16197 17650 21835 31798 12953 3783 56838 2769 8438 2998 29211 4664 11267 1660 21881 20582 36655 3493 1278 1828 10640 1306 4299 3440 5144 29954 1096 20790
internal_value=-5.86201e-05 -0.00141723 -0.001075 0.00163388 -0.0019788 -0.000387991 0.00242996 -0.0029769 -0.00828663 -0.00345524 0.00280001 0.002094 0.000808012 0.000754172 0.00365317 -0.000606984 0.00256177 0.00418615 0.000854146 -0.000363063 0.00080203 0.00669027 0.00492425 2.45693e-05 0.00197701 -0.00264031 -0.00435196 -0.002018 0.00566547 0.00188148
internal_weight=50410.4 27973.4 26652.3 22437 17849.2 6894.04 16052.3 10955.2 1321.12 9996.59 14810.4 11129.5 6111.26 8803.08 5018.21 5012.95 3790.12 2409.17 5002.21 6384.65 4215.84 485.444 3680.92 3730.4 958.596 2168.81 1528.65 3206.96 444.566 1805.99
internal_count=515193 398448 328389 116745 212661 90288 81510 122373 70059 114291 75507 56429 32209 115728 24220 68601 47127 25246 58490 35235 23158 3106 19078 20052 8082 12077 8584 46151 2402 22450
cat_boundaries=0 1 2 3 4 5 6 7 8
cat_threshold=5580552 10367586 6401609 3338417 291396 149819 77443 135168
is_linear=0
shrinkage=0.03


Tree=43
num_leaves=31
num_cat=6
split_feature=47 20 7 28 38 35 42 28 42 47 8 9 7 28 55 53 7 53 8 28 7 26 0 53 67 49 67 53 53 53
split_gain=133.106 80.7863 52.8723 65.5861 44.0159 39.4923 36.1718 32.0056 27.4519 25.0502 27.5437 24.3944 22.699 27.9006 22.6598 33.3559 20.9862 20.8311 20.5623 20.6525 24.6076 19.7715 19.5464 19.3368 19.2046 18.2335 17.6273 17.3957 16.8262 16.8213
threshold=4.575000000000002 -0.039999999999999945 561.50000000000011 0.015000000000000053 0.58234112922277359 35.725000000000009 -0.060992816195137405 0.18000000000000038 0.67900718380486247 -0.94999999999999973 51.45000000000001 0.034166666666666658 419.50000000000006 0.4449999999999999 15.350000000000003 0 679.50000000000011 1 46.350000000000001 -0.96500000000000019 540.50000000000011 23.260000000000002 0.051561523343305105 2 2.0008756567425574 0.074473438482136653 0.77219480532860796 3 4 5
decision_type=2 2 2 2 2 2 2 2 2 2 2 2 2 2 2 1 2 1 2 2 2 2 2 1 2 2 2 1 1 1
left_child=6 18 3 8 5 11 9 14 24 -1 12 -4 13 -11 15 -8 28 -5 -2 -20 23 -6 -22 -21 -3 -7 -23 -16 -9 -18
right_child=1 2 4 17 21 25 7 16 -10 10 -12 -13 -14 -15 27 -17 29 -19 19 20 22 26 -24 -25 -26 -27 -28 -29 -30 -31
leaf_value=-0.010007717654873965 0.0035231626876203663 0.0015821681916893878 -0.00062742599335304677 0.0092970465313653682 0.0076035819224870259 0.0012160213740116266 0.0031325699330125006 0.0011335291155538736 0.0049790236231402468 -0.002884311388940115 -0.013140304054469419 -0.0043751113865877983 -0.0059913824657388572 0.007125099025544937 -0.00067036504660337374 -0.0037950063669081472 -0.0082240582566272466 0.0039755899907311298 -0.0065107894912992473 0.0047830688915874737 -0.0038075376084761993 0.0048966626536059354 0.00090921674240183133 -0.0017024322558375964 -0.0025141383345761671 0.0074554869485544432 0.00013141790375236485 -0.0072147612444450485 0.014908227119979097 0.0049259645305122259
leaf_weight=865.19095351058968 562.19072123453134 6408.7530025282513 8894.5819561497756 1545.5710297864753 806.72041451535551 6176.2925348208428 1105.197110930842 152.90824683165101 1877.3289320164522 1079.9150229724978 280.9282149980354 1902.8357617740203 1379.7576931205381 323.64501207961075 556.65936390634579 1405.9284587250618 146.57343242208935 1304.7789856237905 961.25935788545758 777.37509606440562 3893.8158724557779 1264.291602649484 979.13183188252151 853.22470424510539 1220.7103169771126 453.47023690837341 1588.6902155478838 1194.0103060426472 198.46650288268029 182.38737688242418
leaf_count=44277 7209 42552 68059 10179 3743 48495 23819 3004 11756 20774 2983 21486 31548 8883 7854 33942 4942 8732 6587 5402 36439 6824 5887 6079 5759 3688 8022 15419 3918 6108
internal_value=7.34937e-06 0.000721455 0.00137067 0.00292915 0.000455771 -0.000170813 -0.00332684 -0.0016091 0.00172746 -0.00547773 -0.0041832 -0.00129135 -0.00325958 -0.000548057 -0.00257837 -0.000736672 0.00440845 0.00692264 -0.0019794 -0.00239866 -0.00178444 0.00344616 -0.00285365 0.00139204 0.000922343 0.00164944 0.00225558 -0.00519909 0.00949307 -0.000956524
internal_weight=50342.6 41471 33444 12357.1 21086.9 17427.2 8871.57 4942.13 9506.79 3929.44 3064.25 10797.4 2783.32 1403.56 4261.8 2511.13 680.336 2850.35 8027 7464.81 6503.55 3659.7 4872.95 1630.6 7629.46 6629.76 2852.98 1750.67 351.375 328.961
internal_count=514369 306898 239295 78978 160317 141728 207471 99006 60067 108465 64188 89545 61205 29657 81034 57761 17972 18911 67603 60394 53807 18589 42326 11481 48311 52183 14846 23273 6922 11050
cat_boundaries=0 1 2 3 4 5 6
cat_threshold=1118623 3004700 2174826 8555393 13054469 11680908
is_linear=0
shrinkage=0.03


Tree=44
num_leaves=31
num_cat=7
split_feature=4 38 41 66 29 7 7 28 67 47 7 42 44 35 54 29 45 6 41 53 29 53 53 38 2 28 2 2 9 53
split_gain=150.987 72.7322 63.8426 43.2284 40.7993 37.6339 36.4233 42.0827 31.6101 33.0893 31.5847 28.2372 27.8132 28.3633 26.7305 24.6913 25.0522 24.0464 23.9691 21.9347 20.4034 23.1654 20.2811 19.9621 19.1555 18.9673 17.7287 16.6047 14.8975 14.4384
threshold=10.550000000000002 0.46552103850985621 2.5000000000000004 0.25663411897167865 2.4050000000000007 915.50000000000011 464.50000000000006 -0.86999999999999988 1.4722357459699233 24.005000000000006 1388.0000000000002 0.39900718380486261 0.14521279113373312 34.265000000000008 6.5500000000000007 4.995000000000001 3.291666666666667 48.250000000000007 3.5000000000000004 0 6.0550000000000006 1 2 0.64739556709003454 3 0.92000000000000037 4 5 -0.017499999999999998 6
decision_type=2 2 2 2 2 2 2 2 2 2 2 2 2 2 2 2 2 2 2 1 2 1 1 2 1 2 1 1 2 1
left_child=4 2 5 12 -1 8 7 -6 25 -10 18 28 13 -4 -5 22 -17 -14 23 -7 21 -20 -9 24 -3 -2 -16 -21 -8 -30
right_child=1 10 3 14 6 19 11 15 9 -11 -12 -13 17 -15 26 16 -18 -19 20 27 -22 -23 -24 -25 -26 -27 -28 -29 29 -31
leaf_value=-0.017871397313310156 0.0036947502613703317 0.0011182515665425236 -0.0032961759794509428 0.013174494529881873 -0.0055699256982780151 0.0018587766293735033 -0.0035952894251160923 0.0035229848551507322 -0.0054907292225533835 0.0021700101763921535 -0.0011345377814324094 -0.00079834056357034298 0.018752898408341153 -0.00059648944861307915 0.0049749378295072836 -8.7778880657855748e-05 0.0096849866382611831 0.0011663934282927513 0.0054082144087502001 0.0026659628644356602 0.0035298659232329025 -0.0026865393918176859 -0.0025522838457335737 0.012762585138220364 0.0058003662002414306 0.01002597260492942 -0.00048868000070107409 -0.004376417265738208 -0.0048996269092662836 -0.0098644187710956628
leaf_weight=169.51913979482742 4819.4458010418566 1099.1729134167354 7710.2852114188381 199.61403113338747 1428.9365512948166 1482.0713236608026 1328.4990230808198 653.218944822911 668.48247348580389 2079.7335172135181 1472.2828567254583 1162.2556611555415 71.404767042025014 6475.6330274317052 881.65219309840268 470.77939331964717 459.6513781183603 1697.9352459247266 414.81432800793755 363.46443492517301 3013.5093518198846 1231.4249150382057 1900.0720387866363 292.62654877795012 3118.9378949363681 473.91949127994849 1310.144344833946 1523.4380277996324 1109.1215971690704 1264.9333037520719
leaf_count=16518 40549 4853 60603 2139 25022 16598 22705 14119 3762 9662 6848 26447 496 48890 6409 6121 7277 11603 2130 4341 15574 5985 40906 1382 13722 4643 9699 18927 30716 36541
internal_value=-1.53252e-05 0.000799297 3.6974e-05 -0.00105782 -0.00332645 0.00179977 -0.0030676 -0.00123655 0.00291556 0.000293048 0.00292753 -0.00490923 -0.00162281 -0.00206619 0.00269737 0.000534464 0.00471841 0.00191344 0.00358305 -0.000854827 0.00206192 -0.000608047 -0.000980943 0.00514618 0.00460489 0.00427083 0.00171837 -0.00299581 -0.00619044 -0.00762578
internal_weight=50347 40400 29757.2 18346.7 9946.99 11410.6 9777.47 4912.66 8041.58 2748.22 10642.8 4864.81 15955.3 14185.9 2391.41 3483.72 930.431 1769.34 9170.49 3368.97 4659.75 1646.24 2553.29 4510.74 4218.11 5293.37 2191.8 1886.9 3702.55 2374.05
internal_count=515187 288815 238321 139839 226372 98482 209854 93445 58616 13424 50494 116409 121592 109493 18247 68423 13398 12099 43646 39866 23689 8115 55025 19957 18575 45192 16108 23268 89962 67257
cat_boundaries=0 1 2 3 4 5 6 7
cat_threshold=6296175 9224320 2630401 33126 61990 37377 4846857
is_linear=0
shrinkage=0.03


Tree=45
num_leaves=31
num_cat=1
split_feature=20 47 7 28 42 66 28 7 9 28 42 29 9 48 7 28 28 7 66 9 32 8 7 28 2 67 36 28 36 42
split_gain=104.182 62.0352 47.4142 51.4846 35.5643 27.9364 27.7389 27.0669 26.96 22.0402 22.1255 21.8047 21.5325 21.2104 20.1122 19.8569 19.4774 18.4183 22.2063 23.1524 20.2198 23.9737 18.0129 17.9118 17.8431 17.7606 17.0195 16.6723 17.8462 15.9997
threshold=-0.014999999999999949 3.3750000000000013 915.50000000000011 0.16 -0.39099281619513743 0.093704619724465352 -1.175 380.50000000000006 -0.018333333333333948 -0.15999999999999995 -0.49099281619513796 1.9450000000000001 0.046666666666667259 0.075234661864367766 969.50000000000011 -0.55500000000000005 1.2 464.50000000000006 0.044695185542428205 -0.07833333333333263 0.021968740718740654 42.350000000000001 556.50000000000011 1.3900000000000003 0 2.2517606506968213 32.865000000000002 -0.45000000000000001 56.035000000000004 -0.38099281619513764
decision_type=2 2 2 2 2 2 2 2 2 2 2 2 2 2 2 2 2 2 2 2 2 2 2 2 1 2 2 2 2 2
left_child=5 11 3 4 15 9 -6 25 24 10 -1 -2 13 -7 16 -3 29 20 19 -19 23 -22 -12 -13 -4 -5 -9 28 -10 -11
right_child=1 2 8 7 6 12 -8 26 27 14 22 17 -14 -15 -16 -17 -18 18 -20 -21 21 -23 -24 -25 -26 -27 -28 -29 -30 -31
leaf_value=-0.010907960528726349 -0.023728357956577309 -0.0056576344212476305 0.0046102394432726993 0.0097768704192482941 -0.00089629511092993892 -0.001005576692891546 0.0026307508174894939 0.001803694470795987 -0.0089801076906909204 -0.0039105981479933081 -0.0021720592333804773 -0.003256134435817442 -0.0057675954916572517 0.0033099768703795753 -0.0040921901648746607 2.7515676239843002e-05 0.0092736683875079551 0.0083194862365276994 -0.0016574313243742415 -0.0099422675644642629 0.0083483549761725687 -0.0038392219163123137 -0.006096493641209213 0.016382324648785886 0.00036648218880732601 0.00091582579897447978 0.0063838319804015043 -0.00085044409314875347 0.0011181731098792538 0.0011090723141062605
leaf_weight=439.72623300339728 42.247230631817729 842.38190702779411 1290.8213935529056 1247.29640243619 2430.9936000902562 3331.492556564559 11167.739623026642 2130.6596737915697 481.09595166592771 869.97820748493405 2572.2840959947507 1207.2874937585832 585.3388016632116 1475.9772603266965 1679.3800698800478 1571.8175305381037 190.84678212524977 65.056762827240846 1033.3729817643525 725.04995013520761 407.04246527510304 219.8684851875978 1827.1311472297493 40.903175988746398 2906.7750424511514 252.84191149621347 1133.5863884924484 6254.8218558983508 225.74223567922854 1644.1615441935696
leaf_count=7232 7005 5622 8195 9340 15498 28685 75288 17953 3483 16547 29910 35569 7882 15587 21823 11136 4038 912 25179 27797 8537 2805 21202 2068 18221 1257 7922 56065 1433 21059
internal_value=6.8233e-05 0.000942753 0.00137155 0.00221874 0.00140121 -0.00206419 0.00199799 0.0049584 -0.000203264 -0.00306731 -0.00446612 -0.00270874 -0.000342467 0.000313961 -0.00151523 -0.00194682 7.5417e-05 -0.00244784 -0.00459425 -0.00838353 -0.000341867 0.00402764 -0.00381077 -0.00256341 0.00169207 0.00830656 0.00340638 -0.00135054 -0.00571865 -0.00061771
internal_weight=50293.7 35677.4 31936.6 20777.3 16012.9 14616.3 13598.7 4764.38 11159.3 9223.51 4839.14 3740.83 5392.81 4807.47 4384.37 2414.2 2704.99 3698.58 1823.48 790.107 1875.1 626.911 4399.42 1248.19 4197.6 1500.14 3264.25 6961.66 706.838 2514.14
internal_count=515250 341285 231413 144016 107544 173965 90786 36472 87397 121811 58344 109872 52154 44272 63467 16758 41644 102867 53888 28709 48979 11342 51112 37637 26416 10597 25875 60981 4916 37606
cat_boundaries=0 1
cat_threshold=184841
is_linear=0
shrinkage=0.03


Tree=46
num_leaves=31
num_cat=9
split_feature=38 9 4 40 66 44 60 14 53 8 47 53 9 58 53 53 2 52 53 3 35 42 64 9 1 2 66 8 53 52
split_gain=128.326 71.255 53.062 48.5234 40.3753 38.592 37.6105 30.0368 27.5052 24.4146 23.468 27.1595 25.2246 21.8116 20.5067 18.8246 21.6295 19.6049 16.7455 15.2289 15.164 14.737 15.1313 15.5976 14.5428 14.3561 13.5099 15.9614 15.044 12.3282
threshold=0.45692642210843798 0.026666666666667654 1.8500000000000003 2.5000000000000004 0.11495991792303541 0.15026868024647447 133.50000000000003 0.14500000000000005 0 23.550000000000004 2.0650000000000008 1 0.070000000000000659 69.850000000000009 2 3 4 1.2954081178458117 5 0.17500000000000002 40.040000000000006 0.79068456118237906 6 -0.029999999999999746 37.955000000000005 7 0.0048563342635902507 18.550000000000004 8 0.97102103154115949
decision_type=2 2 2 2 2 2 2 2 1 2 2 1 2 2 1 1 1 2 1 2 2 2 1 2 2 1 2 2 1 2
left_child=1 2 26 7 5 -5 14 9 -6 -4 18 20 24 -9 29 16 -8 -17 19 25 -12 22 23 -16 -13 -3 -1 28 -28 -2
right_child=6 10 3 4 8 -7 15 13 -10 -11 11 12 -14 -15 21 17 -18 -19 -20 -21 -22 -23 -24 -25 -26 -27 27 -29 -30 -31
leaf_value=-0.016149080178621759 0.0049971752932911314 -0.0052518414802113856 0.010790210842550527 -0.0027689827153783136 -0.0012698040561660449 0.0028676987107444968 0.0026342613127663872 0.0043420690242846876 0.0028051912087296957 0.00019593231958966076 -0.0018371568204531331 -0.0048875324633298823 -0.011484172062260148 -0.004066809760390421 0.0073336262717275365 0.0010559669163927377 -0.0046776515977185393 0.0077702231118686304 -0.0097252211970823774 -0.0073227165066943462 0.0033935972143798753 0.0078422586271989121 -0.0002799330060147885 0.0015700882239423663 0.00031411398126086546 0.01301350051408956 0.0085787311455562381 -0.013806171558698404 -0.007288457007889642 0.0096048404886822317
leaf_weight=191.46393216540946 1952.2373736583377 56.746910708192217 197.97966259457826 10323.65910745258 2823.2102652183912 1215.8630596690928 563.84721535264453 3251.6729924118263 3122.1890322114887 9829.3865976034067 2863.444290939744 2100.1270914887227 440.04359241141765 298.2882075854468 712.03096185821323 2622.6206075686241 973.74715624514283 462.0608864924443 807.91289569509991 169.72877124111915 599.04822406417497 455.25097987340632 1403.0110291076508 1082.0384530953161 614.2337329504885 82.521194952210863 84.009750415993949 132.05390273185503 109.98838185317845 752.05767401718276
leaf_count=16715 9314 1395 6712 91949 23140 7785 2589 38323 24854 105069 33209 27361 6872 5112 3524 11927 4479 2305 33467 8262 6290 2175 6674 4989 8081 2291 4629 4906 6342 4027
internal_value=-8.27412e-05 -0.00088416 -0.000251006 -9.09954e-05 -0.00113669 -0.00217208 0.00278391 0.00125342 0.000867915 0.000410206 -0.00346493 -0.00277716 -0.00478687 0.00362517 0.00428182 0.000716506 -0.00197732 0.00206911 -0.00750047 -0.00121035 -0.000919431 0.0027722 0.00204508 0.00385836 -0.00370004 0.00593909 -0.00976005 -0.00584126 -0.000180947 0.00627261
internal_weight=50292.5 39313.6 31579.8 31062.2 17484.9 11539.5 10978.9 13577.3 5945.4 10027.4 7733.81 6616.9 3154.4 3549.96 6356.63 4622.28 1537.59 3084.68 1116.91 308.997 3462.49 3652.33 3197.08 1794.07 2714.36 139.268 517.516 326.052 193.998 2704.3
internal_count=514767 462764 335536 302944 147728 99734 52003 155216 47994 111781 127228 81813 42314 43435 30703 21300 7068 14232 45415 11948 39499 17362 15187 8513 35442 3686 32592 15877 10971 13341
cat_boundaries=0 1 2 3 4 5 6 7 8 9
cat_threshold=15110596 2141743 10392768 1387682 71769 1081625 395 5361 3850569
is_linear=0
shrinkage=0.03


Tree=47
num_leaves=31
num_cat=9
split_feature=47 4 7 28 28 42 7 28 7 4 2 66 38 53 8 53 29 55 26 53 53 0 53 47 66 9 7 2 53 53
split_gain=112.341 53.84 47.193 62.2659 36.1005 34.0647 32.4322 46.1228 28.0959 26.1081 25.0328 23.9088 22.7218 21.9599 21.9315 21.5853 21.0877 20.5949 20.2573 20.2261 18.9373 18.6152 18.3703 17.7618 17.7189 17.6709 17.0701 16.8373 16.1826 15.6607
threshold=16.705000000000005 3.7500000000000004 883.50000000000011 0.34000000000000002 -0.88999999999999913 -0.38099281619513764 854.50000000000011 -0.47000000000000036 411.50000000000006 1.0000000180025095e-35 0 0.062525060144346417 0.62041168265568292 1 62.750000000000007 2 4.955000000000001 16.050000000000004 22.940000000000005 3 4 0.007430441207434601 5 8.3850000000000033 0.22976843292702032 0.0050000000000002508 603.50000000000011 6 7 8
decision_type=2 2 2 2 2 2 2 2 2 2 1 2 2 1 2 1 2 2 2 1 1 2 1 2 2 2 2 1 1 1
left_child=1 9 3 4 15 -6 7 19 -5 -1 20 29 13 24 23 -3 -10 21 -14 -2 -9 26 -12 -13 27 -20 -11 -8 -27 -4
right_child=6 2 11 8 5 -7 12 10 16 17 22 14 18 -15 -16 -17 -18 -19 25 -21 -22 -23 -24 -25 -26 28 -28 -29 -30 -31
leaf_value=-0.024399770250420033 0.002738274772742369 -0.0006994621325680571 -0.0091461215082967711 0.0077895058951970853 -0.0032726259675236397 0.00088229894813350151 -0.00042147298883990806 0.0084916402758130772 -0.0040690142342202423 -0.0026759343049975754 0.0055045391933709496 -0.002541827861234571 0.012783998383190019 0.00088519750625282005 -0.005022829025651392 -0.0048729658818244702 0.0037339403327687985 -0.013575695877856885 0.0043976891188903097 -0.00092467161724815033 0.003768236941586007 0.006430061770295069 0.00086468651705005081 0.0017915324498389402 0.0064924325497362862 -0.011137330803414554 -0.0098964253018567604 -0.0048597263856493015 0.00117066730487492 -0.0037999317586280318
leaf_weight=68.62420161939599 2274.0831917008591 1998.3247932962804 664.19727516603598 1103.9773449890799 2206.0615934509242 9065.7838788942081 1480.2478560559939 1621.5919229724004 434.68000543122798 847.27825022102115 1166.6657947186641 1676.6321684817722 187.61778038715511 5200.4745555399422 1229.608494061792 2609.6480388394921 1070.611378917074 250.012983041192 1036.164941046387 3313.2536714433545 1625.5908444144561 130.96152059702126 2301.8631659498878 1720.7817435646548 193.10599133452342 130.03992465424653 466.13643106549716 1650.2852261432308 285.98252944818887 2300.3527250720254
leaf_count=13142 11067 20366 10970 12754 26353 97269 8120 8008 7905 37821 5741 31072 896 29260 10116 25882 14214 6927 5733 16114 8144 3638 11477 20996 1381 636 23056 9107 1370 35716
internal_value=-2.88191e-05 -0.00130278 -0.000958172 -0.00013865 -0.000846063 6.60233e-05 0.00154866 0.00258484 0.00415247 -0.00637673 0.0042606 -0.00294959 0.000291177 -0.000327982 -0.00159138 -0.00308274 0.00145838 -0.00560119 0.00352447 0.000564496 0.00615882 -0.00418324 0.00244755 -0.000338404 -0.0022306 0.0022916 -0.00527247 -0.00278918 -0.00287809 -0.00505684
internal_weight=50310.6 27843.7 26080.7 18489.1 15879.8 11271.8 22467 12303 2609.27 1763.01 6715.71 7591.57 10163.9 8524.11 4627.02 4607.97 1505.29 1694.39 1639.81 5587.34 3247.18 1444.38 3468.53 3397.41 3323.64 1452.19 1313.41 3130.53 416.022 2964.55
internal_count=515251 398197 313613 204743 169870 123622 117054 60551 34873 84584 33370 108870 56503 47868 62184 46248 22119 71442 8635 27181 16152 64515 17218 52068 18608 7739 60877 17227 2006 46686
cat_boundaries=0 1 2 3 4 5 6 7 8 9
cat_threshold=83037 1173010 13700760 9078484 2446430 1360052 215625 458996 66000
is_linear=0
shrinkage=0.03


Tree=48
num_leaves=31
num_cat=10
split_feature=38 29 7 0 26 20 40 38 0 4 66 53 53 60 44 53 53 53 53 7 53 10 2 61 45 53 2 26 11 26
split_gain=106.005 59.8749 54.3944 53.4928 52.4304 33.0713 33.0385 32.5834 29.3203 26.6072 25.6358 24.0402 22.1522 22.1255 20.6518 18.1434 16.7906 16.2307 16.0544 15.5389 19.9785 14.3873 14.4196 14.3303 13.5526 18.3325 15.2444 13.4975 12.7942 12.4312
threshold=0.35932089451905408 2.5350000000000006 889.50000000000011 0.025048622984470904 16.630000000000006 -0.089999999999999927 2.5000000000000004 0.58040445495384219 0.058630211415462812 1.1500000000000001 0.10786131604562067 0 1 136.50000000000003 0.15026868024647447 2 3 4 5 166.50000000000003 6 0.09000000000000026 7 0.29128959276018102 2.7083333333333335 8 9 26.420000000000005 -0.046871234939759039 24.135000000000005
decision_type=2 2 2 2 2 2 2 2 2 2 2 1 1 2 2 1 1 1 1 2 1 2 1 2 2 1 1 2 2 2
left_child=1 -1 3 5 11 23 24 19 10 -7 16 -5 -12 18 -6 29 -4 -10 28 20 -8 22 -21 -3 25 -2 -27 -20 -9 -15
right_child=6 2 8 4 14 9 7 13 17 -11 12 -13 -14 15 -16 -17 -18 -19 27 21 -22 -23 -24 -25 -26 26 -28 -29 -30 -31
leaf_value=-0.014957465657900362 0.0065806713056498923 -0.004670621264099257 -0.0018977710012474407 0.0014530231220437214 -0.00042707191005673039 -0.010418760927418613 -0.0046368265557838314 0.011247804485114053 0.0060478631224739126 -0.00032406578249371691 0.0011474342126651404 0.0067630216644307848 -0.0035436332272075939 0.0028048965693973503 0.0059597665711864437 0.0023918194784767382 -0.0053825826176662631 -0.00093851511145865135 0.00514809292506714 -0.0028856991501269524 0.013177669220967702 -0.0043303402873319302 0.0010269956441500867 0.018781921677478119 0.0051500739780776369 0.0039906839950180472 -0.0091630212336708521 -0.00047451561236795485 0.0050209584067789099 -0.0062800950548236468
leaf_weight=268.76383307068318 216.82761118536018 2273.6024728433704 1877.3085117957503 1271.4519314931376 5517.8018968430051 237.73941362323967 80.261269673705101 435.35989893024544 475.85950535217398 12705.626527353257 1872.9780268061691 2078.2020116858648 1725.7440515697676 185.83223680508399 494.4729319125845 1558.2223364958809 4147.6283599077306 757.15931175167589 769.69973371186461 1150.2387364296737 149.26467039543877 836.84276894296909 3118.8321615918358 21.272423608673307 3465.6967440866847 114.30989883095026 208.35534680953333 747.08232379603123 1062.4659920641961 456.39876279150121
leaf_count=19026 935 30314 26411 12204 35269 16320 346 2310 3143 172678 22288 19955 21051 836 2661 7596 61078 4977 3865 5124 654 3601 13915 244 15340 495 895 4090 5555 2248
internal_value=-1.74038e-05 -0.000897237 -0.000788977 -7.10481e-06 0.00177623 -0.00110479 0.00213983 0.00125481 -0.00255753 -0.00051338 -0.00311668 0.004783 -0.00110118 0.00294132 9.50257e-05 0.000637358 -0.0043148 0.00178025 0.00461157 -0.00038852 0.00720132 -0.000738265 -2.54082e-05 -0.004424 0.0044619 0 -0.00443744 0.00234653 0.00681799 -0.00354911
internal_weight=50281.3 35725.6 35456.8 24600.2 9361.93 15238.2 14555.7 10550.5 10856.7 12943.4 9623.66 3349.65 3598.72 5215.06 6012.27 2200.45 6024.94 1233.02 3014.61 5335.44 229.526 5105.91 4269.07 2294.87 4005.19 539.493 322.665 1516.78 1497.83 642.231
internal_count=515424 447619 428593 289645 70089 219556 67805 50140 138948 188998 130828 32159 43339 26500 37930 10680 87489 8120 15820 23640 1000 22640 19039 30558 17665 2325 1390 7955 7865 3084
cat_boundaries=0 1 2 3 4 5 6 7 8 9 10
cat_threshold=1003812 6120611 337505 3940396 10582064 10274002 1076750 45124 6950336 166680
is_linear=0
shrinkage=0.03


Tree=49
num_leaves=31
num_cat=7
split_feature=4 20 9 29 14 8 53 53 38 53 8 47 48 41 30 66 8 15 14 9 42 35 42 34 53 32 2 69 2 53
split_gain=96.3833 61.7115 42.95 36.6166 33.6432 27.1284 25.6382 25.4861 23.9712 21.9339 20.6177 18.7551 19.6996 17.7391 26.6861 17.6243 21.825 17.7128 16.7035 16.9149 16.3105 16.4699 15.6945 15.5745 15.35 14.6311 14.4296 13.2913 12.9679 12.436
threshold=10.550000000000002 -0.044999999999999943 0.023333333333332953 2.5350000000000006 0.13500000000000004 53.350000000000001 0 1 0.58040445495384219 2 49.150000000000013 8.7550000000000043 0.074062975369997466 2.5000000000000004 0.27327962609925593 0.11608792426192187 51.050000000000004 6.8450000000000006 0.10500000000000002 0.019999999999999952 0.95900718380486227 32.175000000000004 0.47900718380486268 2.5000000000000004 3 0.052016288826029301 4 -2.4748737341529154 5 6
decision_type=2 2 2 2 2 2 1 1 2 1 2 2 2 2 2 2 2 2 2 2 2 2 2 2 1 2 1 2 1 1
left_child=3 10 4 -1 5 9 -4 15 -7 -3 29 26 -13 14 -6 16 22 -17 19 -9 21 -8 -5 28 -15 -21 -12 -28 -20 -2
right_child=1 2 6 7 13 8 20 18 -10 -11 11 12 -14 24 -16 17 -18 -19 23 25 -22 -23 -24 -25 -26 -27 27 -29 -30 -31
leaf_value=-0.015389842348998792 -0.0018699413593330164 0.0086277691048256919 -0.0034626509942966271 -0.0014808275704782251 0.0043207252797257591 8.4403971889196236e-05 -0.0022494081662566374 -0.0035095481684422635 0.0028133211350403189 0.0012402196003523747 -0.0019969454764111002 -0.0028297411535378649 0.001216228958808183 0.0039724260275047513 0.014684738696671728 0.011277662377970857 -0.0096257725223900907 -0.00063499210646237106 -0.0037650227541746275 -0.0087153743512545026 0.0069249268892156331 0.0016541450648086516 0.0046361826533253322 -0.0034429628102775863 0.00054485877709527101 0.0077761446462856851 0.0023030907955830042 -0.0094696360802239057 0.0034180917011220955 0.0071100878815178858
leaf_weight=200.34633231067346 222.69817692227662 712.66184661120406 2450.0877139048953 1728.5434144779515 2554.2810988972751 13926.269835402254 1802.8299754382215 3032.007945569977 3664.4142841632238 771.42415524846092 695.00306882336736 3400.8096638735869 1575.1983824400231 2316.1780955044751 247.17573980428278 224.79151116304365 240.78218867951455 213.2972543611836 311.56478066393151 1020.9117601504213 315.57103708179875 2105.4508759187993 480.44866616054651 1623.6796745066442 2449.4333803661739 47.404157881099309 92.469500916078687 735.6453340262824 731.06446415377286 332.1803422793746
leaf_count=18447 2508 7479 23213 42147 18343 86011 15928 54915 19110 8418 6350 24871 12559 14594 2532 3357 2889 3685 6473 28798 2742 17981 10378 39203 15416 792 792 6588 15206 3627
internal_value=-6.89768e-05 0.00057976 0.00112006 -0.00272911 0.00165959 0.000985714 -0.00102906 -0.00246014 0.000654841 0.00488117 -0.00196741 -0.00244424 -0.00154295 0.00335361 0.00525568 -8.34234e-05 -0.0010861 0.00543292 -0.00346447 -0.00467513 0.000383721 -0.000139062 -0.000133839 -0.00160233 0.00222746 -0.00794241 -0.0053632 -0.00801993 0.00123645 0.00355245
internal_weight=50224.6 40369.8 33315.8 9854.84 26641.8 19074.8 6673.94 9654.5 17590.7 1484.09 7054 6499.13 4976.01 7567.07 2801.46 2887.86 2449.77 438.089 6766.63 4100.32 4223.85 3908.28 2208.99 2666.31 4765.61 1068.32 1523.12 828.115 1042.63 554.879
internal_count=515352 289062 231767 226290 171903 121018 59864 207843 105121 15897 57295 51160 37430 50885 20875 62456 55414 7042 145387 84505 36651 33909 52525 60882 30010 29590 13730 7380 21679 6135
cat_boundaries=0 1 2 3 4 5 6 7
cat_threshold=16711824 1648897 7873235 15885587 237717 38209 10695010
is_linear=0
shrinkage=0.03


Tree=50
num_leaves=31
num_cat=6
split_feature=47 7 28 20 4 28 42 34 53 53 44 32 2 45 48 0 52 39 53 53 7 7 64 45 45 7 48 28 3 42
split_gain=95.4023 75.7787 77.9905 43.1007 37.0241 34.5302 34.0294 25.5633 26.0942 25.4227 24.8402 23.0371 18.8116 18.4956 17.6899 18.5793 17.1887 16.8954 16.476 16.1051 15.9369 15.8945 15.894 15.6535 15.477 15.0007 14.8206 13.6361 14.4254 13.1523
threshold=4.4850000000000021 546.50000000000011 0.22500000000000009 -0.014999999999999949 1.0500000000000003 -1.1599999999999993 -0.31099281619513736 3.5000000000000004 0 1 0.0028368851403553501 0.043375647439018956 2 1.9166666666666667 0.075624895415699375 0.044915432929564757 -0.61862692744683356 4.5000000000000009 3 4 274.50000000000006 1024.5000000000002 5 3.4500000000000006 4.7750000000000012 1068.5000000000002 0.082351981338346716 -0.60999999999999954 0.21500000000000005 -0.8109928161951373
decision_type=2 2 2 2 2 2 2 2 1 1 2 2 1 2 2 2 2 2 1 1 2 2 1 2 2 2 2 2 2 2
left_child=4 2 5 14 -1 -2 24 21 16 10 11 29 -10 -8 15 17 -9 -3 20 -17 23 26 -23 -4 -7 -16 -5 -12 -29 -6
right_child=1 3 18 7 9 6 13 8 12 -11 27 -13 -14 -15 25 19 -18 -19 -20 -21 -22 22 -24 -25 -26 -27 -28 28 -30 -31
leaf_value=-0.013167305280119721 -0.0015380144217608702 -0.0052124167917463413 0.0014227785020839642 0.0028307936252315764 -0.0071884392221686676 -0.0019514530802652924 -0.0024580498987809229 -0.0025918715036712127 -0.0040643003432153267 -0.0042315949519062491 -0.0046134910300466197 0.016290748641409791 -0.00038275166773607197 0.0036105859985076363 0.0016290909613135055 -0.003997091373373585 0.0019954013726350508 0.00051287674688766326 0.0094361235701182489 0.0021474225089228955 -0.00073035103034709296 0.0021472351245563227 -0.0014119364881870176 0.012459729225829622 0.0067523025111538171 -0.0045999908832099279 -0.0027240467116599431 -0.00017962929775281098 -0.013679747063866788 0.0033755825598011861
leaf_weight=303.32474451743838 2792.5392317953683 3192.5192727214762 219.199497945242 5515.6037394219002 122.9392136520546 1903.0226878530639 476.3515330961045 942.40637655988485 2524.6357735228739 3971.1827530781011 1217.4399165988361 110.08042541766099 2519.7969348303204 6891.9262255286576 1447.7955473143793 654.58641617000103 3262.4227517628733 531.33103912370279 1422.2077563263438 889.95782795362175 363.25652092412838 1908.236601676087 2727.8245783651555 261.47861826303506 200.4806522853487 455.4732149366755 461.97974789769796 2144.3987968430561 71.90929795592956 664.29912032654011
leaf_count=29213 18079 29643 1343 38094 4181 12695 2731 9188 19273 85957 19228 1503 19148 44911 14509 4039 22365 6844 9853 5588 2391 14243 20375 2082 1804 5911 3909 44953 3150 17341
internal_value=-7.18125e-06 0.000587504 0.00233485 -0.000350647 -0.00288247 0.00138647 0.002252 0.000367854 -0.000782882 -0.00250002 -0.000892362 0.00353257 -0.0022365 0.00321362 -0.00234436 -0.00323982 0.00095713 -0.00438762 0.00744847 -0.00045102 0.00389145 0.00137345 4.84558e-05 0.00751555 -0.00110204 0.000119393 0.0023957 -0.00206141 -0.00064311 0.0016738
internal_weight=50170.6 41565 14530.5 27034.6 8605.57 12264.3 9471.78 19862.9 9249.26 8302.25 4331.07 897.319 5044.43 7368.28 7171.66 5268.39 4204.83 3723.85 2266.14 1544.54 843.935 10613.6 4636.06 480.678 2103.5 1903.27 5977.58 3433.75 2216.31 787.238
internal_count=514544 309018 95889 213129 205526 80220 62141 146595 69974 176313 90356 23025 38421 47642 66534 46114 31553 36487 15669 9627 5816 76621 34618 3425 14499 20420 42003 67331 48103 21522
cat_boundaries=0 1 2 3 4 5 6
cat_threshold=16122030 1681843 74992 7487653 2885108 390
is_linear=0
shrinkage=0.03


Tree=51
num_leaves=31
num_cat=4
split_feature=47 7 28 38 28 4 42 28 7 20 34 28 2 28 42 28 28 8 32 6 55 58 5 2 37 42 42 2 67 2
split_gain=92.0686 60.1001 60.5543 44.7535 35.6399 35.2948 27.5549 25.9254 29.4649 24.4637 24.113 23.0946 22.4657 25.0931 22.3435 20.6325 19.1265 17.6575 17.2068 16.9861 16.3581 15.644 14.7228 14.3332 13.9568 13.7272 13.4139 13.9632 13.2687 13.431
threshold=5.7950000000000017 546.50000000000011 0.22500000000000009 0.58234112922277359 -1.175 1.0000000180025095e-35 0.44900718380486243 0.049999999999999913 503.50000000000006 -0.0099999999999999482 3.5000000000000004 -0.79999999999999949 0 -0.96500000000000019 -0.39099281619513743 1.4500000000000006 1.8800000000000003 49.150000000000013 0.061407997988830808 20.750000000000004 15.250000000000002 79.050000000000011 0.18500000000000003 1 5.7950000000000008 -1.1409928161951373 0.48900718380486247 2 0.7639264264264265 3
decision_type=2 2 2 2 2 2 2 2 2 2 2 2 1 2 2 2 2 2 2 2 2 2 2 1 2 2 2 1 2 1
left_child=5 2 4 9 26 -1 7 18 15 21 20 -12 13 -8 -6 -9 23 -16 -7 -15 -11 -3 -10 -4 -5 -18 -2 -28 29 -26
right_child=1 3 16 24 14 6 12 8 22 10 11 -13 -14 19 17 -17 25 -19 -20 -21 -22 -23 -24 -25 28 -27 27 -29 -30 -31
leaf_value=-0.024427639201506254 -0.0038336396607819676 -0.0018474182087445698 0.010353304041640091 0.0094688446831773711 -0.00094709802203097931 -0.0048697910261791127 -0.0027832722416826711 0.0013313144866103305 -0.00080249640488318892 0.0055661075891089117 -0.0071244715730793924 -0.00085125102455006459 -0.0022108910810550784 0.012068565706445641 0.009204918167301861 0.015194665988862762 0.0080580310905095688 0.0025871110627768419 0.0043574728188753419 0.0029387025756211901 0.00062440771352069023 -0.0077369823279353636 -0.0065104169292360767 0.0045575119274648837 0.0069633500579561547 0.035493136691541617 0.0063555996535843906 -0.0013513185101431836 0.00067958942609842778 0.0010269392322274256
leaf_weight=64.159846786824346 1361.8716825423453 6714.1122112257799 582.18441080902448 261.68274751324861 1609.5278824751231 5027.9774109411201 406.76023902414954 1098.4770309477149 858.95512052425465 656.96350676591646 576.63936669637224 6355.0230553303363 1534.7827913979513 293.54805098105862 386.07970997912435 104.96653859368143 39.1086415873433 6855.1642919096867 183.78812084466608 521.10840509051195 7457.9700100929249 434.66641369709942 795.60082495183633 1434.0717669076057 817.4796480823934 34.538247133579716 272.43291975091233 806.59784276207574 2037.6398070320729 632.41341026113423
leaf_count=13171 8441 59098 3622 1186 10323 97417 6585 24507 18925 5948 3839 49987 27394 8180 3806 3182 337 40734 2112 6739 53251 5164 27210 9257 4375 263 1707 4934 10175 3417
internal_value=-8.78537e-05 0.000587523 0.0022206 -0.000253726 0.00134847 -0.00252917 -0.00239214 -0.00327668 -0.000966163 -0.000766935 -7.82796e-05 -0.00137935 0.000187311 0.00321579 0.00223503 0.00258859 0.00691254 0.00294654 -0.0045371 0.00628673 0.00102944 -0.00221178 -0.00356983 0.00632836 0.00277527 0.0219191 -0.00185314 0.000621218 0.00225928 0.00445469
internal_weight=50216.3 39326.2 13381.6 25944.6 11291.7 10890.1 10826 8069.77 2858 22195.4 15046.6 6931.66 2756.2 1221.42 8850.77 1203.44 2089.9 7241.24 5211.77 814.656 8114.93 7148.78 1654.56 2016.26 3749.22 73.6469 2440.9 1079.03 3487.53 1449.89
internal_count=515286 279864 83424 196440 69945 235422 222251 173353 73824 177287 113025 53826 48898 21504 54863 27689 13479 44540 99529 14919 59199 64262 46135 12879 19153 600 15082 6641 17967 7792
cat_boundaries=0 1 2 3 4
cat_threshold=30748 2648 19264 76685
is_linear=0
shrinkage=0.03


Tree=52
num_leaves=31
num_cat=13
split_feature=47 42 26 38 28 52 0 28 53 4 14 53 53 2 38 44 26 53 29 66 53 2 53 53 32 54 64 2 53 53
split_gain=80.2569 48.1112 37.2221 43.2105 36.8975 36.4135 33.6117 28.917 28.5828 26.3159 24.8532 23.1976 23.0236 22.1694 21.6611 21.5718 20.9357 19.9334 19.4569 19.4245 19.2511 19.0314 18.067 17.6722 20.0403 17.0664 16.8863 16.5236 15.4978 15.2749
threshold=8.7550000000000043 0.064282067261203682 20.950000000000006 0.47523155737026329 -0.23000000000000012 0.1931668523215587 0.044915432929564757 -1.0149999999999999 0 1.0000000180025095e-35 0.14500000000000005 1 2 3 0.63477203368440394 0.014952449058433752 11.550000000000002 4 5.4150000000000009 0.11608792426192187 5 6 7 8 0.021534370796194604 5.7000000000000002 9 10 11 12
decision_type=2 2 2 2 2 2 2 2 1 2 2 1 1 1 2 2 2 1 2 2 1 1 1 1 2 2 1 1 1 1
left_child=1 4 3 6 11 14 8 23 21 -6 15 13 -11 -1 22 17 -10 -9 29 -14 -5 -2 -4 -3 -25 -20 -26 -8 -17 -7
right_child=2 7 5 20 9 18 27 10 16 12 -12 -13 19 -15 -16 28 -18 -19 25 -21 -22 -23 -24 24 26 -27 -28 -29 -30 -31
leaf_value=-0.0081973340187253673 0.0039248630364336935 0.00011994743536481792 -0.00089604204533869623 0.0059417287371143265 -0.024841403427493348 -0.0095234042271356845 0.0077185747387109038 0.0065135546094501617 0.00021610823509761887 -0.0038291992762664443 0.0045519779488401926 -0.008148781626611673 -0.00099619543302780921 -0.00054174275062687956 0.0022730498027608193 -0.0055982608683305297 -0.0029896111683853461 0.00015191970115133269 0.022463162877258858 0.0052853690140027398 0.002073233574333715 0.00030230867054441301 -0.0044874371342563798 -0.010324205523180859 0.0040654809559517282 0.0011982310165660514 -0.0059913038246696059 0.0023493157908244327 -0.00031125305786144957 5.7346756024919666e-05
leaf_weight=501.47784785132399 2194.8052252365333 761.26210076159578 2258.3547076130881 2370.3069387972855 42.230817540636053 262.99906787400596 696.86760805421727 596.99607808901919 4521.6813611601183 2145.7346469863151 1298.2038125302633 1839.9404943313705 2037.4067388369167 1058.8934225512178 818.33914553654904 798.69128133057529 3064.0013204965862 1681.0999781237365 32.312817357391395 563.13409129224874 2395.6459265962485 3263.7209424102302 2970.906188627243 495.6157776811242 232.9844380660079 7077.9169200601664 374.74626939025393 2151.7389229111795 1349.356576986881 324.82014639253066
leaf_count=8879 15685 10690 15883 10600 9895 1398 5324 12048 33573 45298 23013 31874 47498 17538 4006 9780 22823 33037 273 8642 10545 23315 21549 8925 2778 40677 4419 16831 16535 1796
internal_value=-0.000101387 -0.0018734 0.000710443 0.00151565 -0.00346806 -0.000497592 0.000761751 -0.000148284 0.00011445 -0.00176095 0.000904635 -0.00586083 -0.0015389 -0.00306499 -0.00224069 -0.000159941 -0.00107382 0.00186569 0.000868116 0.000354174 0.00402198 0.00176979 -0.00295339 -0.00339432 -0.00579069 0.00130538 -0.00211755 0.00371316 -0.0023219 -0.00435661
internal_weight=50182.2 15777.8 34404.4 20658.8 8188.82 13745.6 15892.8 7588.96 13044.2 4788.51 5724.35 3400.31 4746.28 1560.37 6047.6 4426.14 7585.68 2278.1 7698.05 2600.54 4765.95 5458.53 5229.26 1864.61 1103.35 7110.23 607.731 2848.61 2148.05 587.819
internal_count=515127 290849 224278 138696 169624 85582 117551 121225 95396 111333 94413 58291 101438 26417 41438 71400 56396 45085 44144 56140 21145 39000 37432 26812 16122 40950 7197 22155 26315 3194
cat_boundaries=0 1 2 3 4 5 6 7 8 9 10 11 12 13
cat_threshold=167548 1812999 3283166 141472 1067297 8860148 92179 3171177 12692618 232 35602 4427833 3350739
is_linear=0
shrinkage=0.03


Tree=53
num_leaves=31
num_cat=3
split_feature=47 7 28 38 28 0 4 39 40 67 42 66 7 28 42 2 14 15 26 10 2 8 47 26 56 0 66 2 7 35
split_gain=88.5299 62.6899 56.5466 44.8159 35.0414 34.8795 34.2128 29.3379 27.2813 24.673 23.6511 21.0734 20.0806 27.0522 21.6702 21.5271 19.436 16.9778 16.8001 20.9208 17.2494 15.6813 15.0999 15.0666 15.031 15.0076 16.2391 14.9025 12.9198 14.8569
threshold=4.575000000000002 546.50000000000011 -1.175 0.46392239858906531 0.22500000000000009 0.058630211415462812 1.0000000180025095e-35 4.5000000000000009 2.5000000000000004 1.4652205654060133 -0.31099281619513736 0.11608792426192187 515.50000000000011 -0.86999999999999988 0.44900718380486243 0 0.21500000000000002 6.7750000000000012 20.415000000000003 0.11999999999999968 1 20.450000000000003 41.965000000000011 20.950000000000006 21.650000000000002 0.047485743257857455 0.24263724582619081 2 1177.5000000000002 39.015000000000008
decision_type=2 2 2 2 2 2 2 2 2 2 2 2 2 2 2 1 2 2 2 2 1 2 2 2 2 2 2 1 2 2
left_child=6 2 22 5 10 7 -1 8 -3 28 -4 12 13 -8 24 -15 -12 -9 19 -7 -20 -13 25 -11 -14 26 -2 -16 -5 -30
right_child=1 3 4 9 -6 18 11 17 -10 23 16 21 14 15 27 -17 -18 -19 20 -21 -22 -23 -24 -25 -26 -27 -28 -29 29 -31
leaf_value=-0.024678004745790474 -0.0051758964070553141 -0.00023632156501232686 -0.00052164314861027753 0.0040603529344442803 0.0064400063025958259 0.00726734398659364 -0.0055597967403124716 0.0069601324900868808 -0.0027715874884690034 0.0013926213169072057 0.0025715943258288586 0.036153592827278647 -0.0058720401836126462 -0.0034166257327932913 0.0035045346895443107 0.0018686171790263917 0.007897875230159437 9.8884462194422015e-05 0.0054221742577645815 -0.0054057189517708118 -0.003190354930703685 0.00032864607669414413 0.0017984575616709589 -0.0034225771951302305 -0.016453709544748663 0.0034188460958466511 0.0056184645623051548 -0.0054279888062071626 -0.00050290947904489604 0.0055935764597377048
leaf_weight=61.850483773192536 1501.6284926258868 6237.8646531424329 2105.0297399486308 3171.9766307496147 2259.2289329167234 857.31040075907549 1251.1902495013555 528.06835347381548 9967.122609612954 1251.2746227722773 6759.3548334129709 9.1056569801030474 2205.0648132007273 1151.4241505865366 379.62939921463931 1702.322413038677 685.12991871041959 860.91352037342131 312.34133633166221 131.49416467752781 577.30704630384116 1516.3321154089044 751.14840724663554 1087.0978315699367 130.54774026753375 259.16155044590323 132.60144242237675 281.87034677581914 1495.9653008651667 468.90721435977139
leaf_count=13163 10995 65819 14406 15707 15460 6176 24420 6605 78487 5433 43181 329 63038 24594 9268 38830 4717 13762 1551 1238 2873 23551 3510 5144 2728 1550 1003 7627 7178 2297
internal_value=1.27432e-05 0.000591169 0.00218526 -0.000262802 0.00307411 -0.00102177 -0.00273925 -0.00143784 -0.00179768 0.00170999 0.00227348 -0.00257282 -0.00326048 -0.00188439 -0.00513269 -0.000259677 0.0030678 0.00273524 0.00285666 0.00554425 -0.000102578 0.000609192 -0.00177175 -0.000834134 -0.0064899 -0.00320435 -0.00427591 -0.000290348 0.00287383 0.000940943
internal_weight=50090.3 41400.9 14453.3 26947.6 11808.7 19472.4 8689.34 17594 16205 7475.22 9549.51 8627.49 7102.05 4104.94 2997.11 2853.75 7444.48 1388.98 1878.45 988.805 889.648 1525.44 2644.54 2338.37 2335.61 1893.39 1634.23 661.5 5136.85 1964.87
internal_count=514640 307092 94822 212270 77764 176511 207548 164673 144306 35759 62304 194385 170505 87844 82661 63424 47898 20367 11838 7414 4424 23880 17058 10577 65766 13548 11998 16895 25182 9475
cat_boundaries=0 1 2 3
cat_threshold=5610 61606 127440
is_linear=0
shrinkage=0.03


Tree=54
num_leaves=31
num_cat=12
split_feature=4 29 48 5 46 9 44 66 44 53 67 53 58 53 35 45 53 43 53 53 53 51 48 53 4 8 2 2 2 2
split_gain=82.4438 48.0607 39.8514 40.6233 35.2417 30.206 28.9851 26.4891 30.6208 25.646 25.2909 25.9279 25.524 24.772 23.8893 20.2825 19.7816 18.3882 17.58 17.4214 17.1064 16.6905 15.3199 15.7045 17.5596 14.1736 13.8894 13.2936 12.0856 10.7082
threshold=22.350000000000005 2.5350000000000006 0.076165517975165506 0.17500000000000002 0.047499999999999952 0.023333333333332953 0.063316728649902718 0.11495991792303541 0.11024233383870492 0 2.0276155142567363 1 70.950000000000017 2 28.600000000000005 2.4500000000000006 3 0.23284859752726506 4 5 6 5.5000000000000009 0.070805192047157212 7 50.050000000000004 59.550000000000004 8 9 10 11
decision_type=2 2 2 2 2 2 2 2 2 1 2 1 2 1 2 2 1 2 1 1 1 2 2 1 2 2 1 1 1 1
left_child=1 -1 7 15 5 10 13 8 14 25 12 29 19 -5 -3 20 -8 -10 -14 -2 -4 -11 26 28 -25 -9 -7 -17 -24 -12
right_child=4 2 3 6 -6 22 16 9 17 21 11 -13 18 -15 -16 27 -18 -19 -20 -21 -22 -23 23 24 -26 -27 -28 -29 -30 -31
leaf_value=-0.014699670007832091 0.003637723440756485 -0.0060719988445911413 -0.0061564196381534543 0.00048014415235882846 0.0043816487101473204 -0.0063507115744096607 0.0076116723256494856 0.0039013818225663525 -0.0036107838385911343 -0.0013396203805916579 -0.001363151858519075 -0.0026695479904481484 -0.0081245446903479603 -0.0039567488164277097 -0.0025074290140744263 0.0055310985964164032 -0.00058221623696192121 0.0040455310141166018 0.00037483085828093806 0.0013787649872304163 0.0020414174276552322 -0.0084504903715562161 0.001114170251935293 -0.00041452002092509188 0.0070290263683532583 -0.00051395194657114841 -0.00070803897319793036 0.0019806480186962626 -0.0063405354002168401 0.0063470299989983672
leaf_weight=228.40117673155328 5533.7088051676355 2321.2769093247407 411.54284961396024 1811.7441532874548 3082.1675000573596 843.97310975245637 480.02010624894683 1448.6452160381809 415.9014052276043 2537.9811780577843 231.56414196739297 2200.720549992674 335.0726791169036 2968.0630897595811 6480.0936073393023 1461.7632288271698 565.5041535152377 854.2755851859938 581.945092704329 7145.3527090305624 484.31734627717196 337.99407638009234 336.76120402981451 746.86163466369271 452.53379915660298 1171.7446115881385 771.10452528569385 2929.6373034543931 436.4639865749532 487.52251541602891
leaf_count=18735 27855 35880 3712 38320 17399 5151 5115 17564 4566 25177 1052 9968 2740 62755 94408 18707 6458 5548 4691 35455 4285 5005 1752 4280 1996 9240 4701 37858 2335 2181
internal_value=8.13322e-05 -0.00104771 -0.00092862 0.000441467 0.00139294 0.000932849 -0.00128306 -0.00190847 -0.00282276 -0.000227241 0.00147576 -0.0010502 0.0020205 -0.00227648 -0.00345212 0.00234694 0.00322557 0.00151326 -0.00279339 0.00237142 -0.00174227 -0.00218344 -0.00155749 0.000202363 0.00235638 0.0019094 -0.00372308 0.00318839 -0.00308819 0.0038415
internal_weight=50094.7 26908.9 26680.5 11112.6 23185.8 20103.6 5825.33 15567.9 10071.5 5496.37 16515.9 2919.81 13596.1 4779.81 8801.37 5287.26 1045.52 1270.18 917.018 12679.1 895.86 2875.98 3587.7 1972.62 1199.4 2620.39 1615.08 4391.4 773.225 719.087
internal_count=514889 393333 374598 177210 121556 104157 112648 197388 140402 56986 83942 13201 70741 101075 130288 64562 11573 10114 7431 63310 7997 30182 20215 10363 6276 26804 9852 56565 4087 3233
cat_boundaries=0 1 2 3 4 5 6 7 8 9 10 11 12
cat_threshold=1698867 8392725 9972483 2779804 9454023 8261812 3469540 10169392 173640 180931 51799 74432
is_linear=0
shrinkage=0.03


Tree=55
num_leaves=31
num_cat=12
split_feature=47 7 28 8 29 14 9 32 67 44 35 29 53 2 53 53 14 53 33 53 42 2 2 47 28 53 28 53 2 53
split_gain=76.0768 45.8162 45.8957 42.3392 41.693 36.8822 33.469 32.519 26.2286 24.295 24.186 23.9108 22.14 20.8266 19.5709 18.2446 17.2689 22.5452 16.4398 22.3142 15.6561 15.5369 15.1843 14.8466 16.5177 14.1709 14.032 13.4348 13.1927 13.1636
threshold=8.7550000000000043 392.50000000000006 -0.13999999999999915 57.050000000000004 2.5350000000000006 0.10500000000000002 -0.0058333333333332989 0.039786861148801408 2.1863732767762465 0.063316728649902718 36.275000000000013 6.3850000000000007 0 1 2 3 0.17500000000000002 4 1.5000000000000002 5 0.57900718380486238 6 7 62.385000000000012 0.29000000000000015 8 0.90499999999999992 9 10 11
decision_type=2 2 2 2 2 2 2 2 2 2 2 2 1 1 1 1 2 1 2 1 2 1 1 2 2 1 2 1 1 1
left_child=3 2 16 4 -1 7 18 9 13 -6 14 15 -9 25 22 -7 17 -2 -3 -20 -16 -21 -8 24 -12 -4 -15 -18 -19 -5
right_child=1 6 8 29 5 11 10 12 -10 -11 23 -13 -14 26 20 -17 27 28 19 21 -22 -23 -24 -25 -26 -27 -28 -29 -30 -31
leaf_value=-0.014876865139497708 0.0027133554625269948 0.002133105438178678 0.0070691706901169094 -0.0089603366227170855 -0.0037483088333992286 -0.0021648814982870861 -0.00053879417148002256 0.0048735954443913298 -0.00039214942361115847 0.0037586625535644871 -0.0011406780200724955 0.0080212948847442293 -0.0015416588316922366 0.0081119153244799264 -0.0017285806029765192 0.0017092642264820138 -0.0029830510052525822 -0.0038449635890807172 -0.0031616508297179478 0.0053580416053826945 0.0022801778667753381 0.00038943971972226073 -0.0058536241942970775 0.0092379109774998226 0.0028104866405704947 -0.0045481362800092514 0.01619123818459306 0.0065344691915682016 0.00057899448932006103 -0.0037047812610268354
leaf_weight=195.59304480588435 2206.6661153204914 7348.6717148478565 170.6928053844822 785.45616235953821 5978.452005174895 1639.9409849630158 721.75459351098198 819.69011692819458 415.12035257030948 409.37836374286417 2294.5468013019799 399.54120395831706 1141.1618078423262 1266.1260592273675 4774.3226277871572 3215.4547397209135 152.11616442166269 1117.3383563859306 1475.3542617466564 633.54882470779557 1066.5891066086415 4833.2137705739506 1626.1010885636842 181.40556276768257 1619.3217642047885 182.52050107399464 242.34011884014581 787.44255046643229 1289.20931360743 1129.9178863846246
leaf_count=18520 12051 43616 1044 7467 120563 33371 5908 10586 2012 4486 16140 6145 14199 7281 37345 65431 881 6253 8659 3738 8127 28837 13128 904 14173 1084 1527 4556 7159 10124
internal_value=-3.76451e-05 0.000751674 0.00276852 -0.00176751 -0.00118418 -0.000982948 0.000156172 -0.00222315 0.00635699 -0.00326149 -0.000990758 0.000981788 0.00114402 0.00787683 -0.00193313 0.00039328 0.00128998 0.00052677 0.00114415 9.26398e-05 -0.000989197 0.000981206 -0.00424355 0.000886289 0.000487014 0.00103167 0.00938732 0.00499636 -0.00147149 -0.00594878
internal_weight=50119 34404.4 7829.57 15714.6 13799.2 13603.6 26574.8 8348.68 2276.8 6387.83 12284 5254.94 1960.85 1861.68 8188.77 4855.4 5552.77 4613.21 14290.8 6942.12 5840.91 5466.76 2347.86 4095.27 3913.87 353.213 1508.47 939.559 2406.55 1915.37
internal_count=515315 224423 43848 290892 273301 254781 180575 149834 12948 125049 95725 104947 24785 10936 64508 98802 30900 25463 84850 41234 45472 32575 19036 31217 30313 2128 8808 5437 13412 17591
cat_boundaries=0 1 2 3 4 5 6 7 8 9 10 11 12
cat_threshold=9518609 131203 1716496 2281668 1601174 41489 137472 6919 13615200 2200 172617 14090417
is_linear=0
shrinkage=0.03


Tree=56
num_leaves=31
num_cat=1
split_feature=4 20 7 28 29 67 10 4 28 48 7 28 0 28 7 28 67 14 42 39 4 61 54 4 2 0 66 54 4 66
split_gain=77.0581 55.626 35.9925 48.5702 35.9751 34.3578 29.5884 24.9835 25.0231 24.4817 24.8445 32.8859 22.7618 22.5241 22.3217 36.9539 17.9184 16.6803 16.6308 15.7194 19.8188 15.2422 15.1689 15.671 15.1056 14.6152 14.4182 14.1827 14.1531 14.1528
threshold=9.9500000000000011 -0.014999999999999949 398.50000000000006 -0.73499999999999976 2.5350000000000006 2.1863732767762465 0.074999999999999664 68.050000000000011 -0.42500000000000021 0.07569300186184387 1129.5000000000002 1.0400000000000005 0.044915432929564757 -1.1599999999999993 684.50000000000011 0.11499999999999977 3.1672149122807021 0.13500000000000004 -0.080992816195137859 4.5000000000000009 1.7500000000000002 0.11200716845878136 7.6500000000000012 2.8500000000000001 0 0.0069006038039111511 0.25663411897167865 8.8500000000000014 3.8500000000000001 0.15350633257225374
decision_type=2 2 2 2 2 2 2 2 2 2 2 2 2 2 2 2 2 2 2 2 2 2 2 2 1 2 2 2 2 2
left_child=4 9 3 16 -1 17 7 8 -4 12 11 13 26 -11 15 19 -3 -5 -16 28 -21 -8 -17 -24 29 -20 -2 -27 -6 -14
right_child=1 2 6 5 14 -7 21 -9 -10 10 -12 -13 24 -15 18 22 -18 -19 25 20 -22 -23 23 -25 -26 27 -28 -29 -30 -31
leaf_value=-0.015513252489527864 -0.0038929479063975975 0.00068281498602362593 -0.0010326951495423931 0.0047424456885085719 -0.012960983769626934 -0.00054965875767546703 -0.0014866451158202134 0.005078497415987213 0.0017025045063447197 -0.0058911609596780361 -0.0065236039526959189 0.01603797373511881 0.0089439759265480031 0.0021711953829069283 -0.0071625386899823286 0.007231635873618047 -0.0095493899411653125 0.0090384987986095178 -0.0057126886027351409 -0.0077494949000580637 0.00082593069776541088 0.0040688740714771923 -0.012577147460158129 0.0017846193718321828 -0.00096560948083767597 0.0030931906808479397 0.00048231151622608073 -0.0064627775496146284 -0.0034796554318901663 -0.0019714386487944295
leaf_weight=185.93739830940831 4609.3085322968491 3036.899461209834 4145.2534274416685 2476.0542982409352 151.35948595102218 817.18597730563943 6037.2410425826893 1446.7959873996733 10881.064459885791 356.49937404571847 357.42848251480609 137.88295789156109 312.74646463245153 2339.0109544036395 1198.0906953733579 479.24360685439478 160.15180754630728 1263.5625305220819 595.30374513970901 283.03413568157566 1609.1643543765617 475.42591343029198 71.326653981150685 966.07901677690779 1454.6596308406442 538.96710631756014 780.21522969473153 185.77063408006779 2572.4121371081555 154.91586295515299
leaf_count=18368 42332 18774 25820 14846 3809 3920 52486 8023 74159 2762 4364 1602 1864 20868 35692 18377 770 8532 21403 15332 33277 3521 2206 14194 8910 12485 6335 3056 36305 840
internal_value=4.18829e-05 0.00058722 0.00123171 0.00299994 -0.00249946 0.00498827 0.000633715 0.00131127 0.000945922 -0.00129612 0.000889334 0.00183899 -0.00225392 0.0010902 -0.00221276 -0.00122882 0.00015522 0.00620609 -0.00459425 -0.00256691 -0.000447767 -0.00107536 0.00282198 0.000746015 0.000535001 -0.00223322 -0.00325405 0.000591403 -0.00402666 0.00516141
internal_weight=50079 41242.3 30739.6 7753.85 8836.69 4556.8 22985.8 16473.1 15026.3 10502.7 3190.82 2833.39 7311.85 2695.51 8650.75 6132.62 3197.05 3739.62 2518.13 4615.97 1892.2 6512.67 1516.65 1037.41 1922.32 1320.04 5389.52 724.738 2723.77 467.662
internal_count=515232 300728 210851 46842 214504 27298 164009 108002 99979 89877 29596 25232 60281 23630 196136 123500 19544 23378 72636 88723 48609 56007 34777 16400 11614 36944 48667 15541 40114 2704
cat_boundaries=0 1
cat_threshold=37174
is_linear=0
shrinkage=0.03


Tree=57
num_leaves=31
num_cat=4
split_feature=20 47 7 28 9 28 66 58 42 52 12 45 28 28 42 7 49 53 28 14 45 14 53 14 30 53 28 56 21 53
split_gain=70.6642 51.7816 43.5434 47.1625 37.304 38.1969 25.7037 25.0549 20.2934 19.2956 21.8204 23.3144 20.3814 19.3918 22.9535 18.5592 18.4924 24.2887 18.2739 21.0876 17.2366 17.1241 15.584 15.571 15.3077 15.1192 16.1922 14.6938 14.0038 13.7188
threshold=-0.044999999999999943 0.095000000000000209 229.50000000000003 0.69499999999999995 0.023333333333332953 -1.915 0.013074744573795802 64.350000000000009 0.57900718380486238 0.12909944487360153 -0.029999999999999746 3.8166666666666669 -1.0149999999999999 0.30000000000000016 0.66900718380486224 801.50000000000011 0.034992711370262358 0 -0.58500000000000008 0.22500000000000003 3.4500000000000006 0.15500000000000003 1 0.03500000000000001 0.090367363363079059 2 -0.71500000000000019 20.950000000000003 -0.0099999999999999655 3
decision_type=2 2 2 2 2 2 2 2 2 2 2 2 2 2 2 2 2 1 2 2 2 2 1 2 2 1 2 2 2 1
left_child=9 6 3 18 5 -4 -2 -7 23 12 28 13 -1 14 -12 -15 17 -14 -3 -20 -5 -10 -13 -6 -8 -26 -27 -24 29 -11
right_child=1 2 4 20 8 7 24 -9 21 10 11 22 16 15 -16 -17 -18 -19 19 -21 -22 -23 27 -25 25 26 -28 -29 -30 -31
leaf_value=-0.0089458398212633235 -0.0096578870118354098 0.00059250424387361422 -0.01283858115361973 0.0054960792322155021 -0.005401756644187467 0.0013838038448192344 -0.0027588653001301157 -0.0016621808310914436 0 0.0025486508262661297 -0.0034707143038799669 0 -0.0081932837118638118 0.010584206860749354 0.0044088717822266133 0 0.00089512061414405279 -0.0023102014242975637 0.0031958579528919518 0.011822773533864154 0.016586674006639424 0.0083425649713341331 0.015737230701120125 -0.0014779968195088203 -0.0059975964183369875 0 0.034754677341397505 0 -0.0057125058627018332 -0.0039771970217904453
leaf_weight=569.53019958066579 543.6380930834066 2466.6622728005595 176.97067026502191 238.77111336000871 1151.322042979099 22745.663998942182 1399.3371614419793 2710.8660006268656 946.23699033837693 533.60789394471794 1642.0070292833498 197.09281862569514 871.84184642661148 243.41076086687826 412.4791117766872 388.57691461150534 907.55022450815886 2416.5133069174153 2006.9880056438042 295.32010757155876 300.537406657465 287.14046240272 200.7576926163747 4540.1040380520035 30.700349356704464 20.838984629018796 30.791864878064644 72.386948968749493 1075.3584920312014 602.80537836288568
leaf_count=7211 34088 19585 1212 1728 11908 163123 47329 27555 9718 4008 14154 2722 13854 2446 3354 3610 8707 36225 16703 3129 3984 3318 2928 53291 612 389 742 847 11644 4341
internal_value=2.3854e-05 0.000592756 0.000843456 0.00336323 0.000431532 0.000960048 -0.00407593 0.00105815 -0.00152025 -0.00221233 -0.000970748 0.000622301 -0.00360374 -0.000447516 -0.00187139 0.00412525 -0.00286756 -0.00391506 0.00240167 0.00432476 0.0117703 0.00195301 0.00677372 -0.00227862 -0.00199738 0.0103479 0.0182105 0.0111882 -0.00325646 -0.000900058
internal_weight=50025.8 39891.9 37866.6 5308.28 32558.3 25633.5 2025.31 25456.5 6924.8 10133.9 5368.48 3156.71 4765.44 2686.47 2054.49 631.988 4195.91 3288.36 4768.97 2302.31 539.309 1233.38 470.237 5691.43 1481.67 82.3312 51.6308 273.145 2211.77 1136.41
internal_count=514465 398414 315254 45129 270125 191890 83160 190678 78235 116051 50054 30061 65997 23564 17508 6056 58786 50079 39417 19832 5712 13036 6497 65199 49072 1743 1131 3775 19993 8349
cat_boundaries=0 1 2 3 4
cat_threshold=4854916 8522222 5800644 10374000
is_linear=0
shrinkage=0.03


Tree=58
num_leaves=31
num_cat=7
split_feature=38 52 45 29 7 28 66 7 60 11 53 47 53 53 47 53 7 30 67 28 28 2 2 53 35 9 7 32 14 26
split_gain=76.3815 53.0519 36.6801 36.5619 53.3805 40.4114 28.3696 27.981 29.7291 20.226 19.1461 19.096 20.0868 18.8728 18.6117 20.4092 18.1558 17.6149 17.327 17.3413 16.51 15.9387 15.2828 15.0322 14.9328 14.6436 13.4622 13.3666 12.8077 12.7926
threshold=0.46392239858906531 -0.59761430466718701 2.6333333333333337 3.8850000000000002 392.50000000000006 0.21000000000000008 0.15350633257225374 1170.5000000000002 50.500000000000007 -0.0089285714285715478 0 2.0650000000000008 1 2 2.1750000000000012 3 774.50000000000011 0.25446655514440758 0.71846590909090924 -0.82999999999999974 0.2700000000000003 4 5 6 36.345000000000006 0.070000000000000659 1042.5000000000002 0.085819057779924962 0.13500000000000004 20.950000000000006
decision_type=2 2 2 2 2 2 2 2 2 2 1 2 1 1 2 1 2 2 2 2 2 1 1 1 2 2 2 2 2 2
left_child=1 11 13 14 5 -5 -6 8 23 -9 -10 -1 16 21 -4 -16 20 22 19 -12 -13 -3 -15 -2 -23 27 -19 -14 -25 -20
right_child=7 2 3 4 6 -7 -8 9 10 -11 18 12 25 17 15 -17 -18 26 29 -21 -22 24 -24 28 -26 -27 -28 -29 -30 -31
leaf_value=-0.006223647345405414 0.010351821512773047 -0.0012953454849573417 -0.0071137659685227526 0.0021108204597157705 -0.00056568890210899803 0.0082490842526563943 0.0027523311382939152 0.0021822733331313222 0.0049912877861739754 -0.0028239532976476493 -0.00098218437230326709 0.00065264646097921498 -0.0031162936763402087 -0.0044244001233172273 -0.0049812042305320955 0.0018228815063618619 -0.0025478550316427747 0.0050186432656672058 0.0020819657675007824 0.0067454643495908082 0.008845326951722951 -0.0079099987184526755 -4.182433110232525e-05 -0.0027525565598129696 -0.0020810061582972874 -0.0080494123081887407 -0.0024132557857889465 0.0047980966971196953 0.012677355678713568 -0.0015126863457739423
leaf_weight=1182.9915766131344 707.80370109886553 1535.4893892508071 696.60227763009743 4539.611337203638 12545.3450804606 1233.646059478544 2842.6896201680229 1503.1842050294881 1996.9225446221481 1399.6590917273361 359.03080930506985 1167.34690212634 3749.2373215776533 1115.6291268555142 700.66743043805491 878.64686126843435 1401.9040680528001 748.43725952507066 1913.5428636966635 895.90305225542033 274.34530302677149 1016.948085710379 2012.1442954385366 176.0613213681936 676.41505163385273 531.61106113527512 302.38000132827528 197.7959546506172 63.881399475038052 1657.4010199397544
leaf_count=49955 3433 13149 31188 40096 137307 12791 26846 7192 9613 6534 1783 11496 47451 9840 6642 8580 17604 4378 8416 4498 3036 8988 17398 865 5559 8273 1926 1827 297 8253
internal_value=3.07014e-05 -0.000579241 0 0.000580865 0.000970601 0.00343006 4.55901e-05 0.00228189 0.00322077 -0.000221525 0.00252128 -0.00267666 -0.00209796 -0.00184067 -0.00302737 -0.00119925 -0.000108352 -0.000494467 0.00147794 0.00451271 0.00224254 -0.00355962 -0.00163071 0.00820888 -0.00557164 -0.0033462 0.00285105 -0.00270986 0.00125059 0.000405252
internal_weight=50023.3 39349.9 30844.7 23437.2 21161.3 5773.26 15388 10673.4 7770.55 2902.84 6822.8 8505.23 7322.24 7407.44 2275.92 1579.31 2843.6 4178.59 4825.88 1254.93 1441.69 3228.85 3127.77 947.746 1693.36 4478.64 1050.82 3947.03 239.943 3570.94
internal_count=515214 464330 324688 263450 217040 52887 164153 50884 37158 13726 32563 139642 89687 61238 46410 15222 32136 33542 22950 6281 14532 27696 27238 4595 14547 57551 6304 49278 1162 16669
cat_boundaries=0 1 2 3 4 5 6 7
cat_threshold=8568916 2141199 11981188 10546446 156195 215345 4505026
is_linear=0
shrinkage=0.03


Tree=59
num_leaves=31
num_cat=8
split_feature=9 14 47 8 42 35 32 58 53 41 67 38 54 53 53 0 8 54 53 53 53 14 4 67 20 53 46 53 14 1
split_gain=62.4802 52.8877 44.7042 31.6656 30.7245 29.0435 26.4122 24.4016 24.0675 20.9837 26.3191 22.9267 22.1994 22.0582 20.963 17.6293 16.5262 16.2006 15.7004 15.599 14.9652 13.3746 13.2926 13.4019 11.8391 11.7143 11.3756 12.0212 10.5298 12.6335
threshold=0.023333333333332953 0.14500000000000005 8.6250000000000036 58.250000000000007 0.57900718380486238 32.125000000000007 0.038809430512016657 70.950000000000017 0 3.5000000000000004 3.0356525989897349 0.61486990811074527 5.7000000000000002 1 2 0.0035192893520280002 40.650000000000013 13.200000000000001 3 4 5 0.10500000000000002 0.65000000000000002 2.7533420228213399 0.089999999999999955 6 -1.0000000180025095e-35 7 0.22500000000000003 38.900000000000006
decision_type=2 2 2 2 2 2 2 2 1 2 2 2 2 1 1 2 2 2 1 1 1 2 2 2 2 1 2 1 2 2
left_child=1 2 3 6 5 17 15 19 -7 10 13 12 -11 -4 -12 -1 -8 -2 -19 -3 -13 -6 -21 -24 -9 -23 27 -5 29 -10
right_child=4 7 9 26 21 8 16 24 28 11 14 20 -14 -15 -16 -17 -18 18 -20 22 -22 25 23 -25 -26 -27 -28 -29 -30 -31
leaf_value=-0.006085619340661136 -0.0067902973222004545 0.0050991107805731743 0.0044315705760202585 -0.0025102605261531083 -0.0007228571003452275 0.0017346857377660153 0.0096821193024719653 -0.0072001482680587462 -0.0043792324993177506 0.019651027777913322 0.0023171278345787932 -0.0012228391619437599 -0.0015653329770693432 0.0010799964181626583 -0.008199128505657384 -0.0016409684528743511 0.00067416918059084183 -0.006971517027398122 -0.0012285886021017162 -0.019673184044679708 0.0039164290619067808 -0.0041207839742860072 0.0025774611483730492 -0.0031675500632272627 0.00055044880126552012 0.0059041202868284695 -0.0020636201821241204 -0.012514418845257084 0.0030030210320800268 0.00060191868101217439
leaf_weight=959.02772488457686 1935.687353918906 2178.6134400461378 2173.5647363761682 183.94000410847366 1214.2497982617542 1544.9832074376939 203.37272407471937 314.43944142797409 2253.3774297700388 42.502399130955382 266.74401710616894 775.03051591585609 6615.1908320694256 9641.0640027025329 436.05142091551443 5185.4600508521135 1817.5445544624636 608.12044849266476 1496.4250347421735 22.847477156011337 1427.6479980394142 115.23370165552478 5652.830817196852 384.45186641812325 388.30537165797432 637.45288154654463 262.58762419326104 410.09065049719993 247.45624109904747 561.73462459628854
leaf_count=37801 44963 21655 13685 1441 14884 20783 3109 3582 32752 429 1245 4119 40890 59867 2005 75844 19624 4523 12209 3342 7983 1553 53355 1857 5004 8497 2293 3214 4451 8097
internal_value=-0.00012555 0.000424931 -0.000170733 -0.00194213 -0.00216832 -0.00293896 -0.00136099 0.00245305 -0.0013011 0.000575557 0.00136692 -0.000539102 -0.00141952 0.00170444 -0.00425336 -0.00234132 0.00160418 -0.00479782 -0.00294625 0.00291264 0.00210728 0.00120419 0.00210835 0.00220573 -0.00288554 0.00434637 -0.00743065 -0.00973789 -0.0028389 -0.00337491
internal_weight=49956 39341.3 30399.8 9022.02 10614.7 8647.78 8165.41 8941.49 4607.55 21377.8 12517.4 8860.37 6657.69 11814.6 702.795 6144.49 2020.92 4040.23 2104.55 8238.74 2202.68 1966.94 6060.13 6037.28 702.745 752.687 856.618 594.031 3062.57 2815.11
internal_count=515056 362344 273549 143326 152712 127778 136378 88795 66083 130223 76802 53421 41319 73552 3250 113645 22733 61695 16732 80209 12102 24934 58554 55212 8586 10050 6948 4655 45300 40849
cat_boundaries=0 1 2 3 4 5 6 7 8
cat_threshold=566537 4329492 10815503 5965057 13762579 1124905 401424 845316
is_linear=0
shrinkage=0.03


Tree=60
num_leaves=31
num_cat=8
split_feature=20 29 7 35 29 26 9 66 53 45 3 27 53 14 29 7 53 53 26 2 58 53 65 3 55 2 58 2 45 15
split_gain=66.8271 48.5716 43.2626 39.4811 34.7997 42.3393 33.7199 27.3098 24.979 24.4952 23.8535 23.3119 22.1056 20.7306 17.3671 16.6685 15.9476 14.5352 14.0501 12.9258 11.9143 10.4852 10.4682 12.3693 10.3418 16.4044 9.72354 9.6993 9.39819 13.8851
threshold=-0.084999999999999937 2.4050000000000007 360.50000000000006 32.935000000000009 4.9350000000000014 16.095000000000002 0.045000000000000359 0.27772736438798151 0 4.5500000000000007 0.20500000000000004 2.5000000000000004 1 0.13500000000000004 6.205000000000001 122.50000000000001 2 3 12.130000000000003 4 18.850000000000005 5 0.24746134020618557 0.16500000000000004 21.550000000000004 6 29.350000000000005 7 3.7750000000000004 6.5650000000000004
decision_type=2 2 2 2 2 2 2 2 1 2 2 2 1 2 2 2 1 1 2 1 2 1 2 2 2 1 2 1 2 2
left_child=11 -2 4 6 9 14 7 -4 -7 18 13 12 20 -5 -6 -11 -8 19 -3 -13 27 -12 -21 -24 -19 26 -26 -1 29 -14
right_child=1 2 3 10 5 8 16 -9 -10 15 21 17 28 -15 -16 -17 -18 24 -20 22 -22 -23 23 -25 25 -27 -28 -29 -30 -31
leaf_value=-0.0024483311854537901 -0.015183111700329648 0.0007750845660113541 -0.0010276517699841546 0.00039974249696930563 0.0073209103094284697 0.0053799007539316896 -0.0019036745589422481 0.0053976936868908778 -0.00050148044590125863 0.010615243105413761 0 0.00080367014762654817 0.019040773788982293 0.0027843524712578894 0.019592159523049268 0.0023141410757591763 -0.0078335875876177335 -0.0086143487761823519 -0.0027731271330765873 -0.0060571593038724163 0.0011985345086592816 -0.010080158538190031 -0.0048245487945252526 0.0091225570087928969 0.015435787360718545 -0.0076968554852775671 -0.00038641706853387428 0.015678591594098151 0.0018783344233919913 -0.0047020828513661787
leaf_weight=35.677413655794226 178.10213780210324 4506.6363605014903 12914.768805310057 12629.941185688756 1350.3595194267464 1101.2269662518202 790.26455406915511 620.97168256483747 1544.0774979794505 326.90855089822207 155.78616731007924 622.57626295322552 20.156341891741249 4450.7937386117701 115.41097579686993 688.60015150575464 931.31264111432984 1008.3397242547335 1290.1714662746599 890.52796163776657 1011.2465133340247 241.14600006042247 130.93454876169562 97.500588204711676 37.902933641336858 380.92888953816146 257.03509026998654 84.515107463928871 261.07969632421737 1269.2381299190774
leaf_count=430 15221 52955 123318 114169 11391 7654 11299 5287 10668 5294 4155 7526 130 42834 958 11918 15454 15115 9982 11902 8231 6691 947 895 326 3566 2408 1010 3142 10146
internal_value=-4.91679e-05 0.000359879 0.000424665 -0.000120027 0.00205946 0.00424003 -0.00123584 -0.00072991 0.00195622 0.000738271 0.00085235 -0.00298908 -0.000879514 0.00102312 0.00833294 0.0050315 -0.00519082 -0.00463037 -1.01368e-05 -0.00262318 0.00228338 -0.00638925 -0.00454465 0.00102567 -0.00662767 -0.00370055 0.00158285 0.0111831 -0.00320098 -0.00427878
internal_weight=49944.1 43836.5 43658.4 32735 10923.4 4111.07 15257.3 13535.7 2645.3 6812.32 17477.7 6107.66 2681.91 17080.7 1465.77 1015.51 1721.58 3425.75 5796.81 1741.54 1131.44 396.932 1118.96 228.435 1684.21 675.867 294.938 120.193 1550.47 1289.39
internal_count=515022 449248 434027 323207 110820 30671 155358 128605 18322 80149 167849 65774 23089 157003 12349 17212 26753 42685 62937 21270 9671 10846 13744 1842 21415 6300 2734 1440 13418 10276
cat_boundaries=0 1 2 3 4 5 6 7 8
cat_threshold=9600514 6097050 91310 4324905 85027 6826374 43185 36980
is_linear=0
shrinkage=0.03


Tree=61
num_leaves=31
num_cat=9
split_feature=9 5 40 29 29 38 48 42 35 53 28 54 53 2 43 2 65 66 53 38 67 46 47 53 14 55 53 28 53 53
split_gain=61.8771 48.7663 56.3803 37.912 33.5988 31.2345 33.5727 28.2944 30.7311 21.6096 18.6123 17.179 22.5394 16.0351 16.8098 15.6073 19.8199 15.1916 15.1544 14.4139 16.9088 14.7428 14.0526 13.9849 13.8508 13.6654 13.6118 13.1923 12.9424 12.899
threshold=0.026666666666667654 0.18500000000000003 3.5000000000000004 3.5750000000000006 5.9750000000000005 0.58040445495384219 0.075948426014054368 0.49900718380486225 35.305000000000007 0 -0.15999999999999995 13.350000000000003 1 2 2.1698035816828418 3 0.43934197262470104 0.12113169343584972 4 0.58040445495384219 0.74050024050024066 0.052499999999999956 1.5200000000000005 5 0.17500000000000002 22.250000000000004 6 -0.27000000000000018 7 8
decision_type=2 2 2 2 2 2 2 2 2 1 2 2 1 1 2 1 2 2 1 2 2 2 2 1 2 2 1 2 1 1
left_child=1 2 3 22 19 6 -5 8 11 -7 -3 17 24 14 -9 28 18 -2 -17 21 -21 -4 -1 -19 -13 -14 -10 -28 -12 -24
right_child=7 10 4 5 -6 9 -8 13 26 -11 15 12 25 -15 -16 16 -18 23 -20 20 -22 -23 29 -25 -26 -27 27 -29 -30 -31
leaf_value=-0.0094861785491338821 -0.0081713761380851208 -0.0044021250194682185 -0.0047377280567168821 0.00079327080518445297 0.00039030231588747533 0.011612456125578745 0.0032998598739297264 -9.6001516633343566e-06 -0.0032601174612656757 0.0033829616179254208 -0.0064124949024900475 -0.00032193496346476756 -0.0062403943606105725 0.0028235387510700078 -0.01112648931480874 -0.0026649483714873976 0.02725981172210384 0.0016898532323050904 0.0030756229883258436 0.0060815456747750178 -0.0028799581784061537 0.0010539065718869023 0.0029867447329992116 -0.0065370152449041527 0.010320655891461996 0.00081286843272325156 -0.0027030369776308003 0.0030986084507331028 -0.00080193662540785685 -0.0045495142687897632
leaf_weight=267.800694518829 1492.5713114071009 1982.7298043382034 2590.4954213468782 10918.964912299918 9691.5065785520019 497.37635773716829 8652.9484534274015 482.78266203597786 943.30018710462764 765.43029532050059 575.9173826213655 667.74205783487469 1236.3621602085468 1358.4926114111108 164.52489462232825 663.73284143785327 24.047274682670832 332.51212789813553 1049.0114637613308 313.06292747070893 470.30425819585071 456.4300023377873 328.4221386431409 392.28655123181852 128.68986388086341 299.2617680907415 510.01871399722086 1110.0251195648416 1069.5940930581673 495.1450373389016
leaf_count=11374 41381 32309 19116 95277 66643 2354 75922 6647 14738 3565 9993 5154 8829 17103 2011 11563 234 5110 18495 1671 2369 3634 3579 6036 1191 3582 6593 15899 17643 5090
internal_value=7.07528e-05 0.000570541 0.000974573 0.00191438 -0.000547194 0.00220085 0.00190322 -0.00216255 -0.00305081 0.00677979 -0.00209276 -0.00453114 -0.00270764 0.000972282 -0.00286284 -0.000728323 0.0012423 -0.00643127 0.000835389 -0.00292607 0.000669563 -0.00386018 -0.00352113 -0.00279397 0.00136461 -0.00481576 -0.000410341 0.0012449 -0.0028159 -0.00152684
internal_weight=49931.5 40812.9 35447.9 21926.1 13521.8 20834.7 19571.9 9118.57 7112.77 1262.81 5365.03 4549.43 2332.06 2005.8 647.308 3382.3 1736.79 2217.37 1712.74 3830.29 783.367 3046.93 1091.37 724.799 796.432 1535.62 2563.34 1620.04 1645.51 823.567
internal_count=515105 380831 290594 197161 93433 177118 171199 134274 108513 5919 90237 71283 18756 25761 8658 57928 30292 52527 30058 26790 4040 22750 20043 11146 6345 12411 37230 22492 27636 8669
cat_boundaries=0 1 2 3 4 5 6 7 8 9
cat_threshold=12202006 8712385 237704 198093 515144 5303398 10701010 3440873 16646288
is_linear=0
shrinkage=0.03


Tree=62
num_leaves=31
num_cat=11
split_feature=47 7 28 42 28 67 7 4 53 8 4 7 66 38 42 2 9 47 26 2 53 9 53 2 26 2 53 53 2 2
split_gain=62.718 38.3753 42.3595 37.8684 36.4512 30.2217 25.0924 25.284 24.9731 37.338 23.969 23.7845 21.7073 20.045 21.514 18.6503 17.7744 20.5192 18.4846 18.3948 17.6606 17.4099 17.2037 16.9535 16.8704 17.4508 16.8111 16.7587 16.9577 15.7096
threshold=8.7550000000000043 915.50000000000011 -0.41999999999999965 0.41900718380486218 -0.060000000000000241 2.2335704114138939 823.50000000000011 1.0000000180025095e-35 0 59.150000000000013 9.1500000000000004 171.50000000000003 0.13321963798861988 0.58234112922277359 0.63900718380486243 1 -0.045000000000000345 62.385000000000012 20.090000000000003 2 3 0.017500000000000005 4 5 25.380000000000003 6 7 8 9 10
decision_type=2 2 2 2 2 2 2 2 1 2 2 2 2 2 2 1 2 2 2 1 1 2 1 1 2 1 1 1 1 1
left_child=3 2 16 4 8 11 7 -6 9 10 -1 -4 -8 14 26 -13 19 18 -18 -2 -14 -9 -19 -5 -15 -26 -3 28 -7 -28
right_child=1 13 5 23 6 27 12 21 -10 -11 -12 15 20 24 -16 -17 17 22 -20 -21 -22 -23 -24 -25 25 -27 29 -29 -30 -31
leaf_value=-0.003199011653717007 0.0078848913546295044 -0.0033636319880582456 0.0076752600479351547 0.0026891601096535427 -0.023680394702873357 0.0083463899533230881 -0.0051356758880252706 0.0027626574620509621 -0.0054811973768899395 -0.013022214474822181 0.0030636189688315303 0.0040714410628987438 -0.0046802664300196299 0.0053776948238833718 0.0020616679382362045 0.0012070144212777117 0.00035252033343773358 -0.0014649247717983848 -0.0027256241105001258 0.0010561230714705551 0.0069595059688371983 -0.0022975335777213326 0.010884828377584341 -0.001082029765826994 0.0033326169563027233 -0.002877720296640534 -0.0024036797613191333 -0.0033902224743463986 -0.0021100973469189671 0.00073279634779740033
leaf_weight=1219.6919392014506 423.32791305033425 3382.4937838647247 1049.5135257079965 2149.4882435700142 34.55569891704863 266.61522338881514 1425.7421697408572 2244.5030815616296 3923.3400708889367 230.59378570530134 996.54407836326482 4915.1012330155663 184.6255723048148 823.62851432316438 1614.3159505253134 3613.575073554277 3865.3476404023686 168.14431833706749 3192.5570961891026 2078.5089958577591 277.8296829318997 833.18273925451058 234.44168073461879 2108.6800605628691 769.85529443443465 837.26458016215111 2616.6419257703028 1005.3646136221778 268.75508163567429 3143.6782365137569
leaf_count=29149 2216 26531 6272 32802 8932 1249 37777 38649 67473 1886 10329 31426 3068 3954 12339 23611 22154 849 20751 10789 4963 22241 1226 33824 4110 4382 20955 4829 1313 24846
internal_value=-1.3383e-05 0.000704277 0.00149864 -0.0015888 -0.00249302 0.00277145 -0.000568484 0.00107949 -0.00399837 -0.00157715 -0.000369234 0.00339943 -0.00329892 -0.000563296 -0.00112104 0.00286806 7.4775e-05 -0.000655983 -0.00103597 0.00226466 0.00229691 0.00138243 0.00590376 0.000818735 0.00189155 8.18325e-05 -0.00168661 -0.00111236 0.00311126 -0.000688795
internal_weight=49897.9 34269.1 21081.3 15628.8 11370.6 11118.9 5000.44 3112.24 6370.17 2446.83 2216.24 9578.19 1888.2 13187.9 10757.1 8528.68 9962.33 7460.49 7057.9 2501.84 462.455 3077.69 402.586 4258.17 2430.75 1607.12 9142.81 1540.73 535.37 5760.32
internal_count=514895 223802 126685 291093 224467 68700 115630 69822 108837 41364 39478 61309 45808 97117 84671 55037 57985 44980 42905 13005 8031 60890 2075 66626 12446 8492 72332 7391 2562 45801
cat_boundaries=0 1 2 3 4 5 6 7 8 9 10 11
cat_threshold=1093251 27230 200834 10486398 3749932 31764 227369 8448774 2359565 87061 74836
is_linear=0
shrinkage=0.03


Tree=63
num_leaves=31
num_cat=10
split_feature=38 35 9 28 14 42 40 7 28 46 2 53 7 53 7 45 53 2 44 49 38 53 9 53 9 2 2 45 53 14
split_gain=58.4724 44.5714 33.0344 31.9736 30.8898 28.9265 27.7326 24.8379 22.9733 22.4213 21.7996 19.4167 19.0654 18.6648 18.6198 17.4186 16.9588 17.6976 16.9633 16.3513 16.0013 17.1115 16.6678 15.9216 15.9197 14.984 14.5032 13.979 13.9106 12.8845
threshold=0.4710424559560874 34.725000000000001 0.040000000000000459 0.4449999999999999 0.095000000000000015 0.21900718380486198 3.5000000000000004 274.50000000000006 -1.2200000000000002 0.067499999999999963 0 1 883.50000000000011 2 581.50000000000011 3.4500000000000006 3 4 0.083548215902350662 0.11312154933695666 0.58956578242258451 5 -0.081666666666665624 6 0.036666666666667458 7 8 2.4500000000000006 9 0.20500000000000004
decision_type=2 2 2 2 2 2 2 2 2 2 1 1 2 1 2 2 1 1 2 2 2 1 2 1 2 1 1 2 1 2
left_child=1 2 3 5 13 12 11 15 28 -7 -10 -2 -1 24 -12 -5 17 18 -4 -9 21 29 -23 -22 -3 27 -26 -15 -6 -8
right_child=6 4 16 7 8 9 20 19 10 -11 14 -13 -14 25 -16 -17 -18 -19 -20 -21 23 22 -24 -25 26 -27 -28 -29 -30 -31
leaf_value=-0.0019849634436567226 0.0055857390023767292 -0.0013063925066425751 -0.00026584428445780925 0.00043009684106352708 0.0019460881600359839 -0.00075134856243819919 -0.0067947574137020676 0.00013472428133878901 0.00028382356568944027 0.0043909234309774661 0.0063177512310718517 0.0017881375904382059 -0.0055210307240838134 -0.0018579415878745131 0.002259240827612335 0.010857719093776723 -0.006553006303665768 -0.0047961931185507923 0.01311053176427121 0.014741188498270226 0.0040022577518770419 0.015779537187146427 -0.00028908463993885142 1.5193202478374999e-05 -0.0011645186630880073 -0.0010316606884014483 -0.012474297744811399 0.002933888073838032 -0.0076593580746594286 0.0071935865116967883
leaf_weight=6753.5710675048031 2428.4548971458435 3640.6721365498697 558.52092967372914 240.12860423752682 222.5710315804472 5885.8911690794239 641.82470490850301 3551.157688238568 2265.8700326342405 874.50852491285241 1769.1353365050081 2539.2324065631974 1742.5287340994582 675.14852586775305 2480.5904984423551 384.28474002992607 1495.4375191277522 856.24550820354602 97.883029589704165 68.467880001291633 1481.8030539233505 60.656337888683083 759.33030014596352 2321.882829358392 210.29922575891533 2628.4937498604245 223.28939311835529 2741.0485717929846 314.71526879424982 61.597751520574093
leaf_count=78441 10869 38330 10159 2172 2439 58046 3014 43108 26158 9459 22121 11256 19627 5665 28889 8329 28514 14465 991 544 7968 297 3563 12073 3538 27594 3848 30273 3374 276
internal_value=3.89875e-05 -0.000483103 -0.00136169 -0.000908115 0.000666819 -0.00154972 0.00205396 0.00139089 0.00219124 -8.06188e-05 0.00268579 0.00366697 -0.00271486 -0.000392957 0.00394872 0.00690967 -0.00428958 -0.00197013 0.00169135 0.000427288 0.000543339 -0.00204439 0.000887754 0.00158816 -0.00196089 0.000661351 -0.00740134 0.00197179 -0.00373815 -0.00543334
internal_weight=49975.2 39680.5 22508.6 19500.5 17171.8 15256.5 10294.8 4244.04 7052.88 6760.4 6515.6 4967.69 8496.1 10119 4249.73 624.413 3008.09 1512.65 656.404 3619.63 5327.09 1523.41 819.987 3803.69 4074.26 6044.69 433.589 3416.2 537.286 703.422
internal_count=515400 466084 273855 219726 192229 165573 49316 54153 82981 67505 77168 22125 98068 109248 51010 10501 54129 25615 11150 43652 27191 7150 3860 20041 45716 63532 7386 35938 5813 3290
cat_boundaries=0 1 2 3 4 5 6 7 8 9 10
cat_threshold=7617 9318870 14566592 8449550 149994 8036466 10014914 194113 43067 13960753
is_linear=0
shrinkage=0.03


Tree=64
num_leaves=31
num_cat=5
split_feature=47 7 28 4 38 53 54 7 0 46 4 28 7 39 47 7 65 53 53 45 34 47 57 58 26 60 53 53 36 43
split_gain=67.0715 45.6923 55.063 33.1977 27.005 23.671 25.5328 25.197 23.4887 23.2167 22.3627 20.8024 21.2451 19.9605 23.5396 19.3525 17.671 20.9838 17.2892 16.7709 15.5094 15.4812 15.3553 16.2853 15.0656 14.7479 14.7079 14.6929 14.518 14.0532
threshold=4.575000000000002 915.50000000000011 -0.51000000000000001 1.0000000180025095e-35 0.58956578242258451 0 8.4000000000000004 874.50000000000011 0.0076907476964997012 0.087499999999999967 3.7500000000000004 -1.175 551.50000000000011 4.5000000000000009 41.965000000000011 703.50000000000011 0.37883908920918075 1 2 4.2250000000000005 1.5000000000000002 1.0000000180025095e-35 0.042199999999999953 69.850000000000009 10.990000000000002 163.50000000000003 3 4 50.435000000000009 0.45832787938743463
decision_type=2 2 2 2 2 1 2 2 2 2 2 2 2 2 2 2 2 1 1 2 2 2 2 2 2 2 1 1 2 2
left_child=3 2 11 -1 16 7 8 10 15 13 -5 -2 27 14 -4 -7 22 -18 19 -11 -20 -8 26 -24 -10 -6 -3 -13 -15 -12
right_child=1 4 9 5 25 6 21 -9 24 18 29 12 -14 28 -16 -17 17 -19 20 -21 -22 -23 23 -25 -26 -27 -28 -29 -30 -31
leaf_value=-0.02511348727443817 -0.0023870113083219882 -0.0022607165309056253 0.0011699341315905552 -0.0084358094831335738 0.0036697508029346552 0.0014208301017887548 -0.0094421656360263086 -0.010324506069370392 0.010461726796306902 0.0081569734458466474 0.0010152410186557927 0.0035693533485026251 -0.0014915515554385914 0.011536922535131966 0.0041403930955590364 -0.0052065213112060787 0.0063969194059754295 -0.0017951464490534362 0.011789288466413375 0.023812768536728691 0.00030381866434759942 -0.0022454766449272203 -0.0015922829100132121 -0.0057587780342566565 0.0022584635014878699 -0.0017813368824065499 0.0095260859560552975 0.00022630099893929849 -0.0014829392058552863 -0.0037574737212973694
leaf_weight=55.946161196501635 3262.1602973336976 165.93203631837878 10646.642281443572 567.65604380243076 1631.1371547767521 1035.0143113745116 309.54863371662259 520.56557717993337 292.04645321893759 518.43810718512032 944.21802552556255 2110.0773132962699 3065.5012183380823 323.09157633654286 3120.2224778511008 636.30714540614554 537.35488122934294 563.39885641807268 133.4250990706123 72.155926666688174 511.57790300259785 2206.9769373264098 10142.930656679107 927.46083828115479 690.07611697037282 605.13928076292723 197.69924183469539 2738.5974371874486 95.355815319619069 1316.5583230526372
leaf_count=13182 21231 2140 80400 25928 8602 34230 6825 16452 8366 4709 15604 13397 20915 3936 14682 23342 4425 4823 1143 1033 4935 32425 85230 11725 9459 2933 2308 17992 903 21852
internal_value=-1.2713e-05 0.000487243 0.00123068 -0.00242772 -0.000849375 -0.00226936 -0.000980819 -0.00423224 0.00106171 0.00239289 -0.00310882 -0.000370361 0.00045749 0.0020456 0.00184586 -0.00108762 -0.00139267 0.00222285 0.00634589 0.0100251 0.00271323 -0.00314942 -0.00174368 -0.00194503 0.00474459 0.002181 0.00428125 0.00169603 0.00850566 -0.00175175
internal_weight=49943.2 41368.3 26597.2 8574.91 14771.1 8518.97 5169.97 3349 2653.44 15420.9 2828.43 11176.3 7914.18 14185.3 13766.9 1671.32 12534.8 1100.75 1235.6 590.594 645.003 2516.53 11434 11070.4 982.123 2236.28 363.631 4848.67 418.447 2260.78
internal_count=515127 307462 185276 207665 122186 194483 114647 79836 75397 111741 63384 73535 52304 99921 95082 57572 110651 9248 11820 5742 6078 39250 101403 96955 17825 11535 4448 31389 4839 37456
cat_boundaries=0 1 2 3 4 5
cat_threshold=10886228 6632618 15854098 15090818 6819399
is_linear=0
shrinkage=0.03


Tree=65
num_leaves=31
num_cat=8
split_feature=47 8 32 0 8 29 52 53 58 53 31 53 35 29 9 53 54 6 67 2 53 45 45 56 53 8 52 53 67 66
split_gain=70.4298 34.0932 44.3722 40.839 31.4928 30.9262 30.4809 23.0396 22.964 22.3959 21.8938 21.7064 20.4001 20.2836 19.9799 23.476 19.4023 17.8315 16.2938 16.1658 16.0219 15.799 15.7837 15.4028 16.0638 15.0039 14.7791 14.7496 14.6438 13.4752
threshold=8.7550000000000043 57.250000000000007 0.057890928478939709 0.011168414184241601 49.45000000000001 2.2550000000000003 0.95742710775633266 0 72.550000000000011 1 0.021485989152892553 2 33.895000000000003 4.7150000000000007 0.026666666666666752 3 5.9000000000000012 33.750000000000007 1.7808610572145194 4 5 1.9166666666666667 2.291666666666667 22.050000000000004 6 59.550000000000004 1.4513842670798323 7 2.3883020003484376 0.43904407567078091
decision_type=2 2 2 2 2 2 2 1 2 1 2 1 2 2 2 1 2 2 2 1 1 2 2 2 1 2 2 1 2 2
left_child=1 2 3 5 13 -1 12 -6 11 17 -7 -8 14 -5 23 19 -14 22 25 -16 -3 -13 -4 24 -2 -18 -19 -20 -23 -25
right_child=6 20 9 4 7 10 8 -9 -10 -11 -12 21 16 -15 15 -17 18 26 27 -21 -22 28 -24 29 -26 -27 -28 -29 -30 -31
leaf_value=-0.021240096560885772 0.0020347657202083869 -0.0092770101162246831 0.0013434685756540761 -0.00051148786280032883 0.00088746971878174799 -0.0028269869353561286 0.00065849300493945478 -0.0048289152808369193 -0.0032698533060920836 0.0006654327076207776 -0.0095619170844485415 -0.0014821763147582806 0.019499250874633698 0.0035102034668173078 -0.0091755639994351382 -0.00053286876746772558 0.0042647924452621838 -0.0097717122534757405 0.0021763964624408219 -0.0024389027164987385 -0.0032923159531081875 0.0050504898759688461 0.01507127221587326 -0.0068784085041586592 -0.00054191640964149882 0.00098208223924694193 0.032378684696711575 -0.0034460703186908492 -0.00050965090723262014 0.015198028907596898
leaf_weight=88.463271547405384 3153.8013825960224 678.37067227461466 106.18594402739973 2615.8546232204535 964.35886834409166 4684.9836188677527 3032.8830803302135 1802.3347193177428 625.92747286363647 665.56914680958243 482.99456510280288 434.25917052454315 49.383015393255846 1968.827431131841 633.6044095668085 2003.4799662645546 1477.9545207559859 60.86650708326124 615.27700241566254 722.13942088034401 1135.8080288202609 3962.2227907541765 312.7601301290224 406.51912787287984 6941.7349800365573 8551.7500755153596 6.3267740290611973 1246.8543651694117 466.44386546134501 23.868326159194112
leaf_count=13557 19641 6224 893 40788 10261 137016 15702 19715 4871 7631 11251 2341 702 28176 5588 16732 16288 638 2815 6227 10345 21537 3910 3813 44619 55411 39 5769 2099 184
internal_value=-8.16392e-05 -0.00175548 -0.00124255 -0.00175932 -0.000310847 -0.00377849 0.00067648 -0.00284061 0.00223232 0.00438183 -0.00346569 0.00267301 0.000161817 0.00120981 -0.000618684 -0.00263245 0.00107184 0.00918313 0.000989528 -0.00566208 -0.00562363 0.00391307 0.011686 2.15149e-05 0.000261779 0.00146956 -0.00454818 -0.0015787 0.00445814 -0.00552008
internal_weight=49921.8 15573.7 13759.5 12607.8 7351.38 5256.44 34348.1 2766.69 8521.74 1151.71 5167.98 7895.81 25826.4 4584.68 13885.1 3359.22 11941.2 486.139 11891.8 1355.74 1814.18 4862.93 418.946 10525.9 10095.5 10029.7 67.1933 1862.13 4428.67 430.387
internal_count=514783 290444 273875 260764 98940 161824 224339 29976 46550 13111 148267 41679 177789 68964 96804 28547 80985 5480 80283 11815 16569 25977 4803 68257 64260 71699 677 8584 23636 3997
cat_boundaries=0 1 2 3 4 5 6 7 8
cat_threshold=3155587 9991713 2139915 5969200 209352 5314617 6702593 10748453
is_linear=0
shrinkage=0.03


Tree=66
num_leaves=31
num_cat=9
split_feature=20 29 14 9 28 5 53 28 7 52 33 53 30 9 2 70 53 2 32 55 12 53 48 45 2 6 4 2 53 29
split_gain=54.9978 36.5303 32.6608 33.995 20.6758 21.4942 19.2058 18.541 27.9881 20.6952 18.986 18.0663 17.9465 20.9482 17.286 17.2142 16.4998 16.1035 18.8337 15.1761 14.5736 14.564 13.8129 13.5937 13.5092 13.0479 11.4559 10.9057 16.5181 10.4058
threshold=-0.044999999999999943 2.1150000000000007 0.085000000000000006 0.018333333333333954 -1.915 0.18500000000000003 0 -0.16999999999999962 482.50000000000006 1.5214515486254885 3.5000000000000004 1 0.38298448629584386 0.043333333333333411 2 -3.7677669529663684 3 4 0.041440369540873406 16.050000000000004 -0.019999999999999945 5 0.085812666540482516 3.4500000000000006 6 31.250000000000004 4.3500000000000005 7 8 3.6650000000000005
decision_type=2 2 2 2 2 2 1 2 2 2 2 1 2 2 1 2 1 1 2 2 2 1 2 2 1 2 2 1 1 2
left_child=6 -2 3 4 -3 -6 19 9 21 10 -4 -11 13 14 15 -8 -10 -5 -19 20 -1 -9 24 -16 -22 -14 -21 -27 -29 -24
right_child=1 2 7 17 5 -7 12 8 16 11 -12 -13 25 -15 23 -17 -18 18 -20 26 22 -23 29 -25 -26 27 -28 28 -30 -31
leaf_value=-0.0016883107412270413 -0.018708741504191381 -0.0093486529409719365 0.00051434586485294028 0.0009296822854661526 0.00089170960498160569 -0.0027847926233245013 0.006926488767762278 0.00152592717428607 0.0028715475167121881 0.009554555251703992 -0.0041456972018403867 0.00036485298632567417 0.014839287929607713 -0.0079205674501533121 -0.0062203610372295534 -0.001627402376610851 0.00013823913715726649 -0.0047336955775828466 0.00058404884091737077 -0.019214169873039238 0.013630660943377624 0.0067157194097369676 0 -0.0021730957825598831 0.0006152534535583318 -0.0035426674949549132 -0.00054573403685542028 0.010386541551924401 -0.0012299374750385523 0.042948471151771229
leaf_weight=180.67870342329843 86.616634331097885 192.48309362659529 8289.0524257923826 892.58630105993507 13187.092783790822 1600.6772183310641 226.86909358321464 745.22664711113612 3784.542427918047 393.54936095746234 867.12743192160269 393.48418891895562 58.372731249779463 764.15356050552327 1529.0191239244416 2697.4768295211361 4237.7868104833178 2724.5780940956874 755.37546306463901 28.188619941007346 130.51896389264584 1642.0159027872369 5.6052748635993366 1524.799395035461 169.35935391830208 347.93735053855926 1962.9989500641823 172.90813328325748 263.22601278219372 15.616722011240197
leaf_count=3738 10245 1610 82994 10836 98730 23377 2443 9089 39326 2613 6998 2615 517 13284 14611 30691 46352 34409 10097 691 2821 19816 486 20454 3461 2361 17257 1154 1733 455
internal_value=1.95814e-05 0.000521562 0.000565208 -0.000315886 0.000361732 0.000491402 -0.00195924 0.00140443 0.00229003 0.000474008 6.89361e-05 0.00513639 -0.00270837 -0.00322903 -0.00262188 -0.000946032 0.00143556 -0.00264336 -0.00356089 0.000317874 0.00497972 0.0051453 0.00881181 -0.00419835 0.00690414 0.00138884 -0.000844083 0.000314102 0.00346335 0.0315601
internal_weight=49869.9 39792.2 39705.6 19352.8 14980.3 14787.8 10077.7 20352.8 10409.6 9943.21 9156.18 787.034 7584.76 6742.32 5978.16 2924.35 8022.33 4372.54 3479.95 2492.97 501.779 2387.24 321.1 3053.82 299.878 842.444 1991.19 784.071 436.134 21.222
internal_count=515264 399107 388862 179059 123717 122107 116157 209803 114583 95220 89992 5228 87248 81483 68199 33134 85678 55342 44506 28909 10961 28905 7223 35065 6282 5765 17948 5248 2887 941
cat_boundaries=0 1 2 3 4 5 6 7 8 9
cat_threshold=1124865 9853724 45591 7414894 18724 9504388 247204 18089 2375912
is_linear=0
shrinkage=0.03


Tree=67
num_leaves=31
num_cat=0
split_feature=47 8 32 14 41 38 43 7 29 38 26 44 0 4 6 16 46 35 47 7 28 11 9 52 47 9 37 35 44 43
split_gain=51.4997 37.6598 45.687 35.3827 30.6095 27.7552 30.986 26.9084 26.3207 26.0749 26.9081 23.4814 22.072 19.8063 19.7983 19.7566 18.071 17.2881 16.2004 16.1488 15.1738 15.431 14.9801 12.7971 13.0749 12.6533 12.3027 11.7012 11.6968 11.6499
threshold=8.7550000000000043 56.650000000000013 0.033441795032690257 0.15500000000000003 3.5000000000000004 0.55396818659416658 0.26111555311570528 889.50000000000011 5.9650000000000007 0.24754108663545235 8.7700000000000014 0.059731224356306102 0.022404053439021552 0.65000000000000002 18.750000000000004 0.021025898983645406 0.044999999999999957 39.120000000000012 16.305000000000003 103.50000000000001 0.41000000000000042 -0.086414285714285041 -0.004999999999999399 1.1324835706752647 62.385000000000012 0.025000000000000754 5.955000000000001 40.205000000000005 0.018610863905364653 0.17762162398764059
decision_type=2 2 2 2 2 2 2 2 2 2 2 2 2 2 2 2 2 2 2 2 2 2 2 2 2 2 2 2 2 2
left_child=1 2 3 11 5 6 9 19 23 15 -11 12 -1 -5 -4 -2 -3 25 -9 -8 21 -16 -15 24 27 -10 -25 -6 -22 -13
right_child=4 16 14 13 8 -7 7 18 17 10 -12 29 -14 22 20 -17 -18 -19 -20 -21 28 -23 -24 26 -26 -27 -28 -29 -30 -31
leaf_value=-0.0046147866976116716 -0.0032413284167657906 -0.0066250990330855688 0.0094549756286618006 -0.019701629408057801 -0.0054161823029981087 0.0046013189500704764 0.015172055146640185 -0.00047572094919024675 0.00014590874242718252 0.0039903058490665978 6.6539716290512575e-05 -0.0012620790992101925 -0.00075007144608071278 0.0042451876250419046 0.0062864035171738422 0.004950168692945363 0.00017854227133482168 0.0024301831618337884 0.0042009601665680884 0.0043460905957556943 0.0082897503522402442 -0.00043207661963508352 -0.00084324788927150169 -0.0086151145246611219 0.0037049059388825942 -0.002986768859525187 0.0023610117131113001 0 0.00014373146453383547 0.0068288439260616425
leaf_weight=4780.0142788735457 2555.8020288848875 1652.7155423507829 280.82322396167456 37.064950556105941 1933.7663408633666 2137.1321993245074 131.08629240654318 2313.6341586070057 6287.7210376627809 1981.6010158569452 7678.7345324840817 335.10052175957935 1870.9617179177631 1084.19655864988 343.45443473740124 291.16482795814045 435.12414785753936 2526.6743537058937 929.62369522250992 2726.3320804878258 425.97401155236776 2778.2613733966155 983.65567172168358 105.52534982426005 187.91470031387053 1417.0575041599768 614.66280435455701 448.39122995807475 264.29015894394479 295.58462620322007
leaf_count=132574 25180 15061 5765 6607 12087 9838 1120 28535 38454 9619 33716 4694 20870 18982 3646 2699 4464 15792 7765 20863 7976 35296 27768 548 958 10835 3327 2744 4537 2478
internal_value=-1.25418e-05 -0.00144387 -0.000860095 -0.00201477 0.000636872 0.00136108 0.000986873 0.0027396 -0.000472035 0.000129247 0.000875176 -0.0030062 -0.00353268 0.0014003 0.00178044 -0.00239015 -0.00519399 0.000276004 0.000857287 0.0048635 0.00120254 0.000301045 0.0018117 -0.00280602 -0.00379761 -0.000426984 0.000691793 -0.00440464 0.00522354 0.00249209
internal_weight=49834 15567.2 13479.4 9386.58 34266.8 20745.1 18608 6100.68 13521.7 12507.3 9660.34 7281.66 6650.98 2104.92 4092.8 2846.97 2087.84 10231.5 3243.26 2857.42 3811.98 3121.72 2067.85 3290.26 2570.07 7704.78 720.188 2382.16 690.264 630.685
internal_count=514798 290718 271193 213973 224080 139335 129497 58283 84745 71214 43335 160616 153444 53357 57220 27879 19525 65081 36300 21983 51455 38942 46750 19664 15789 49289 3875 14831 12513 7172
is_linear=0
shrinkage=0.03


Tree=68
num_leaves=31
num_cat=10
split_feature=28 7 4 34 28 42 4 0 2 4 53 65 57 7 42 53 52 53 4 6 2 8 2 53 52 53 8 53 53 4
split_gain=56.8707 64.6328 40.3364 34.3851 28.4728 29.1093 26.4635 19.6959 20.8463 19.2406 24.5659 19.2069 20.0711 17.494 17.0332 22.315 16.9148 17.4854 15.9549 18.5578 15.8213 14.8011 17.6597 15.3299 14.4484 13.5582 13.331 13.3184 13.0031 12.9622
threshold=-0.84000000000000041 915.50000000000011 0.45000000000000007 4.5000000000000009 0.92000000000000037 -0.39099281619513743 50.050000000000004 0.036803703873709959 0 48.250000000000007 1 0.33792757963111947 0.12510000000000002 371.50000000000006 0.81428206726120378 2 -0.57249887580085945 3 3.2500000000000004 14.65 4 83.550000000000011 5 6 -0.43988458942360825 7 68.350000000000009 8 9 62.850000000000001
decision_type=2 2 2 2 2 2 2 2 1 2 1 2 2 2 2 1 2 1 2 2 1 2 1 1 2 1 2 1 1 2
left_child=9 2 -2 4 5 -4 7 18 24 14 -11 12 -5 -6 16 -16 27 -18 -3 -20 -12 -8 23 -23 -9 -13 -17 -1 -10 -24
right_child=1 6 3 11 13 -7 21 8 28 10 20 25 -14 -15 15 26 17 -19 19 -21 -22 22 29 -25 -26 -27 -28 -29 -30 -31
leaf_value=-0.0035787985027842329 -0.019318059196770581 -0.017612176543292779 -0.00036528850339444241 -0.0025526378704300574 0.011179594044513774 0.0026056612116446701 0.0047130052062468019 -0.00129506085730843 -0.005044161948156033 0.0052150554401935167 -0.0052044356791491391 0.01216164616361598 0.00071370876337557485 0.0033748064862618352 0.0047525788263945105 -0.0009079096508608698 -0.0001838571370379108 -0.0042084271255151996 0.0095502001285763371 -0.0028687212609949039 0.0011454083555526154 0.0002317590783218682 -0.00070982310833017973 -0.0072897680036130112 0.0055414590973404954 0.001156311965518303 -0.0091732906304227996 -0.010765358748219062 -0.00028363489042580855 0.0031944449762206666
leaf_weight=540.89407610350008 81.768543641228462 63.733555082329985 3834.6122465179833 2784.6811745880177 488.74652660176662 12874.71341849383 744.76416027427513 419.00432197281043 716.36396753342797 647.65864006637003 646.19247899912989 171.28537313433208 4292.1760044493176 583.17197549556795 540.28189076167655 840.9859372341034 1501.3213958813872 2876.068556016507 107.09931595482885 6685.3710252291803 745.78561377472215 493.90494866220979 1518.665093027179 462.37577090387822 787.63239603395505 260.69359300089036 223.93086838063482 484.44988742822989 1846.9902816626072 1519.9115284212276
leaf_count=8352 15452 4446 44381 48565 6742 119624 3304 4185 5873 3207 3098 1319 29156 7721 5331 9788 15359 28751 5053 90880 3512 2369 6822 2231 5848 2051 1279 7720 14666 7853
internal_value=3.1607e-05 0.000510062 0.00144044 0.00151027 0.00222918 0.0019221 -0.00102421 -0.00185645 -0.000106249 -0.00211901 0.000432305 -0.000188291 -0.00056769 0.00697557 -0.00286575 -0.000132604 -0.0036719 -0.00284571 -0.00281415 -0.00266574 -0.00180027 0.000835352 0.000102935 -0.0034193 0.00311864 0.00593202 -0.00266305 -0.00715744 -0.00164298 0.00123002
internal_weight=49785.2 40737.7 25371.8 25290.1 17781.2 16709.3 15365.8 10626.2 3769.99 9047.57 2039.64 7508.84 7076.86 1071.92 7007.93 1605.2 5402.73 4377.39 6856.2 6792.47 1391.98 4739.62 3994.86 956.281 1206.64 431.979 1064.92 1025.34 2563.35 3038.58
internal_count=514938 428541 275011 259559 178468 164005 153530 130951 30572 86397 9817 81091 77721 14463 76580 16398 60182 44110 100379 95933 6610 22579 19275 4600 10033 3370 11067 16072 20539 14675
cat_boundaries=0 1 2 3 4 5 6 7 8 9 10
cat_threshold=184962 8831297 8659129 10029592 41799 1170 11208926 1796611 1295771 681728
is_linear=0
shrinkage=0.03


Tree=69
num_leaves=31
num_cat=4
split_feature=47 52 40 4 52 34 29 8 42 58 31 0 38 0 2 2 3 55 2 8 26 29 64 43 32 67 65 12 9 38
split_gain=48.6688 33.3832 29.0675 28.9171 26.0385 25.5272 22.3281 21.0902 20.5374 19.8682 19.181 19.0166 20.7605 18.9459 16.3134 15.5693 15.2511 14.9643 14.933 14.6507 14.2684 17.4295 14.239 13.6328 24.3526 13.5881 18.4057 16.0811 13.4032 12.9764
threshold=6.3150000000000013 0.9446324065374998 3.5000000000000004 1.0000000180025095e-35 -1.455264404228845 2.5000000000000004 5.9650000000000007 51.45000000000001 -0.33099281619513782 72.550000000000011 0.017670446561925904 0.050667422381762008 0.55396818659416658 0.0066387767667911513 0 1 0.18500000000000003 11.750000000000002 2 45.95000000000001 13.345000000000002 4.9350000000000014 3 0.37595427006303744 0.030031248781248753 1.5881503708316824 0.0047875540784459514 -0.039999999999999543 0.058333333333333959 0.435184345731842
decision_type=2 2 2 2 2 2 2 2 2 2 2 2 2 2 1 1 2 2 1 2 2 2 1 2 2 2 2 2 2 2
left_child=3 2 4 -1 18 7 -4 13 19 16 -9 12 -6 14 -5 -13 20 -15 -2 -7 22 -22 -3 24 -10 27 -27 -8 -25 -20
right_child=1 9 6 5 11 8 25 10 23 -11 -12 15 -14 17 -16 -17 -18 -19 29 -21 21 -23 -24 28 -26 26 -28 -29 -30 -31
leaf_value=-0.023619869191628715 -0.010772276287948766 -3.0921989231101389e-05 -0.0036170731495916634 0.0013923887466848078 0.00031093068836276046 -0.0037744823489998889 -0.0023140521318374086 0.0043954436605982651 -0.0013727620168602012 -0.0027411913720394071 -0.0066039201310532742 0.0081292565631661071 0.0041255158514014933 0.0083885298764443481 -0.0053955702140777361 0.0019023648329246396 -0.0014353994101021128 0.0016919071057699662 -0.0039652406659105854 -0.0098540038733886687 -0.003347585424923348 0.0025420386069918586 0.0060124139973826889 -0.0022604117109300309 0.0074915947382547402 -0.0059796980566571688 0.022639836830158199 0.00077602159655476089 -0.0091854041439612313 0.0074707021898715083
leaf_weight=52.132719371395069 231.7083624121301 431.28627206415331 2653.3006055461074 656.28789399845118 14089.528812599085 1354.0256031344265 2110.1149600261524 178.3140010232928 1345.5075821108226 712.95413909574927 642.56946182470438 549.99143698784792 1414.1714976354851 354.61080339551927 594.20465389833726 1129.6039759400683 818.16144629644623 2069.3179337283209 458.0694048966202 501.48640726273743 488.23236324122172 5326.2576680660422 1824.8781048404644 3149.6737253835222 349.19807830262107 548.27041911716515 18.670963451266289 5358.4188575923954 275.93656713477048 107.65270167380822
leaf_count=13176 2587 2370 17253 20082 114192 42089 14126 1960 31853 5759 6118 4151 6365 6960 18105 8834 4977 29563 5767 6622 2504 29104 9866 56401 5270 2514 81 37982 7692 475
internal_value=5.89325e-06 0.000521148 7.29735e-06 -0.00170257 0.000744818 -0.00159625 -0.00123046 0.000160427 -0.00273229 0.00205199 -0.00417328 0.000992374 0.0006613 0.0011385 -0.00184456 0.00402613 0.00244034 0.00269007 -0.00454123 -0.00544258 0.00283722 0.00204136 0.00487137 -0.00174253 0.000442756 -0.000437974 -0.00490817 -9.33994e-05 -0.00283201 -0.00168784
internal_weight=49794.5 38271.3 28669.5 11523.3 17980.7 11471.1 10688.8 4495.3 6975.83 9601.77 820.883 17183.3 15503.7 3674.42 1250.49 1679.6 8888.82 2423.93 797.43 1855.51 8070.65 5814.49 2256.16 5120.32 1694.71 8035.48 566.941 7468.53 3425.61 565.722
internal_count=514798 268907 214327 245891 142371 232715 71956 82788 149927 54580 8078 133542 120557 74710 38187 12985 48821 36523 8829 48711 43844 31608 12236 101216 37123 54703 2595 52108 64093 6242
cat_boundaries=0 1 2 3 4
cat_threshold=156956 39828 217472 66
is_linear=0
shrinkage=0.03


Tree=70
num_leaves=31
num_cat=9
split_feature=20 29 14 42 45 10 47 21 2 7 42 53 29 53 57 45 21 26 67 7 37 2 65 47 2 53 2 2 53 37
split_gain=52.3591 39.5647 35.5807 30.5345 25.7838 27.8378 24.0551 22.2365 20.6826 18.8007 17.1877 17.6467 15.7917 15.1482 14.5622 14.4141 13.799 15.6392 13.7859 13.4729 17.506 16.7804 13.2071 12.9476 12.5789 11.88 11.6264 11.2648 10.426 9.58847
threshold=-0.089999999999999927 2.4050000000000007 0.13500000000000004 0.53900718380486234 2.0833333333333335 0.079999999999999558 61.525000000000013 0.024999999999999998 0 546.50000000000011 -0.25931543881762081 1 5.9150000000000009 2 0.16715000000000002 2.916666666666667 -1.0000000180025095e-35 26.820000000000004 2.412818342278737 638.50000000000011 6.0150000000000006 3 0.43934197262470104 2.5850000000000004 4 5 6 7 8 4.1650000000000009
decision_type=2 2 2 2 2 2 2 2 1 2 2 1 2 1 2 2 2 2 2 2 2 1 2 2 1 1 1 1 1 2
left_child=10 -2 4 7 6 9 18 24 25 -6 11 19 -7 15 16 26 17 -15 -3 23 21 -21 -13 -1 -4 -5 -12 -18 -10 -25
right_child=1 2 3 8 5 12 -8 -9 28 -11 13 22 -14 14 -16 -17 27 -19 -20 20 -22 -23 -24 29 -26 -27 -28 -29 -30 -31
leaf_value=-0.0065860115307366735 -0.014056452867333414 -0.0028192522778054778 -0.0014632940454876193 0.0041288123006984713 0.001859295387039683 -0.0024768347643212051 0.0048631166113246669 -0.0035160077687222051 0.0033451928354215348 -1.8835196094017301e-05 0.00039770329195293596 -0.0094984277024508356 0.00035020928658913245 0.0030157487940060553 0.015150606582808451 -0.0019862242531017088 0.00056542400447684373 -0.003596874930547625 -0.013204207437314984 0.0080018759797210667 -0.015077790598515425 -0.0066432136675787842 0.0066569665602268296 0.014818042215722402 0.0018642796752154111 -0.0023549079042321864 -0.010565891057159929 -0.0050475825546457227 0.0087224712149211129 0.0019135199488165902
leaf_weight=112.94110031367745 170.05283217583928 3507.5571268784197 1165.0620350565314 545.97880764408796 8017.7325747825398 4678.2813160975293 364.59755456563926 903.26401135783453 585.65194829308894 11859.413684309789 111.96670929086395 763.17287709123229 2839.9410876733255 1138.0993214570922 50.667020555585623 944.74285058011719 502.47932065136456 443.58983254367922 119.03050483763218 95.21413354948163 126.93944542502686 191.58631227724254 44.837863082066178 70.045114293694496 7561.3331409496368 452.15695147728547 397.64531332277693 850.68701940391747 982.54555213739991 213.99631234942444
leaf_count=3150 15266 28318 11130 5370 72211 68327 2217 22369 5875 104597 928 10338 27967 10137 339 10448 6185 2736 530 1353 994 2711 318 910 71726 4321 3172 10317 9102 1530
internal_value=-6.42304e-05 0.000297133 0.00035447 0.00172966 -0.000179014 0.000148212 -0.00243155 0.000950356 0.00463916 0.000737337 -0.00267803 -0.0053315 -0.00140515 -0.00170188 -0.000457086 -0.00420049 -0.000748441 0.00114007 -0.00317546 -0.00204783 -0.00586587 -0.00160856 -0.0084464 0.00181431 0.0014168 0.0011689 -0.00830505 -0.00297645 0.00677394 0.00528203
internal_weight=49811.2 43752.6 43582.5 12196 31386.6 27395.4 3991.19 9629.66 2566.33 19877.1 6058.61 1618.73 7518.22 4439.88 2985.52 1454.35 2934.86 1581.69 3626.59 810.722 413.74 286.8 808.011 396.983 8726.4 998.136 509.612 1353.17 1568.2 284.041
internal_count=514892 449326 434060 129893 304167 273102 31065 105225 24668 176808 65566 21304 96294 44262 29714 14548 29375 12873 28848 10648 5058 4064 10656 5590 82856 9691 4100 16502 14977 2440
cat_boundaries=0 1 2 3 4 5 6 7 8 9
cat_threshold=45475 9120722 12726468 102695 448 15833952 163889 157825 6970176
is_linear=0
shrinkage=0.03


Tree=71
num_leaves=31
num_cat=10
split_feature=20 4 34 48 52 29 53 21 66 53 26 53 2 28 29 7 53 1 28 53 53 69 53 12 35 53 56 66 45 64
split_gain=47.406 34.8697 34.3368 27.4063 24.0961 23.9609 22.3797 21.5609 19.4826 29.5506 22.1917 19.3154 17.7294 16.6518 16.1389 16.0506 15.9363 15.8881 15.6028 17.1707 14.1294 13.6655 14.5587 13.6099 13.2082 16.9188 13.1504 11.9029 11.7971 11.6211
threshold=-0.044999999999999943 1.0500000000000003 3.5000000000000004 0.074062975369997466 -1.4320181995498935 2.8350000000000004 0 0.015000000000000001 0.12644283759068833 1 13.345000000000002 2 3 -1.135 6.5650000000000004 551.50000000000011 4 39.185000000000009 -0.91999999999999971 5 6 1.1634144591899857e-15 7 -0.024999999999999845 35.990000000000002 8 13.450000000000001 0.29253841529958974 5.9000000000000012 9
decision_type=2 2 2 2 2 2 1 2 2 1 2 1 1 2 2 2 1 2 2 1 1 2 1 2 2 1 2 2 2 1
left_child=3 26 7 14 6 -5 -4 13 10 -10 -6 17 -8 20 21 -15 -16 -9 19 -7 -3 -1 -23 27 28 -26 -2 -18 -20 -25
right_child=1 2 4 5 8 18 12 11 9 -11 -12 -13 -14 15 16 -17 23 -19 24 -21 -22 22 -24 29 25 -27 -28 -29 -30 -31
leaf_value=-0.0030405169768848903 0.001309089665897073 -0.0035434768321865209 -0.011840504956054463 -0.01503940825091289 0.00083103735996136721 -0.0080880086997533445 0.006452729997747114 1.9706694956579541e-05 0.0053601306961595548 -0.0010751393241851784 -0.0015146448645436416 -0.003263875574704088 -0.0057105523857852517 0.0033166346595474312 0.0031426802307963149 0.0013705655935383634 -0.010955040147112084 0.0083879396577100137 -0.00057143005602162131 0.00042433093123138855 0.0016642153632164885 -0.0032543123012782004 -0.010176846123775037 0.0033975216456174247 -0.00038605479343626194 0.0063283648458497838 -0.016460321579819966 0.0057662419922918061 0.016235014553986685 -0.0051838417105240005
leaf_weight=2810.6087617051844 45.640557527106012 914.47509687261527 297.65225488482201 92.271693372458685 6119.3865345665981 374.34136535739526 160.92472796397897 1062.7298535365026 1325.4321705945372 1221.423891676 8880.4776758910084 1554.6541744964247 272.74342953605446 6053.1853080481033 611.35553611302748 10566.411485876606 248.60584927117452 252.93503424924756 2254.6570960147792 467.55553637491539 931.89812617925372 585.97966242762413 604.2220940188663 308.04382068496307 587.23122198201236 768.19498044414922 147.18715980622756 41.422728865407407 36.164235428479515 242.47785938484594
leaf_count=28928 5281 7054 4927 5164 73439 4093 2582 19224 14286 13381 67474 29199 4157 48006 4785 80871 1949 4479 30661 5428 7042 6115 6606 2565 7199 9659 17481 275 694 2039
internal_value=5.83391e-05 0.000523435 0.000586395 -0.00178371 -0.000366555 -6.61081e-05 -0.00569553 0.00140412 -0.000142118 0.00228052 -0.000555711 -0.00100755 -0.0010775 0.00178067 -0.00322048 0.00208148 -0.000486841 0.00164903 0.000241608 -0.00342606 -0.00091004 -0.00420429 -0.00691763 -0.00316325 0.00109809 0.00344477 -0.0121302 -0.00844099 -0.000279099 -0.000365266
internal_weight=49840.3 39807.2 39614.3 10033.1 18278 4580.42 731.32 21336.3 17546.7 2546.86 14999.9 2870.32 433.668 18466 5452.72 16619.6 1451.91 1315.66 4488.14 841.897 1846.37 4000.81 1190.2 840.55 3646.25 1355.43 192.828 290.029 2290.82 550.522
internal_count=515043 398883 376121 116160 180246 62898 11666 195875 168580 27667 140913 52902 6739 142973 53262 128877 11613 23703 57734 9521 14096 41649 12721 6828 48213 16858 22762 2224 31355 4604
cat_boundaries=0 1 2 3 4 5 6 7 8 9 10
cat_threshold=5969344 7955682 1811975 174724 1381035 8794237 3288003 1141359 4740332 122
is_linear=0
shrinkage=0.03


Tree=72
num_leaves=31
num_cat=7
split_feature=38 42 46 28 7 28 28 0 40 7 4 28 2 67 4 9 38 7 14 2 7 57 2 42 2 36 2 2 2 7
split_gain=45.5955 41.7873 35.5423 32.8296 63.3681 35.0175 32.4159 25.3086 23.8151 22.1916 23.3686 18.7116 16.7831 15.7661 15.71 15.662 15.2182 18.1042 14.6103 13.949 14.4022 13.9466 13.9435 12.8146 12.7509 12.4926 10.3508 10.2927 9.872 9.82704
threshold=0.47523155737026329 -0.39099281619513743 0.074999999999999969 -0.84000000000000041 638.50000000000011 0.16 -0.10000000000000024 0.050667422381762008 3.5000000000000004 762.50000000000011 1.2500000000000002 1.2 0 0.80536414646474352 9.4500000000000011 0.035000000000000558 0.58234112922277359 1105.5000000000002 0.15500000000000003 1 1036.5000000000002 0.069050000000000014 2 0.32068456118237926 3 20.080000000000002 4 5 6 1417.5000000000002
decision_type=2 2 2 2 2 2 2 2 2 2 2 2 1 2 2 2 2 2 2 1 2 2 1 2 1 2 1 1 1 2
left_child=1 6 3 12 5 -5 18 -6 16 10 -8 -12 -3 29 28 19 17 26 -1 20 -4 23 -19 -17 -16 -14 -2 -15 -11 -10
right_child=8 2 15 4 7 -7 9 -9 13 14 11 -13 25 27 24 21 -18 22 -20 -21 -22 -23 -24 -25 -26 -27 -28 -29 -30 -31
leaf_value=-0.0062792316152321514 0.0055468597897623869 0.0030805151211651489 0.0079336827549596582 0.0012529078750793739 -0.0016132270461563609 0.0059348397116520896 -0.013161820127309964 0.0021842331221189155 0.0030737063799226904 -0.0010179495993090772 0.00037343232696370577 0.0078643824467737964 -0.013882892869584416 0.0018781155471717837 0.0011491383110998293 0 0.0061149158113879441 -0.0062845159203880714 -0.00084996305856675195 0.002073181944477873 -0.00059445050468630973 -0.0035534106084187003 0.0012535236851437118 0.024529289007204635 -0.0034077180108593448 -0.0025620302317233305 0.001538554190712109 -0.002033515895430691 -0.011785017830025826 -0.0031773289205328683
leaf_weight=2017.7372030459528 1295.7348730490248 470.73867263935654 958.96185083190994 6989.6611558285013 11121.908538915992 1818.2736073751539 102.55616621428908 1833.0650560983559 1978.3764469573298 132.70866702220292 2587.2415079655329 339.23941348646622 88.674160049762577 816.86265997040573 779.99018017602339 44.298308153054677 1329.8788561415031 304.06101934467279 590.49763148999773 1867.0932885903758 210.58868030412123 489.14383544736484 713.72461917888722 30.302651017671451 1800.3874759330029 5256.2344387402773 1139.3593087653899 2200.517635932948 255.22658668062968 249.29211854934692
leaf_count=26475 5685 4587 10257 69248 135415 18763 15064 12049 10680 4718 30973 5049 1934 4028 8415 1608 6250 1346 9152 20867 2485 7137 3101 924 18374 53793 4999 10902 9345 1278
internal_value=3.62018e-05 -0.00041888 9.10293e-05 -0.000274024 0.000259857 0.00222396 -0.00226941 -0.00107334 0.00184442 -0.00104814 0.000750368 0.00125681 -0.00227643 0.000441423 -0.00289282 0.00289422 0.00337593 0.00230939 -0.00506315 0.00374947 0.00632016 -0.00165655 -0.00102627 0.0101572 -0.00202759 -0.00275543 0.00371559 -0.000964599 -0.0085311 0.00235849
internal_weight=49812.3 39784.5 31178.9 27578.6 21762.9 8807.93 8605.58 12955 10027.8 5997.35 3029.04 2926.48 5815.65 5245.05 2968.31 3600.39 4782.76 3452.88 2608.23 3036.64 1169.55 563.745 1017.79 74.601 2580.38 5344.91 2435.09 3017.38 387.935 2227.67
internal_count=514901 466632 339067 295789 235475 88011 127565 147464 48269 91938 51086 36022 60314 26888 40852 43278 21381 15131 35627 33609 12742 9669 4447 2532 26789 55727 10684 14930 14063 11958
cat_boundaries=0 1 2 3 4 5 6 7
cat_threshold=16 16957 7526 66098 227608 137257 3598
is_linear=0
shrinkage=0.03


Tree=73
num_leaves=31
num_cat=5
split_feature=5 48 20 28 9 2 45 66 0 2 66 44 31 12 2 49 34 62 28 67 8 48 47 65 2 46 38 55 6 2
split_gain=46.629 37.8358 35.5191 25.4284 24.8062 19.6157 18.4288 23.0802 17.9719 17.5756 17.3072 16.5475 16.6426 16.8432 15.5565 15.1669 14.6811 17.7409 14.6665 14.5063 15.411 14.4232 17.5484 15.2278 14.0471 12.6818 14.1822 11.9727 11.9269 11.9158
threshold=0.18500000000000003 0.075948426014054368 -0.0099999999999999482 -1.5049999999999999 -0.0083333333333332482 0 2.4500000000000006 0.12372857980208941 0.049841733374386556 1 0.20663487336627753 0.046113176853358057 0.044597766780865356 0.015000000000000053 2 0.062948069768636358 3.5000000000000004 51.500000000000007 -0.060000000000000241 2.6672885572139307 63.95000000000001 0.076748515649190968 36.165000000000013 0.25917926565874733 3 0.049999999999999954 0.52412995741282953 14.850000000000003 40.650000000000013 4
decision_type=2 2 2 2 2 1 2 2 2 1 2 2 2 2 1 2 2 2 2 2 2 2 2 2 1 2 2 2 2 1
left_child=1 2 5 24 25 15 19 9 10 -8 -7 18 13 28 -9 27 -6 -18 -2 20 -5 -20 23 -23 -3 26 -4 -1 -13 -27
right_child=11 3 4 6 16 8 7 14 -10 -11 -12 12 -14 -15 -16 -17 17 -19 21 -21 -22 22 -24 -25 -26 29 -28 -29 -30 -31
leaf_value=-0.00064341830815739607 -0.0049629456924353572 -0.0070796799950966242 -0.00011395633898535063 -0.0025436391349132497 0.00044726214113198688 -0.0022338461502627071 0.0030722714211022517 0.012700984965546027 0.0040208778904304949 0.00055554316381683285 0.0031171407438941724 -0.001609211430458658 -0.0027741003492365779 0.010261603066547977 0.0043185406097456672 0.001075253476491944 0.0017811518761290011 -0.0029283710938054859 -0.0042701845068220442 -0.013726149726375911 0.0028078953501739492 -0.0017959872340293423 0.0093451231010503698 0.0085587306495042564 0.00070612716081259238 0.0066169892907162716 0.0023756426063253574 -0.0047126547587142791 0.012517776300930919 0.0017630705721687968
leaf_weight=838.79178357910223 2203.0334780021535 439.85914744598404 5059.3525411582605 1114.0244021145982 4611.302319789831 2933.6568219103865 5163.5847378285989 248.61485589852236 694.85752126108855 4924.8383204515931 661.98194837709889 374.2182621336965 639.93221199640629 242.31619675038337 1214.0425355639218 633.16144448484192 894.63831876824952 3525.2077024111113 1272.5942112577211 72.396684062436179 852.18273415991916 1709.6336581304738 157.90295188874006 135.49378497240559 378.7097651688332 721.96285478957088 3446.2199406573518 3215.4000359778975 60.607674060152021 1338.3836830980881
leaf_count=14760 45255 4482 36731 10933 41159 32166 51865 2853 3904 49375 5393 5061 7314 3328 13417 4725 8493 33053 25457 316 4535 42473 703 1846 3504 5457 18056 27581 626 10337
internal_value=-2.7396e-05 0.000337112 -0.000294041 0.00159078 0.000420624 -0.00185712 0.00190166 0.00236631 -0.000377944 0.00185061 -0.00123917 -0.00233675 0.00066303 0.00395406 0.00589543 -0.00319629 -0.000731591 -0.00196794 -0.00306335 -0.000716204 -0.000208468 -0.00177438 -0.000171063 -0.00101092 -0.00352576 0.00140826 0.000891555 -0.00387888 0.000339481 0.00352387
internal_weight=49778.9 42983.2 28574.9 14408.3 19597.1 8977.85 13589.7 11551.1 4290.5 10088.4 3595.64 6795.73 1317.07 677.142 1462.66 4687.35 9031.15 4419.85 5478.66 2038.6 1966.21 3275.62 2003.03 1845.13 818.569 10565.9 8505.57 4054.19 434.826 2060.35
internal_count=515158 383095 241815 141280 153286 88529 133294 117510 41463 101240 37559 132063 16329 9015 16270 47066 82705 41546 115734 15784 15468 70479 45022 44319 7986 70581 54787 42341 5687 15794
cat_boundaries=0 1 2 3 4 5
cat_threshold=198376 223316 33538 107820 197925
is_linear=0
shrinkage=0.03


Tree=74
num_leaves=31
num_cat=15
split_feature=42 14 47 26 9 6 20 12 53 2 2 64 53 55 57 53 53 9 55 53 2 53 16 7 54 53 53 53 2 53
split_gain=41.2169 36.0234 29.8082 24.8151 24.6366 23.6677 22.105 20.9766 19.7809 23.2009 19.2437 21.9984 20.5846 18.9985 18.7489 18.3564 18.0499 17.6413 17.4679 25.6406 17.4553 21.9628 17.2528 16.6436 15.3416 14.8577 14.8443 14.7847 14.6599 13.8122
threshold=-0.39099281619513743 0.13500000000000004 7.575000000000002 7.9500000000000011 -0.010000000000000149 45.95000000000001 -0.084999999999999937 -0.039999999999999543 0 1 2 3 4 21.100000000000005 0.089550000000000018 5 6 -0.060000000000000046 20.850000000000005 7 8 9 1.5392348941636358 355.50000000000006 8.8500000000000014 10 11 12 13 14
decision_type=2 2 2 2 2 2 2 2 1 1 1 1 1 2 2 1 1 2 2 1 1 1 2 2 2 1 1 1 1 1
left_child=2 4 25 5 7 20 13 18 23 -10 11 16 -13 15 29 -6 -3 -9 27 -20 21 -4 -22 -8 26 -1 -5 -2 -7 -12
right_child=1 10 3 24 6 28 8 17 9 -11 14 12 -14 -15 -16 -17 -18 -19 19 -21 22 -23 -24 -25 -26 -27 -28 -29 -30 -31
leaf_value=-0.0064898572575427856 0.0022586367306202124 -0.0013030744529286483 -0.0028530299257478174 0.016568732646742575 -0.0019624552095522988 0.010940326358300397 0.0016007337310725959 0.00418669285341235 -0.0021797806065356083 0.0016605022292172104 0.011191708764459005 -0.0095649327531773676 -0.00076857227161577775 -0.00029290795168106047 0.0022165740861881159 -0.0092798758259275398 0.0049405606097134838 0.00097832856522399813 -0.0090618233483790271 -0.00094445219793189497 -0.0061296701270321247 0.017280943297886899 0.00920312747122933 -0.0026975866972040407 -0.0017862527633920045 -0.0022677869393008627 0 -0.001345557371864235 0.0021546557386843859 0.003756433866244001
leaf_weight=1342.8795006409975 2090.3720287598844 699.14870066009462 95.710952860174984 69.036741055942002 598.7168118802233 358.9913648092288 994.51834280740695 1984.4307015776785 1953.7533492054661 5025.703893570324 374.74501196362576 297.55959924892522 1129.9196138521656 877.71167310606688 5897.9531030683092 705.52842208940501 991.64985986142983 7110.7984773599956 458.61078288428052 1446.5876888980092 444.69455165132331 82.360436384701643 74.326170451541657 4188.48885405287 5416.2152735955533 1849.8876672528293 124.34941929936485 1978.4055180793266 371.00912588226129 684.53496883233242
leaf_count=35360 15535 7071 1231 793 7899 1857 11175 13476 22297 55357 8458 2955 11335 7899 46530 10206 10045 58348 3303 10149 4729 1098 1271 47259 35317 50373 1429 14915 1928 15305
internal_value=1.77267e-05 0.000457967 -0.00167857 -0.000582339 -7.13985e-05 0.00294012 -0.000962163 0.000774547 -0.000460262 0.000579308 0.00200604 3.30158e-05 -0.00268748 -0.00374309 0.0028816 -0.00603798 0.0023502 0.00168241 -0.000602725 -0.00297408 -0.000976003 0.00680447 -0.00377697 -0.00186314 -0.00148453 -0.00408335 0.00674405 0.000501204 0.00671314 0.00657209
internal_weight=49718.6 39489.1 10229.5 7036.69 29413.6 1427.09 14344.4 15069.2 12162.5 6979.46 10075.5 3118.28 1427.48 2181.96 6957.23 1304.25 1690.8 9095.23 5973.98 1905.2 697.092 178.071 519.021 5183.01 5609.6 3192.77 193.386 4068.78 730 1059.28
internal_count=514903 379517 135386 49653 277818 12114 162092 115726 136088 77654 101699 31406 14290 26004 70293 18105 17116 71824 43902 13452 8329 2329 6000 58434 37539 85733 2222 30450 3785 23763
cat_boundaries=0 1 2 3 4 5 6 7 8 9 10 11 12 13 14 15
cat_threshold=14484784 233570 33265 151 2371076 1411131 2759085 1473 69734 6408634 166621 8462036 10364868 179284 5318248
is_linear=0
shrinkage=0.03


Tree=75
num_leaves=31
num_cat=11
split_feature=42 9 28 21 45 7 20 53 28 7 38 65 29 2 53 20 2 28 7 58 45 2 53 53 53 53 53 12 2 47
split_gain=45.7568 47.531 44.0737 31.1889 25.5228 27.1448 24.2669 24.2617 23.259 22.7352 18.6277 17.8941 17.4357 16.8829 16.2932 16.2253 15.7548 15.527 17.0214 14.2019 13.5621 20.5513 16.2787 15.4629 15.0391 13.477 12.8835 12.5366 12.4166 11.9253
threshold=0.55900718380486281 0.023333333333332953 -0.45000000000000001 0.020000000000000007 1.7750000000000001 889.50000000000011 -0.084999999999999937 0 -1.135 674.50000000000011 0.46780709455065683 0.43934197262470104 2.6450000000000005 1 2 -0.16499999999999992 3 0.089999999999999913 745.50000000000011 37.45000000000001 2.6333333333333337 4 5 6 7 8 9 0.029999999999999753 10 48.655000000000008
decision_type=2 2 2 2 2 2 2 1 2 2 2 2 2 1 1 2 1 2 2 2 2 1 1 1 1 1 1 2 1 2
left_child=1 2 10 4 7 -6 -3 -4 13 20 12 15 -1 29 -14 -11 -12 18 27 -13 23 22 -22 28 -23 -21 -15 -8 -10 -2
right_child=8 6 3 -5 5 -7 17 -9 9 11 16 19 14 26 -16 -17 -18 -19 -20 25 21 24 -24 -25 -26 -27 -28 -29 -30 -31
leaf_value=-0.013714640103088356 0.00045976592189466467 -0.0065309577770295626 0.0039070695131154737 -0.0023793711030049829 0.002632220627489796 0.0002625177928536524 -0.0035291691624461156 -0.005698056830664263 0.0052900015755853458 -0.0088232512503947352 0.0041635294505921565 0.019626890045589079 -0.00065474699805876172 -0.00018084574579348023 -0.0034726064016413817 0.0010153252528058284 -0.0009976702254713074 -0.00026133730638586763 -0.0056849715057641489 0.012793002730158246 0.0057220836992708845 0.0098619635406780211 -0.0034164248893822796 0.0039460413159223716 0.0045462794553281036 -0.0034992424285192961 -0.0066910139847002927 0.00070752545251333634 -0.0073233253834553641 0.0097760349813600031
leaf_weight=115.60245780498644 757.25286133683403 1102.4139991958509 318.72520923605407 2274.5124301362339 10138.780519990352 7673.1695914293123 1329.9665655267847 822.59181166929193 85.387259970118976 154.28231968893579 824.99990366213297 76.648731175273497 3881.6836615294164 563.31049994481918 3598.0186025136441 4042.0349728537558 1440.0478412700286 3429.3961104948044 1405.6123638186896 68.168995975059261 305.89890531259607 869.33537846113018 377.64226357959842 612.75888219754415 1307.4100654175247 95.662108887837348 551.37251351699479 1170.9623397149014 249.06666797920298 147.84309677034616
leaf_count=3559 7578 16671 2064 47318 90806 59823 19358 5524 650 1466 4024 519 37371 5260 35670 38976 7068 55407 17971 533 2889 8301 3600 4804 12302 731 4894 17253 1942 728
internal_value=8.49368e-05 -0.000377888 0.000163247 0.000933952 0.00133336 0.00161321 -0.00237463 -0.003003 0.0018699 0.00257766 -0.00149277 0.00110832 -0.00220584 -0.00100388 -0.00202034 0.000642422 0.000884943 -0.00174434 -0.00303772 0.00904197 0.00428051 0.00531322 0.00065828 0.0011258 0.00672536 0.00373191 -0.00346466 -0.00153454 -0.00394482 0.00201064
internal_weight=49790.6 39526.5 31088.1 21227.8 18953.3 17812 8438.35 1141.32 10264.1 8244.3 9860.35 4436.8 7595.3 2019.78 7479.7 4196.32 2265.05 7335.94 3906.54 240.48 3807.5 2860.29 683.541 947.213 2176.75 163.831 1114.68 2500.93 334.454 905.096
internal_count=515060 419887 293227 205535 158217 150629 126660 7588 95173 76713 87692 42225 76600 18460 73041 40442 11092 109989 54582 1783 34488 27092 6489 7396 20603 1264 10154 36611 2592 8306
cat_boundaries=0 1 2 3 4 5 6 7 8 9 10 11
cat_threshold=173075 214928 5852822 227456 37257 5331658 6377636 8679779 9152678 14075108 37442
is_linear=0
shrinkage=0.03


Tree=76
num_leaves=31
num_cat=6
split_feature=47 53 48 38 39 29 8 65 52 46 53 53 8 47 26 45 32 35 53 67 42 42 45 8 53 32 6 70 64 66
split_gain=47.9138 32.4286 31.0291 25.4588 24.5419 23.9337 22.1519 21.1999 19.2182 18.6941 21.0568 17.9859 17.8868 23.3688 16.9345 16.4398 29.7101 17.0117 16.1381 16.2181 15.5855 15.3721 15.2758 19.2377 15.1138 14.6585 14.6727 14.5703 14.4529 14.2832
threshold=4.3950000000000014 0 0.075442956021068763 0.63026646038739853 4.5000000000000009 3.8150000000000004 50.750000000000007 0.35229342041789474 1.3524068651867656 0.022499999999999954 1 2 50.350000000000001 9.235000000000003 14.530000000000001 3.4500000000000006 0.041729914750412857 45.975000000000001 3 0.83484413453650552 0.71900718380486206 -0.32099281619513759 3.3666666666666667 21.250000000000004 4 0.03832085118880741 22.650000000000002 -5.8284271247461898 5 0.19347178416102231
decision_type=2 1 2 2 2 2 2 2 2 2 1 1 2 2 2 2 2 2 1 2 2 2 2 2 1 2 2 2 1 2
left_child=1 25 3 7 8 29 22 12 9 10 -4 -9 20 -14 -11 -6 17 -17 19 28 -2 24 -7 -24 -10 27 -27 -1 -5 -3
right_child=2 5 4 18 15 6 -8 11 21 14 -12 -13 13 -15 -16 16 -18 -19 -20 -21 -22 -23 23 -25 -26 26 -28 -29 -30 -31
leaf_value=0.013208987167566928 0.0015212404519192731 -0.0059122416231582866 0.0017621120181134148 0.0070080642186195145 0.0027942650832871369 -0.0010465576530215902 -0.0054486947118310277 -0.00078706279721282087 0.0050734716581449452 0.0042594404164442929 -0.0010746284257398978 0.0046989889255125384 -0.003388502947010956 -0.00052224253210457071 0.00035286077659646208 -0.006160029653204527 0.025652392829465596 0.042807068898696621 0.0046501335841492158 -0.0041025344317774156 0.012145863607285368 0.0060377164987020955 0.012558072005472945 0.0018819090568856437 -0.0051837258615942778 0.0090467458045064651 -0.002948946014732477 -0.0057635973120011034 -0.0020863756805388901 0.023999026443925462
leaf_weight=34.216522904417616 1021.0156341907796 791.72468648905124 4393.0902717238023 353.16565114096375 173.23323921284418 1745.323452657316 536.21304460326246 926.65327741450892 240.00827113778359 2452.8985279381741 5040.6875764647339 1244.0695787121331 3026.6394253057915 16851.220336904033 1714.1066789251563 54.719396246641736 106.0890692893604 5.1819668784737578 1518.7864688942782 501.1809338774201 141.59047098863357 1284.2401251447845 163.93162819361851 2037.5700971739629 253.13453031367499 125.3014273851968 324.78695708763598 2421.2638284497302 265.22914317200321 12.326400191523133
leaf_count=867 15215 32609 31879 1922 2427 33943 5942 7048 1402 24068 37724 9304 31140 110941 12282 1334 2065 106 8235 2530 1735 7108 8605 47191 1486 2280 4322 67788 1426 254
internal_value=8.7441e-05 -0.00200843 0.000501326 -0.000136762 0.00155255 -0.000595959 0.000252135 -0.000455356 0.0013735 0.000986897 0.000244018 0.00236269 -0.000747714 -0.000960471 0.0026606 0.00952583 0.0162556 -0.000193117 0.00265295 -7.38942e-05 0.00285958 0.00431055 0.00103661 0.00270119 -0.000132947 -0.00454843 0.000349459 -0.00547648 0.00314429 -0.00535806
internal_weight=49759.6 8192.66 41566.9 25849.6 15717.4 5287.09 4483.04 23211.2 15378.2 13600.8 9433.78 2170.72 21040.5 19877.9 4167.01 339.224 165.99 59.9014 2638.36 1119.58 1162.61 1777.38 3946.83 2201.5 493.143 2905.57 450.088 2455.48 618.395 804.051
internal_count=515178 203801 311377 189496 121881 128544 95681 175383 115949 105953 69603 16352 159031 142081 36350 5932 3505 1440 14113 5878 16950 9996 89739 55796 2888 75257 6602 68655 3348 32863
cat_boundaries=0 1 2 3 4 5 6
cat_threshold=10884180 2967196 8605524 2436681 15045262 433
is_linear=0
shrinkage=0.03


Tree=77
num_leaves=31
num_cat=5
split_feature=14 47 8 32 42 7 42 40 67 38 54 54 29 45 29 7 2 4 34 7 2 11 2 29 2 60 45 46 14 64
split_gain=38.0839 34.2157 32.1743 31.8962 23.5528 23.3022 22.4618 18.4556 26.5519 18.8771 17.2178 16.8044 16.7628 15.3709 15.3107 15.2134 14.7967 14.6776 15.0417 13.8453 13.735 13.5664 12.8868 12.7709 12.6695 12.6181 12.9341 11.1743 11.1095 10.6733
threshold=0.13500000000000004 8.7550000000000043 57.050000000000004 0.057396049623981406 -0.33099281619513782 1277.5000000000002 0.17068456118237887 3.5000000000000004 1.5881503708316824 0.63679594861660094 45.300000000000004 5.5500000000000007 7.245000000000001 4.0833333333333348 4.3050000000000006 911.50000000000011 0 0.65000000000000002 4.5000000000000009 122.50000000000001 1 -0.19702941176470593 2 6.8350000000000009 3 163.50000000000003 2.7083333333333335 0.052499999999999956 0.15500000000000003 4
decision_type=2 2 2 2 2 2 2 2 2 2 2 2 2 2 2 2 1 2 2 2 1 2 1 2 1 2 2 2 2 1
left_child=1 2 3 4 19 7 15 8 12 11 -10 -9 -3 -5 -6 17 25 -2 23 -1 -7 -4 -15 -19 29 -8 -27 -22 -18 -17
right_child=6 5 21 13 14 20 16 9 10 -11 -12 -13 -14 22 -16 24 28 18 -20 -21 27 -23 -24 -25 -26 26 -28 -29 -30 -31
leaf_value=0.001457815687025351 -0.017858855360340466 0.0018862716498627109 0.023280606974830909 0.0028496796304867912 -0.0036334209665888025 0.0012861213179142048 0.0020277687901718885 0.018154485583727557 0.0045539755199672481 0.0024986159992246839 -0.0018763609550158215 -0.0013391406216077262 0.024352038474357206 -0.00013717123818391883 -0.00012160601270775168 -0.0040191289387997032 0.00081054988238694989 0.0021228820663408382 -0.0011301576957221727 -0.0052259797929183208 -0.0036253719867330616 -0.0064672356383162766 0.027503714500783708 0.015071315697533909 -0.0034580165378151713 -0.012809476658295134 -0.00082073263799526926 0.0073801942002660794 0.0047476600152664356 0.0030891942191189998
leaf_weight=312.02334710411105 33.914645572656809 9616.9257146399141 11.596532506868241 887.37540901438206 1439.7659682273052 761.1234145254698 1159.2090223833902 37.825363614597336 422.83482382388684 1454.160152212964 3070.7820638266458 7424.0747961095849 28.23420483576956 29.767823517516263 5053.6652601107598 252.77111589699052 853.02287404892922 3610.517415173058 1549.851230740036 2142.8642127495968 2558.5236506805863 1389.028738510453 31.320293358430717 68.8337172861211 1427.8625024759676 109.1147300156299 323.50763428256232 82.272519068792462 2928.7040301500019 652.61496842766155
leaf_count=8836 7179 68509 80 9746 29447 5282 11639 395 1960 8052 14027 48298 183 512 89217 2853 8047 39947 18566 53179 17814 12898 524 560 16054 903 3367 811 28600 7155
internal_value=-4.06648e-05 -0.000534455 -0.00190842 -0.00130161 -0.00185855 7.4217e-05 0.00135619 0.000431886 0.00114751 -0.000619324 -0.00108735 -0.00123147 0.00196018 0.00391406 -0.000905766 0.000301536 0.00284086 0.0011987 0.00133481 -0.00436374 -0.00223465 -0.0061667 0.0183195 0.00238133 -0.00170864 0.000376715 -0.00395855 -0.00325351 0.00385822 0.00104533
internal_weight=49724.1 36754.2 11297.4 9896.78 8948.32 25456.8 12969.9 22054.8 13138.8 8916.06 3493.62 7461.9 9645.16 948.464 6493.43 7596.37 5373.56 5263.12 5229.2 2454.89 3401.92 1400.63 61.0881 3679.35 2333.25 1591.83 432.622 2640.8 3781.73 905.386
internal_count=514640 369770 204439 191461 180679 165331 144870 141424 84679 56745 15987 48693 68692 10782 118664 92314 52556 66252 59073 62015 23907 12978 1036 40507 26062 15909 4270 18625 36647 10008
cat_boundaries=0 1 2 3 4 5
cat_threshold=35745 182531 17567 112652 208
is_linear=0
shrinkage=0.03


Tree=78
num_leaves=31
num_cat=7
split_feature=14 4 7 28 8 4 53 47 21 53 55 11 53 28 7 4 42 53 45 52 8 9 42 53 58 34 28 61 53 53
split_gain=39.8255 32.3288 29.666 31.4063 28.0896 24.4695 18.8372 19.3083 18.7399 19.2508 17.3288 17.1936 16.6507 16.0966 16.5918 16.5114 16.349 20.7254 15.4417 14.6237 14.1603 13.9065 13.894 13.6321 13.6204 13.2657 13.0593 12.8795 12.3985 12.1728
threshold=0.13500000000000004 5.3500000000000005 915.50000000000011 -1.1199999999999997 35.750000000000007 10.350000000000003 0 59.860000000000007 0.0099999999999999967 1 13.65 0.0050000000000002508 2 -0.72499999999999998 234.50000000000003 4.5500000000000007 -0.42099281619513768 3 2.6333333333333337 0.12909944487360153 25.950000000000003 -0.019999999999999046 0.47900718380486268 4 21.850000000000005 4.5000000000000009 -0.030000000000000096 0.042109929078014162 5 6
decision_type=2 2 2 2 2 2 1 2 2 1 2 2 1 2 2 2 2 1 2 2 2 2 2 1 2 2 2 2 1 1
left_child=1 10 3 12 20 -6 11 26 13 27 19 21 -3 29 15 28 17 -16 -17 -1 -5 -4 -11 -21 -25 -18 -8 -10 -15 -2
right_child=8 2 6 4 5 -7 7 -9 9 22 -12 -13 -14 14 16 18 25 -19 -20 23 -22 -23 -24 24 -26 -27 -28 -29 -30 -31
leaf_value=-0.0054299796316968638 -0.0027782213515858177 -0.0052358811515859881 0.0036005551980956923 0.025510521393431507 -0.001975779026389967 0.0010504912210562752 -0.005308223250888402 0.0025926231117702446 -0.00071256349561441392 -0.0042834279628607315 -0.0078424667200965373 -0.0022758318543919772 -0.00078280379730448339 0.0065372511364990178 0.0039287173142934732 -0.00093571308353545093 0.0038329999533639222 -0.0035241005760522203 0.0086023530765043463 0.0055407575618624371 0.0063612460185135345 -0.0004515598247214318 0.0021266432690835403 0.0024086195446640568 -0.0076597089185263274 0.00051400486490915784 -0.0022051714343895791 0.0055567561096896787 -0.014623609496222172 0.00159047113587065
leaf_weight=655.86432045619836 952.62478923444314 1170.0011272406823 1296.2873785368229 37.885517475559482 2819.3748766898752 16103.811712117495 1746.489534801186 578.9913709409775 618.88269706018036 1310.3444016270166 737.77224712160887 2115.2775375551842 2188.5008020056143 33.282155446179104 518.08353273867397 177.12321559632892 3653.3284229859619 899.86312155617816 891.92992711597708 299.21202791597602 418.52011493653436 1819.0874490553729 387.93400469413336 238.51934472457219 235.63731890699978 1573.0300439168777 4285.6107987144997 548.45283556308209 48.679828934338502 1402.4562041058684
leaf_count=37251 7751 8803 9036 734 39798 107923 14792 3126 13211 28537 18633 20070 16694 1706 4547 1095 28454 8103 7152 9671 7157 18229 6203 7833 8350 13115 41835 11391 2457 11521
internal_value=-3.91156e-05 -0.000544806 -0.000320995 0.000312037 0.000777394 0.000597859 -0.0015389 -0.0026015 0.00138611 -0.000748277 -0.00409883 -0.000184323 -0.00236315 0.00199166 0.0026484 0.00598514 0.00206423 -0.000775345 0.00699526 -0.00213715 0.00812061 0.0012261 -0.00278439 0.000623493 -0.00249079 0.00284037 -0.00311004 0.00219303 -0.00668561 -0.000169824
internal_weight=49762.9 36746.8 34579.8 22738.1 19379.6 18923.2 11841.7 6611.09 13016 2865.61 2167.01 5230.65 3358.5 10150.4 7795.32 1151.02 6644.31 1417.95 1069.05 1429.23 456.406 3115.37 1698.28 773.369 474.157 5226.36 6032.1 1167.34 81.962 2355.08
internal_count=515178 369935 288197 181109 155612 147721 107088 59753 145243 59342 81738 47335 25497 85901 66629 12410 54219 12650 8247 63105 7891 27265 34740 25854 16183 41569 56627 24602 4163 19272
cat_boundaries=0 1 2 3 4 5 6 7
cat_threshold=8327212 5451298 6295907 6602810 1714819 2986761 1104518
is_linear=0
shrinkage=0.03


Tree=79
num_leaves=31
num_cat=10
split_feature=4 28 7 28 9 42 2 28 38 42 53 2 53 53 56 53 65 29 53 38 28 2 53 48 4 2 46 9 45 42
split_gain=41.1276 36.8275 43.4586 29.1073 26.1966 25.8381 21.8724 19.496 20.7698 18.1535 18.4787 18.3411 17.9372 15.8629 15.2992 15.2502 14.3657 12.8202 12.5132 14.5024 10.5627 10.2795 9.86733 9.45494 8.50814 8.37104 7.59832 7.46367 9.01658 10.68
threshold=1.0500000000000003 -1.135 638.50000000000011 0.12499999999999976 0.045000000000000359 -0.40099281619513766 0 0.32499999999999979 0.46392239858906531 -0.8109928161951373 1 2 3 4 11.800000000000002 5 0.31071622887644751 6.0950000000000006 6 0.4064827717022565 -1.915 7 8 0.08333534453219521 1.0000000180025095e-35 9 0.047499999999999952 -0.0058333333333332989 3.5500000000000003 0.37900718380486215
decision_type=2 2 2 2 2 2 1 2 2 2 1 1 1 1 2 1 2 2 1 2 2 1 1 2 2 1 2 2 2 2
left_child=14 18 3 5 7 15 -7 8 -4 10 -5 -11 16 -9 -1 -3 -6 -14 19 -2 22 23 25 -22 -16 -20 -23 28 -26 -30
right_child=1 2 4 9 12 6 -8 13 -10 11 -12 -13 17 -15 24 -17 -18 -19 20 -21 21 26 -24 -25 27 -27 -28 -29 29 -31
leaf_value=0.017416143502952598 -0.0067209536172516716 0.00059539512738162096 -0.0015024270830010669 0.0051792926180134133 -0.0020409021772064685 0.0032933779510978737 0.00052556569203762043 0.0023200713692591679 0.0010887247714368739 0.0010981774900161872 -0.0030394463452820529 0.0059563289141776827 -0.008328941620240421 -0.00018983928392580029 -0.025311061730811754 -0.0040280272969808427 0.0062561926386983371 -0.0022498307772189762 0.0081810082494631758 0.00043064026770227342 -8.0696480620148851e-05 -0.0035912548367316747 -0.0087705946731105322 0.0063830879875735706 -0.011226906802974976 -0.0057536664634443482 0.0020992426970348681 -0.016508367284913981 -0.00087162599482431267 0.03485264691773618
leaf_weight=12.859402681132222 976.14588216491256 1176.258014909014 9841.8212710828702 383.32946400779156 1369.2716209549526 3802.7555553588263 8021.2486374038926 4374.3792308672782 3867.0803848881114 1012.8371463069725 640.42494137085578 2532.6448451353576 739.50609212175004 4650.6887843106597 46.572446563083986 1377.2699301764837 214.59259761616158 570.97826025034556 64.241435636615734 334.56047772129295 1470.7003181680102 1238.5891422734303 290.32929676688809 232.85311937579809 67.930891003673423 66.168352444158245 246.06817281609347 95.854524985450553 34.183128825613494 7.1482206659857175
leaf_count=1052 10153 12921 104058 5410 20093 32802 72388 44787 19196 9931 8731 24386 15288 46762 12737 15201 2313 6677 590 1579 12794 10981 2835 2766 3293 642 2640 9033 2742 397
internal_value=6.92177e-05 0.000133104 0.000405573 0.00149527 -0.000398917 0.000829436 0.0014219 -5.523e-05 -0.000769261 0.00358256 3.36497e-05 0.00459825 -0.00308618 0.00102598 -0.0116821 -0.00190119 -0.000885781 -0.00566741 -0.0023287 -0.00483791 -0.00138966 -0.000791255 -0.0058609 0.000787062 -0.0134127 0.00101101 -0.00260882 -0.0103479 -0.00447417 0.005938
internal_weight=49759.3 49494.7 44575.1 18946.8 25628.3 14377.5 11824 22734 13708.9 4569.24 1023.75 3545.48 2894.35 9025.07 264.549 2553.53 1583.86 1310.48 4919.66 1310.71 3608.95 3188.21 420.739 1703.55 251.689 130.41 1484.66 205.117 109.262 41.3313
internal_count=515178 485924 440944 181770 259174 133312 105190 214803 123254 48458 14141 34317 44371 91549 29254 28122 22406 21965 44980 11732 33248 29181 4067 15560 28202 1232 13621 15465 6432 3139
cat_boundaries=0 1 2 3 4 5 6 7 8 9 10
cat_threshold=83991 4780554 135367 6367022 7836772 2824995 2101571 223696 558136 250562
is_linear=0
shrinkage=0.03


Tree=80
num_leaves=31
num_cat=13
split_feature=20 0 28 7 38 28 36 53 9 14 53 7 53 53 2 53 48 52 53 2 2 37 53 2 13 69 9 2 49 2
split_gain=45.5358 32.9457 29.8796 32.0209 24.3676 21.3054 21.4577 20.6983 20.5242 27.7277 22.4008 20.4891 22.6949 17.8265 25.0834 17.1996 17.0675 14.69 13.7929 12.8311 12.7128 12.2515 12.0405 16.6253 14.054 12.1244 11.1779 12.2685 11.0365 10.9182
threshold=-0.084999999999999937 0.046166891998943409 -0.84000000000000041 561.50000000000011 0.51145538075456043 1.1750000000000005 12.885000000000002 0 -0.0058333333333332989 0.15500000000000003 1 229.50000000000003 2 3 4 5 0.068992663826009118 -0.49453535504684337 6 7 8 4.3250000000000011 9 10 2.5000000000000004 -3.0616169978683822e-16 -0.012500000000000148 11 0.079638688972670471 12
decision_type=2 2 2 2 2 2 2 1 2 2 1 2 1 1 1 1 2 2 1 1 1 2 1 1 2 2 2 1 2 1
left_child=8 2 13 5 7 6 -4 -5 9 22 20 15 29 14 -2 21 -6 -7 28 -14 -11 -3 23 24 -1 -25 27 -15 -10 -13
right_child=1 11 3 4 16 17 -8 -9 18 10 -12 12 19 26 -16 -17 -18 -19 -20 -21 -22 -23 -24 25 -26 -27 -28 -29 -30 -31
leaf_value=0.0080180853337536058 0.003903963117616668 0.02185354650317425 -0.004147912043791409 0.0021330221513160574 9.315342941039691e-05 0.02081230826261786 0.0018747765083307652 -0.0011654207441114681 -0.0021473763006043881 0.0084019259232967925 0.017566292507218331 0.0013577533419090039 -0.0020701170496874137 -0.0038258418480659234 -0.0018597228821880243 0.014092747566583453 0.0035987738107046965 0.005698574515714175 -0.0057493031091518827 0.002857264883500508 -0.0087110208973780762 -0.0016616290668139478 -0.003014028209963192 0.0026368109305084657 -0.0049127691052856795 -0.0058466705881037072 -0.0044458311741625792 0.00056361309874715956 0.010580376257757899 0.0062373816448830204
leaf_weight=365.10505388809179 1045.1492817718549 20.76958616822958 556.86945859762818 1937.5104946168831 2892.9997221648919 73.178054502183841 10242.649404301945 13853.651864570886 917.44627439818578 64.844099117559381 116.85583019256569 679.76930966515283 1164.7440579917611 1009.2100309435968 1888.0207140321727 243.95656445875738 2223.5567448572474 316.05118129750645 1863.949406276849 785.82098074316582 67.316389920660413 150.01012830169202 1834.9549148666802 255.72426371842175 90.776906944578514 356.1016778643243 2053.9088212192423 1282.9496014061933 63.171754935756326 1219.1632911865445
leaf_count=3205 9901 222 24115 22197 14475 2315 97131 172231 11994 640 1127 4711 7754 8367 19023 1657 10609 5078 25269 5475 643 945 16043 2224 898 3128 24382 10050 481 8218
internal_value=5.85942e-05 0.000396035 0.000123916 0.000518197 -0.0001737 0.00181358 0.00156073 -0.000757984 -0.00239157 -0.000711863 0.008837 0.0029005 0.00220488 -0.00161014 0.000191351 0.0092436 0.0016233 0.00870862 -0.00424029 -6.44117e-05 -0.000106051 0.00117634 -0.0015469 0.000966517 0.0052528 -0.00221878 -0.00282633 -0.0013718 -0.00126419 0.00452579
internal_weight=49636.2 43639.9 39375.7 32096.5 20907.7 11188.7 10799.5 15791.2 5996.25 3151.68 249.016 4264.23 3849.5 7279.24 2933.17 414.736 5116.56 389.229 2844.57 1950.57 132.16 170.78 2902.66 1067.71 455.882 611.826 4346.07 2292.16 980.618 1898.93
internal_count=514508 448856 419874 348151 219512 128639 121246 194428 65652 27908 2410 28982 26158 71723 28924 2824 25084 7393 37744 13229 1283 1167 25498 9455 4103 5352 42799 18417 12475 12929
cat_boundaries=0 1 2 3 4 5 6 7 8 9 10 11 12 13
cat_threshold=4202500 5411686 16199691 9101873 150546 7032869 633896 210001 63604 5522648 206996 177249 67981
is_linear=0
shrinkage=0.03


Tree=81
num_leaves=31
num_cat=5
split_feature=21 41 29 38 0 45 13 32 12 9 2 7 60 28 4 0 2 9 29 8 2 2 2 60 7 37 30 28 15 54
split_gain=39.4959 31.5651 34.8691 28.8781 33.3299 20.5337 17.7979 17.4863 15.9667 20.3153 17.584 15.9352 20.1992 20.0678 17.9875 15.9167 15.4104 15.3847 14.0635 13.8828 16.0867 13.0842 12.9712 12.912 12.869 12.5178 12.5051 11.6841 11.6898 11.6636
threshold=0.015000000000000001 3.5000000000000004 5.9650000000000007 0.51145538075456043 0.042561372980286762 2.0833333333333335 5.5000000000000009 0.079357005603190714 -1.0000000180025095e-35 -0.023333333333332946 0 818.50000000000011 343.50000000000006 -0.57999999999999974 1.0000000180025095e-35 0.021268974177561403 1 -0.045833333333333344 7.5750000000000011 42.350000000000001 2 3 4 52.500000000000007 392.50000000000006 6.3150000000000004 0.14567396525337009 -0.10000000000000024 6.8250000000000011 12.350000000000003
decision_type=2 2 2 2 2 2 2 2 2 2 1 2 2 2 2 2 1 2 2 2 1 1 1 2 2 2 2 2 2 2
left_child=1 3 17 4 5 25 -7 11 9 18 24 13 15 -2 -15 -13 -11 -3 -4 -6 -21 -19 -17 -16 -10 -1 -9 -14 -29 -23
right_child=7 2 8 -5 19 6 -8 26 10 16 -12 12 27 14 23 22 -18 21 -20 20 -22 29 -24 -25 -26 -27 -28 28 -30 -31
leaf_value=-0.0040498911849281604 -0.0037975883072488953 0.00010670870915448041 0.0012949622233545809 0.0035718921141035223 0.012416362696978192 0.00073450907758221544 -0.0023428593198419451 0.0030282573549691044 0.0062924865090459034 0.00011643841247761185 0.0033101003237156496 -0.0070011435636153814 0.0235898692505647 -0.025164909754356792 -0.0033619346918339799 0.00065499864676646271 -0.0045965608177779621 6.0919198347972362e-05 -0.009752475956365237 0.000525464540755758 0.0049765620530654968 -0.0080618443807312506 -0.0044572075637726678 0.0020751985014168437 -0.00061344467934957767 0.0039975842808798586 0.023528277561300451 0.017614087868656605 -0.003832365038614774 -0.0036397209125803073
leaf_weight=1433.6410314124205 1418.0534566174701 1011.0042063876181 2495.5689823875209 3346.8823033010412 148.93753338268743 17343.112812773317 1868.8608204794255 148.83552890241936 260.39545197594498 971.751392374842 2228.4075102620668 1226.7002113868439 29.370266811018155 21.906440390304397 489.53081218072202 698.7737503495282 1700.6716104659899 553.34581600494994 105.76823704317212 1350.5210782701424 1655.0928062348103 800.18517978612863 1187.6712066349755 1914.6948643359315 3237.9991809713092 192.63616792572611 32.387760640721353 29.997725249687392 74.84171983359829 1796.4594135079769
leaf_count=13154 27554 5937 15011 15155 1405 175244 29971 1586 1698 6866 16114 36756 457 7054 10733 9062 12285 4280 630 10267 11864 8984 15328 40201 23532 1575 350 510 1299 10446
internal_value=9.11052e-07 0.000351118 -0.000745571 0.000960407 0.0005946 0.000157909 0.000433381 -0.00204107 0.00013678 -0.00105096 0.00123578 -0.00228012 -0.00382993 -0.000961824 0.000685063 -0.00432851 -0.00288954 -0.00308443 0.000827112 0.00346785 0.00300649 -0.00411757 -0.00256911 0.000953787 -8.72951e-05 -0.00307449 0.00707254 0.00740876 0.00223817 -0.00499991
internal_weight=49774 42501.2 15161.6 27339.7 23992.8 20838.3 19212 7272.76 11000.6 5273.76 5726.8 7091.54 3247.35 3844.19 2426.13 3113.15 2672.42 4160.99 2601.34 3154.55 3005.61 3149.99 1886.44 2404.23 3498.39 1626.28 181.223 134.21 104.839 2596.64
internal_count=515308 364418 105783 258635 243480 219944 205215 150890 76136 34792 41344 148954 63412 85542 57988 61146 19151 29647 15641 23536 22131 23710 24390 50934 25230 14729 1936 2266 1809 19430
cat_boundaries=0 1 2 3 4 5
cat_threshold=42737 119209 66765 32837 145705
is_linear=0
shrinkage=0.03


Tree=82
num_leaves=31
num_cat=10
split_feature=38 0 8 31 4 45 32 53 53 42 12 35 66 1 8 38 53 53 53 2 4 31 2 66 2 42 2 29 14 2
split_gain=39.8109 34.4075 29.4851 28.5717 27.814 27.1118 28.8924 24.0524 23.8394 21.366 18.5394 18.4339 16.5303 16.2781 15.6465 24.1081 19.6936 17.0215 14.9763 14.1326 12.8321 22.8212 16.3456 12.4606 12.8841 14.958 12.0549 12.0451 11.6365 12.225
threshold=0.46392239858906531 0.022819869685612556 49.45000000000001 0.047431369505032454 1.0000000180025095e-35 3.3666666666666667 0.057396049623981406 0 1 -0.39099281619513743 0.044999999999999908 42.120000000000012 0.11495991792303541 43.425000000000004 83.950000000000017 0.58956578242258451 2 3 4 5 10.350000000000003 0.042114902641218407 6 0.19831885286430737 7 0.19428206726120403 8 5.3350000000000009 0.095000000000000015 9
decision_type=2 2 2 2 2 2 2 1 1 2 2 2 2 2 2 2 1 1 1 1 2 2 1 2 1 2 1 2 2 1
left_child=1 3 8 4 -1 9 -7 11 19 -6 12 13 -9 -4 -2 17 28 26 -12 -3 21 -10 -22 -5 25 -25 -16 -21 29 -17
right_child=14 2 7 23 5 6 -8 10 20 -11 18 -13 -14 -15 15 16 -18 -19 -20 27 22 -23 -24 24 -26 -27 -28 -29 -30 -31
leaf_value=-0.023495076569016497 0.0032828413683446207 -0.0045471239806557616 -0.0027604025162890544 -0.0063995594010943504 -0.0053237687330892321 -0.00029850488226339705 0.0057727622209028037 -0.00075841753291924264 0.011987419689071483 -0.0013920028136011843 0.0059792055505359706 0.0027732276364507663 0.0022497506003742664 0.0037761878301769947 -0.00031600984839533485 0.0059294645586682199 0.00031958472462460965 6.8251711932581946e-05 0.0011743130295698114 0.0010790226040925377 0.015164200972412393 -0.00082567693533584915 0.0052358074798914489 -0.0033489511862607271 -0.0052863533705145484 0.01542305549676036 -0.0085679269496196 0.011867164426734066 0.0074083908550349421 0.00012596051853785295
leaf_weight=46.842028984043282 3691.2058227049301 342.69460908195197 4178.8563661611506 1256.8240533298449 1569.6833531187949 11514.794160478299 749.34981428954598 4838.2857538013686 176.99126714811018 6178.5883298398912 1046.3382677499239 771.57998094335653 2483.8156047880047 368.08243928341199 273.2510238089144 565.53514698801428 2541.1146596717499 1613.7265822851186 1386.6406460858252 623.88536078970219 260.12565947565236 402.59701234516342 461.81081706732675 65.487165476746668 164.67284774641757 81.346786127885025 432.20205872188308 109.56096273908497 716.09374173730612 789.45556593597757
leaf_count=13112 16480 3991 34486 17796 19978 174298 9625 38069 2227 76632 8479 5735 18500 2959 1217 3000 13102 7319 11936 7676 3084 5141 5070 783 1961 862 1930 1125 3632 4254
internal_value=7.385e-05 -0.000368206 0.000621619 -0.00116827 -0.000861296 -0.000804477 7.08898e-05 0.000129609 0.00372546 -0.00219356 0.00101586 -0.00148917 0.000258258 -0.00222323 0.00170269 0.000856178 0.00211332 -0.00163067 0.00328564 0.000355116 0.00643226 0.0030633 0.00916842 -0.00506927 0.000208913 0.0064813 -0.00547218 0.0027222 0.00427508 0.00262008
internal_weight=49701.4 39078.9 17451.3 21627.6 20059.3 20012.4 12264.1 15073.6 2377.67 7748.27 9755.08 5318.52 7322.1 4546.94 10622.6 6931.38 4612.2 2319.18 2432.98 1076.14 1301.52 579.588 721.936 1568.33 311.507 146.834 705.453 733.446 2071.08 1354.99
internal_count=514459 463525 148478 315047 293645 280533 183923 120164 28314 96610 76984 43180 56569 37445 50934 34454 23988 10466 20415 12792 15522 7368 8154 21402 3606 1645 3147 8801 10886 7254
cat_boundaries=0 1 2 3 4 5 6 7 8 9 10
cat_threshold=9081236 499244 10011094 5777928 5252610 115152 165094 59687 925 196815
is_linear=0
shrinkage=0.03


Tree=83
num_leaves=31
num_cat=11
split_feature=21 14 28 38 7 53 67 40 57 53 53 2 52 2 32 48 2 9 53 34 53 21 21 5 53 2 52 2 66 0
split_gain=39.5486 35.4469 25.7249 28.197 23.6524 20.5376 19.7848 22.9176 15.6921 23.6947 20.593 16.351 18.9679 15.7061 15.0955 17.5347 15.4758 14.44 21.4096 14.5439 13.9466 17.1088 13.4925 13.2648 12.9961 12.327 12.0298 11.9085 15.201 11.5411
threshold=0.015000000000000001 0.15500000000000003 0.29000000000000015 0.64739556709003454 411.50000000000006 0 3.7287392990869597 3.5000000000000004 0.083900000000000016 1 2 3 0.077991826884804175 4 0.078188031107476061 0.076455052432249815 5 0.041666666666666456 6 5.5000000000000009 7 1.0000000180025095e-35 0.040000000000000029 0.19500000000000003 8 9 0.31008683647302826 10 0.29972995111896494 0.037184716741568355
decision_type=2 2 2 2 2 1 2 2 2 1 1 1 2 1 2 2 1 2 1 2 1 2 2 2 1 1 2 1 2 2
left_child=1 2 3 6 20 14 7 -1 9 11 -10 12 -3 -11 15 -2 23 19 -19 -6 -4 -22 -18 -17 25 -5 -15 28 29 -7
right_child=5 8 4 24 17 27 -8 -9 10 13 -12 -13 -14 26 -16 16 22 18 -20 -21 21 -23 -24 -25 -26 -27 -28 -29 -30 -31
leaf_value=-4.1393039654841742e-05 -0.0030121202804411023 -0.002675715675695022 0 -0.008024854343685767 0.0016066255202871937 -0.0033948060797334922 -0.0084110083360644863 -0.0019799055245359213 -0.00012817056480420554 0.0037537699496903772 0.0030144982726923253 -0.0058389155558277684 0.015500633883332036 0.0087874155582238472 0.010561315540102745 0.0075439868211625337 0.00046797684132654808 -0.00779302210735024 0.00083920472649734218 -0.0024163605515648955 0.0077873373328777896 -0.0052551824613827278 -0.0083601896890871923 -0.0015493845651901486 0.0051223163600023882 0.0023403348323468272 0.021426970380152708 -0.0051371507110179945 0.016070502402904502 0.0036046277682572612
leaf_weight=13797.906792676276 1741.6702923960615 101.8227759482611 421.88562828709473 138.85138541085416 5773.4842113561008 1157.4193999784336 311.87962081633668 9148.4744604364714 3533.8166215379597 288.92853559967057 3955.8710597753525 208.59452239210691 97.397466376592092 168.80835560173728 105.06525920579497 476.05741147329263 956.52963212037093 427.63588713010677 615.92973681018566 933.42657985958158 953.8437255168119 95.784298176603443 183.04552817946706 198.85194515775584 1049.3972757299507 311.89790765627276 134.41962722106837 2165.6896942246849 40.346477293142925 253.85314762391408
leaf_count=127965 31013 2830 4442 724 45572 27263 1498 66706 25778 6355 28990 4509 1780 4346 1106 8193 20991 5616 7366 7897 9842 2083 6481 6829 5812 1719 2229 46381 474 2474
internal_value=-7.38983e-05 0.000275674 -0.000156751 -0.0006613 0.00119442 -0.00211728 -0.000919523 -0.00081567 0.00200964 0.00554759 0.00153192 -5.98104e-05 0.00583715 0.0092917 -0.000515781 -0.000858683 0.00119286 0.000527519 -0.00274409 0.00104171 0.00468113 0.00649908 -0.000927813 0.00475356 0.00331811 -0.000913088 0.0141295 -0.00371705 -0.00155315 -0.00211123
internal_weight=49748.6 42470.1 33980.4 24758.4 9221.99 7278.53 23258.3 22946.4 8489.66 999.971 7489.69 407.815 199.22 592.157 3661.22 3556.15 1814.48 7750.48 1043.57 6706.91 1471.51 1049.63 1139.58 674.909 1500.15 450.749 303.228 3617.31 1451.62 1411.27
internal_count=515264 364059 287242 204424 82818 151205 196169 194671 76817 22049 54768 9119 4610 12930 74613 73507 42494 66451 12982 53469 16367 11925 27472 15022 8255 2443 6575 76592 30211 29737
cat_boundaries=0 1 2 3 4 5 6 7 8 9 10 11
cat_threshold=3844875 14811974 1113796 259073 141185 16988 5413075 4203045 2165352 229541 56004
is_linear=0
shrinkage=0.03


Tree=84
num_leaves=31
num_cat=0
split_feature=28 7 47 29 55 28 0 42 42 21 12 44 47 0 44 29 48 47 42 7 67 9 48 43 11 42 33 9 45 26
split_gain=38.5203 42.7836 31.0269 25.0158 24.6277 24.1925 24.0778 22.4438 19.8592 20.3192 19.0293 20.8357 17.3187 16.8086 17.5436 15.0153 14.9481 14.8202 14.215 13.8503 13.3629 13.2752 13.7856 12.8176 12.2164 11.5207 11.2458 11.0897 10.8408 9.76675
threshold=-0.84000000000000041 546.50000000000011 9.1150000000000038 2.8350000000000004 16.450000000000006 0.95499999999999996 0.013228279554022301 0.15068456118237908 0.77068456118237927 0.0099999999999999967 -0.050000000000000246 0.025654737419443251 1.325 0.018684381572961001 0.033015993936564604 2.6450000000000005 0.077788207500344056 1.5200000000000005 -0.29099281619513778 811.50000000000011 3.1672149122807021 -0.004999999999999399 0.073953340965249914 6.8298062897623888 -0.12666666666666643 -0.52099281619513726 1.0000000180025095e-35 -0.060000000000000046 3.5500000000000003 6.3450000000000006
decision_type=2 2 2 2 2 2 2 2 2 2 2 2 2 2 2 2 2 2 2 2 2 2 2 2 2 2 2 2 2 2
left_child=8 3 4 24 6 7 18 17 9 15 11 -4 -8 14 -6 -1 28 -5 -3 -15 -18 23 -23 -12 -2 -13 -7 -10 -17 -28
right_child=1 2 10 5 13 26 12 -9 27 -11 21 25 -14 19 -16 16 20 -19 -20 -21 -22 22 -24 -25 -26 -27 29 -29 -30 -31
leaf_value=-0.014316595966871438 0.015382188716071324 -0.006165845516789943 0.00017671274689610631 -0.0030249061007892155 -0.010359461116818906 0.01085743213248349 0.014528311279628565 0.0032304473575982093 0.0056227561784595549 -0.0062096586428385895 0.001562307047983266 -0.0097357651155143502 0.0017537102562381307 0.00022155974749967836 -0.0026583877821041227 -0.0036450445312167902 0.0010995848516276159 0.0010946773995224126 -0.00083797400084604254 -0.0048509707075824245 -0.010847311455369237 -0.00095135993977764756 0.0017379824405873707 0.012417510622507471 -0.0092216966916048894 -0.0027637012484440031 -0.0047462915238849672 -0.00023096552535763188 0.00016652901939971955 0.0062761992233823331
leaf_weight=84.225437201965178 16.977537898982519 617.56910066298587 3480.7606763673316 891.26199928451933 625.50728584183435 380.54959898546099 102.79708747974473 4823.2965143812062 341.35852231844183 1167.0469213991964 7450.9323927249161 245.87602620345979 1236.6944238023279 939.08403667972743 487.44570736473634 2842.6266002210327 1787.5736249853794 6400.916426147608 1722.5955853734513 975.15650999604895 86.184753359690148 5162.2221762101617 2565.6779396595093 98.144873886307323 242.21260440850619 1826.7796626919189 94.518501590817095 1869.2780401079417 859.49816634028139 265.00380787271388
leaf_count=1644 851 22091 18194 25227 11476 6071 1766 43048 2256 20903 45760 2349 18474 10242 7612 21053 15115 49158 49504 13276 405 41329 21702 642 19442 15483 2131 17926 7395 2445
internal_value=-2.46037e-05 0.000368646 -0.000302081 0.0017791 -0.00207695 0.00196742 -0.000418425 0.00164184 -0.00179645 -0.00259738 0.000268085 -0.00123339 0.00277664 -0.00408142 -0.00702431 -0.00184535 -0.00164652 0.000586371 -0.00226087 -0.00234921 0.000523106 0.000815949 -5.43933e-05 0.00171066 -0.00738978 -0.00361384 0.00723807 0.000663652 -0.00275243 0.00328518
internal_weight=49689.8 40652 27537.2 13114.7 6706.85 12855.5 3679.66 12115.5 9037.79 6827.16 20830.4 5553.42 1339.49 3027.19 1112.95 5660.11 5575.88 7292.18 2340.16 1914.24 1873.76 15277 7727.9 7549.08 259.19 2072.66 740.072 2210.64 3702.12 359.522
internal_count=514970 428273 279900 148373 134441 128080 91835 117433 86697 66515 145459 36026 20240 42606 19088 45612 43968 74385 71595 23518 15520 109433 63031 46402 20293 17832 10647 20182 28448 4576
is_linear=0
shrinkage=0.03


Tree=85
num_leaves=31
num_cat=9
split_feature=28 7 34 28 42 29 53 2 58 53 20 52 66 2 45 44 2 45 36 53 38 44 2 53 42 53 44 9 45 47
split_gain=36.7553 45.343 32.5132 25.214 32.7204 24.6885 22.9154 19.2379 17.564 17.0673 18.2517 16.3001 16.1193 16.1027 16.0532 15.1829 14.9494 14.6296 17.8772 14.4744 14.3713 14.0277 12.9277 22.0508 14.7008 14.0034 13.488 12.5538 12.5089 12.4754
threshold=-0.84000000000000041 915.50000000000011 4.5000000000000009 0.10000000000000027 -0.32099281619513759 5.1450000000000005 0 1 36.750000000000007 2 -0.04999999999999994 -1.2266012496777601 0.13462715375200077 3 1.7750000000000001 0.065498567848191871 4 2.183333333333334 35.805000000000007 5 0.34789952996474732 0.10819418144258906 6 7 0.60900718380486263 8 0.033471763595929606 -0.013333333333333147 5.7750000000000012 4.575000000000002
decision_type=2 2 2 2 2 2 1 1 2 1 2 2 2 1 2 2 1 2 2 1 2 2 1 1 2 1 2 2 2 2
left_child=8 2 3 4 19 6 28 -6 22 17 -11 -4 -12 -8 15 -5 -10 18 -7 -2 -16 -18 23 24 -1 -24 -25 -19 -3 -13
right_child=1 5 11 14 7 9 13 -9 16 10 12 29 -14 -15 20 -17 21 27 -20 -21 -22 -23 25 26 -26 -27 -28 -29 -30 -31
leaf_value=-0.0021103668875550427 0.001205450592554411 -0.0012581251034997378 -0.0055753896399359021 -0.0060463871035441085 0.0038196639754673476 -0.012889051861899417 -0.00038957559026582864 0.00093342196440157784 -0.0063824001746173196 -0.004284958034917968 -0.0012968498139702882 -0.0026307070833729396 0.0025428465737863796 -0.012232086634952285 0.0030807797016046208 0.0096913493159834236 -0.0032681317332593231 0.0034566755882985884 -0.00083234189341839667 -0.0035677048959340133 0.0068042496912105489 0.0022880602378567037 -0.0016450265958141864 -0.0069793903200622452 0.0057630276073103769 0.0020080089265792013 0.0081556114249063429 0.00020427869343404319 0.026950623017732246 0.00056880588327320699
leaf_weight=632.97097973102473 857.5510671132829 499.11537555101586 514.81223619468983 269.23875687639247 3182.3247313250431 131.77941830781947 154.24540486028945 6135.4972008681798 1040.0327340817175 1540.8440660618435 6236.1750527277291 1359.3309348679104 1162.4142939542689 424.90175035062384 4461.6531984100757 66.278610532172024 1809.3194402226591 1792.08624159794 684.35077712854581 1645.1289287623699 1207.8731470599632 520.11976761843562 1704.7409643419751 861.33541809109374 318.38660722490249 2080.4061404347931 53.023635681718588 2693.0366880286447 12.524790122173725 5634.5834294558135
leaf_count=6393 10254 11053 9469 2239 28347 1389 3411 57375 11216 16629 52517 35674 13060 9721 64417 401 20616 12774 4678 20218 5488 3567 15140 8331 2892 18165 311 28385 327 40786
internal_value=5.4349e-05 0.000439241 0.00121898 0.00191675 0.00110852 -0.000847266 -0.00519589 0.00192809 -0.00167722 -0.000511387 -0.00131153 -0.000433589 -0.000689006 -0.00920073 0.00350181 -0.00280964 -0.00339302 0.000833114 -0.00284254 -0.00192997 0.00388146 -0.00200517 -0.00064798 -0.00268434 0.000494495 0.000354868 -0.00598775 0.00151146 -0.000399155 -4.93347e-05
internal_weight=49686.1 40665.7 25334.3 17825.5 11820.5 15331.5 1090.79 9317.82 9020.34 14240.7 8939.43 7508.73 7398.59 579.147 6005.04 335.517 3369.47 5301.25 816.13 2502.68 5669.53 2329.44 5650.86 1865.72 951.358 3785.15 914.359 4485.12 511.64 6993.91
internal_count=515243 428612 274668 188739 116194 153944 24512 85722 86631 129432 82206 85929 65577 13132 72545 2640 35399 47226 6067 30472 69905 24183 51232 17927 9285 33305 8642 41159 11380 76460
cat_boundaries=0 1 2 3 4 5 6 7 8 9
cat_threshold=15229594 84054 7671852 168512 72744 2110118 41440 10453025 14765668
is_linear=0
shrinkage=0.03


Tree=86
num_leaves=31
num_cat=7
split_feature=9 20 14 29 40 53 35 53 53 53 47 53 48 12 9 7 56 58 49 0 53 35 3 53 29 37 29 7 5 48
split_gain=35.1115 28.7432 23.0889 22.9922 28.5512 22.3443 19.9759 20.0668 17.8998 16.2429 15.5437 22.2361 15.2252 14.7475 14.7468 14.2651 13.8659 13.9904 13.5905 12.9392 15.3841 12.7028 12.7751 14.7241 12.491 12.4338 12.0388 12.9209 11.9321 11.8188
threshold=-0.0058333333333332989 -0.084999999999999937 0.14500000000000005 4.3050000000000006 2.5000000000000004 0 30.885000000000002 1 2 3 62.385000000000012 4 0.079141751279503111 0.044999999999999908 0.046666666666666357 668.50000000000011 21.950000000000003 40.750000000000007 0.016410523852219753 0.029198369216227652 5 35.595000000000006 0.17500000000000002 6 2.7450000000000006 3.4750000000000005 6.3850000000000007 321.50000000000006 0.17500000000000002 0.07024363367474111
decision_type=2 2 2 2 2 1 2 1 1 1 2 1 2 2 2 2 2 2 2 2 1 2 2 1 2 2 2 2 2 2
left_child=2 19 3 21 5 -5 8 18 14 26 13 -12 25 -6 -3 -11 24 -18 -8 -2 -21 22 23 -1 -9 -10 27 -4 -20 -22
right_child=1 6 9 4 10 -7 7 16 12 15 11 -13 -14 -15 -16 -17 17 -19 28 20 29 -23 -24 -25 -26 -27 -28 -29 -30 -31
leaf_value=0.0023691586248024985 -0.0053576168381263799 -0.0022061785405189508 0.0028789669671788034 0.0074266350092415242 -0.00077948062002950401 0.0017736031681089654 -0.0023485679985554603 -0.012176692924059254 0.016106251406351243 0.0053422109192649871 0.0090384031321333273 -0.00024567020626417335 0.0029552957279265733 0.0019540341461482921 -0.0072373945102612294 0.0015671638042683144 -0.0072530414961998833 0.0023617767023095433 0.005378244761706283 -0.0050154743360112828 -0.0027484371021547489 0.00020344018244953865 -0.0076268911595472853 -0.0052074830118097014 0.0016232661542114125 -0.0014861132952956825 0.0050897732690308676 -0.0021336089313830813 -0.0037209048458514602 0.0051841709843206563
leaf_weight=402.29387667892433 1624.3575680229224 2789.6855625620856 697.85040659722199 732.20974231555965 10268.249104371855 4494.4406467145964 2936.6189358528782 57.019496114015055 34.341820467060643 2085.5361344623152 389.7515198379042 543.12785456502934 1011.1760854202294 2142.2174449440572 656.2089966285148 1637.5859338652808 333.68785220684595 221.73341603001381 419.83484049120216 526.97613147087395 290.16315453778952 1018.7334527038036 575.17335302526521 506.15299062332042 7818.5521136098778 3095.5091086679531 429.3886785237064 1355.9177629435435 181.72992531831596 390.24065470788628
leaf_count=4245 28005 34304 7211 6891 71571 40323 37133 4650 1107 19476 2300 3134 17547 15837 11634 13713 4964 3692 4788 4388 2105 12848 10927 5202 90891 35327 2778 12008 3181 3219
internal_value=9.95272e-05 -0.000780227 0.000822654 0.000347233 0.0007123 0.00259142 -0.000369309 0.000392056 -0.00157418 0.0024314 -2.17883e-05 0.00370616 -0.000232044 -0.000304983 -0.00316744 0.00368169 0.00118913 -0.00336612 -0.00149752 -0.00360519 -0.00121779 -0.00234836 -0.00411867 -0.00185266 0.00151648 -0.00127334 0.00052632 -0.000414648 0.00257651 0.00173374
internal_weight=49666.5 22387.8 27278.6 21072.3 18570 5226.65 19556.1 11969.2 7586.92 6206.28 13343.3 932.879 4141.03 12410.5 3445.89 3723.12 8430.99 555.421 3538.18 2831.74 1207.38 2502.35 1483.62 908.447 7875.57 3129.85 2483.16 2053.77 601.565 680.404
internal_count=515399 286935 228464 173278 140056 47214 249218 149299 99919 55186 92842 5434 53981 87408 45938 33189 104197 8656 45102 37717 9712 33222 20374 9447 95541 36434 21997 19219 7969 5324
cat_boundaries=0 1 2 3 4 5 6 7
cat_threshold=4329536 13959328 9313059 2152005 8705205 10130641 13968977
is_linear=0
shrinkage=0.03


Tree=87
num_leaves=31
num_cat=9
split_feature=35 42 57 5 30 53 14 52 45 53 16 2 7 58 53 2 44 53 2 9 28 49 53 20 20 11 20 58 53 43
split_gain=40.0126 31.1144 20.85 18.0206 17.6502 17.79 17.744 17.2774 17.8697 15.1898 15.2434 14.5524 18.0221 14.1641 16.7924 15.6875 13.168 12.7157 14.2478 13.7141 12.2449 12.2258 20.0901 14.0872 12.1381 11.8763 11.8559 12.264 11.6493 11.5939
threshold=36.275000000000013 -0.33099281619513782 0.13810000000000003 0.20500000000000004 0.50186316051844482 0 0.18500000000000003 -1.5000000000000304 2.6333333333333337 1 1.9213334979627115 2 344.50000000000006 70.950000000000017 3 4 0.15026868024647447 5 6 0.0083333333333332517 -0.49999999999999972 0.08821437536607811 7 -0.069999999999999937 -0.084999999999999937 0.036470588235294255 -0.19999999999999993 18.550000000000004 8 0.097240959990333678
decision_type=2 2 2 2 2 1 2 2 2 1 2 1 2 2 1 1 2 1 1 2 2 2 1 2 2 2 2 2 1 2
left_child=1 2 9 13 6 -6 7 -3 -9 -1 -11 28 20 16 29 25 21 19 -19 -8 -13 23 -23 -2 -12 -16 -7 -28 -4 -15
right_child=3 4 11 -5 5 26 17 8 -10 10 24 12 -14 14 15 -17 -18 18 -20 -21 -22 22 -24 -25 -26 -27 27 -29 -30 -31
leaf_value=-0.0018831289840057794 -0.00085701401218944717 -0.0054571459717480736 0.0064000025354206437 -0.0055146480501530697 -0.0022300618625920093 -0.010999912345931041 0.0086890170970352464 -0.0019164537900106086 0.00016159551292066409 -0.0074230591338141569 -0.011749467316807025 -0.0038431830354001711 -0.0036917389599419514 -0.010114889193286746 -0.0026992101663508897 -0.0078541626575782623 0.008526050064369432 0.0045103835567772864 -0.00053278950981379999 -5.6158303302405754e-05 0.0041951416391719691 -0.0032195602403920663 0.010115838037755433 0.0017258441344204167 0.0017520367565519951 0.0089508347461114621 0.030765722057671793 0.0081107163192787341 6.9886907887320283e-05 0.0042179714974185795
leaf_weight=1739.0750760834633 2209.7819953783455 613.23001237693461 343.93262401869924 347.43273128269357 214.54095349728505 23.964365554973483 444.93200294341659 4931.2678483045438 15116.124514597219 1376.3503731727217 71.097449195571244 242.10182233660726 1862.6084310311608 53.911471675644862 315.54847753172817 456.48627305482978 243.77739128088069 686.73995299986564 1780.6550488220964 241.97547963785473 547.93434140122918 137.91521415949956 330.76739392111904 12937.65678849207 323.95508346532824 102.60679818058998 22.366283429784744 396.59104142927663 1037.1977981372111 477.78688858561827
leaf_count=36282 23396 9700 2176 10675 1520 136 4052 39541 153062 33767 742 1707 11629 895 3412 5101 1161 7182 18991 3497 4003 1020 2233 119470 4251 1138 138 2823 6570 4913
internal_value=6.52032e-05 -0.000565957 -0.00225016 0.00121411 -4.53896e-05 0.00479436 -0.000180652 -0.000501812 -0.000348208 -0.00394219 -0.00589847 -0.000768979 -0.00206959 0.00135187 -0.00152107 -0.00406069 0.00160867 0.00191242 0.000873793 0.00549386 0.00169048 0.00149768 0.00627752 0.001347 -0.000649211 0.00011435 0.00812645 0.00953186 0.00170931 0.0026268
internal_weight=49630.3 32016.6 7544.25 17613.7 24472.4 657.463 23814.9 20660.6 20047.4 3510.48 1771.4 4033.78 2652.64 17266.2 1406.34 874.642 15859.9 3154.3 2467.4 686.907 790.036 15616.1 468.683 15147.4 395.053 418.155 442.922 418.957 1381.13 531.698
internal_count=515183 341769 101127 173414 240642 4617 236025 202303 192603 75042 38760 26085 17339 162739 15459 9651 147280 33722 26173 7549 5710 146119 3253 142866 4993 4550 3097 2961 8746 5808
cat_boundaries=0 1 2 3 4 5 6 7 8 9
cat_threshold=9834788 6154512 148039 6466608 155864 13632010 23810 2313040 3151232
is_linear=0
shrinkage=0.03


Tree=88
num_leaves=31
num_cat=8
split_feature=34 45 28 42 28 42 7 53 2 52 38 66 53 53 38 53 61 2 0 0 66 20 53 2 43 70 12 42 0 47
split_gain=38.5222 36.5145 27.998 23.8198 24.0003 28.1292 28.1258 23.0388 21.776 18.141 18.3508 17.8805 17.4884 17.0373 15.5084 23.8344 15.9909 14.8155 14.5161 14.0261 13.4582 12.6479 12.5618 12.1001 12.0302 11.8415 11.7516 11.2774 11.1538 10.9887
threshold=4.5000000000000009 2.6333333333333337 -1.8199999999999996 0.82900718380486238 0.4449999999999999 -0.70571793273879602 762.50000000000011 0 1 -1.6323215627475218 0.38510430247718391 0.11739730963247656 2 3 0.55116652866397164 4 0.038098693759071059 5 0.026362993000741301 0.045518914332114455 0.029769289849934957 -0.044999999999999943 6 7 2.0187557928884399 4.5961940777125596 0.29499999999999998 -0.24571793273879636 0.043730704130604252 11.015000000000002
decision_type=2 2 2 2 2 2 2 1 1 2 2 2 1 1 2 1 2 1 2 2 2 2 1 1 2 2 2 2 2 2
left_child=1 14 12 4 5 -4 -6 11 13 -9 18 23 -3 -5 19 -16 -17 25 -11 22 -10 -20 24 -2 -1 -13 28 -19 -25 -29
right_child=7 2 3 8 6 -7 -8 9 20 10 -12 17 -14 -15 15 16 -18 27 21 -21 -22 -23 -24 26 -26 -27 -28 29 -30 -31
leaf_value=-0.0026562314939624571 0.0015966261308658805 1.7732230845360919e-05 -0.0040575726521183209 0.0066802190437066289 0.0058038880237809617 0.00066130733414101475 0.0012192596279252232 -0.011532987000634235 0.0038711255371504257 -0.0041075003383119809 8.5962419318577068e-05 0.0063502293205769623 -0.011682924783995668 -0.0020155002828742435 0.0072275615851820534 0.0033192511042529908 -0.0043413536039352265 -0.0074646083107452899 -0.0041558358923701553 0.0012606026973960153 0.0095938294578228368 0.00019720496533215609 -0.0011047192247321733 -0.0023931214105622914 -0.0072831489449074263 0.025670396771444223 0.030549205184600782 0.007592377984756476 0.0034399054492082535 -0.0019137560372425137
leaf_weight=1909.9839386231733 1510.8570668090483 214.9351510945703 1220.1019289930628 267.25154470995676 1698.9656399535652 16126.9895577528 4216.3372925434469 184.41708902816026 1002.5655683222926 3740.9729968751662 2588.6625830437843 442.73040550979204 235.69095465739201 725.22808581740173 454.03841973385352 429.73427102714777 560.45235880681957 125.46893575835838 882.33384705800563 1139.5869361632276 617.56397902746403 1835.8037436991335 3321.1474647608625 2795.5900918678094 708.78627148479745 30.294549312665367 8.063952667755073 209.37688589754362 324.13631008919128 217.99972188333049
leaf_count=18150 16447 2316 21484 2493 24985 160356 48925 3325 8031 62015 12084 4983 2376 6894 2578 2426 2917 1514 6771 6059 7428 16371 29703 31760 6024 365 73 2630 2378 1770
internal_value=-2.96777e-05 0.00051552 0.00106867 0.00119895 0.000892046 0.000327248 0.00254262 -0.00130702 0.00391736 -0.00222997 -0.00203699 0.000195764 -0.00631809 0.000348019 -0.00118922 0.00163152 -0.000976635 0.00378012 -0.00289222 -0.00176919 0.0060429 -0.00120682 -0.00235574 -0.000591343 -0.00390967 0.00759374 -0.00165796 0.000305078 -0.00177565 0.00268722
internal_weight=49746.1 34849.4 26325.6 25875 23262.4 17347.1 5915.3 14896.7 2612.61 9232.19 9047.77 5664.52 450.626 992.48 8523.73 1444.23 990.187 1025.87 6459.11 7079.5 1620.13 2718.14 5939.92 4638.65 2618.77 473.025 3127.79 552.846 3119.73 427.377
internal_count=515631 353145 285288 280596 255750 181840 73910 162486 24846 100566 97241 61920 4692 9387 67857 7921 5343 11262 85157 59936 15459 23142 53877 50658 24174 5348 34211 5914 34138 4400
cat_boundaries=0 1 2 3 4 5 6 7 8
cat_threshold=5271169 200942 12223800 811156 10783108 157280 8307332 171266
is_linear=0
shrinkage=0.03


Tree=89
num_leaves=31
num_cat=9
split_feature=21 28 7 53 4 54 38 35 28 4 53 42 65 53 42 53 52 66 6 52 15 30 2 53 53 2 53 8 30 4
split_gain=32.9049 30.2708 34.1037 25.1286 24.4742 24.6182 21.0561 23.9036 20.81 19.1769 17.6395 17.2649 16.7188 16.9937 16.6009 16.4229 19.7492 15.4136 15.1967 14.2837 14.0453 18.7468 15.837 14.0012 12.5079 12.3762 12.3404 12.261 18.3258 12.3064
threshold=0.029999999999999988 -0.64499999999999991 642.50000000000011 0 1.7500000000000002 5.9000000000000012 0.59334526575580049 38.785000000000004 0.60500000000000009 4.2500000000000009 1 0.65900718380486245 0.0015885713708903503 2 -0.27099281619513732 3 1.6854019432007583 0.20663487336627753 7.0500000000000007 1.5689290811054615 6.8950000000000005 0.14234226043587817 4 5 6 7 8 18.550000000000004 0.0044195407109771769 5.1500000000000012
decision_type=2 2 2 1 2 2 2 2 2 2 1 2 2 1 2 1 2 2 2 2 2 2 1 1 1 1 1 2 2 2
left_child=1 9 4 17 23 18 7 14 -7 10 -1 15 -8 -14 -4 25 -17 19 -6 -2 27 22 -22 -3 -9 -11 -13 28 -5 -29
right_child=3 2 6 20 5 8 12 24 -10 11 -12 26 13 -15 -16 16 -18 -19 -20 -21 21 -23 -24 -25 -26 -27 -28 29 -30 -31
leaf_value=-0.00091303561208038516 -0.0052149737903711101 0.00022770008912276768 -0.0026754407132426696 -0.0031094404751062293 0.032929015125617841 0.0013388081060632473 0.0031014651156203812 0.0033493972683431481 0.0051416106096643325 -6.5199103335162608e-05 -0.012237606376489895 0.0047330495897950067 -0.016968450825698821 0.0040493574764335228 -0.00035960375514968351 -0.0010478573778951387 0.0074683193846949514 0.0061187631446373396 0.0071752308930469102 -0.017422520589920117 -0.0054203431585467809 0.020296343439021338 0.0050194565662241087 -0.01497653855406229 0.00015197189204753202 -0.0050584643331331803 0.00011817727332150482 -0.0091124479667714937 0.027151584845106172 -0.0013759787768709325
leaf_weight=265.96902087802778 1603.4976391271275 102.2620968710587 3944.1202416950837 37.055303195827946 20.488785963044393 10692.723465741288 2378.9288385042928 1866.6268468943395 1481.8316763468192 639.8418405336206 247.45850832316023 644.97291641127549 65.747541129589081 56.675942055881023 9612.7702254506985 5727.4397249884432 253.42671517203507 97.474323913035732 528.71635759472792 92.345121164884404 179.498410023818 52.060903279921149 396.94091835803829 107.17994194536664 2726.5054182027293 1640.672779288971 2616.1700591708236 216.72007323319895 29.921878029309937 1323.7098277479454
leaf_count=9250 42231 8319 40366 4531 1177 85272 12410 16725 12527 4822 8549 4818 322 278 90981 44762 1450 1449 11241 1257 4653 809 10742 8737 23791 12539 19826 8496 1996 20652
internal_value=1.80971e-05 0.000248261 0.000711405 -0.0025793 0.00191935 0.00208915 -4.37444e-05 -0.000400874 0.0018049 -0.00104149 -0.00671083 -0.000785146 0.00253388 -0.00812678 -0.00103586 -0.00151615 -0.000678478 -0.00521111 0.00830643 -0.00591713 -0.000427074 0.00334958 0.00170229 -0.00817664 0.00146643 -0.00367827 0.00105729 -0.00192738 0.0103699 -0.00249426
internal_weight=49649.8 45620.5 33584.6 4029.22 12933.2 12723.8 20651.4 18150 12174.6 12036 513.428 11522.5 2501.35 122.423 13556.9 8261.38 5980.87 1793.32 549.205 1695.84 2235.91 628.5 576.439 209.442 4593.13 2280.51 3261.14 1607.41 66.9772 1540.43
internal_count=514978 418162 312146 96816 127273 110217 184873 171863 97799 106016 17799 88217 13010 600 131347 63573 46212 44937 12418 43488 51879 16204 15395 17056 40516 17361 24644 35675 6527 29148
cat_boundaries=0 1 2 3 4 5 6 7 8 9
cat_threshold=9229680 8104081 8272072 2110564 234497 3461993 6205508 51364 143400
is_linear=0
shrinkage=0.03


Tree=90
num_leaves=31
num_cat=12
split_feature=14 9 4 63 45 53 5 53 67 8 2 53 6 53 42 2 7 28 53 53 57 48 53 52 4 2 7 53 29 53
split_gain=38.9477 29.3101 21.5333 23.082 20.64 19.9913 19.0575 17.7071 19.8905 18.5102 17.3411 20.8851 16.5439 15.9569 14.9165 17.3018 15.2911 21.9702 17.7782 16.0339 15.7094 14.4517 17.3967 14.3599 14.2883 14.2693 13.3909 13.2356 12.2858 12.8839
threshold=0.15500000000000003 -0.014999999999999148 5.7500000000000009 1.9166666666666681 2.0833333333333335 0 0.16500000000000004 1 2.5353992281088673 19.750000000000004 2 3 18.050000000000004 4 -0.62571793273879595 5 365.50000000000006 -1.2999999999999994 6 7 0.089550000000000018 0.077548393188483375 8 1.1983342482328254 1.2500000000000002 9 126.50000000000001 10 4.995000000000001 11
decision_type=2 2 2 2 2 1 2 1 2 2 1 1 2 1 2 1 2 2 1 1 2 2 1 2 2 1 2 1 2 1
left_child=1 4 12 5 13 -4 21 8 -8 -9 11 -5 24 -1 27 28 17 -17 -19 -18 -21 22 -6 -23 -3 -15 -7 -2 -16 -30
right_child=14 2 3 10 6 26 7 9 -10 -11 -12 -13 -14 25 15 16 19 18 -20 20 -22 23 -24 -25 -26 -27 -28 -29 29 -31
leaf_value=-0.0045033543033984351 -0.0046163952240781238 -0.012277120522866664 -0.0017983165048789346 0.0044250756933378503 0.0026328155082136675 0.0057765606524593583 0.0027666853292655641 0.010165994291970378 -0.0077013199989387745 -0.0016668982437744843 -0.0044777558153058323 -0.003649698242578494 -0.011377385889690448 0.002983373301359912 -0.0047527957929397995 -0.0018666283076494822 -3.4357278384233805e-06 0.0093282413555211292 0.0030570639366505822 0.0080842732355243824 0.0022233261381788098 0.0022340873121398457 -0.00031221986241558456 0.0083387966088850681 -0.0019546727305221681 -0.0028750421038908395 0.00013338098980198896 0.0014631915793299592 0.005885387109893051 -0.0013315530491715612
leaf_weight=1259.5208129356902 605.08775707294853 136.92807948211475 6389.6498154407809 510.5830096590048 3524.5861364452426 393.8703430242349 1972.9152336911015 119.39813288822916 174.94017574838381 4821.8517701154706 2594.4521018783166 630.91195822196096 279.22560590792091 745.46964175433504 500.26308647298811 360.43930003221612 2478.3759344596774 840.9729290643229 886.05623311959494 510.32370963366611 2268.6361067858734 1054.4653250640686 3656.3318572251051 531.96839813241331 1045.9205502958253 726.94669939989762 8979.5372843939949 657.80116183126074 315.73021242723462 675.19184998120181
leaf_count=8448 11049 15725 61568 5045 22844 3416 22134 6503 808 42798 26453 6525 6429 4996 6934 3714 25135 8820 9001 11002 18045 7516 24213 3298 42592 4978 84042 11718 3003 6335
internal_value=-8.13372e-05 -0.000506519 -0.00127587 -0.00101033 0.00035946 -0.000505387 0.00077582 -0.000377295 0.00188499 -0.00136814 -0.0031314 -3.43761e-06 -0.00479046 -0.00204496 0.00158057 0.00201786 0.00261488 0.00479816 0.00620704 0.00174577 0.00330357 0.0017115 0.00113267 0.00430795 -0.00319364 7.09449e-05 0.000374489 -0.00145362 -0.000913638 0.0009908
internal_weight=49648.4 39549.5 20961.1 19499 18588.4 15763.1 15856.5 7089.11 2147.86 4941.25 3735.95 1141.49 1462.07 2731.94 10098.9 8835.99 7344.8 2087.47 1727.03 5257.34 2778.96 8767.35 7180.92 1586.43 1182.85 1472.42 9373.41 1262.89 1491.19 990.922
internal_count=515087 400331 251795 187049 148536 149026 130114 72243 22942 49301 38023 11570 64746 18422 114756 91989 75717 21535 17821 54182 29047 57871 47057 10814 58317 9974 87458 22767 16272 9338
cat_boundaries=0 1 2 3 4 5 6 7 8 9 10 11 12
cat_threshold=14094628 7475872 117506 4335418 1266989 32992 9213795 825935 6131998 13624 1071084 8591393
is_linear=0
shrinkage=0.03


Tree=91
num_leaves=31
num_cat=13
split_feature=29 48 20 34 35 2 53 42 2 9 29 2 67 53 53 14 42 3 9 53 14 29 2 67 2 2 53 2 53 43
split_gain=31.2683 30.9332 24.161 21.2174 20.9361 20.2009 19.8682 19.7924 19.538 17.1235 16.7059 19.5086 16.6279 18.2482 16.0487 15.8015 21.1888 15.5593 17.8658 18.9568 17.1432 20.302 15.9806 13.6353 13.3695 12.9026 12.3566 10.5539 10.1758 9.59985
threshold=2.4050000000000007 0.075948426014054368 -0.0099999999999999482 3.5000000000000004 34.125000000000007 0 1 -0.25931543881762081 2 0.051666666666666257 5.8950000000000005 3 3.0356525989897349 4 5 0.075000000000000025 0.85428206726120381 0.17500000000000002 -0.089166666666666783 6 0.15500000000000003 3.8850000000000002 7 1.4652205654060133 8 9 10 11 12 5.5285703815716074
decision_type=2 2 2 2 2 1 1 2 1 2 2 1 2 1 1 2 2 2 2 1 2 2 1 2 1 1 1 1 1 2
left_child=-1 2 6 14 17 15 9 8 -5 25 27 -12 26 -14 -4 28 -17 18 -3 -20 21 -19 -22 -16 -9 -2 -7 -8 -6 -11
right_child=1 4 3 7 5 12 10 24 -10 29 11 -13 13 -15 23 16 -18 20 19 -21 22 -23 -24 -25 -26 -27 -28 -29 -30 -31
leaf_value=-0.012355067206857875 0.0053241549686416263 0.0087413796703751673 0.0024808015742273522 -0.006496355570680388 -0.0019612186021227217 0.0028868292858927631 -0.0052746592260613772 -0.0016537603617440789 -0.00095148477642184072 -0.011567495618982846 -0.0030759186697219471 0.0022923245370528342 0.00086982754516094015 -0.015164961007180329 0.00068936797275175466 0.0043349488374666827 0.013829030357577227 -0.0085079298226052348 0.0026512744234024159 -0.00088377550615976661 -0.0045773367915531091 -0.0014545598353512322 0.0036830216920838896 -0.002601540163580426 0.00091633039205799873 -0.0031789281025624326 -0.00017654122858532754 -0.00099882464574868753 0.003091083651761061 0.010858141369931532
leaf_weight=182.80649660090421 155.79512292845175 260.5746904586249 3736.8584290374338 1033.3774759234216 511.05766857739968 2111.738246730667 808.40048796457359 3357.0735036449769 1326.0457295328565 287.00471024231501 820.46899046026465 2243.5012118513696 134.24242106814199 108.47446776892684 6036.2674425178939 1825.9070498395165 242.77270549428908 420.38534849807684 2477.8362753580141 2998.3263892920286 259.01362550890849 3000.97189245664 925.86393865692821 1392.2909288475139 3943.7778958313447 3783.0705141856224 2647.3967461002176 1528.2395771420634 1114.4209063534329 15.356874693185089
leaf_count=17074 1476 1585 30365 9785 5505 24139 10188 28361 12091 4950 7553 19505 643 523 54606 20811 2485 10327 22821 26864 4367 42744 15094 6337 33460 39800 30408 19449 12005 150
internal_value=-3.79526e-05 7.42056e-06 -0.000584754 -8.43379e-06 0.000956597 0.00204144 -0.00182619 -0.00103921 -0.00342771 -0.00336109 -0.000607106 0.000841409 0.000784146 -0.00682333 0.000880728 0.00372215 0.00547591 4.13802e-05 0.00108666 0.000713887 -0.00125384 -0.00233444 0.00183983 6.79095e-05 -0.000262478 -0.00282702 0.00118278 -0.00252102 0.00149067 -0.0102661
internal_weight=49689.3 49506.5 30467.5 20825.7 19039 8696.01 9641.84 9660.27 2359.42 4241.23 5400.61 3063.97 5001.85 242.717 11165.4 3694.16 2068.68 10343 5736.74 5476.16 4606.23 3421.36 1184.88 7428.56 7300.85 3938.87 4759.13 2336.64 1625.48 302.362
internal_count=515471 498397 278076 175005 220321 96519 103071 83697 21876 46376 56695 27058 55713 1166 91308 40806 23296 123802 51270 49685 72532 53071 19461 60943 61821 41276 54547 29637 17510 5100
cat_boundaries=0 1 2 3 4 5 6 7 8 9 10 11 12 13
cat_threshold=43540 11146196 31936 32981 11100381 8425848 3592339 180545 197750 1 6494765 181320 5669891
is_linear=0
shrinkage=0.03


Tree=92
num_leaves=31
num_cat=11
split_feature=9 47 48 45 55 53 7 29 29 7 53 48 54 39 67 12 8 2 2 53 29 2 20 0 2 53 47 53 2 2
split_gain=30.7008 29.0182 23.2715 22.1108 22.404 18.947 17.6956 18.0714 17.2763 24.8087 16.4884 16.53 15.5154 27.1845 20.8079 15.4494 17.9839 15.5964 15.3086 24.6064 15.1942 15.5026 16.7102 15.1702 14.845 21.4834 15.2172 14.6649 14.4688 14.373
threshold=-0.005000000000000249 0.73999999999999999 0.074847985265811365 2.6333333333333337 19.550000000000004 0 238.50000000000003 5.1150000000000011 3.8850000000000002 229.50000000000003 1 0.062194595317927211 13.350000000000003 4.5000000000000009 0.4877040919169523 -0.024999999999999845 19.750000000000004 2 3 4 4.3950000000000005 5 0.094999999999999959 0.054724020521983212 6 7 59.285000000000011 8 9 10
decision_type=2 2 2 2 2 1 2 2 2 2 1 2 2 2 2 2 2 1 1 1 2 1 2 2 1 1 2 1 1 1
left_child=3 10 24 4 5 -1 7 -4 18 23 11 -2 13 -8 -14 17 -17 -11 -5 -20 -6 -22 -23 28 25 -3 -27 -9 -10 -13
right_child=1 2 6 8 20 -7 12 27 9 15 -12 29 14 -15 -16 16 -18 -19 19 -21 21 22 -24 -25 -26 26 -28 -29 -30 -31
leaf_value=-0.0025545455155603337 0.029376685142950328 -0.0043619966727749806 0.0017519018204269238 -0.0049036241044190269 -0.012297403208173288 0.0018221337713052379 -0.0031716774592130889 0.00079743358148832066 -0.0013884529267080431 -0.0032234927825730607 -0.0069105065685828035 0.0029260820949484514 0.0034568040155959342 0.0044597640856758576 -0.00091620083182586398 0.016203026805134749 0.0015974183845974994 0.00048033876511410962 -0.0055672546827689566 0.0049810299644375373 7.4698655965005867e-06 -0.005576879576568953 0.0048298904186232904 0.014175788956252067 -0.00010373897916753358 -0.0015715109530919683 0.0046096098064707311 0.014622947488199882 0.00469445780531346 -0.0067858569275039745
leaf_weight=1259.0252519011219 14.181272324444988 2872.0586297328036 1557.194670937005 781.96278691021359 147.050730843152 2944.9222428284493 2413.9716782066016 126.97860982232032 424.6897361844849 1210.1025250276484 1088.204805962951 296.69590690567043 1771.3913429878157 503.90969196331389 2169.2115938212846 75.055438862806113 8794.9765366482625 6256.0217255825864 310.06108735909459 506.76637053902141 1287.5153096848931 1334.7251709667853 150.32607039436698 128.74374685063958 4310.2465699795048 4265.0064732192968 387.43854604457647 187.54252969923709 1848.0361291633753 233.38110313689867
leaf_count=9775 514 27266 17462 13998 1251 22195 35155 973 3013 9661 50627 13769 19151 13161 10228 3276 72314 48626 5214 9193 7937 8058 1025 711 39947 43123 1861 1506 13786 10663
internal_value=-0.000128194 -0.000958303 -0.000650767 0.000541756 -0.00089414 0.000501912 0.000521614 0.00310628 0.00104624 0.00130265 -0.0048086 -0.000407184 -0.000180081 -0.00184132 0.00104271 0.000881514 0.00172801 -0.000120333 -0.00193798 0.000918158 -0.00291355 -0.00239653 -0.00446814 0.00415189 -0.00151808 -0.0023208 -0.00104632 0.00966358 0.00355891 -0.00137546
internal_weight=49657.4 22197.4 20565 27460 7123.56 4203.95 8730.2 1871.72 20336.4 18737.6 1632.46 544.258 6858.48 2917.88 3940.6 16336.2 8870.03 7466.12 1598.79 816.827 2919.62 2772.57 1485.05 2401.47 11834.8 7524.5 4652.45 314.521 2272.73 530.077
internal_count=515439 285406 209833 230033 50241 31970 97636 19941 179792 151387 75573 24946 77695 48316 29379 133877 75590 58287 28405 14407 18271 17020 9083 17510 112197 72250 44984 2479 16799 24432
cat_boundaries=0 1 2 3 4 5 6 7 8 9 10 11
cat_threshold=2379815 4491353 35106 198457 58355 176931 210632 4588468 680787 131464 158889
is_linear=0
shrinkage=0.03


Tree=93
num_leaves=31
num_cat=4
split_feature=28 42 4 14 2 28 8 10 47 29 48 55 4 2 30 8 63 29 56 15 2 63 64 57 33 44 54 42 11 8
split_gain=33.4426 28.5078 23.6854 20.6614 21.2253 20.5135 22.6871 21.0175 20.5463 16.0254 15.655 16.1868 16.8581 15.6752 16.3369 15.6537 15.5266 14.1898 13.8922 12.9449 12.1731 12.9339 13.2127 11.6167 13.4674 10.5086 10.2119 9.72061 9.37768 9.14603
threshold=-1.135 0.17068456118237887 0.65000000000000002 0.13500000000000004 0 -0.22000000000000039 18.550000000000004 0.084999999999999923 1.4250000000000003 4.3550000000000013 0.07091489135920577 13.800000000000002 10.350000000000003 1 0.20039326884445408 24.850000000000005 1.5833333333333324 7.4250000000000007 21.950000000000003 6.745000000000001 2 -1.5833333333333319 3 0.08635000000000001 -1.0000000180025095e-35 0.072695816294432211 9.2000000000000011 -0.12571793273879625 -0.12316985645933039 89.050000000000011
decision_type=2 2 2 2 1 2 2 2 2 2 2 2 2 1 2 2 2 2 2 2 1 2 1 2 2 2 2 2 2 2
left_child=16 2 -2 10 23 8 9 -8 26 -7 13 19 -13 14 -3 -10 18 -15 20 -12 21 28 -23 24 -5 -25 -4 -22 -1 -6
right_child=1 3 5 4 29 6 7 -9 15 -11 11 12 -14 17 -16 -17 -18 -19 -20 -21 27 22 -24 25 -26 -27 -28 -29 -30 -31
leaf_value=0.010879007664107428 -0.015547200817340692 0.0044607554143087456 -0.0036939618915677436 0.016013412430643477 -0.00016187887716127285 0.0044425721206719894 0.00074501575819529878 -0.0016434033491249803 0.029374650268055965 0.025281499998170406 0.01255026741078551 -0.0027133029182388807 0.001645054819665753 -0.0009169116708876851 -0.0027292553846493461 -0.0010797518762102941 -0.006338425367032407 -0.0073079798208708384 -0.0086543382729612293 0.0032612165095310154 -0.0042899731218599838 0.00282703987213363 -0.0039736250181438958 0.0027253108396449901 0.0046861157819209406 0.0079206034939235843 -0.010880527181540525 0.00094360750883861497 -0.0089393526852752925 0.011243416192610539
leaf_weight=19.737833020459675 90.478092814864794 941.82934542156318 649.80782107676714 161.27442362351576 1655.738930754188 107.29470530255003 13327.220082990456 4409.1938056542367 13.155270421630119 50.301923332331171 189.12183418098766 923.05682147222797 5682.6752563192167 4357.0997616148088 400.05010525073794 7921.3303816520065 755.02276473298843 337.28451998717719 239.04012915738713 518.85343487532873 376.30953001813759 383.21579679478828 716.81558913672507 1953.6203240984632 256.27407433406279 438.63706468977034 258.15548665825099 2038.5958192774324 391.68932986004256 63.660196304321289
leaf_count=168 17315 8310 20078 3911 16605 7842 124200 61011 389 2551 4257 13208 39894 36965 3041 60406 7691 2433 2649 15239 4035 3689 6694 14650 4983 3654 5741 18677 4137 321
internal_value=-2.39925e-05 0.000233798 -0.000383812 0.00116211 0.00291414 -0.000330217 0.00025251 0.000149456 -0.00151264 0.0115154 0.000565114 0.00149936 0.00103086 -0.000561999 0.00227708 -0.00101809 -0.00237147 -0.00138246 -0.00164252 0.00581322 -0.00120381 -0.00330274 -0.00158684 0.00451295 0.00918817 0.00369625 -0.00578966 0.000112317 -0.00786799 0.000254067
internal_weight=49626.5 44706.1 26826.9 17879.2 4529.21 26736.5 17894 17736.4 8842.45 157.597 13350 7313.71 6605.73 6036.26 1341.88 7934.49 4920.43 4694.38 4165.4 707.975 3926.36 1511.46 1100.03 2809.81 417.548 2392.26 907.963 2414.91 411.427 1719.4
internal_count=514744 467004 299533 167471 44124 282218 195604 185211 86614 10393 123347 72598 53102 50749 11351 60795 47740 39398 40049 19496 37400 14688 10383 27198 8894 18304 25819 22712 4305 16926
cat_boundaries=0 1 2 3 4
cat_threshold=222298 55305 8301 35
is_linear=0
shrinkage=0.03


Tree=94
num_leaves=31
num_cat=13
split_feature=14 47 8 7 42 66 53 44 53 28 42 53 2 35 8 53 12 2 2 53 28 53 53 53 49 35 53 9 2 47
split_gain=36.5304 24.0899 25.4397 22.5427 21.9406 19.9856 32.0352 20.3692 30.1106 19.9516 20.7112 26.1931 19.8263 19.2609 18.5295 16.8106 19.0605 16.2897 15.9394 23.6951 15.6298 19.2982 15.4207 15.3038 15.1023 14.9377 19.2592 14.9328 18.9636 14.4845
threshold=0.10500000000000002 8.6250000000000036 58.95000000000001 1078.5000000000002 0.6290071838048622 0.11608792426192187 0 0.061616498014602263 1 0.4650000000000003 -0.31099281619513736 2 3 33.895000000000003 50.750000000000007 4 0.029999999999999753 5 6 7 -0.72499999999999998 8 9 10 0.032066181263295059 26.330000000000002 11 -0.018333333333333948 12 14.915000000000004
decision_type=2 2 2 2 2 2 1 2 1 2 2 1 1 2 2 1 2 1 1 1 2 1 1 1 2 2 1 2 1 2
left_child=1 2 5 9 13 7 -7 14 -9 10 11 -3 23 29 -1 27 -17 -18 19 -5 21 -6 -22 -11 -14 26 -20 28 -15 -2
right_child=4 3 -4 18 20 6 -8 8 -10 12 -12 -13 24 15 -16 16 17 -19 25 -21 22 -23 -24 -25 -26 -27 -28 -29 -30 -31
leaf_value=-0.0018872248168822819 -0.0016489473721224405 0.0036458912887988209 -0.0072160550305605158 -0.00047407244387111334 -0.0031267061828531956 -0.0048416950452926065 0.0034687761515659146 0.010581065230305067 -0.0038094042674419134 -0.004097159275707616 0.00063412329430968806 -0.0039741865475361156 0.0043084271854432589 -0.0013795086625313388 -0.0060609656966888279 0.0016762640641815151 0 0.0083306000220952515 -0.014688456770366646 -0.0066002375915448401 0.0087641885671607255 0.0041780908007255976 0.0030059470959782749 0.0031042581256739985 0.014147922300407866 0.00055897089611248413 -0.0016226042526836589 -0.001474690278084287 0.0053946763220666999 0.00085525386386975963
leaf_weight=4779.5424956598999 4207.0458805497865 498.81537940365524 746.47887951412122 1137.0723581579214 612.9914971702965 566.71409825181263 1478.8330644143184 252.18532379942508 248.40509151161359 452.45187904624026 10803.133418362717 1959.4437313780327 1106.8098914825027 644.63339409970558 1211.0714016941802 2740.4410162515596 292.51588435482699 858.8200340159965 122.64681763444059 1165.5645111490389 643.10771712684073 664.77996668035121 1359.819887308935 608.22732816461212 164.17399321988341 2781.2845078459577 481.13447801353823 2046.719177620741 844.08945516526001 4090.1084651016399
leaf_count=115223 74570 2934 6680 8523 5784 7385 19769 2660 2783 3199 65704 11621 7202 5400 13495 28016 3498 10318 954 8886 6421 6168 12957 4283 1448 20433 3575 25475 6973 22433
internal_value=1.42895e-05 -0.000627288 -0.00190243 -6.95002e-05 0.00104761 -0.0014327 0.00114254 -0.00224894 0.00352847 0.00051875 6.62937e-05 -0.0024154 0.00307699 0.000579499 -0.00273774 0.00168983 0.0030465 0.00629982 -0.0016871 -0.00360616 0.00328041 0.000659089 0.00493539 0 0.00557937 -0.000359764 -0.0046352 0.00017795 0.00247027 -0.00041097
internal_weight=49569.1 30564 9283.23 21280.8 19005.1 8536.75 2045.55 6491.2 500.59 15593.1 13261.4 2458.26 2331.66 15724.4 5990.61 7427.22 3891.78 1151.34 5687.7 2302.64 3280.7 1277.77 2002.93 1060.68 1270.98 3385.07 603.781 3535.44 1488.72 8297.15
internal_count=514770 306757 167995 138762 208013 161315 27154 134161 5443 96391 80259 14555 16132 176683 128718 79680 41832 13816 42371 17409 31330 11952 19378 7482 8650 24962 4529 37848 12373 97003
cat_boundaries=0 1 2 3 4 5 6 7 8 9 10 11 12 13
cat_threshold=10878990 6721126 71812 132271 10834612 1073 66930 9274093 8145674 1383938 3164595 2294144 45968
is_linear=0
shrinkage=0.03


Tree=95
num_leaves=31
num_cat=9
split_feature=29 14 0 45 47 66 38 2 36 7 53 28 2 8 53 53 69 53 52 70 53 54 40 30 58 1 53 46 7 53
split_gain=27.982 28.7428 24.8685 27.643 23.172 21.9831 23.7745 21.1284 18.7432 17.2178 16.396 17.8293 13.8234 13.7122 12.8536 12.6526 12.2951 11.5535 12.9384 11.1219 10.8411 10.5765 9.54797 8.86465 8.34158 8.30163 7.91939 8.51202 9.78511 5.73246
threshold=2.4050000000000007 0.15500000000000003 0.046166891998943409 2.0833333333333335 62.385000000000012 0.29253841529958974 0.35932089451905408 0 63.070000000000007 392.50000000000006 1 -0.43000000000000033 2 42.350000000000001 3 4 4.1213203435596437 5 1.5454218400227075 5.2047488963762527e-16 6 7.0000000000000009 3.5000000000000004 0.20039326884445408 70.950000000000017 30.215000000000003 7 0.089999999999999955 96.500000000000014 8
decision_type=2 2 2 2 2 2 2 1 2 2 1 2 1 2 1 1 2 1 2 2 1 2 2 2 2 2 1 2 2 1
left_child=26 2 3 4 15 6 -5 13 9 10 11 -3 -12 23 -7 -2 22 21 -19 -18 -15 -11 -9 -4 29 -6 27 -1 -29 -10
right_child=1 8 7 5 25 14 -8 16 24 17 12 -13 -14 20 -16 -17 19 18 -20 -21 -22 -23 -24 -25 -26 -27 -28 28 -30 -31
leaf_value=-0.0051132489713383951 0.00020522841653767429 0.0023906399252143413 -0.0042256486813695765 -0.0010879678688707683 -0.00225819031927085 0.0072568090948745469 0.00069504934562667809 0.0051579521581039834 0 0.0078552470571300985 -0.0037471115428795269 0.0095228714755558278 0.0026076348675134775 0.0014871061948252425 0.00069928080735900868 -0.0042058655926712684 0.021705197400657 -0.00088050063954211468 0.0061068940284939657 -0.0016323733481990066 -0.0029186086493006918 0.0014104262071036012 0.0010537545802730818 0.020147138874287044 -0.0071607920389056678 0.0082433815179940723 -0.014942312615266075 0.048251033092919803 -0.009579300748150818 0.023056890384624901
leaf_weight=40.775870748936313 698.82146719212187 686.84692488669407 15.418680609315741 19286.566077976884 91.55325146256564 511.61604797306927 10315.120851363423 1191.0514065669004 20.413122617639601 257.12374773505144 375.37027673714351 608.08784633765436 1469.2474756618788 934.30066699033523 597.29684560719261 3392.7845681683507 60.484640200418653 4102.8988389967035 250.57117539381215 22.408984026921644 1052.084909153009 2250.430792795888 930.75392560636374 44.618609707802534 9.4994965679943544 215.99144592744597 133.13217452052527 4.4235359205049454 2.2936180023243651 48.926982460077852
leaf_count=3960 5471 6947 151 267261 578 4810 48042 8780 129 7545 4134 7317 16231 6224 5380 28634 377 44730 1694 146 6935 19610 4721 348 71 1327 12527 317 373 295
internal_value=-4.32434e-05 0 -0.000366 -0.00062905 -0.00285345 -0.000309273 -0.000465632 0.00179873 0.00142931 0.00130947 0.00315055 0.00572834 0.00128246 -0.000389993 0.00383095 -0.00345519 0.00382686 0.000461958 -0.000467748 0.015153 -0.000839072 0.00208067 0.00337441 0.0134697 0.0158517 0.00502585 -0.0117647 0 0.0273957 0.0195372
internal_weight=49620.9 49440.3 39360.9 35109.8 4399.15 30710.6 29601.7 4251.12 10079.4 10000.6 3139.55 1294.93 1844.62 2046.42 1108.91 4091.61 2204.7 6861.02 4353.47 82.8936 1986.39 2507.55 2121.81 60.0373 78.8396 307.545 180.625 47.493 6.71715 69.3401
internal_count=515065 497888 389185 361503 36010 325493 315303 27682 108703 108208 34629 14264 20365 13658 10190 34105 14024 73579 46424 523 13159 27155 13501 499 495 1905 17177 4650 690 424
cat_boundaries=0 1 2 3 4 5 6 7 8 9
cat_threshold=72905 5018409 2625 1555506 532994 13698378 5974186 5378113 13142280
is_linear=0
shrinkage=0.03


Tree=96
num_leaves=31
num_cat=10
split_feature=47 39 7 28 53 67 52 42 2 47 8 7 65 54 21 53 53 28 42 53 2 29 30 53 7 53 2 20 4 2
split_gain=33.6959 28.545 28.0746 31.4823 25.316 21.9586 22.3239 18.9738 18.3411 17.9599 19.3418 17.6742 24.1226 19.9408 17.3092 18.4102 18.0622 14.8408 15.1927 14.7541 14.3338 14.1885 13.9331 13.6667 12.5604 17.8574 11.9315 11.9528 11.6879 13.5451
threshold=2.9050000000000007 4.5000000000000009 1029.5000000000002 0.044999999999999908 0 3.1672149122807021 1.6854019432007583 -0.39099281619513743 1 -0.64499999999999991 51.250000000000007 464.50000000000006 0.020625203560057651 5.4500000000000011 0.01999999999999998 2 3 -1.135 -0.86931543881762097 4 5 5.6350000000000007 0.36755014885764309 6 419.50000000000006 7 8 -0.20999999999999994 1.6500000000000001 9
decision_type=2 2 2 2 1 2 2 2 1 2 2 2 2 2 2 1 1 2 2 1 1 2 2 1 2 1 1 2 2 1
left_child=1 9 3 5 28 6 7 -2 19 -1 -11 17 -13 -14 16 22 26 -6 -19 -5 -18 -22 -16 -8 -10 -26 -4 -28 -3 -30
right_child=2 4 14 8 11 -7 23 -9 24 10 -12 12 13 -15 15 -17 20 18 -20 -21 21 -23 -24 -25 25 -27 27 -29 29 -31
leaf_value=-0.013327804926987489 -0.002225890210910973 -0.012611124837035793 0.0038038075753054237 0.0023900788013198715 -0.0026579231065886255 -0.0054769704628466814 0.008662874177123709 0.00046692887290450711 0.0050943539109878887 -0.0028230344357494165 -0.012660089639207096 -0.0048820445043721529 0.006499608152319228 -0.0020505199925441014 -0.0004215500832986414 -0.006165060849266212 -0.0034290054589134439 -0.0035185387302175491 0.0080110330686262131 -0.0018105141256514812 -0.006054783157118244 0.00069046828143748699 0.0373362919730474 0.0010554372336244668 0 0.0037079376228937025 -0.01126017685579005 0.00034233130664037013 0.00012411769884165957 -0.0065691632580293742
leaf_weight=212.73765482960425 2701.781197186956 134.00564257690235 968.33297226616696 1446.5001171814097 212.76015671579989 602.91107594143978 438.05407758364527 18192.940261334639 1958.6492518627501 1518.2682541909762 205.67396325036952 744.7184355724421 494.74795967895352 476.61582535102207 727.29031529871781 1053.3582450975359 2330.671593586555 117.17644552026854 645.01179613851559 1539.8336572135136 319.23481366503756 2207.038451756192 6.902616884559392 445.08655509868913 1974.8312915673941 2928.6170836459396 79.561338022816926 3844.6798663498762 552.27673532955532 515.84959865008796
leaf_count=6391 21110 12812 7107 12762 5924 2885 2473 133026 14355 27192 2291 27823 14585 10134 10871 16603 17390 11887 19927 12783 3715 15359 88 2436 17562 25153 613 28257 15795 15468
internal_value=4.0768e-05 -0.00210067 0.000326784 0.000781887 -0.000610461 0.000158404 0.000316283 0.00011712 0.0021954 -0.00507713 -0.00402733 0.00100067 -0.000813847 0.00227793 -0.000941876 -0.00365625 -0.000440478 0.00423061 0.00619469 0.000215558 -0.00173606 -0.000153544 0 0.0049836 0.00304757 0.00222835 0.000841549 9.3603e-05 -0.00421097 -0.00314682
internal_weight=49596.1 5829.84 43766.3 32229.2 3893.16 22380.8 21777.9 20894.7 9848.43 1936.68 1723.94 2691.03 1716.08 971.364 11537.1 1787.55 9749.52 974.948 762.188 2986.33 4856.94 2526.27 734.193 883.141 6862.1 4903.45 4892.57 3924.24 1202.13 1068.13
internal_count=514777 170229 344548 244545 134355 161930 159045 154136 82615 35874 29483 90280 52542 24719 100003 27562 72441 37738 31814 25545 36464 19074 10959 4909 57070 42715 35977 28870 44075 31263
cat_boundaries=0 1 2 3 4 5 6 7 8 9 10
cat_threshold=10634772 201153 2767430 15025388 12567064 9588 16712088 11310304 137233 158732
is_linear=0
shrinkage=0.03


Tree=97
num_leaves=31
num_cat=10
split_feature=34 29 7 45 29 53 53 38 29 48 2 53 9 2 2 29 49 42 53 53 61 42 53 42 26 55 48 2 11 30
split_gain=33.6884 20.3882 19.922 20.3689 23.1058 19.4936 17.1976 15.5863 14.9455 18.3622 16.2131 15.7963 14.3418 17.206 14.9656 14.2663 13.399 13.2988 13.1362 12.4276 12 11.802 11.4595 11.4443 10.4484 10.308 10.0724 9.75676 10.7609 9.3304
threshold=4.5000000000000009 1.9450000000000001 546.50000000000011 2.183333333333334 4.0550000000000006 0 1 0.58040445495384219 5.1150000000000011 0.075810054102790916 2 3 0.024166666666666854 4 5 6.7550000000000008 0.066851415409649409 -0.33099281619513782 6 7 0.058257918552036152 -0.83099281619513754 8 0.19428206726120403 17.235000000000003 10.750000000000002 0.062194595317927211 9 -0.075714285714285137 0.45458228967143077
decision_type=2 2 2 2 2 1 1 2 2 2 1 1 2 1 1 2 2 2 1 1 2 2 1 2 2 2 2 1 2 2
left_child=1 -1 3 17 18 12 -6 23 10 15 11 -4 14 -14 -2 -10 22 -3 -5 -12 -19 -11 -16 25 -9 -7 -18 -26 -29 -15
right_child=5 2 8 4 6 7 -8 24 9 21 19 -13 13 29 16 -17 26 20 -20 -21 -22 -23 -24 -25 27 -27 -28 28 -30 -31
leaf_value=-0.019113017977742699 -0.0015100637575120991 -0.0076699870014674725 -0.0034925558538395972 0.0015074653611528265 -0.00047131644932288716 -0.0098273562788827803 0.0029883278404746237 0.011430326446371661 -0.00082812053615921491 -0.0049796969811093427 -0.00060505411123868184 0.0046120023190202083 -0.0062729533136327469 -0.00052833982660002807 -0.0011277023295884769 0.0015083651027317049 -0.010795956444354715 0.0013531325091296349 -0.0028420619504683723 -0.0048173903994437597 -0.0048968837773683722 0.0023843620269092146 0.0026014644129505999 -0.0013347915494288365 -0.0064338982442315382 -0.0034206161997880017 0.010742164536257509 0.010389146216990658 0.00015883774188908014 0.015824917390024951
leaf_weight=45.986953855805041 1897.1769924713183 287.40992718197322 333.78451772416429 1155.5690343791289 1528.1323917203686 245.16655348816221 8000.704951837628 82.289294876158237 10497.83112230225 202.15006893567261 1109.263008569309 562.29832691105184 660.69623035928021 897.48760077773818 1128.4857505464433 3023.3528813654502 18.543230533599854 904.66188020678101 1324.2630703291429 1548.5661842456293 394.10543773899599 3818.8983012592053 2084.7773264433399 2910.1080315178006 144.68155094219674 3859.1401411666784 211.00378333927529 109.85137648314321 573.91153284208667 30.529793686233461
leaf_count=6988 17797 2369 5075 19935 13315 11933 68703 363 94353 2049 17144 7965 10193 13461 10568 22397 123 6714 23322 23725 2775 36362 20793 30908 748 40247 1598 585 2943 298
internal_value=-9.64857e-05 0.000414173 0.000442024 0.00133769 0.00176102 -0.00129262 0.00243302 -0.00230746 -0.000133816 0.00022412 -0.00190817 0.00155382 -0.000123665 -0.00262791 0.000616235 -0.000303315 0.00179602 -0.00184653 -0.000808948 -0.0030812 -0.000524958 0.0020044 0.00128716 -0.0027911 0.00135735 -0.00381522 0.00879449 0.000295557 0.00184476 1.01553e-05
internal_weight=49590.8 34737 34691 13594.8 12008.7 14853.8 9528.84 7925.15 21096.1 17542.2 3553.91 896.083 6928.7 1588.71 5339.99 13521.2 3442.81 1586.18 2479.83 2657.83 1298.77 4021.05 3213.26 7014.41 910.734 4104.31 229.547 828.444 683.763 928.017
internal_count=515749 353191 346203 137133 125275 162558 82018 87727 209070 155161 53909 13040 74831 23952 50879 116750 33082 11858 43257 40869 9489 38411 31361 83088 4639 52180 1721 4276 3528 13759
cat_boundaries=0 1 2 3 4 5 6 7 8 9 10
cat_threshold=5596805 5308544 6663 2578949 111684 729 3029169 4420496 8836 32992
is_linear=0
shrinkage=0.03


Tree=98
num_leaves=31
num_cat=9
split_feature=46 47 66 53 40 44 4 29 47 2 53 8 45 8 62 53 12 2 55 60 15 8 4 53 30 64 53 2 9 9
split_gain=27.8932 26.6476 27.005 26.6428 25.6093 32.8737 25.4676 22.4397 24.8861 24.1012 21.4451 20.4832 19.5037 17.1101 16.8403 16.027 15.9079 15.8538 15.2402 15.19 14.7684 14.5153 13.8431 13.9465 13.3144 12.806 15.9613 12.4041 12.1093 12.0061
threshold=0.052499999999999956 49.595000000000006 0.093704619724465352 0 2.5000000000000004 0.14521279113373312 21.050000000000004 3.9250000000000003 2.0650000000000008 1 2 24.250000000000004 2.7083333333333335 83.950000000000017 49.500000000000007 3 0.064999999999999961 4 18.250000000000004 160.50000000000003 6.8550000000000013 35.750000000000007 70.750000000000014 5 0.010646393989442665 6 7 8 -0.021666666666666046 0.038333333333333504
decision_type=2 2 2 1 2 2 2 2 2 1 1 2 2 2 2 1 2 1 2 2 2 2 2 1 2 1 1 1 2 2
left_child=1 2 4 17 7 14 15 8 -1 -9 -7 20 -13 -3 -6 16 24 18 -4 22 -5 -17 23 -15 -2 26 -8 -21 -26 -23
right_child=6 13 3 11 5 10 25 9 -10 -11 -12 12 -14 19 -16 21 -18 -19 -20 27 -22 29 -24 -25 28 -27 -28 -29 -30 -31
leaf_value=-0.0078980944012072441 -0.015178567141296308 0.0043387542169369738 -0.0010382450636746963 0.047010875773262975 -0.0058332984239644076 -0.0022459481959767511 0 -0.0023157032408685761 -0.0008717151917433559 0.0011509472707676041 0.005114443576728642 -0.00062899701843008283 0.0029986564639445088 -0.0011895038297566366 -0.0022063103689999651 0.0076355231351096379 0.0042164854027808606 0.00025221319441872357 -0.0077218219679418216 0.0052214191224638712 0 0.0017838666353430031 0.0055355604581790539 0.0025535559704298987 0.0009921495436790999 0.0030966326623588693 0.013454501022839188 -0.00265683095093802 -0.0048365398615207739 -0.0038993680003988379
leaf_weight=640.22271693140965 79.391680533989302 1422.6839537537844 697.11302013605336 13.58383943891886 1323.4634717149984 586.14291878799486 120.12562951658401 2288.0423719159971 1588.9568309058091 8336.0910609949606 865.86450597932526 1951.321140941418 4126.9399967376903 1611.0704446854697 9638.8741468623502 327.26594991688444 302.19029421490836 1968.7965884463056 565.46948231286297 191.3658104565302 8.2439759397861945 2230.0964127487969 684.85578722563332 1975.0502293001946 514.01101241069273 2566.7913755095442 247.31476094201207 1499.7589351644147 817.47883881950384 389.20758759765886
leaf_count=34829 3585 6510 8587 360 11669 3944 709 28063 14928 97067 5922 16071 47521 7924 91038 13127 5525 20678 4789 908 278 26276 3951 10163 5466 15379 1497 7201 13929 7184
internal_value=4.86914e-05 -0.000253342 -0.000603132 0.000774027 -0.00111293 -0.00208485 0.00172211 -0.000171696 -0.00290842 0.000400145 0.00214331 0.00194083 0.0018293 0.00138115 -0.00264791 0.000335963 -0.00195602 -0.00142079 -0.00403093 0.000669153 0.0297923 0.00168001 0.00162545 0.000867695 -0.00331726 0.00391139 0.00914289 -0.00172736 -0.00256581 0.000925608
internal_weight=49577.8 41983.9 34599.1 9331.47 25267.7 12414.3 7593.87 12853.3 2229.18 10624.1 1452.01 6100.09 6078.26 7384.79 10962.3 4659.64 1713.07 3231.38 1262.58 5962.1 21.8278 2946.57 4270.98 3586.12 1410.88 2934.23 367.44 1691.12 1331.49 2619.3
internal_count=515078 422401 385744 98284 287460 112573 92677 174887 49757 125130 9866 64230 63592 36657 102707 75092 28505 34054 13376 30147 638 46587 22038 18087 22980 17585 2206 8109 19395 33460
cat_boundaries=0 1 2 3 4 5 6 7 8 9
cat_threshold=12714396 131466 9733319 400836 3553 4271907 1 240216 4105
is_linear=0
shrinkage=0.03


Tree=99
num_leaves=31
num_cat=11
split_feature=34 5 42 52 48 29 46 9 45 53 53 53 2 53 8 53 47 56 53 47 20 53 2 12 30 53 43 2 37 8
split_gain=29.1332 23.5234 21.0042 22.0756 18.3039 20.6861 19.2687 17.5572 17.0405 16.8057 16.7583 15.4434 17.8812 15.2324 15.1458 23.5762 16.9934 14.7901 13.0712 12.9414 15.8393 16.8866 16.3597 12.0397 12.3263 17.6903 17.1599 11.9382 11.8077 14.7217
threshold=3.5000000000000004 0.18500000000000003 0.31068456118237925 -1.455264404228845 0.071211673716734855 4.3050000000000006 -0.0074999999999999485 -0.056666666666667045 1.3666666666666669 0 1 2 3 4 36.350000000000001 5 3.0950000000000011 21.950000000000003 6 6.5150000000000015 0.13999999999999999 7 8 0.039999999999999557 0.15582113305626358 9 1.0820567860279053 10 4.4250000000000007 49.750000000000007
decision_type=2 2 2 2 2 2 2 2 2 1 1 1 1 1 2 1 2 2 1 2 2 1 1 2 2 1 2 1 2 2
left_child=1 4 3 13 7 6 10 11 18 -8 -6 12 -1 -2 15 -7 -16 -10 -9 20 21 -5 -22 24 26 -26 -3 -27 -21 -30
right_child=2 23 -4 19 5 14 9 8 17 -11 -12 -13 -14 -15 16 -17 -18 -19 -20 28 22 -23 -24 -25 25 27 -28 -29 29 -31
leaf_value=0.011792574291669718 -0.014115713525656751 -0.0019331900316460959 0.00051747243336334482 -0.00019294109941366992 0.0021926418810611159 0.015876149990804531 -0.0025107770524563952 0 0.00014522760894982885 0.0046269264286895448 -0.0058253685628153777 0.00048241748490407784 0.0017428618482972693 -0.0034075644787770346 -0.0027232818636562174 0.001998605736418445 0.002458529781650321 -0.0053840976534403296 -0.012896066973056699 0.0016764199501108745 0.012648167070904189 -0.0049646099503700041 -0.0032227712640683008 0.0012439398578959803 -0.0057108930208078406 -0.00060209314249996435 -0.0080490226237171 0.011368451349111125 0.0069573229690995941 -0.001258286972082109
leaf_weight=301.32975884258576 181.69150786514592 1683.9323622379566 7781.3605334356507 1025.6398717884333 319.29431673267391 178.37020388077599 470.63754644873688 131.16725476035026 7945.6500869789743 754.71612967275178 803.36026844195339 974.45257708514646 369.61780613331894 406.85183733048825 599.26234713871963 303.72145976816955 9402.9565541039919 458.27316573629287 158.32969532250536 1630.3903603544622 105.72348516096827 2024.0864296407324 107.61471839715341 1031.3391837260133 163.74271468269217 128.39193989496289 555.73985045353174 165.36987234656863 197.59110582972789 9241.7423879892322
leaf_count=1869 3623 31795 75159 24300 4095 3945 6736 947 66067 11019 10168 5886 2267 7398 8254 6501 66412 4547 1158 14488 3265 49397 3241 21536 1875 1527 10546 1912 2359 62576
internal_value=4.74901e-05 0.000715962 -0.000743232 -0.00140267 0.0010726 0.00182952 -0.000705368 0.00013004 -0.000404953 0.00187863 -0.00355075 0.00297193 0.00642812 -0.00709746 0.00240011 0.00760878 0.00214459 -0.000153932 -0.00753798 -0.00116578 -0.00282845 -0.00338778 0.00498516 -0.00149171 -0.00254902 0.00188952 -0.00346995 0.00622017 -0.000672532 -0.0010817
internal_weight=49602.3 26899.7 22702.7 14921.3 23171.1 12832.3 2348.01 10338.8 8693.42 1225.35 1122.65 1645.4 670.948 588.543 10484.3 482.092 10002.2 8403.92 289.497 14332.8 3263.06 3049.73 213.338 3728.52 2697.18 457.505 2239.67 293.762 11069.7 9439.33
internal_count=514868 269062 245806 170647 199871 117130 32018 82741 72719 17755 14263 10022 4136 11021 85112 10446 74666 70614 2105 159626 80203 73697 6506 69191 47655 5314 42341 3439 79423 64935
cat_boundaries=0 1 2 3 4 5 6 7 8 9 10 11
cat_threshold=840578 9004288 16126392 160202 9635712 3252529 822633 1419273 53018 6471709 71065
is_linear=0
shrinkage=0.03


Tree=100
num_leaves=31
num_cat=13
split_feature=21 45 40 29 67 53 66 43 38 44 45 53 48 2 9 53 53 53 38 12 2 42 68 2 53 2 7 53 2 2
split_gain=27.6597 27.0521 24.2229 25.1945 22.4367 30.2555 18.0707 24.4974 17.8218 18.5064 18.0926 17.6885 17.168 18.1317 17.0988 16.9383 16.7837 16.5872 14.75 14.3432 13.1081 13.0454 13.8763 12.7875 15.4351 12.7718 17.2281 17.677 12.0973 11.921
threshold=0.0099999999999999967 2.916666666666667 3.5000000000000004 5.9450000000000012 3.0009041591320078 0 0.20976941510565408 2.4558968816693691 0.64739556709003454 0.11266387415579976 1.7750000000000001 1 0.078635379267691916 2 -0.045000000000000345 3 4 5 0.29678892325821188 1.0000000180025095e-35 6 1.3190071838048627 1.5000000000000002 7 8 9 755.50000000000011 10 11 12
decision_type=2 2 2 2 2 1 2 2 2 2 2 1 2 1 2 1 1 1 2 2 1 2 2 1 1 1 2 1 1 1
left_child=2 16 4 14 8 -6 11 -8 9 10 -1 12 -3 -14 23 -11 21 -9 -7 28 -20 22 -2 24 -4 26 27 -5 -16 -18
right_child=1 6 3 25 5 18 7 17 -10 15 -12 -13 13 -15 19 -17 29 -19 20 -21 -22 -23 -24 -25 -26 -27 -28 -29 -30 -31
leaf_value=-0.0035221977619992236 -0.0072214482227427384 -0.00099643356565819164 -0.0033053280861255535 0.0045361124177211885 0.0032557135646078313 -0.011777270071502458 0.011311913699820417 0.0067005032392314316 0.0083824582966069358 -0.00049995429492729856 0.0010161129957426789 -0.0022738052882869024 -0.0027181199633873653 0.0056243331101968833 -0.0031141665737541651 0.0077044026790324188 -0.00070748904936411496 -0.0078202032724291968 0.0035999154502184623 -0.0015788801273120278 -0.005861883738442303 0.013111385892644453 -8.6331785334981979e-05 -0.0022826954405545871 0.0089496074733613797 0.0010557016006395154 -0.0024590851922056691 -0.0014304701803712939 -0.0087228365107646609 -0.0072620276050253639
leaf_weight=815.78789455544029 329.97530563896726 1835.675405215025 131.24921131859628 803.6206084617429 485.04035754274355 277.1315615922631 265.78194296604215 113.44042501408148 299.78821305793463 335.31257267179535 21773.207097468003 3561.3034181010089 302.06812930734122 927.83063109104251 777.6426405288953 670.09286977002921 340.19688416440567 149.53235742941069 168.2579348708723 1293.5346195970774 485.50410456903592 51.728557465132326 973.78866419082442 514.0470095259252 261.26797518349758 5763.0820764324026 2943.0875240642686 970.91556557099557 725.95428298261868 1257.4631879235121
leaf_count=6368 4543 34721 744 5669 2313 1572 3871 1287 1479 2369 203674 80642 8425 23288 5486 4824 4398 1765 771 9871 2194 617 12983 2984 1544 38986 19344 6496 5163 17017
internal_value=-8.95805e-06 -0.00140965 0.000348847 -0.000642307 0.000905506 -0.00275512 -0.0004076 0.00491079 0.0011239 0.0010297 0.000850589 -0.00083783 0.000825691 0.00357355 -0.00276879 0.00501434 -0.00382558 -0.00148205 -0.00589123 -0.00393037 -0.00341191 -0.00129955 -0.00192346 0.000782939 0.00480117 0.000106676 -0.00104628 0.00127423 -0.00592863 -0.00590066
internal_weight=49603.3 10108.8 39494.5 14184.4 25310.1 1415.93 7155.63 528.755 23894.2 23594.4 22589 6626.88 3065.57 1229.9 3703.7 1005.41 2953.15 262.973 930.894 2797.13 653.762 1355.49 1303.76 906.564 392.517 10480.7 4717.62 1774.54 1503.6 1597.66
internal_count=515408 193557 321851 96287 225564 6850 153999 6923 218714 217235 210042 147076 66434 31713 25792 7193 39558 3052 4537 20520 2965 18143 17526 5272 2288 70495 31509 12165 10649 21415
cat_boundaries=0 1 2 3 4 5 6 7 8 9 10 11 12 13
cat_threshold=10749965 7547399 138114 5247317 5876504 1385954 247810 184478 3702935 1777 3301057 99053 18504
is_linear=0
shrinkage=0.03


Tree=101
num_leaves=31
num_cat=4
split_feature=29 20 66 40 0 53 38 38 44 53 0 43 53 31 43 7 53 39 1 55 65 45 45 61 16 69 29 42 13 43
split_gain=26.6308 25.2047 24.9841 25.4619 30.419 27.3145 25.6233 24.304 20.5679 20.0871 15.3183 20.0764 18.3127 15.6715 15.3007 18.388 14.6305 12.7092 12.1133 11.9263 11.8704 11.181 10.9029 11.8058 10.5182 8.7547 10.6458 8.70681 8.3517 8.18531
threshold=2.4050000000000007 -0.084999999999999937 0.31607175351728239 2.5000000000000004 0.026807734584385252 0 0.58040445495384219 0.34789952996474732 0.14521279113373312 1 0.024418161717092702 0.61742908462241364 2 0.037319910862354803 2.4072861944220132 911.50000000000011 3 4.5000000000000009 17.900000000000002 13.65 0.20018116313625547 2.916666666666667 5.0833333333333348 0.068573667711598715 1.1977704456347673 -1.0000000180025095e-35 3.9250000000000003 -0.4709928161951375 4.5000000000000009 2.1287925135386225
decision_type=2 2 2 2 2 1 2 2 2 1 2 2 1 2 2 2 1 2 2 2 2 2 2 2 2 2 2 2 2 2
left_child=-1 10 3 4 7 -6 8 -3 -5 18 11 22 17 24 15 -11 -8 -13 29 -20 -14 -16 27 -24 -12 28 -27 -2 -15 -4
right_child=1 2 9 6 5 -7 16 -9 -10 14 13 12 20 25 21 -17 -18 -19 19 -21 -22 -23 23 -25 -26 26 -28 -29 -30 -31
leaf_value=-0.011609452497079224 -0.0065720742876013783 -0.00053026505495431034 -0.022213657703222776 -0.0012411435870984017 0.006613629026331831 0.0011625224409918874 0.0034615543425579212 0.0022227300437012328 0.0024477849326968015 0.0017684955609900512 0.01980412530835601 -0.0052595262494951629 -0.0099245042393369311 0.0025025972543595699 -0.0093610732398886395 0.019913077711343163 0.00013917680879228214 0.0033597391910740078 0.022718480273620008 0.007645230959053546 0.0017948889251323246 0.00077604526663361802 0.024889272802423534 -0.011163974942484563 -0.0032103982672424553 -0.015471065104481117 -0.0016766472505826394 4.0651470163042526e-05 -0.003279868617528547 0.0019688197453161405
leaf_weight=177.08202317804535 215.78248887004429 8932.0352779922378 16.136977353132806 18891.229721905525 1466.2760341752096 1952.7698051197744 1916.9800927079023 4255.233375250582 1458.9954726053911 271.51452592605347 54.150459809228778 385.76845660805702 776.6893877608768 963.57708362673657 163.68921878739047 61.276546991242867 3193.9369070163948 249.52378920884803 53.029088066514305 586.13680341377039 81.080511186271906 227.05256642147833 27.062491117045283 8.7140348940156382 22.466564742848277 50.503271877765656 1840.4537403974218 962.43048018343825 287.63118351716548 34.452961781677914
leaf_count=17156 4290 158001 138 169764 16455 22854 9961 18785 10352 2235 375 4436 11267 6408 1078 689 16506 4195 614 4620 909 1857 815 216 190 516 13278 14162 2663 269
internal_value=-6.13022e-05 -1.88362e-05 0.000230725 9.80898e-05 0.00101251 0.00353426 -0.000497171 0.000355992 -0.00097498 0.00415178 -0.00185451 -0.00351848 -0.00584819 -0.000444446 0.000544457 0.00529805 0.0013991 -0.00179892 0.00775982 0.00900955 -0.00867929 -0.00342025 -0.000623644 0.0151876 0.0127639 -0.000783969 -0.00207687 -0.00115409 0.00114626 -0.0057258
internal_weight=49583.7 49406.6 43480.7 42067.5 16606.3 3419.05 25461.1 13187.3 20350.2 1413.29 5925.83 2707.05 1493.06 3218.78 723.533 332.791 5110.92 635.292 689.756 639.166 857.77 390.742 1213.99 35.7765 76.617 3142.17 1890.96 1178.21 1251.21 50.5899
internal_count=515054 497898 434178 422678 216095 39309 206583 176786 180116 11500 63720 40290 20807 23430 5859 2924 26467 8631 5641 5234 12176 2935 19483 1031 565 22865 13794 18452 9071 407
cat_boundaries=0 1 2 3 4
cat_threshold=10498651 5945443 1642123 10014790
is_linear=0
shrinkage=0.03


Tree=102
num_leaves=31
num_cat=11
split_feature=9 20 48 28 55 53 47 7 53 34 53 55 2 45 14 42 2 42 7 2 42 2 53 55 47 53 16 53 2 46
split_gain=28.8561 24.7451 20.9649 19.4308 20.0965 17.7063 16.8527 16.8352 19.2795 17.0852 16.1243 16.0663 15.7307 15.9313 15.2124 14.4055 14.2751 14.1546 16.6481 13.7998 13.6108 15.6966 16.3732 13.435 12.2421 16.5535 12.4746 15.9994 13.9757 12.1227
threshold=-0.0058333333333332989 -0.089999999999999927 0.075872833094011868 -1.1999999999999995 15.650000000000002 0 0.095000000000000209 628.50000000000011 1 1.5000000000000002 2 21.100000000000005 3 3.4500000000000006 0.20500000000000004 -0.32099281619513759 4 -0.98099281619513745 122.50000000000001 5 0.82900718380486238 6 7 21.400000000000002 59.860000000000007 8 2.907213892317388 9 10 -0.034999999999999941
decision_type=2 2 2 2 2 1 2 2 1 2 1 2 1 2 2 2 1 2 2 1 2 1 1 2 2 1 2 1 1 2
left_child=3 11 24 20 5 12 -6 9 -9 -8 17 -2 13 -5 19 -7 -17 -4 -19 -12 -1 -22 -23 -24 26 -26 28 -28 -3 -27
right_child=1 2 10 4 6 15 7 8 -10 -11 14 -13 -14 -15 -16 16 -18 18 -20 -21 21 22 23 -25 25 29 27 -29 -30 -31
leaf_value=-0.0031557525965174552 -0.0052988498599906781 -0.00051488756186439649 -0.0055099390579034548 0.0052526352940453673 -0.0090535878606964153 -0.0017020845722064905 0.0038607433052634766 -0.0016351484595824323 0.00092693188925929823 0.00081056678740648429 -0.0063797779920008154 -0.00063585556880281513 0.0033458995202537358 0.018486730479133837 0.0038854451675441465 6.7937833003495728e-05 0.0046469695484730872 0.011053052031215363 0.0023580995060537378 -0.00042326120430528214 0.0080193692365405269 0.0066372315336080331 -0.0093462983516565488 0.0043571572524143797 0.0063360227629562296 0.0069590892493064859 0.0066746049295275363 -0.0010827169473833567 -0.0028039926122337823 -0.004031093940876489
leaf_weight=1876.3930993713991 1678.6458013285883 4268.0625062531662 181.71604871980526 181.26923013059832 162.23329634977927 847.10635191629353 2148.412123348362 4815.2172644387656 5821.3090191433685 7334.0751911961834 378.77353552706677 1127.6404634485953 690.78177540096794 165.08369154380307 661.01855196048655 1060.126412082978 1508.2170238475094 215.45218070385499 2625.6700206065211 3577.0971012616019 226.02115866577333 139.57405736588225 224.45923240741763 85.192303976116818 426.98046409320614 112.84643726050854 354.92585904288308 670.52052560193852 5637.4787744121504 405.23797154009571
leaf_count=15488 26780 48530 6145 2725 3490 16835 13809 31736 38931 50076 5946 10920 13463 4160 12225 13237 19047 2790 35409 55192 1773 1083 1809 634 2097 559 4298 8433 65417 1972
internal_value=-2.56312e-06 -0.00080308 -0.000422396 0.000651246 0.000909225 0.00273536 0.000506602 0.000586075 -0.000230872 0.00150547 0.000801063 -0.0034376 0.00616023 0.0113895 -0.000310237 0.00166071 0.00278844 0.00250015 0.00303533 -0.0010213 -0.00183643 0.00178394 -0.00145398 -0.00530588 -0.00121196 0.00204738 -0.00149682 0.00163523 -0.00182435 -0.00153256
internal_weight=49607.5 22322.1 19515.8 27285.5 24733.8 4452.58 20281.2 20119 10636.5 9482.49 7639.73 2806.29 1037.13 346.353 4616.89 3415.45 2568.34 3022.84 2841.12 3955.87 2551.64 675.247 449.226 309.652 11876.1 945.065 10931 1025.45 9905.54 518.084
internal_count=515009 286713 249013 228296 207509 69467 138042 134552 70667 63885 117707 37700 20348 6885 73363 49119 32284 44344 38199 61138 20787 5299 3526 2443 131306 4628 126678 12731 113947 2531
cat_boundaries=0 1 2 3 4 5 6 7 8 9 10 11
cat_threshold=1663107 125019 2099101 19656 34107 20608 1840 4301108 10155026 1377889 19005
is_linear=0
shrinkage=0.03


Tree=103
num_leaves=31
num_cat=10
split_feature=28 20 34 52 53 29 66 53 47 7 28 38 2 14 53 64 21 53 53 28 2 28 7 9 45 53 7 2 55 61
split_gain=26.5464 24.2448 21.3904 17.3012 22.9036 15.3474 15.2308 26.0386 16.3997 14.7503 17.3893 21.5557 19.7611 15.7482 18.0001 16.7472 13.7528 17.2492 14.3068 19.1011 13.2883 11.5133 18.0014 10.1919 11.6692 9.82095 9.25975 8.82335 8.76915 8.6492
threshold=-1.915 -0.089999999999999927 3.5000000000000004 -1.4320181995498935 0 6.5050000000000008 0.13462715375200077 1 4.1150000000000011 1024.5000000000002 0.10000000000000027 0.47523155737026329 2 0.075000000000000025 3 4 -0.0099999999999999655 5 6 1.2200000000000006 7 0.43500000000000011 1095.5000000000002 0.012500000000000152 2.7750000000000004 8 540.50000000000011 9 18.500000000000004 0.033615819209039506
decision_type=2 2 2 2 1 2 2 1 2 2 2 2 1 2 1 1 2 1 1 2 1 2 2 2 2 1 2 1 2 2
left_child=25 16 9 4 5 -4 8 -8 -5 10 11 -3 -12 14 -11 -15 18 21 19 20 -2 -18 -23 24 -20 27 -25 28 -1 -19
right_child=1 2 3 6 -6 -7 7 -9 -10 13 12 -13 -14 15 -16 -17 17 29 23 -21 -22 22 -24 26 -26 -27 -28 -29 -30 -31
leaf_value=-6.2669856317231255e-05 -0.0039523963306041009 0.00010950479007805254 -0.0017904112469213876 -0.0030255155860221964 -0.0090139446059781039 0.014463758089793997 0.0065000286372944392 0 -0.00024057513106081664 -0.0047653349061409309 2.8970607551606628e-05 0.0032480986054367945 0.0041153936535686282 0.0031753490040071419 5.7619225300656561e-05 -0.0012467489553370599 -0.0020678246620153221 -0.0081897759454000029 -0.0048416538921863322 0.019486795909567416 0.0028407516919157802 0.012289411442884439 -0.0030658897214076329 -0.00069785475365241286 0.0013754690500716558 -0.0081145798192960982 -0.0093790140265313966 -0.0057074598013387347 0.023669287974024213 -0.0036081447269867722
leaf_weight=23.510389980243417 333.11132290447131 10063.53850031778 263.01633552351063 2206.5218522936284 459.0665992589627 62.674005336687969 750.9492751171083 2050.4721618522954 14016.005260519632 1212.4243626138073 1582.4892425867022 2453.4755063722841 3390.0411665141855 1608.2058245164808 1595.9716068787361 1450.9285715117585 764.76081333413458 571.67777381406631 411.58974634110882 51.384132989565842 1014.8672709608431 144.54162850132025 123.56858766102232 192.80026758118765 780.31920087162553 479.66200199510877 286.14959691045806 52.767349041013404 25.534166775643826 1195.8314948750231
leaf_count=317 2874 107128 4960 67818 8473 707 7700 21898 101098 10881 18327 12104 39605 15580 14346 14020 9893 8249 2601 588 8492 2513 1665 2217 6663 5038 3045 533 216 16007
internal_value=-4.6951e-05 2.81304e-05 0.000274762 -0.000449383 -0.00481118 0.00127614 -0.000267391 0.00177174 -0.000621547 0.000890166 0.0013272 0.000727521 0.0028298 -0.000407414 -0.0020325 0.00107503 -0.00177969 -0.00330071 -0.00038134 0.00183748 0.00112821 -0.000162313 0.00513098 -0.00225503 -0.000750813 -0.00640847 -0.00596424 0.00193704 0.0101584 -0.00508581
internal_weight=49617.9 49036.4 43165.8 19808.7 784.757 325.69 19023.9 2801.42 16222.5 23357.1 17489.5 12517 4972.53 5867.53 2808.4 3059.13 5870.6 2800.38 3070.22 1399.36 1347.98 1032.87 268.11 1670.86 1191.91 581.474 478.95 101.812 49.0446 1767.51
internal_count=515556 509452 444645 212654 14140 5667 198514 29598 168916 231991 177164 119232 57932 54827 25227 29600 64807 38327 26480 11954 11366 14071 4178 14526 9264 6104 5262 1066 533 24256
cat_boundaries=0 1 2 3 4 5 6 7 8 9 10
cat_threshold=10805263 3220512 233859 3294873 391 4401801 806522 16810 8422424 251394
is_linear=0
shrinkage=0.03


Tree=104
num_leaves=31
num_cat=4
split_feature=4 47 66 53 7 28 53 8 53 42 44 0 28 25 47 8 6 44 65 60 53 42 9 12 60 35 30 52 63 26
split_gain=25.5881 24.224 25.3933 42.7917 24.1623 30.4837 22.1403 21.3563 20.2524 19.7835 18.3811 15.8271 15.6926 15.5543 13.2237 13.2086 12.8425 12.4625 11.9703 11.6596 11.5945 10.892 10.0724 8.16984 12.3096 7.86674 7.82748 7.26241 7.97527 7.21261
threshold=1.0000000180025095e-35 49.595000000000006 0.11739730963247656 0 638.50000000000011 -0.11000000000000019 1 84.65000000000002 2 0.20068456118237912 0.063316728649902718 0.058630211415462812 0.53499999999999981 1.0000000180025095e-35 62.385000000000012 45.45000000000001 12.050000000000002 0.025654737419443251 0.42408141761100376 251.00000000000003 3 -1.1409928161951373 -0.024999999999999845 -0.060000000000000046 157.50000000000003 32.395000000000003 0.12097090945949372 1.5214515486254885 -4.5833333333333313 25.260000000000002
decision_type=2 2 2 1 2 2 1 2 1 2 2 2 2 2 2 2 2 2 2 2 1 2 2 2 2 2 2 2 2 2
left_child=-1 2 4 15 5 9 18 20 14 -2 -7 -8 16 21 -9 19 -5 -14 -6 -4 27 -10 -15 24 -22 -25 -17 28 -3 -16
right_child=1 7 3 12 6 10 11 8 13 -11 -12 -13 17 22 29 26 -18 -19 -20 -21 23 -23 -24 25 -26 -27 -28 -29 -30 -31
leaf_value=-0.022751880050806635 -0.0018826260898884273 0.016539377556139417 0.0074017973395124545 0.027240985415137642 5.2987463961401802e-05 0.0012551013801698763 -0.0024986869531903855 -0.0040106184002362622 -0.016941940217487243 0.00058897777706151916 0.0059680771203272052 0.0019279368050068382 0.010034888980525049 0.0021513269165317839 0.0091024000966243926 -0.0043885572690039723 0.0019284112937331779 0.0032978985917843616 0.0085740511631021716 -0.0019758551976584893 0.005263279130318833 0.0031670218607821122 -0.002854184603017864 0.0040993212654194325 -0.0067757883029810045 0.0094617761913696179 -0.001089017229290808 0.01130596601152592 -0.0018594953380130378 0
leaf_weight=42.146174876841542 5978.4551234425153 20.141073971986771 267.66837009931805 16.313547968116836 4083.3258125872753 4420.0453914677582 10149.142209116339 1098.4154437743582 22.032728224992752 5658.8523295304449 902.21845947467409 773.82522245726977 433.4168715965402 616.15226519549196 98.214738770860095 932.76882088748698 4688.9066788050677 623.97225012259742 152.29760411533971 205.67965668466832 265.01055985689163 2988.6611629719182 860.28817937394706 478.82714413373833 103.71423498641434 585.59409700703327 2234.7371073067443 46.645324664556028 423.40700893859594 372.47440185288269
leaf_count=13099 67543 88 4856 464 46241 56551 126724 5258 106 56342 7287 5158 6699 3176 489 10374 44305 6677 1094 3509 1228 15656 3957 2190 464 2689 18652 234 1938 2005
internal_value=7.49658e-05 9.59254e-05 -0.000194382 0.00117551 -0.000596437 0.000179919 -0.00146692 0.00160997 0.000728781 -0.000678292 0.00206161 -0.00218005 0.00278263 0.00175657 -0.00218703 -0.00136399 0.00203408 0.0061014 0.000369483 0.00327273 0.00436543 0.00299875 -0.000744894 0.00570863 0.00177774 0.00708983 -0.00207229 0.000249186 -0.000886196 0.0019578
internal_weight=49543.3 49501.2 41521.6 9403.46 32118.2 16959.6 15158.6 7979.58 6056.24 11637.3 5322.26 10923 5762.61 4487.13 1569.1 3640.85 4705.22 1057.39 4235.62 473.348 1923.34 3010.69 1476.44 1433.15 368.725 1064.42 3167.51 490.193 443.548 470.689
internal_count=515053 501954 462476 95536 366940 187723 179217 39478 30647 123885 63838 131882 58145 22895 7752 37391 44769 13376 47335 8365 8831 15762 7133 6571 1692 4879 29026 2260 2026 2494
cat_boundaries=0 1 2 3 4
cat_threshold=10621340 4588046 77313 1228840
is_linear=0
shrinkage=0.03


Tree=105
num_leaves=31
num_cat=3
split_feature=9 4 8 4 8 8 54 4 30 4 36 44 15 26 2 35 42 67 1 32 64 2 4 8 57 42 35 57 60 66
split_gain=27.259 23.2733 29.5624 22.0496 46.984 19.847 19.7797 19.2436 18.9414 16.6297 15.8571 15.7118 13.2817 17.0685 12.5627 14.3563 13.2486 12.6786 11.7429 11.5351 11.9804 12.7506 10.2715 15.6991 10.7744 15.2327 10.0404 9.60562 9.44305 8.80329
threshold=0.036666666666667458 1.8500000000000003 26.550000000000004 10.550000000000002 50.750000000000007 46.650000000000013 13.200000000000001 6.0500000000000007 0.011253517823639777 2.9500000000000006 9.5450000000000017 0.15026868024647447 6.955000000000001 17.415000000000003 0 38.475000000000009 0.6290071838048622 1.1608656174334142 42.005000000000003 0.074341649341649316 1 2 1.0000000180025095e-35 12.65 0.045750000000000006 -0.66571793273879598 29.640000000000004 0.15445 267.50000000000006 0.023272225960512653
decision_type=2 2 2 2 2 2 2 2 2 2 2 2 2 2 1 2 2 2 2 2 1 1 2 2 2 2 2 2 2 2
left_child=1 22 9 5 10 7 19 -4 -7 -3 -5 -6 13 -11 15 17 -16 27 -17 20 28 26 -1 24 -24 -26 -22 -8 -2 -25
right_child=6 2 3 4 11 8 14 -9 -10 12 -12 -13 -14 -15 16 18 -18 -19 -20 -21 21 -23 23 29 25 -27 -28 -29 -30 -31
leaf_value=-0.021894391395249038 -0.0082853732706294741 0.00096385848062078812 -0.0024860597072423819 -0.0094742304983294005 0.00023334337464947107 0.010235233826116486 -0.00056142016071177329 0.0013429380658410105 -0.0043273431671264229 0.015669536280116851 0.005386147182097149 0.0035405009593389835 -0.0076187578366112936 -0.0036145666495149883 -0.0020727795619639722 0.0077303605246055902 0.0038818210153157098 -0.0049585132717800511 0.032785954116269188 0.0019029109910367423 -0.0043660591130839279 -0.0046381314177890908 -0.0017540869713618588 -0.011551364076609357 -0.0013917350746153884 0.033444742330466376 0.0030056862194230267 0.0087443513319323905 0.0019698599769249797 -3.09883969347613e-05
leaf_weight=33.958079806919386 749.24266164131461 250.97238044574533 1953.4958628700629 63.480328197210838 31688.495479679881 80.885012576027293 182.4004779995621 2977.299490861878 1922.9962303909724 281.46083978089246 2104.26857248536 1348.1002283117741 27.798532745568082 44.736385808791965 2143.4110005183206 138.30471827329893 394.19036937379587 199.34598088735765 19.042667607776821 312.57639342100993 252.86440364410805 1173.6150466983288 90.026429663144881 227.62851506153379 19.43958679805155 20.293467118953231 472.76326011472247 203.85220144739196 84.642726018656958 87.787635865518041
leaf_count=10082 18559 10466 47840 684 207121 1076 2464 47718 23528 7855 23328 8941 909 843 17595 1103 2951 955 137 3490 6573 29989 8210 11180 1549 1009 11430 1401 2052 3945
internal_value=9.73125e-05 0.000367106 0.000441595 0.000346144 0.000651277 -0.0011983 -0.0017408 -0.000168356 -0.00371496 0.00701778 0.00492882 0.00036941 0.011196 0.0129275 -0.000114659 0.00327527 -0.00112921 0.00108602 0.0113244 -0.00348126 -0.00410893 -0.00271279 -0.00619006 -0.00483248 0.00375183 0.0164321 0.000385338 0.00429235 -0.00712112 -0.00845989
internal_weight=49549.4 43223.1 42744 42139 35204.3 6934.68 6326.25 4930.8 2003.88 604.968 2167.75 33036.6 353.996 326.197 3280.55 742.946 2537.6 585.599 157.347 3045.7 2733.13 1899.24 479.134 445.176 129.759 39.7331 725.628 386.253 833.885 315.416
internal_count=514983 416284 380309 360236 240074 120162 98699 95558 24604 20073 24012 216062 9607 8698 26606 6060 20546 4820 1240 72093 68603 47992 35975 25893 10768 2558 18003 3865 20611 15125
cat_boundaries=0 1 2 3
cat_threshold=98630 290 19482
is_linear=0
shrinkage=0.03


Tree=106
num_leaves=31
num_cat=10
split_feature=34 14 52 4 8 53 63 45 53 29 8 53 53 26 2 38 2 4 2 56 47 53 29 42 35 65 2 2 61 7
split_gain=27.8871 24.6371 20.6173 19.2532 18.8691 21.393 33.2706 15.2887 14.507 14.4872 20.34 22.4656 21.6559 18.0585 21.4434 15.9175 16.0251 14.6854 14.335 14.1227 14.4275 14.0372 13.8387 13.5269 12.7825 12.7428 12.5162 12.4614 11.8999 11.8884
threshold=4.5000000000000009 0.10500000000000002 -1.6323215627475218 1.7500000000000002 23.550000000000004 0 -1.2499999999999998 2.0833333333333335 1 6.4250000000000007 62.750000000000007 2 3 16.995000000000001 4 0.55116652866397164 5 12.250000000000002 6 23.250000000000004 8.1550000000000029 7 3.9550000000000005 0.89095944463872045 37.295000000000009 0.22141217811818084 8 9 0.057148040638606602 452.50000000000006
decision_type=2 2 2 2 2 1 2 2 1 2 2 1 1 2 1 2 1 2 1 2 2 1 2 2 2 2 1 1 2 2
left_child=1 3 21 -1 5 6 -5 28 25 13 12 -12 -11 14 -3 16 -15 -16 -17 20 -10 -2 -9 -22 -14 26 29 -7 -6 -4
right_child=2 9 8 4 7 27 -8 22 19 10 11 -13 24 15 17 18 -18 -19 -20 -21 23 -23 -24 -25 -26 -27 -28 -29 -30 -31
leaf_value=-0.0088290617060730464 -0.00033905718086475154 -0.0002835841159261622 0.0066399378832225188 -0.0056278437621324574 -0.000824783078990995 -0.0066734252408988826 0.033409371856407202 -0.0030397567517876055 -0.0036112031202043151 0.01566109653779519 -0.0024311627253743766 0.0045167928972938741 -0.0028787096944046259 -0.0037696314786573259 0.00097706113910984386 0.0075046661207756327 0.00039532131966271456 0.0045590671772223618 -0.00059126675637253797 -0.012996188744005292 -0.0012677479322212922 -0.01444440987819934 0.00041587024484041057 0.0034801160456745966 0.009868871170319175 0.0035084172077346032 -0.0011133695101722271 0.013349288425554611 -0.0050112535710898813 0.00011567509357270436
leaf_weight=224.23317597306959 119.32358573836518 2397.3583805504559 395.36526150146847 26.268395222386971 1967.8466634158494 79.122835995729019 59.88967256813703 1107.7288278309316 2262.3936203034973 225.85400249669237 620.12071093907889 1224.5238514756784 150.77401145780459 1448.6843910173047 1668.3435410552647 369.98905625194311 1905.3293808614653 2802.1561309676063 397.06129289418459 97.323015962236241 5392.0970560508613 160.31037995324823 17065.416423442486 595.61612155093462 126.60722708934918 899.94306755154139 4133.1035243356691 28.248039705493738 900.51695609360195 710.74420198643656
leaf_count=16015 2103 32621 4591 861 14825 2843 2162 13435 48531 2692 3890 7493 1825 12339 39653 1805 16367 20020 1950 1057 36988 3145 153460 3907 1428 8056 46036 1130 6373 7538
internal_value=4.07585e-05 0.000504911 -0.00105089 -0.000123131 -2.89648e-05 0.00924562 0.0191386 -0.000116564 -0.000892171 0.00151756 0.00366096 0.00217602 0.00901455 0.0010563 0.00199904 -0.00050774 -0.00140592 0.00322284 0.00337408 -0.00170545 -0.00156757 -0.00910206 0.000203273 -0.00078945 0.0027625 0.000211389 -0.000349939 -0.000341949 -0.00215214 0.00246034
internal_weight=49562.3 34796.1 14766.2 21459.3 21235 193.529 86.1581 21041.5 14486.6 13336.8 2347.88 1844.64 503.235 10988.9 6867.86 4121.06 3354.01 4470.5 767.05 8347.43 8250.11 279.634 18173.1 5987.71 277.381 6139.16 5239.21 107.371 2868.36 1106.11
internal_count=515139 353187 161952 211104 195089 6996 3023 188093 156704 142083 17328 11383 5945 124755 92294 32461 28706 59673 3755 90483 89426 5248 166895 40895 3253 66221 58165 3973 21198 12129
cat_boundaries=0 1 2 3 4 5 6 7 8 9 10
cat_threshold=5058723 5596801 6193792 5988931 168419 26052 140366 6335111 166146 91675
is_linear=0
shrinkage=0.03


Tree=107
num_leaves=31
num_cat=4
split_feature=34 47 8 32 5 55 28 0 57 8 2 2 12 9 35 30 2 63 11 42 7 35 28 2 0 8 10 12 70 12
split_gain=27.0836 20.7973 27.093 17.6915 17.5016 21.1867 18.298 17.5121 23.2141 15.9375 23.2518 15.3624 14.7613 14.4864 14.761 14.3079 15.8765 14.2045 14.4961 13.7872 12.9055 12.8413 14.6519 12.7211 12.2423 25.4809 11.9361 11.4928 10.9776 11.028
threshold=3.5000000000000004 6.5150000000000015 56.850000000000001 0.026137321784454954 0.18500000000000003 15.250000000000002 -1.135 0.046166891998943409 0.12200000000000001 46.350000000000001 0 1 0.039999999999999557 -0.050000000000000246 33.615000000000002 0.0096231016174836408 2 1.9166666666666681 -0.087857142857143036 0.85428206726120381 1084.5000000000002 26.725000000000005 1.5250000000000001 3 0.007430441207434601 36.550000000000004 0.084999999999999923 -0.029999999999999746 -4.9748737341529159 -0.12499999999999999
decision_type=2 2 2 2 2 2 2 2 2 2 1 1 2 2 2 2 1 2 2 2 2 2 2 1 2 2 2 2 2 2
left_child=4 3 13 21 5 6 -1 8 19 10 -5 -4 -6 -3 -15 -11 -17 18 -13 -7 -14 -2 -23 -16 -8 -26 -10 -24 -9 -30
right_child=1 2 11 9 12 7 24 28 26 15 -12 17 20 14 23 16 -18 -19 -20 -21 -22 22 27 -25 25 -27 -28 -29 29 -31
leaf_value=-0.002981027611593572 -0.0067048748926392485 -0.0025416479691821362 0.00057105348595472998 0.0071677428599758886 -0.0023893192983616305 -0.0020880452101322035 0.0019807014293311662 -0.0065819818135949889 0.0014314348143065643 0.024794627573751091 -0.0015967268044091701 0.0025316571405189299 0.0037982145866284501 0.0026687722690980657 0.016428414916785296 0 -0.0071579355377564798 -0.0040005467604323809 -0.0013671300629640767 0.0030528031290182672 -0.003937977600535443 -0.0028345584900661682 0.03994996273157523 0.0033767437618058794 0.014180471577724943 0.0039993645714615431 -0.00087214113170028219 0.0023566352217800146 -0.0045914554024165926 0.0038500891740974102
leaf_weight=385.09564567320513 996.72265685113962 376.79058666556921 5539.7725400177778 469.29598545037106 2680.4111257595632 4221.232560466502 1570.1089333657255 100.8677420374006 9766.7202582066566 14.397559882141648 614.03725816412179 971.01505245470162 766.11317667655658 1647.7145879442028 134.68947250370593 627.87292428455794 501.72981584072841 1593.627482144946 7038.6478806087716 522.10527559609545 254.57984325710549 1889.4067809060368 10.460221798696464 174.77420097364484 269.32305640534014 1322.8576627107773 2534.9867836051562 23.126330916547886 143.3876711577177 2308.1187481909146
leaf_count=6059 28999 2831 36168 9809 47512 45640 29501 598 58231 208 12133 5691 16705 21413 1713 7899 6744 10391 45743 5034 4787 52429 413 2212 5095 16435 18329 1030 855 14246
internal_value=5.06822e-05 -0.000713269 -0.000217669 -0.00238954 0.000695616 0.00100264 0.00313745 0.000614402 0.000265287 -0.000360304 0.00222991 -0.000683072 -0.00121576 0.00278708 0.00382981 -0.00283895 -0.00326087 -0.00140875 -0.00089022 -0.00151482 0.0018354 -0.00392599 -0.00246458 0.0098585 0.00389344 0.00575598 0.000954239 0.016495 0.00293205 0.00334078
internal_weight=49470 22624.1 17477 5147.05 26845.9 23144.8 3547.39 19597.4 17045 2227.33 1083.33 15143.1 3701.1 2333.97 1957.18 1144 1129.6 9603.29 8009.66 4743.34 1020.69 2919.72 1922.99 309.464 3162.29 1592.18 12301.7 33.5866 2552.37 2451.51
internal_count=514853 245826 126162 119664 269027 200023 57090 142933 127234 36793 21942 97993 69004 28169 25338 14851 14643 61825 51434 50674 21492 82871 53872 3925 51031 21530 76560 1443 15699 15101
cat_boundaries=0 1 2 3 4
cat_threshold=182083 150403 141878 74092
is_linear=0
shrinkage=0.03


Tree=108
num_leaves=31
num_cat=8
split_feature=38 28 7 42 7 42 28 45 53 7 53 53 35 53 67 61 53 14 32 53 26 66 42 30 48 45 53 53 48 34
split_gain=27.0294 25.9558 23.6172 24.8413 21.7975 19.1948 20.6427 18.0817 17.9216 16.6141 15.9546 15.5316 15.47 14.9769 24.3189 14.777 14.8373 14.291 13.9535 12.9086 13.5622 12.5911 11.857 11.2949 12.5823 11.2463 10.9675 10.6188 15.4626 10.5317
threshold=0.46392239858906531 0.43500000000000011 915.50000000000011 0.65900718380486245 496.50000000000006 -0.37099281619513785 -0.64499999999999991 1.8166666666666669 0 1388.0000000000002 1 2 35.905000000000008 3 1.856481368580208 0.043961352657004807 4 0.14500000000000005 0.033919514199007357 5 6.3450000000000006 0.088084772076841011 -0.44099281619513725 0.24433954203691047 0.070174921054974262 2.0833333333333335 6 7 0.082024342204851566 5.5000000000000009
decision_type=2 2 2 2 2 2 2 2 1 2 1 1 2 1 2 2 1 2 2 1 2 2 2 2 2 2 1 1 2 2
left_child=1 2 5 12 7 19 21 -3 23 15 -8 -5 18 -9 -15 16 -2 22 -4 20 -1 -7 -18 -6 -25 -21 -14 28 -17 -10
right_child=9 4 3 11 8 6 10 13 29 -11 -12 -13 26 14 -16 27 17 -19 -20 25 -22 -23 -24 24 -26 -27 -28 -29 -30 -31
leaf_value=-0.011919840018886848 0.0048836901872757734 -0.0078723658558817189 -0.0070777363496770818 -0.0026756163165723205 0.00088392757341268307 -0.0018410541233586384 0.0021895762079065166 0.0019814565291440848 -0.00046952080163474428 -0.0016069307223541358 -8.9066190008321594e-05 0.0044321493148269846 0.0017251148532691136 0.0096032313558088878 -0.0071161161157092872 0.0015611678497201205 -0.0045683634486276522 0.0056891220964225457 -0.0028508497292293006 -0.0110159221523258 8.1396270948224812e-05 0.00070462945950794723 0.0013890352364385504 0.0012807795218396055 0.0086654256832280063 -0.0031018751652026363 -0.0030450403382021544 -0.00080685421244648149 0.013669920525836767 -0.0050708241567676378
leaf_weight=86.376350780484245 2036.5328475227761 105.59610641019617 1334.2720306133951 456.50846363526261 2639.9838713654958 5930.3842877654333 4766.8918016738917 922.59574760628345 3326.1878853432772 1453.0748158536589 6513.653152577861 659.04445794632147 679.91131171819234 718.51488400130086 84.286009255054523 1427.9000103840717 344.68519228321293 611.39905107393861 1566.6844823348056 177.90772141180514 1961.7711706409345 2457.9171278050617 2210.6673257415605 443.19651496368806 409.54848742750164 2085.4103162459569 1138.0873052073275 2387.3668599196162 100.8710061237216 519.58051026134171
leaf_count=6225 10191 825 18991 4964 36221 66126 49766 14006 43462 6814 68420 7227 7386 13548 416 6776 1661 2883 16931 1714 23214 23327 11053 3835 4388 32966 12711 11064 446 7620
internal_value=1.38938e-05 -0.00035037 -0.00078023 -0.00249253 0.00104392 -0.000362196 3.37567e-05 0.00397169 0.000308462 0.00135971 0.000873254 0.00151279 -0.00344598 0.0047222 0.00770157 0.00183594 0.00288434 0.00156646 -0.00480884 -0.00217466 -0.000419188 -0.00109156 0.000570781 0.0018637 0.00487448 -0.00372991 -0.00125189 0.000434547 0.00238098 -0.00109843
internal_weight=49556.8 38984.3 29814.8 5834.51 9169.49 23980.3 19668.8 1830.99 7338.5 10572.5 11280.5 1115.55 4718.96 1725.4 802.801 9119.42 5203.28 3166.75 2900.96 4311.47 2048.15 8388.3 2555.35 3492.73 852.745 2263.32 1818 3916.14 1528.77 3845.77
internal_count=515177 464289 339968 68210 124321 271758 207639 28795 95526 50888 118186 12191 56019 27970 13964 44074 25788 15597 35922 64119 29439 89453 12714 44444 8223 34680 20097 18286 7222 51082
cat_boundaries=0 1 2 3 4 5 6 7 8
cat_threshold=4662885 4762435 756875 3452990 906432 207675 5939722 12749589
is_linear=0
shrinkage=0.03


Tree=109
num_leaves=31
num_cat=8
split_feature=28 7 38 4 54 53 47 53 45 9 53 53 58 64 53 21 42 65 60 29 31 28 29 53 42 0 53 63 43 15
split_gain=30.8487 33.8935 25.7329 23.1637 19.2493 22.6031 20.4284 24.4748 19.4469 17.5618 23.1201 16.0218 15.3944 14.7095 15.1786 14.5259 13.6269 13.3528 12.6866 12.2526 12.1524 11.9367 11.7912 10.6775 10.7684 12.7789 10.512 9.85666 9.20397 12.9483
threshold=-0.84000000000000041 638.50000000000011 0.62271910065921354 1.0000000180025095e-35 5.9000000000000012 0 2.9050000000000007 1 4.291666666666667 0.043333333333333411 2 3 81.65000000000002 4 5 0.0099999999999999967 -0.27931543881762105 0.31071622887644751 107.00000000000001 2.6450000000000005 0.016223527404771756 0.34000000000000002 7.3850000000000007 6 0.28900718380486229 0.048257879923976753 7 0.91666666666666796 0.66493162854758781 6.8650000000000011
decision_type=2 2 2 2 2 1 2 1 2 2 1 1 2 1 1 2 2 2 2 2 2 2 2 1 2 2 1 2 2 2
left_child=15 3 9 -2 5 20 7 -6 -8 11 17 21 -13 22 -15 19 -17 -11 -7 -1 -5 -3 -4 28 25 -25 -18 -26 -21 -30
right_child=1 2 13 4 6 18 8 -9 -10 10 -12 12 -14 14 -16 16 26 -19 -20 23 -22 -23 -24 24 27 -27 -28 -29 29 -31
leaf_value=-0.011532331925565119 -0.022170040573178309 -0.002336980635468079 0.0077502855685028203 -0.009768236370771231 -0.0075022662043256428 0.0042471111617081369 0.0011801202366100683 0.00029581301864493805 0.0046983445055808837 -0.0013307694782007991 -0.0055850489738650654 0.00055705011319384776 -0.0068878138216519093 -0.0052285531169499093 0.0028695130789399524 -0.01211552512958405 0 0.0069570270411897584 0.01198765677784774 0.001822045749562501 0.011020006751844428 0 -0.0058244430075269369 -0.0040812625242574859 0.00050194992618084102 0.0052647145151818175 -0.0054237950305320755 -0.0038606980504677633 0.00029891547648728276 -0.0077199890166908397
leaf_weight=97.513446199171085 35.272787143270762 4654.6108675803407 640.13318278658789 117.00617564604136 477.76960631723614 469.79020565687961 11756.986204275683 1369.9373485445622 1615.8662084114076 1248.4331235339378 1392.6103941514693 11354.268516828024 253.1611061298554 264.7296666763441 821.87931155797378 177.21569645698946 564.44050277635961 201.23161963317125 345.28785999500496 1815.0302930715493 29.160748323598 3397.0965736062426 59.255043119192123 1883.0937472100313 2008.9903994875049 137.14707938992706 779.79982118954013 602.08591522223378 648.83505166684381 245.99060927399341
leaf_count=1957 12041 45263 3403 5650 10609 15530 81647 26072 14295 19728 23679 110368 3504 1386 4506 4307 9691 2229 11827 13382 508 35579 347 15652 15239 782 12906 4761 5575 2501
internal_value=-8.69538e-06 0.000343081 -0.000365064 0.00140539 0.00146137 0.00558303 0.0011984 -0.00174924 0.00160812 -0.000641373 -0.00284606 -0.000320841 0.000390596 0.00309613 0.00083372 -0.00160198 -0.00427746 -0.000150616 0.00749254 -0.00104972 -0.00498896 -0.00134884 0.00645209 -0.000903288 -0.00177756 -0.00342738 -0.00320539 -0.000494734 0.000584444 -0.00188436
internal_weight=49464.6 40504.5 24287.4 16217.1 16181.8 961.245 15220.6 1847.71 13372.9 22501.4 2842.28 19659.1 11607.4 1786 1086.61 8960.14 1521.46 1449.66 815.078 7438.69 146.167 8051.71 699.388 7341.17 4631.32 2020.24 1344.24 2611.08 2709.86 894.826
internal_count=514924 428171 249992 178179 166138 33515 132623 36681 95942 240350 45636 194714 113872 9642 5892 86753 26904 21957 27357 59849 6158 80842 3750 57892 36434 16434 22597 20000 21458 8076
cat_boundaries=0 1 2 3 4 5 6 7 8
cat_threshold=10756100 15865984 12919598 8751897 394 17709 5161105 4935432
is_linear=0
shrinkage=0.03


Tree=110
num_leaves=31
num_cat=14
split_feature=29 52 7 45 28 53 58 44 35 29 53 53 2 29 1 0 29 45 53 2 2 53 2 2 2 0 2 53 2 26
split_gain=24.7815 24.1572 20.9998 30.8448 22.9797 20.119 19.9303 19.0764 20.5553 18.8141 15.3116 15.0967 17.9679 13.4311 14.3408 13.2051 12.6598 24.0626 12.5584 11.8547 11.5401 11.1994 12.0678 10.9066 10.8772 9.47087 9.21051 13.7327 8.19063 7.89072
threshold=2.1150000000000007 1.3524068651867656 229.50000000000003 2.4500000000000006 -1.1999999999999995 0 51.250000000000007 0.15026868024647447 34.265000000000008 6.5850000000000009 1 2 3 5.245000000000001 25.535000000000004 0.036076905046371156 4.035000000000001 3.8166666666666669 4 5 6 7 8 9 10 0.012598031296889 11 12 13 22.540000000000003
decision_type=2 2 2 2 2 1 2 2 2 2 1 1 1 2 2 2 2 2 1 1 1 1 1 1 1 2 1 1 1 2
left_child=25 2 3 21 11 13 16 8 -6 15 -9 12 -4 20 23 -5 17 -7 -11 -18 29 22 -2 -15 -23 -1 -8 -28 -16 -3
right_child=1 5 4 9 7 6 26 10 -10 18 -12 -13 -14 14 28 -17 19 -19 -20 -21 -22 24 -24 -25 -26 -27 27 -29 -30 -31
leaf_value=-0.019471655345456803 0.0071720603815471585 0.0078741109776796752 0.00090471461820839792 0.0013552625614644564 -0.001168562948743431 -0.012398380637585825 -0.0010062020335697963 -0.0005796644101894831 0.00030736678318999517 -0.0057921249774459151 0.0062364011862521898 -0.0013956626957968101 -0.0086100779295824742 -0.010794051705750134 0.0034662240912234745 0.0059864216784574174 0.0042721673034257024 0.0062653163789145013 0.021455832766565472 0.00035321935863938495 -0.0016519830968520144 -0.0015341303452212982 -0.0046071029264322548 0.0039919480517632165 -0.011534936806982966 0.00407583865287131 0.0057029845378334934 -0.011225225319380246 0.0099402297744041277 -0.01319950006304302
leaf_weight=79.103466744009438 120.12451595254242 234.11663679805633 233.04383322083322 4573.6456986434705 18579.59360740822 150.9292673672453 417.98787389277186 507.52702621903791 15593.576152032278 17.345438655003818 684.62418312265891 1461.854328470919 728.08834079212056 58.553114540563001 323.20706141710843 635.90283347718832 1281.6694508289524 100.78424681816568 58.400486143165836 1559.6042428880446 462.07188535870091 193.20343197980083 179.69068524470686 110.07452920991182 244.34707966430869 15.747419344815624 45.735074942886968 229.34260384161598 619.58642895165758 14.366131333634256
leaf_count=12099 959 2007 2262 56532 203062 1491 2907 3691 158804 115 4815 14562 7928 371 2085 5013 8346 1268 393 10345 3910 1482 1334 694 1915 612 331 1555 4009 95
internal_value=-8.75489e-05 -5.72262e-05 -0.000295147 0.00134832 -0.000557933 0.00179555 0.000531134 -0.000363243 -0.000494224 0.00215431 0.00336078 -0.00338457 -0.00628951 0.00437618 0.00646276 0.0019284 0.00157021 -0.00481685 0.0168566 0.0021496 0.00112276 -0.00437847 0.000110534 -0.00143141 -0.00734457 -0.015249 -0.00404641 -0.00818546 0.00790651 0.00619305
internal_weight=49513.8 49419 43811 6022.66 37788.3 5608.03 3786.05 35365.3 34173.2 5285.29 1192.15 2422.99 961.132 1821.98 1111.42 5209.55 3092.99 251.714 75.7459 2841.27 710.555 737.366 299.815 168.628 437.551 94.8509 693.066 275.078 942.793 248.483
internal_count=514992 502281 462867 67743 395124 39414 26243 370372 361866 62053 8506 24752 10190 13171 7159 61545 21450 2759 508 18691 6012 5690 2293 1065 3397 12711 4793 1886 6094 2102
cat_boundaries=0 1 2 3 4 5 6 7 8 9 10 11 12 13 14
cat_threshold=5701924 14517317 10632000 131090 34464 217876 84452 8964938 108288 933 22044 140984 8421384 66823
is_linear=0
shrinkage=0.03


Tree=111
num_leaves=31
num_cat=14
split_feature=47 45 13 48 29 53 66 43 62 53 64 53 14 1 29 53 2 48 53 67 2 38 43 53 2 53 53 64 2 45
split_gain=26.8114 24.8814 23.3941 20.1365 18.9596 16.4312 16.3897 15.7653 15.7561 16.7488 15.2653 15.1522 15.122 18.0375 14.5055 14.1834 14.912 13.6806 15.3712 19.3993 14.7972 13.9853 19.5062 19.0066 17.2517 14.6384 13.5727 13.2471 13.2141 12.8533
threshold=11.815000000000003 3.183333333333334 5.5000000000000009 0.076576244506860361 4.8750000000000009 0 0.088084772076841011 0.057775781944208536 47.500000000000007 1 2 3 0.045000000000000005 37.955000000000005 6.7550000000000008 4 5 0.07368993830549006 6 1.1069250871080143 7 0.61486990811074527 0.39164710163606736 8 9 10 11 12 13 1.8166666666666669
decision_type=2 2 2 2 2 1 2 2 2 1 1 1 2 2 2 1 1 2 1 2 1 2 2 1 1 1 1 1 1 2
left_child=1 8 3 5 6 -3 -5 -6 11 10 -10 -1 13 15 -7 -2 -17 21 19 20 -19 22 23 -14 -24 28 29 -20 -23 -15
right_child=12 2 -4 4 7 14 -8 -9 9 -11 -12 -13 17 26 -16 16 -18 18 27 -21 -22 25 24 -25 -26 -27 -28 -29 -30 -31
leaf_value=-0.0018408809893222812 -0.0025200277710699936 -0.002985300628251347 -0.003426407212450236 -0.00041723415398592703 0.014137878611081933 1.2150318110038201e-05 0.0050146463542649049 0.0035081340041459488 -0.0012634228554719586 -0.00053229642548917929 -0.0060777935308767945 -0.011039434203013778 0.00080762275653429682 -0.0078715066609740675 0.0080714654305941887 0.0023765985169770377 -0.0014782375691179221 -0.00070532023305371224 0.0011135566953235369 -0.0016657096878774709 0.0042777422877327432 0.0040977576029658192 -0.0024512771252499406 -0.0025924179741443182 0.0028000390782424956 0.0040996738378874971 0.00043739711234526196 0.0044491768397278333 -0.0065696856434424656 0.0069544515981718388
leaf_weight=362.83390169213453 3176.4101829548658 1811.2248437324979 1470.0452263000552 2767.893336437447 135.82512224806032 3740.7062990383447 606.38421320912266 1825.4739915237519 1261.7534622740927 4617.6467185300471 1175.0650842439823 319.29958464123047 2699.7998059763231 54.047519748368359 210.86997451047409 1602.705257128378 2033.3634408378766 821.30752363521606 1750.4860044318075 1757.2429242432117 1488.9995454285536 164.2482228949666 686.82170991314524 3228.7055849595381 2850.3007589687895 1561.3414495699108 1470.1862682511473 2982.5084929303594 243.48802718520164 613.04732531972513
leaf_count=4368 18979 28967 42301 71555 2309 57859 9924 25990 16988 57027 15751 3916 15734 314 3002 9445 12399 5225 9774 8245 9611 840 5422 18324 21711 8301 8966 16680 1282 3695
internal_value=0.000138856 -0.000697497 0.000124233 0.000597772 0.00192685 -0.000627815 0.000552424 0.0042732 -0.002036 -0.00160822 -0.00361563 -0.00639844 0.000721771 -0.000302339 0.000452533 -0.00105964 0.000214901 0.00117619 0.00206628 0.00069683 0.00250968 0.000488281 6.37923e-06 -0.00104226 0.00177206 0.00278727 0.00209624 0.00322776 -0.00220675 0.00560472
internal_weight=49490 20305 12568.4 11098.4 5335.58 5762.8 3374.28 1961.3 7736.6 7054.47 2436.82 682.133 29185 8949.76 3951.58 6812.48 3636.07 20235.3 8800.54 4067.55 2310.31 11434.7 9465.63 5928.51 3537.12 1969.08 2137.28 4732.99 407.736 667.095
internal_count=514904 339957 241907 199606 109778 89828 81479 28299 98050 89766 32739 8284 174947 53798 60861 40823 21844 121149 49535 23081 14836 71614 61191 34058 27133 10423 12975 26454 2122 4009
cat_boundaries=0 1 2 3 4 5 6 7 8 9 10 11 12 13 14
cat_threshold=10879572 9869348 472 10253366 1303730 54881 1173843 77989 8575318 88 2098952 12615893 280 72518
is_linear=0
shrinkage=0.03


Tree=112
num_leaves=31
num_cat=5
split_feature=34 45 28 12 52 11 14 12 5 2 7 28 42 0 21 47 68 2 42 43 31 2 15 35 2 47 48 2 29 58
split_gain=24.3477 24.4423 24.4327 23.138 22.6307 20.6015 17.3655 18.8074 16.0711 16.4007 14.6328 14.0735 14.1731 13.3285 12.2438 11.9567 21.889 15.9397 14.8979 14.4092 16.8743 12.9004 13.5953 12.7469 12.6071 12.1307 12.081 11.6719 11.4782 10.2409
threshold=4.5000000000000009 2.916666666666667 -1.915 -0.050000000000000246 -1.455264404228845 -0.086414285714285041 0.13500000000000004 0.044999999999999908 0.17500000000000002 0 332.50000000000006 -0.86999999999999988 -0.35099281619513739 0.045518914332114455 0.0099999999999999967 14.915000000000004 2.5000000000000004 1 -0.29099281619513778 0.3239880746078051 0.074392463597009059 2 6.7550000000000008 34.955000000000005 3 22.935000000000006 0.078875782599120911 4 6.6850000000000014 24.150000000000002
decision_type=2 2 2 2 2 2 2 2 2 1 2 2 2 2 2 2 2 1 2 2 2 1 2 2 1 2 2 1 2 2
left_child=1 3 -3 -1 -2 13 10 -8 11 28 -7 -5 -13 14 -4 16 23 18 -18 21 27 22 -17 26 -22 -23 -6 -21 -10 -19
right_child=4 2 5 8 15 6 7 -9 9 -11 -12 12 -14 -15 -16 19 17 29 -20 20 24 25 -24 -25 -26 -27 -28 -29 -30 -31
leaf_value=-0.0031486646100321127 -0.0067957259414912043 -0.0073633791051322794 0.0037643033227079026 -0.0021302988556652185 -0.0050734157542350715 0.0019325354484134127 0.0012129596983271131 0.0052952984936970419 -0.0005923282351440101 -0.0052768983113566058 -0.00027071340928322809 -0.0017260432985318497 0.0022465184289248742 0.0096195144346902361 -0.0013430225618589256 0.0056602305395335173 -0.0071712370506582931 0.0062123848226923184 -0.00057472863852810663 0.012757596567758114 -0.0035944737046156518 -0.0055038623066580852 -0.00023876639911806586 0.0064887285177012491 0.0035417649180815997 -0.00074516626214206491 -0.0009130903267430459 0.0022946914271140388 0.011124856783058187 0.00067551037505143234
leaf_weight=2658.434629949923 579.34051235447441 307.45834930747878 2163.406544439581 1201.4021342437572 2144.6764189440105 3534.7293676785557 4262.2517842523139 1345.8867203529826 752.29315804458474 892.61433572815895 11590.986752290759 994.89973410292077 4125.7266850739634 286.90405465087042 513.91897924968362 542.84041616247669 417.22854615847814 369.61438231706029 1210.4537852943097 206.57724224711001 368.69913185312589 552.07488801021282 965.74127328287977 107.60934315533132 522.13592303620089 3941.1662598144376 916.31012824128948 216.99544599773344 81.286947384034647 1672.9204936344861
leaf_count=19954 10528 3365 16058 8843 32479 43146 49846 18293 9216 11311 122786 7536 30154 1846 9536 2768 8251 8082 16896 1351 2730 4659 5056 1856 3869 18586 19056 1529 736 24029
internal_value=3.30346e-05 0.000467337 0.000999483 -0.000722956 -0.000988011 0.00110986 0.000773361 0.00219956 7.51438e-05 -0.00248455 0.000242368 0.000779363 0.00146845 0.00345134 0.00277247 -0.000747266 -0.00164914 -6.34988e-05 -0.00227679 9.18742e-05 0.00293782 -0.000527165 0.00185643 -0.00347514 0.000552589 -0.00133575 -0.00383922 0.00785763 0.000531903 0.00168897
internal_weight=49446.6 34712.2 24005.5 10706.7 14734.4 23698.1 20733.9 5608.14 8048.22 1726.19 15125.7 6322.03 5120.63 2964.23 2677.33 14155 6838.81 3670.22 1627.68 7316.23 1314.41 6001.82 1508.58 3168.6 890.835 4493.24 3060.99 423.573 833.58 2042.53
internal_count=514351 352626 264876 87750 161725 261511 234071 68139 67796 21263 165932 46533 37690 27440 25594 151197 110649 57258 25147 40548 9479 31069 7824 53391 6599 23245 51535 2880 9952 32111
cat_boundaries=0 1 2 3 4 5
cat_threshold=40552 54488 219140 70343 58019
is_linear=0
shrinkage=0.03


Tree=113
num_leaves=31
num_cat=10
split_feature=66 29 40 29 38 0 7 2 53 61 35 38 53 2 43 12 46 29 53 52 45 2 31 2 53 2 2 34 63 16
split_gain=29.0703 26.8096 21.9306 25.185 24.6351 23.9667 21.791 20.0026 18.0595 17.3786 15.1741 16.927 12.8838 20.2226 18.9206 12.3127 11.2658 10.3636 9.96591 9.70847 9.0638 8.97133 8.86759 8.8509 8.78519 11.3814 9.53185 8.5527 11.1028 8.21206
threshold=0.29253841529958974 2.1150000000000007 3.5000000000000004 5.4150000000000009 0.46552103850985621 0.041526267791959608 911.50000000000011 0 1 0.038098693759071059 39.015000000000008 0.63026646038739853 2 3 3.6572348984690355 -0.07999999999999953 -0.079999999999999946 7.1950000000000012 4 1.4513842670798323 2.0833333333333335 5 0.054271657684776056 6 7 8 9 1.5000000000000002 0.41666666666666791 1.2100784534560796
decision_type=2 2 2 2 2 2 2 1 1 2 2 2 1 1 2 2 2 2 1 2 2 1 2 1 1 1 1 2 2 2
left_child=1 -1 4 24 5 6 -3 -7 9 -6 11 -5 13 29 15 22 23 27 -12 -10 -18 -16 -14 -17 26 -26 -4 28 -15 -2
right_child=12 2 3 10 8 7 -8 -9 19 -11 18 -13 14 17 21 16 20 -19 -20 -21 -22 -23 -24 -25 25 -27 -28 -29 -30 -31
leaf_value=-0.015983201537223806 -0.0010431648548732732 0.00030787206946827049 0.0075778092929481072 -0.001578271208090998 0.0066361560815695192 0.0049424797318483558 -0.0018838564422646092 0.00052634925882318387 6.7055854208835015e-05 0.0015844261347876378 -0.00096283084778772861 0.0016664472572570476 -0.0091078737254116672 -0.0038975571869320192 0.0043375377500331101 0.0079877412699471996 0.0033035825250636685 0.012062548756873355 0.0024014186392269806 0.0062191548133600037 0.012658339223039584 -0.0052936884368389144 0.0068809878939760814 -0.0056436248543214867 0.00035511109625518923 -0.0075844943654484768 -0.0032626328101966235 -0.0055295227608020856 0.014758213351951118 0.0097707730147037816
leaf_weight=91.581605163839413 78.6711019289869 17778.750679829125 85.72694031259789 8632.169011614169 1325.6585923397397 1578.6685612806714 5293.4566753011713 2265.6199708545946 2374.6770493123868 1176.5853527538729 1185.9620352230531 1728.1090663144641 59.927633335953942 66.521668147469427 158.50120453930504 76.513414866425592 126.70823185879181 38.188659064471722 2298.1685047308611 255.03579954450743 522.58271040860973 164.66649799541119 60.046021132362512 70.311921819113195 199.50910558410806 842.31989577334525 273.43438350751558 435.21143792816292 45.794770267831154 238.98265669198054
leaf_count=12631 615 231596 669 69895 6055 12595 83770 18132 10485 5266 8691 9413 519 485 1154 540 827 235 17004 1202 4822 1286 408 514 1581 7006 2158 3634 363 1915
internal_value=0.000211699 5.64334e-05 8.88021e-05 -0.000847021 0.000534933 0.000170477 -0.000193796 0.00236349 0.0024398 0.00425891 -0.000456413 -0.00103394 0.00362824 0.000814904 0.00559859 0.00784339 0.00919419 -0.00245015 0.00125189 0.000676802 0.0108946 -0.000509466 -0.000877986 0.00142775 -0.00467942 -0.00604887 -0.000432996 -0.00360177 0.00357165 0.00679632
internal_weight=49528.1 47385.4 47293.9 15245.4 32048.5 26916.5 23072.2 3844.29 5131.96 2502.24 13844.4 10360.3 2142.63 903.37 1239.26 916.09 796.116 585.717 3484.13 2629.71 649.291 323.168 119.974 146.825 1400.99 1041.83 359.161 547.528 112.316 317.654
internal_count=515466 498149 485518 116417 369101 346093 315366 30727 23008 11321 105003 79308 17317 7247 10070 7630 6703 4717 25695 11687 5649 2440 927 1054 11414 8587 2827 4482 848 2530
cat_boundaries=0 1 2 3 4 5 6 7 8 9 10
cat_threshold=35646 11407830 10502927 94374 11150984 171782 149106 560648 34826 99718
is_linear=0
shrinkage=0.03


Tree=114
num_leaves=31
num_cat=12
split_feature=4 45 28 7 42 29 67 53 35 53 28 29 2 53 28 53 42 48 2 53 53 53 48 36 2 53 64 0 70 11
split_gain=24.2373 24.3827 21.0954 32.7289 23.4076 19.2213 18.0856 17.7737 17.2776 16.2511 12.2233 11.5586 15.6651 23.1912 11.3596 12.1122 11.3339 11.3279 10.8854 12.6931 10.7791 10.256 14.2171 13.6357 9.79911 10.4057 9.79184 8.26482 7.45661 7.43755
threshold=1.0000000180025095e-35 1.7750000000000001 -0.51000000000000001 915.50000000000011 -0.38099281619513764 5.495000000000001 1.5797196261682245 0 28.135000000000002 1 0.33000000000000035 6.285000000000001 2 3 -1.915 4 -0.40099281619513766 0.076851329145315575 5 6 7 8 0.076165517975165506 46.330000000000005 9 10 11 0.050667422381762008 -3.2677669529663684 -0.097499999999999629
decision_type=2 2 2 2 2 2 2 1 2 1 2 2 1 1 2 1 2 2 1 1 1 1 2 2 1 1 1 2 2 2
left_child=-1 11 4 6 18 7 8 -5 -4 -8 -7 12 13 16 15 -6 -2 -16 20 -20 -3 22 -14 -23 26 -26 28 -27 -13 -15
right_child=1 2 3 5 14 10 9 -9 -10 -11 -12 24 21 29 17 -17 -18 -19 19 -21 -22 23 -24 -25 25 27 -28 -29 -30 -31
leaf_value=-0.022959918134732374 -0.016301278025058645 -0.0029757649793620495 7.3956150327769257e-05 0.00086448180243036169 0.0014829837648974327 -0.0010628814195737094 0.0013003103809077431 -0.0048460062359862001 0.0024324392950313715 -0.0032183148680983878 0.00093113958607975048 0.014112826471229542 -0.002915610162969171 -0.00096200466942235276 -0.00083277533234981651 -0.0078778961394246772 0.0015302747351080177 0.001015207923330313 -0.0060347239658637957 0.0012765964186563063 -0.011139065201457748 -0.0078796118620370718 0.0077181151672051761 0.0013464873478570159 -0.0056810331331505507 -0.0010550418047959669 0.0073846488337533248 0.0084098957809454946 -0.0063825908212479503 -0.018544208004486609
leaf_weight=39.312694194151845 36.851303168572485 329.20802267984368 3707.1229798139502 710.81277541506279 185.39273706807353 5103.9298730132841 1582.3838648699721 1520.3859266281852 11708.163425673902 1283.5856261738836 6036.1433322955427 16.27401327714324 309.4131708292598 28.654288928024471 8154.2380850528443 340.52328395822269 172.80520320660435 4700.1139420458258 365.58761111360081 477.00964159658201 322.59151629548433 443.22091091797711 174.59891045855375 204.91902179492627 413.66148771399821 529.64769558882426 221.37432734539789 96.031902488321066 102.88836467036754 196.08662072906145
leaf_count=13115 324 3572 46797 13219 2024 41462 7461 27654 137319 6157 55873 96 2639 213 70577 3452 1412 50303 4725 5632 3828 4132 1661 1374 2634 3589 1386 456 638 1692
internal_value=8.11893e-06 2.79035e-05 0.000196147 0.000634552 -0.000734698 -0.000491707 0.00145992 -0.00303202 0.00186729 -0.000720513 1.48407e-05 -0.002617 -0.00438187 -0.00918167 -0.000334256 -0.00464925 -0.00151507 -0.000154685 -0.00429482 -0.00190074 -0.00718951 -0.00239872 0.000856937 -0.00484678 -0.000588217 -0.00204945 0.0037211 0.000366215 -0.00290908 -0.0157677
internal_weight=49512.9 49473.6 46527.2 31652.5 14874.7 13371.3 18281.3 2231.2 15415.3 2865.97 11140.1 2946.43 1566.55 434.397 13380.3 525.916 209.657 12854.4 1494.4 842.597 651.8 1132.15 484.012 648.14 1379.88 1039.34 340.537 625.68 119.162 224.741
internal_count=515416 502301 480055 335942 144113 138208 197734 40873 184116 13618 97335 22246 13447 3641 126356 5476 1736 120880 17757 10357 7400 9806 4300 5506 8799 6679 2120 4045 734 1905
cat_boundaries=0 1 2 3 4 5 6 7 8 9 10 11 12
cat_threshold=6435458 10769365 2331 4819338 9868552 36021 11956760 2890425 13338448 21762 7082154 19
is_linear=0
shrinkage=0.03


Tree=115
num_leaves=31
num_cat=9
split_feature=14 42 2 4 8 4 8 53 53 8 47 32 53 63 45 48 58 29 56 46 53 53 21 15 46 28 2 2 53 29
split_gain=23.2472 19.3629 19.5963 18.8198 35.8065 19.6861 20.0667 18.0481 17.5887 16.3227 22.3475 18.1921 12.6413 12.4107 12.3731 12.425 12.2841 11.8714 11.7498 14.422 14.018 11.6772 11.6702 11.5665 11.0483 11.0442 11.9652 10.7555 10.608 10.5576
threshold=0.15500000000000003 0.22900718380486265 0 3.0500000000000003 26.550000000000004 5.6500000000000012 34.350000000000001 1 2 49.45000000000001 8.7550000000000043 0.039786861148801408 3 -1.9166666666666676 1.7750000000000001 0.096656267517906166 23.750000000000004 2.2550000000000003 17.150000000000002 0.019999999999999952 4 5 0.040000000000000029 6.7250000000000005 -0.10249999999999994 -0.60999999999999954 6 7 8 6.5250000000000012
decision_type=2 2 1 2 2 2 2 1 1 2 2 2 1 2 2 2 2 2 2 2 1 1 2 2 2 2 1 1 1 2
left_child=3 12 21 18 7 6 16 -5 29 11 -11 -7 25 -9 -14 22 -6 -17 20 -20 27 23 -16 -3 -10 26 -2 -1 -21 -4
right_child=1 2 8 4 5 9 -8 13 24 10 -12 -13 14 -15 15 17 -18 -19 19 28 -22 -23 -24 -25 -26 -27 -28 -29 -30 -31
leaf_value=-0.0059248332377115961 -0.010217191481980749 0.01380895528580614 -7.9615165028225558e-05 -0.00053410450818296802 0.0048270282768125847 0.00033249788177131011 -0.0071818796364979381 0.00013676310355008951 -0.0098716939288440372 -0.0024079127388558588 -0.0001619615192744277 0.0045479910341669275 -0.0069305543094792662 0.019749940265461115 0.0018700424802926123 -0.015814673924571636 -0.0035528305392740459 0.024120445824281751 -0.013305509822180995 -0.0095454824258087451 -0.0061288324694030059 -0.0013358061685815204 -0.010083244457322031 0.0017834754689770261 0.0073078609441087064 -0.0003845730076182181 -0.0009227283253726746 0.0067719936855416283 0.012118445568098194 0.0079372095204293669
leaf_weight=74.711075256302138 225.7564050166402 92.965684534981847 766.98297235268092 101.08622809899498 273.65175006423215 3982.0061070764127 753.69695135306483 39.654878169997573 31.431849661283195 4686.6402407341557 26920.910723410663 1204.3967792325607 149.23176443995953 151.74873965796814 3157.4615677410438 5.6996937331277868 365.03543927479404 36.826187628605567 221.48827608852969 24.49167428468354 348.05523332110329 1127.9017354116954 72.598570837493753 335.56217458797619 1329.5883083877729 2331.9532789368068 299.05435415401007 184.17690916820618 33.966793389554368 179.08256152970716
leaf_count=5105 2307 755 7758 2869 7606 63567 16819 1105 263 50432 173702 17161 1248 4456 37074 1059 11437 889 9024 1158 22452 11184 3140 3581 12661 28423 3237 11777 1664 1299
internal_value=-6.17652e-05 0.00121812 0.00288909 -0.00039232 -0.000291779 -0.000372881 -0.00387322 0.0101254 0.0046342 -0.0002394 -0.000496062 0.00131859 0.000184529 0.0151041 0.00141613 0.00181423 0 0.0176243 -0.00471022 -0.0098065 -0.00228586 0.000249117 0.00158603 0.00441155 0.00682512 -0.00128062 -0.00521292 0.00289699 0.002956 0.00140498
internal_weight=49507.8 10142.1 3863.52 39365.7 38478.8 38186.3 1392.38 292.49 2307.09 36794 31607.6 5186.4 6278.58 191.404 3421.82 3272.59 638.687 42.5259 886.89 279.947 606.943 1556.43 3230.06 428.528 1361.02 2856.76 524.811 258.888 58.4585 946.066
internal_count=515212 114878 37501 400334 349154 340724 35862 8430 21981 304862 224134 80728 77377 5561 43410 42162 19043 1948 51180 11846 39334 15520 40214 4336 12924 33967 5544 16882 2822 9057
cat_boundaries=0 1 2 3 4 5 6 7 8 9
cat_threshold=36769 2900756 2291906 127758 5948225 8409866 67153 70179 5520195
is_linear=0
shrinkage=0.03


Tree=116
num_leaves=31
num_cat=9
split_feature=65 45 7 28 53 42 28 31 3 2 36 28 53 39 47 1 12 53 53 2 0 62 2 58 2 43 49 45 1 53
split_gain=23.2034 21.6287 22.6021 40.1246 21.1489 19.4307 16.1661 16.0088 15.948 15.4064 15.2592 17.1819 20.4672 14.1868 13.433 12.1572 10.9387 10.0168 9.85307 12.0865 10.1593 9.65319 9.95379 12.737 9.58152 11.2856 11.2674 10.5797 10.6825 9.08173
threshold=0.35229342041789474 1.9166666666666667 915.50000000000011 -0.11000000000000019 0 0.43900718380486264 -1.175 0.070607634489917068 0.17500000000000002 1 15.720000000000002 0.4650000000000003 2 4.5000000000000009 61.525000000000013 30.145000000000003 -0.11499999999999974 3 4 5 0.043138190587246307 58.500000000000007 6 63.650000000000013 7 0.2281820047528221 0.055178975688178707 3.9166666666666674 39.960000000000008 8
decision_type=2 2 2 2 1 2 2 2 2 1 2 2 1 2 2 2 2 1 1 1 2 2 1 2 1 2 2 2 2 1
left_child=1 14 3 5 16 6 -3 -7 13 -10 -4 12 -12 -5 18 -16 -2 -17 19 20 -1 22 23 -6 25 -18 -27 -26 -29 -13
right_child=4 2 10 8 21 7 -8 -9 9 -11 11 29 -14 -15 15 17 24 -19 -20 -21 -22 -23 -24 -25 27 26 -28 28 -30 -31
leaf_value=0 -0.0090251352589595119 -0.0036622871226487941 -0.0080977566117773746 0.0021796018815429283 0.0084435182544926324 0.0014407697925910043 -0.00070086911298735083 -0.0029370167667076984 -0.003353213790359614 0.0012719403669404067 -0.0036324806229984328 -0.001119647775943084 -0.00051625748675408843 0.0065045038190383571 -0.005304540260486673 -0.0014941952942540131 -0.0085564985823996815 0.013110988428113578 -0.0047943479236603548 -0.0045062270662079382 0.010903336466447016 -0.011574173651564348 0.0022764672591867098 -0.00057436578023939118 -0.0042120303514465406 0.016381325119069402 0.002862045995390387 0.0015462092126678115 0.029804858872697161 0.0013632140040957664
leaf_weight=590.83056051024869 128.28118333576185 1964.1364386600653 278.2941442029769 6040.6650815431203 785.16333581041545 5639.650634767484 10962.961927231858 861.89594511722498 824.68703158971766 2853.4966849221728 3438.3945239667582 2307.2481335350253 4301.0859626334031 779.45826774129637 83.799369648790162 62.998184725642204 57.897470472405075 110.64956469833851 1669.2468806292459 535.7446928923514 87.313991625650488 30.856397349380131 934.88088909735598 163.94889768444045 472.5755009294453 67.336794221773744 334.65146790581912 64.866620684088048 13.691450187005101 3069.6838478974555
leaf_count=4849 923 20981 6189 45631 5944 55619 115246 6388 15258 51807 33113 24941 41917 17876 522 385 503 715 12939 4232 451 315 7145 1379 3606 506 2523 697 147 32813
internal_value=-0.000139227 -0.00030634 -0.000131277 0.000326381 0.00239175 -0.000479887 -0.00115364 0.000855079 0.00182116 0.000219867 -0.00115593 -0.00100514 -0.00191051 0.00268005 -0.00271001 0.00378061 -0.000831088 0.00834622 -0.0033022 -0.00117206 0.00145107 0.00430567 0.00461648 0.00678496 0.000186544 0.00336274 0.0052708 -0.00242901 0.00746134 0.00029267
internal_weight=49516.4 46462.2 43321.7 29927 3054.15 19428.6 12927.1 6501.55 10498.3 3678.18 13394.7 13116.4 7739.48 6820.12 3140.58 257.447 1139.3 173.648 2883.14 1213.89 678.145 1914.85 1883.99 949.112 1011.02 459.886 401.988 551.134 78.5581 5376.93
internal_count=515560 491872 467779 328806 23688 198234 136227 62007 130572 67065 138973 132784 75030 63507 24093 1622 8905 1100 22471 9532 5300 14783 14468 7323 7982 3532 3029 4450 844 57754
cat_boundaries=0 1 2 3 4 5 6 7 8 9
cat_threshold=12732756 197056 372035 8986793 8498520 11888 140173 29762 9980314
is_linear=0
shrinkage=0.03


Tree=117
num_leaves=31
num_cat=6
split_feature=29 58 53 64 69 67 53 7 43 14 4 4 53 35 67 53 48 35 21 53 67 62 45 38 21 67 52 14 10 1
split_gain=24.0274 18.6923 23.6392 25.1941 22.0866 19.9989 25.2996 20.6908 19.0527 18.7257 22.5576 18.4953 18.4429 16.6631 16.0198 15.5375 14.5313 12.567 12.1389 11.6325 11.408 11.1597 10.6198 11.9221 10.5108 9.03468 8.82346 8.34419 8.30136 6.88293
threshold=2.1150000000000007 70.950000000000017 0 1 -5.328427124746189 2.0976297693961121 2 839.50000000000011 0.2281820047528221 0.14500000000000005 5.7500000000000009 23.150000000000002 3 38.785000000000004 0.99906119280010153 4 0.078969158495891867 35.685000000000009 0.01999999999999998 5 3.4300301733054774 49.500000000000007 4.6333333333333337 0.23084449796778564 0.01999999999999998 5.3812993959792061 -0.59761430466718701 0.045000000000000005 0.019999999999999952 39.295000000000009
decision_type=2 2 1 1 2 2 1 2 2 2 2 2 1 2 2 1 2 2 2 1 2 2 2 2 2 2 2 2 2 2
left_child=-1 5 3 4 -3 7 22 9 14 10 -2 24 18 -14 26 16 -5 -6 -9 -13 27 -11 25 -24 -10 -7 -4 -8 -16 -17
right_child=1 2 8 15 17 6 20 12 11 21 -12 19 13 -15 28 29 -18 -19 -20 -21 -22 -23 23 -25 -26 -27 -28 -29 -30 -31
leaf_value=-0.015289878905188943 -0.002580647548604988 0.053565510398761326 -0.01013129308039301 -0.0011046069907575862 0.010857764941793821 0.001236714055117914 -0.0054948899112953684 0.0016746619143856378 0.0024526139933630292 -0.00038987090447510891 0.00074560910745220951 0.0021672369452707257 -0.0018583173644808218 0.00080001447664425156 0.029794085397123613 -0.011173725645027065 0.01517889111315757 6.9790351237653743e-05 -0.0024951639202584748 -0.0059814047892753214 -0.0074888084097742098 0.002921036873073362 -0.0097909802856620542 0.012987189951753875 0.015041249240018793 -0.011284818270997895 -0.0046188173306469576 -0.0013683710408012451 0.00019939848575383599 0.0014726956773003313
leaf_weight=91.262600013535121 2046.7099140669598 7.4133134858857366 335.63641593947023 237.5154403806273 239.18480277377739 1052.3114187812644 625.78568975071357 4067.1734125262255 257.66151332762638 1105.7763295469049 17392.474680990446 237.97595073073535 8444.2781283667118 2814.9878301522967 14.55912361294031 177.69572760783285 59.392184576518957 172.28869313406085 736.26416135831823 417.04512030219485 531.40588414488138 4928.4319004072458 21.751360958955956 122.20405349357316 79.742639544419944 52.290792806283207 1469.1449047053793 1596.1365808155388 22.027877250686288 43.700659483195523
leaf_count=12684 66852 68 6711 2554 2776 4820 2862 33747 2189 13253 135491 2032 90032 27349 82 2175 845 1808 15067 3599 2563 55566 160 622 896 264 19267 7390 147 523
internal_value=-7.60362e-05 -4.66506e-05 -0.00207629 0.00202472 0.00741522 0.000120848 -0.00190298 0.000316643 -0.00343864 0.000848763 0.000393622 -6.85567e-05 -0.000525365 -0.00118995 -0.00525532 -0.00234445 0.00206306 0.00643546 0.00102637 -0.00303573 -0.00350448 0.00230941 0.00161971 0.00925291 0.00558732 0.000597523 -0.00567066 -0.00254796 0.0136874 -0.00818593
internal_weight=49400.2 49309 3770.98 937.191 418.887 45538 4001.89 41536.1 2833.79 25473.4 19439.2 992.425 16062.7 11259.3 1841.37 518.304 296.908 411.473 4803.44 655.021 2753.33 6034.21 1248.56 143.955 337.404 1104.6 1804.78 2221.92 36.587 221.396
internal_count=514394 501710 45672 10749 4652 456038 18681 437357 34923 271162 202343 8716 166195 117381 26207 6097 3399 4584 48814 5631 12815 68819 5866 782 3085 5084 25978 10252 229 2698
cat_boundaries=0 1 2 3 4 5 6
cat_threshold=4366856 71 10485791 7667752 131592 544803
is_linear=0
shrinkage=0.03


Tree=118
num_leaves=31
num_cat=14
split_feature=28 14 52 66 53 53 42 2 64 53 1 45 64 2 2 37 2 53 42 67 53 57 53 53 53 46 32 63 29 43
split_gain=22.0188 21.5658 22.9378 18.7624 15.432 14.4229 14.0985 14.1174 15.2022 14.6865 14.7883 13.5423 13.2845 18.2239 13.2258 12.8825 12.6613 11.8364 11.4054 14.3067 25.2434 18.1919 12.2106 11.3983 10.9297 12.9318 11.2214 10.513 10.4027 10.3251
threshold=-1.5049999999999999 0.085000000000000006 0.81154306758026518 0.30637068011314722 0 1 0.52900718380486256 2 3 4 44.010000000000012 3.5500000000000003 5 6 7 5.2250000000000005 8 9 -0.39099281619513743 1.4810004810004813 10 0.54465000000000019 11 12 13 0.014999999999999953 0.078188031107476061 -0.74999999999999989 7.5750000000000011 1.4310701586184302
decision_type=2 2 2 2 1 1 2 1 1 1 2 2 1 1 1 2 1 1 2 2 1 2 1 1 1 2 2 2 2 2
left_child=5 2 18 4 28 14 7 8 23 16 -11 -6 13 -8 -1 -16 -9 -15 22 21 -21 -20 27 -3 26 -26 -5 -2 -4 -10
right_child=1 6 3 24 11 -7 12 9 29 10 -12 -13 -14 17 15 -17 -18 -19 19 20 -22 -23 -24 -25 25 -27 -28 -29 -30 -31
leaf_value=-0.00081084362563532545 -0.004001063260146806 -0.00027585277344352769 0.0023240255463066414 0.010654026389106333 -0.0016120195583596562 -0.00073525077982236468 0.0082529615614035396 0.0052060658543326352 0.0012193333857351066 -6.5207980427457726e-05 0.0048785670751302877 0.0026776203373227274 0.0012524314022637863 -0.0033415753585156137 -0.021259523876856722 -0.0071064885167432448 0.0013972706664022133 0.0046890121017071342 -0.00076128962236185363 -0.0069367073430632552 6.133110043501687e-05 0.0025187558129251323 -0.0041122830941108888 -0.0051434610281730778 0.019395676144912524 -0.0085092423153435327 -0.0054231514625565315 0.001059766277498759 -0.012712714274366026 -0.0023448487604447003
leaf_weight=304.86021493794578 548.44597655590906 780.65089169115527 3296.0096923809215 73.087344733546161 2995.9509713943535 1051.5929042721395 677.20353832606816 1126.9419102520237 2750.7852645476996 7650.2227209679713 583.47727568604751 844.71532338069846 3336.7593236480661 284.20496203401126 68.526194259131898 471.28519547996075 2740.3665414862885 358.31436488078907 10503.67129363905 834.15557434131188 1017.5457364291015 1775.4421709347753 2002.4238883297535 1025.9268037966976 110.73526690301605 14.469896107912062 77.338101971894503 1108.5092701603935 39.394915871322155 991.90178691409528
leaf_count=2959 7701 8503 24630 475 21766 10836 6332 12610 29315 86688 6378 7777 31344 2707 1194 4248 32056 3430 129958 3777 4596 8556 27929 11119 677 95 436 15375 237 11088
internal_value=1.13384e-05 0.000138428 -0.000461406 0.000933629 0.000632878 -0.0031564 0.000818513 0.000428916 -0.000820169 0.00100409 0.000282245 -0.000658135 0.00228802 0.00483178 -0.00604628 -0.00886671 0.00252757 0.00109488 -0.00104746 -0.000657852 -0.00311614 -0.000284251 -0.00254259 -0.00307229 0.00859469 0.0146965 0.00209154 -0.000596474 0.00212356 0.000265272
internal_weight=49444.9 47548.7 25241.9 7451.7 7176.07 1896.26 22306.8 17650.3 5549.26 12101 8233.7 3840.67 4656.48 1319.72 844.672 539.811 3867.31 642.519 17790.2 14130.8 1851.7 12279.1 3659.38 1806.58 275.631 125.205 150.425 1656.96 3335.4 3742.69
internal_count=514792 495555 253985 56093 54410 19237 241570 197757 60025 137732 93066 29543 43813 12469 8401 5442 44666 6137 197892 146887 8373 138514 51005 19622 1683 772 911 23076 24867 40403
cat_boundaries=0 1 2 3 4 5 6 7 8 9 10 11 12 13 14
cat_threshold=5065358 6625479 1488 328 7614536 208 150876 5076 217092 2020371 8332354 12805684 13298825 12680780
is_linear=0
shrinkage=0.03


Tree=119
num_leaves=31
num_cat=10
split_feature=4 45 28 7 28 9 12 53 67 11 53 2 42 1 1 53 9 2 58 53 48 9 32 2 43 1 53 67 64 53
split_gain=22.9828 21.625 21.4105 29.5999 20.9059 19.607 23.9438 21.5707 17.6488 14.2441 14.0175 15.0858 13.6501 13.3385 12.9188 16.1135 12.0348 11.5619 11.4268 11.3371 10.8056 9.94763 9.91561 11.3811 8.98851 8.93223 8.16944 7.47109 7.20138 5.48547
threshold=1.0000000180025095e-35 1.7750000000000001 -1.175 365.50000000000006 1.5250000000000001 -0.0099999999999992473 0.044999999999999908 0 3.5045648709215502 0.078355855855856124 1 2 0.58900718380486217 29.055000000000003 33.395000000000003 3 -0.045833333333333344 4 24.950000000000003 5 0.085967271907900114 0.085000000000000367 0.030031248781248753 6 0.31779757023806859 27.805000000000003 7 1.3182330645550675 8 9
decision_type=2 2 2 2 2 2 2 1 2 2 1 1 2 2 2 1 2 1 2 1 2 2 2 1 2 2 1 2 1 1
left_child=-1 13 10 4 8 7 -7 -5 -4 -6 11 12 -3 17 15 16 -15 27 20 -20 -16 -17 23 -12 -24 26 -19 -2 -13 -27
right_child=1 2 3 5 9 6 -8 -9 -10 -11 22 28 -14 14 18 21 -18 25 19 -21 -22 -23 24 -25 -26 29 -28 -29 -30 -31
leaf_value=-0.022709597920573407 -0.0093135427935446928 -0.0040050514338423465 0.0018502664877222993 0.0020280947336571943 0.013276488715123219 -0.0014862134655352073 0.0010034289078607265 -0.00021492842153551889 -0.0057467026046970826 -0.011285534100860112 0.0010319025345092655 -0.0031192293149555671 0.0030002084786618054 0.0062040586676696324 0.001302925314262316 0.0059828097577422504 -0.0087231597826464453 -0.0062050583542734971 -0.0014268046259158849 -0.0083937964992319408 -0.021764372898108616 -0.021478084009599326 0.011510367636558317 -0.0039147135100529879 0.0013840805493400131 0.00093955697028420652 0.00203562001323433 -0.027720353965626301 -0.0090437865093036789 -0.01562274204967512
leaf_weight=38.006113734969404 245.90583710588317 627.84513358393315 9304.803759297989 6596.2317162894251 206.51319599172348 11814.022574718552 4909.7903356553888 9225.5283347160948 279.9070339423306 20.810409640660509 820.71055016624632 381.14466608806788 409.5401491047628 64.155360432497218 537.09255653014088 469.88316857921291 167.48058503051288 161.98252005112499 454.42142399109753 430.69304514908208 16.858996847724939 9.8140073432850823 93.824608591742162 823.06556397527538 514.21118972756358 26.70938010327518 270.6331985562083 22.786394394934177 503.26699743113431 57.102387311461371
leaf_count=13183 1998 6272 100604 53368 3305 141337 64453 73718 1417 348 8326 3771 3823 391 3882 3487 1370 1203 3505 3412 162 96 1115 8093 4691 197 1955 111 4887 444
internal_value=1.83574e-05 3.73436e-05 0.000195531 0.000398142 0.00184235 -3.64324e-05 -0.000753476 0.000719596 0.00162413 0.0108183 -0.00185277 -0.00372538 -0.00119866 -0.00245832 -0.0012163 0.00206281 -0.00426035 -0.00581031 -0.0028586 -0.00497272 0.000471162 0.00516465 -0.000221888 -0.00144598 0.00302844 -0.00287161 -0.00109117 -0.0107804 -0.00659995 -0.0118072
internal_weight=49504.7 49466.7 46531.2 42357.6 9812.03 32545.6 16723.8 15821.8 9584.71 227.324 4173.61 1921.8 1037.39 2935.52 2150.4 711.333 231.636 785.12 1439.07 885.114 553.952 479.697 2251.81 1643.78 608.036 516.427 432.616 268.692 884.412 83.8118
internal_count=514924 501741 479528 438550 105674 332876 205790 127086 102021 3653 40978 18753 10095 22213 16305 5344 1761 5908 10961 6917 4044 3583 22225 16419 5806 3799 3158 2109 8658 641
cat_boundaries=0 1 2 3 4 5 6 7 8 9 10
cat_threshold=7799202 2242919 87953 4508320 98549 5283667 223426 1102786 51 807681
is_linear=0
shrinkage=0.03


Tree=120
num_leaves=31
num_cat=12
split_feature=28 7 42 60 67 53 0 38 42 7 8 28 53 53 44 2 12 53 29 2 26 7 53 14 53 12 53 2 53 53
split_gain=20.8981 27.9537 22.3866 21.7297 20.7877 29.5948 18.4772 17.6441 17.1913 18.427 23.8059 19.4639 19.4895 18.0022 16.1256 15.8945 14.9567 14.4799 14.3029 20.6974 14.2734 13.9436 13.1058 12.6569 12.359 12.3335 11.6758 11.6126 16.1708 11.0124
threshold=-0.16999999999999962 969.50000000000011 0.81428206726120378 358.50000000000006 2.2335704114138939 0 0.068947606534899411 0.43000368393651456 -0.79099281619513773 920.50000000000011 86.550000000000011 -1.1599999999999993 1 2 0.063316728649902718 3 0.10000000000000007 4 5.1150000000000011 5 32.620000000000012 1100.5000000000002 6 0.055000000000000007 7 0.015000000000000053 8 9 10 11
decision_type=2 2 2 2 2 1 2 2 2 2 2 2 1 1 2 1 2 1 2 1 2 2 1 2 1 2 1 1 1 1
left_child=2 4 8 15 6 -6 7 14 22 11 -11 13 -13 -10 -2 20 26 -17 19 21 -4 -3 23 -1 -9 -22 -8 28 -20 -12
right_child=1 18 3 -5 5 -7 16 24 9 10 29 12 -14 -15 -16 17 -18 -19 27 -21 25 -23 -24 -25 -26 -27 -28 -29 -30 -31
leaf_value=-0.0091701617912191263 0.000570106956926181 0.0070051884124473088 0.0035790803882540271 0.013281912020074796 0.0032539156719513873 -0.0058482472285008649 -0.00046884724125511944 0.0068945041402913767 0.00025184057378166132 -0.0046728182617149288 0.0056042592861345799 0.0017273562708230044 -0.00074028175991758846 -0.0043137193541468791 0.0035202628870652053 -0.0035824343338025796 0.029391082987089402 0.0014910227233396463 0.004337296385584207 -0.0099407466037377094 -0.020851442062879744 -0.0062094797111631661 -0.0085444314950031946 0.0057344044747434922 0.0020072341318905116 0.0040329644251300978 0.011539545819017462 -0.0011310717561873697 -5.7087609381737763e-05 -0.0016657353533144497
leaf_weight=77.204738733433032 8298.851089807742 157.82909984445496 1745.4221290067201 132.7222423287858 533.68533276798098 768.45827167733751 123.31912740879852 886.84111789376675 1244.5080157482789 2167.2638710208739 322.33764969190179 4094.6921687802947 9635.9370736968885 2023.1803787953686 2097.7994882274197 923.06648367370121 28.401539596480688 1085.6870819738315 949.12450065758867 328.50031170527791 39.075616705231369 127.43175378780415 455.85256679315921 142.59175992099335 1079.6277744227 27.797468197443777 164.73796219928681 5999.5148749291247 3439.7317613921609 411.12107855100385
leaf_count=1178 127769 3670 15887 1081 2586 3742 723 4166 12491 22438 1665 39115 93156 19884 18933 8730 171 10012 9111 8176 266 3488 7528 2606 5149 188 967 55359 32757 2115
internal_value=-1.94478e-05 0.000590597 -0.000642039 0.00142174 0.00148124 -0.00211533 0.00185324 0.00166617 -0.00104019 -0.000878291 -0.0030894 -0.000498886 -1.34507e-06 -0.00257907 0.00116883 0.000995204 0.0090108 -0.000832926 -0.000538591 -0.00498391 0.00302465 0.000961879 -0.00574738 0.000314187 0.00427653 -0.0102553 0.00670913 -0.000272158 0.000895651 0.00154857
internal_weight=49512.3 24983.9 24528.5 3953.77 13981.7 1302.14 12679.6 12363.1 20574.7 19899 2900.72 16998.3 13730.6 3267.69 10396.7 3821.05 316.459 2008.75 11002.1 613.761 1812.3 285.261 675.649 219.796 1966.47 66.8731 288.057 10388.4 4388.86 733.459
internal_count=515107 276767 238340 36164 164206 6328 157878 156017 202176 190864 26218 164646 132271 32375 146702 35083 1861 18742 112561 15334 16341 7158 11312 3784 9315 454 1690 97227 41868 3780
cat_boundaries=0 1 2 3 4 5 6 7 8 9 10 11 12
cat_threshold=11272462 166659 1754264 50770 1743623 146242 2755202 5348502 13148579 170665 2895904 5452492
is_linear=0
shrinkage=0.03


Tree=121
num_leaves=31
num_cat=11
split_feature=4 8 53 8 32 65 58 53 8 53 44 4 43 12 60 53 53 65 53 2 58 29 7 53 26 7 2 53 2 36
split_gain=23.1319 32.0042 29.2874 22.1672 21.8372 22.5561 23.5869 18.9383 18.485 26.1701 16.8145 18.2866 23.8407 16.9895 15.7554 26.4415 16.8025 14.9471 14.6533 14.0461 20.423 13.98 21.3302 15.3086 13.7741 12.9801 12.6775 13.5741 12.1654 12.4382
threshold=10.550000000000002 49.45000000000001 0 46.650000000000013 0.025866917497381754 0.077927404834705866 25.550000000000004 1 36.550000000000004 2 0.15026868024647447 39.150000000000013 0.2281820047528221 0.044999999999999908 160.50000000000003 3 4 0.030529690835034304 5 6 31.950000000000003 3.7850000000000006 464.50000000000006 7 25.020000000000003 684.50000000000011 8 9 10 10.270000000000001
decision_type=2 2 1 2 2 2 2 1 2 1 2 2 2 2 2 1 1 2 1 1 2 2 2 1 2 2 1 1 1 2
left_child=3 2 -2 4 5 21 -7 -8 9 -6 11 12 -3 -14 16 -16 -13 -5 24 -10 -21 23 -23 -1 25 -12 27 -19 29 -4
right_child=1 10 28 17 8 6 7 -9 19 -11 18 14 13 -15 15 -17 -18 26 -20 20 -22 22 -24 -25 -26 -27 -28 -29 -30 -31
leaf_value=-0.0016424925784203543 -0.00073401892916070304 -0.0021549395310406986 -0.016251816201522419 0 -0.0023425370578305143 0.0086725368102811545 0.0081899139071487763 -0.0026640545638960127 -0.0028277627382280145 0.010272677310429169 0.017939847430363434 -0.00052189223042370663 -0.00060687531182748603 0.0016851408814878798 0.0021466011245327896 -0.0027538291240402565 0.0021297689555560854 0.003547719671173673 0.0046569827531044378 0.0068495679812550945 -0.0021997467691445443 0.00091078717873400213 -0.0044348792184789442 -0.01053462167915754 -0.0063649533422309766 -0.0019316017770372059 -0.0075196140628922652 -0.0052056585956068279 0.010152080878825539 0.0047073232004061953
leaf_weight=339.3151736106073 755.99914928355201 6862.2079497853047 24.022933065608413 615.55965874295089 218.42516565769347 315.6003029150861 163.47761482374881 803.53171574575617 783.12001141213523 423.50902193773163 46.973480377347187 3061.9780422476115 11562.380921057484 3887.0242974776884 1598.3838593242563 2554.4396415137144 7084.5767077907758 236.69522378719739 1176.4220384722821 482.88056531449411 409.75203458518172 1199.9745720441092 1500.516615669218 408.38373725377426 241.84178633757438 68.153368187182423 1042.9196821078494 429.22060071271426 545.35477634467406 648.14276539400134
leaf_count=19120 9720 52845 282 8751 5092 5405 3066 14216 13509 9664 309 14227 98629 35935 7207 11740 34104 3157 7987 8407 8297 28785 56670 23059 1606 596 13385 5491 6602 7302
internal_value=-0.000137369 0.000175478 0.00389877 -0.00147937 -0.000636027 -0.00180769 0.00157163 -0.000728037 0.0017421 0.00606283 -1.65664e-05 -0.000146326 -0.000683732 -2.81258e-05 0.00069008 -0.000861814 0.00132825 -0.00402108 0.00305817 6.38124e-05 0.00263695 -0.00307356 -0.00204949 -0.00671685 -0.00219253 0.006088 -0.00546349 -0.00204235 0.0067472 0.00381123
internal_weight=49490.8 40117.9 1973.52 9372.88 7048.49 4730.8 1282.61 967.009 2317.69 641.934 38144.4 36611 22311.6 15449.4 14299.4 4152.82 10146.6 2324.4 1533.39 1675.75 892.633 3448.19 2700.49 747.699 356.969 115.127 1708.84 665.916 1217.52 672.166
internal_count=515165 289091 23906 226074 195290 150321 22687 17282 44969 14756 265185 254687 187409 134564 67278 18947 48331 30784 10498 30213 16704 127634 85455 42179 2511 905 22033 8648 14186 7584
cat_boundaries=0 1 2 3 4 5 6 7 8 9 10 11
cat_threshold=3119392 1411072 1461254 10503765 2107929 1605825 203924 7942444 201392 9489697 16256
is_linear=0
shrinkage=0.03


Tree=122
num_leaves=31
num_cat=9
split_feature=4 48 67 54 42 28 3 30 20 53 66 53 57 65 53 52 53 32 53 42 44 53 53 53 58 16 53 70 57 46
split_gain=26.1463 23.7625 17.4659 15.8257 15.2786 17.5833 16.2936 15.1676 14.4902 13.4342 13.3723 13.419 14.4996 12.8677 22.5933 13.0161 20.3577 12.4414 12.2129 12.1624 11.8414 15.7896 11.7472 11.4815 10.7144 10.4486 12.9611 10.8131 10.0189 9.45381
threshold=3.0500000000000003 0.075810054102790916 3.1672149122807021 6.1000000000000005 -0.75571793273879606 -0.52999999999999947 0.17500000000000002 0.035219923160660083 -0.0099999999999999482 0 0.19579366416715813 1 0.061400000000000003 0.35229342041789474 2 0.48666426339230701 3 0.078188031107476061 4 0.48900718380486247 0.14521279113373312 5 6 7 10.750000000000002 0.26473464438594602 8 -2.7554552980815438e-16 0.13810000000000003 0.022499999999999954
decision_type=2 2 2 2 2 2 2 2 2 1 2 1 2 2 1 2 1 2 1 2 2 1 1 1 2 2 1 2 2 2
left_child=3 8 4 7 18 17 -7 25 10 -4 20 19 -13 15 -15 22 -17 -6 -3 -12 24 -22 -10 29 -2 -1 -27 -28 -20 -5
right_child=1 2 9 23 5 6 -8 -9 13 -11 11 12 -14 14 -16 16 -18 -19 28 -21 21 -23 -24 -25 -26 26 27 -29 -30 -31
leaf_value=-0.0054546041947842747 0.0052631129024887178 0.0028672901362166358 0.0012149150567853317 -0.007314590957870187 3.3253917846586137e-05 0.0034542398763738429 0.0010286161577266549 0.0086859299817456017 -0.002146807027409854 -0.00672367835568515 0.0015723403457528393 0.0064942346961544195 -0.0027671119573039263 -0.0049724558046158806 0.0053724138564594506 0.0024874893540808032 -0.00051782740391908091 0.01021886681526646 -0.0054630460715557327 0.010053922400215661 -0.0036050895387423529 0.0053017762417904733 -6.0821825328302045e-05 -0.013772977804819323 -0.0024964554564999904 -0.005364450839799524 0 0.023855729845019664 -0.00033389363579545517 0.011821510928304486
leaf_weight=588.58410662509152 159.95133904041541 447.03524205241729 322.47987352199834 67.10048003135887 6004.0137260987558 5126.4699667223267 4941.8037577453306 98.156608259261247 3664.6132796702941 442.21864708751036 562.98370345449075 179.20771107170731 915.42947743088007 229.33548622902617 888.36979138627339 3633.9315645746265 4541.6490601314345 108.03648520935349 658.93666152128526 213.26835943479091 287.26302985288203 431.24711121618748 7270.5909744425344 214.18799821948096 6525.6299646418101 66.258623017959053 30.481022476684302 37.668756685292919 740.27473403152271 32.724968668054771
leaf_count=45634 1922 5389 1563 2511 55604 41553 64192 4333 32923 2257 4575 2033 6987 1958 6959 24468 29167 883 11927 1608 1917 2896 66925 9476 71972 3336 1458 1888 5239 1510
internal_value=7.00535e-05 0.000176516 0.0010107 -0.0044253 0.00120043 0.00149635 0.00226709 -0.00217709 -0.000353806 -0.00341419 -0.00133574 0.000918801 -0.00120349 9.50259e-05 0.0032215 -8.6576e-05 0.000817016 0.000221485 -0.00137556 0.00391073 -0.00190957 0.00172257 -0.000764905 -0.0101585 -0.0023048 -0.00371317 0.00366093 0.0118428 -0.00275548 -0.000580728
internal_weight=49429.9 48294.7 18791.3 1135.16 18026.6 16180.3 10068.3 821.149 29503.5 764.699 9274.98 1870.89 1094.64 20228.5 1117.71 19110.8 8175.58 6112.05 1846.25 776.252 7404.09 718.51 10935.2 314.013 6685.58 722.993 134.408 68.1498 1399.21 99.8254
internal_count=515063 444917 188607 70146 184787 162232 105745 56649 256310 3820 93910 15203 9020 162400 8917 153483 53635 56487 22555 6183 78707 4813 99848 13497 73894 52316 6682 3346 17166 4021
cat_boundaries=0 1 2 3 4 5 6 7 8 9
cat_threshold=11354181 1893411 8558657 14027220 11013632 1215717 5246612 4800824 2510382
is_linear=0
shrinkage=0.03


Tree=123
num_leaves=31
num_cat=0
split_feature=20 29 66 40 47 0 56 9 9 21 62 57 29 47 29 7 56 12 44 15 7 46 46 16 65 65 8 31 0 15
split_gain=21.9593 19.1216 15.9981 21.5512 18.3971 17.3645 14.4785 13.7433 13.1763 17.3676 12.3163 11.5873 18.1036 12.7563 11.4053 10.433 10.3718 10.1687 10.1225 10.3574 11.906 9.76155 9.1498 8.99982 11.8485 8.67907 11.1654 8.45392 8.33022 9.87731
threshold=-0.084999999999999937 2.2550000000000003 0.25663411897167865 3.5000000000000004 49.595000000000006 0.038759209103198002 22.050000000000004 -0.055000000000000139 0.01333333333333315 -0.0099999999999999655 56.500000000000007 0.058550000000000012 7.245000000000001 4.575000000000002 6.3150000000000004 1347.5000000000002 21.550000000000004 0.024999999999999852 0.09463854498570666 6.9850000000000012 740.50000000000011 -0.077499999999999944 -0.11499999999999994 1.0985359936768833 0.16218122212480462 0.27174878368986027 69.050000000000011 0.010007704160246501 0.012598031296889 6.7950000000000008
decision_type=2 2 2 2 2 2 2 2 2 2 2 2 2 2 2 2 2 2 2 2 2 2 2 2 2 2 2 2 2 2
left_child=8 28 3 4 5 -3 10 -8 9 16 -5 12 13 -4 -13 -6 23 -11 21 -20 -21 -10 -16 27 -25 -18 -27 -1 -2 -30
right_child=1 2 11 6 15 -7 7 -9 18 17 -12 14 -14 -15 22 -17 25 -19 19 20 -22 -23 -24 24 -26 26 -28 -29 29 -31
leaf_value=-0.0040073382951390148 -0.015856881735194787 -8.0857993932693103e-06 0 -0.00051640544024801702 0.0035845056535077856 0.0022721415547191839 0.0065442769038668641 -0.0079813517173441192 -0.0026947686900373538 -0.0042187964047594503 -0.005746040884405005 -0.00030191858179031366 -0.011854556511277068 0.014471231694007972 -0.012004192888073615 -0.00091526812682495289 -0.0064039156260457218 0.00064414663708074814 -0.00079874576937868794 0.036164846365475754 0.00028834450984332576 -0.0076444046815742845 0.004742960693232579 -0.0039000587237446255 0.0033968143868818384 0.0083060084928510206 -0.021794082292229618 0.0046280322095954658 0.028279481502906968 -0.011687387398982986
leaf_weight=108.90177894904809 91.779259918926527 21441.658989115702 69.220102515063445 12157.390386884375 2533.3260681782613 3488.9037427205512 64.228421290607912 420.7472383702725 873.36673744608697 1400.998180680499 418.942976052429 1052.8769006908524 33.255369786967094 204.11984522469174 27.497189077548683 554.41987897204126 266.46169090177864 519.83912112277631 214.15257945936173 13.704928569495676 21.510865243151784 645.76925072176846 923.56126187322025 427.04659251998783 371.727788483724 80.286067850887775 10.499311625957487 957.26186139276251 7.5966023041187354 10.350432460778391
leaf_count=2103 12636 272358 1017 92531 11643 29586 382 3691 12079 16305 3104 9251 270 2298 188 2489 2033 6392 1698 94 173 11784 6889 3334 2305 475 54 6856 296 448
internal_value=-1.55198e-05 0.000217036 0.000249618 0.000112178 0.000581973 0.000309974 -0.000893235 -0.00597705 -0.00173134 -0.000796068 -0.000693886 0.00267803 0.00811967 0.0107272 0.00182325 0.00276677 0.000999513 -0.00288783 -0.00390207 0.00159962 0.0162497 -0.00482582 0.00420311 0.00190754 -0.000466827 -0.00364136 0.00410687 0.00371205 -0.0121726 0.00486502
internal_weight=49411.4 43499.9 43390.1 41079.6 28018.3 24930.6 13061.3 484.976 5911.53 4143.02 12576.3 2310.53 306.595 273.34 2003.94 3087.75 2222.19 1920.84 1768.5 249.368 35.2158 1519.14 951.058 1864.94 798.774 357.247 90.7854 1066.16 109.726 17.947
internal_count=514762 449077 435697 415784 316076 301944 99708 4073 65685 39857 95635 19913 3585 3315 16328 14132 17160 22697 25828 1965 267 23863 7077 14598 5639 2562 529 8959 13380 744
is_linear=0
shrinkage=0.03


Tree=124
num_leaves=31
num_cat=11
split_feature=5 28 7 2 42 28 7 53 66 14 63 2 0 2 2 53 9 28 1 58 29 53 53 44 20 53 6 53 2 48
split_gain=25.0409 19.5765 24.1338 25.1836 21.9412 21.0352 18.8633 16.0484 16.4735 24.371 15.9425 16.0941 15.591 15.3114 14.5448 14.7652 13.681 13.4522 12.5344 12.3743 12.2373 11.5456 11.0174 10.7269 10.7456 14.2166 15.2526 11.8855 12.0062 10.465
threshold=0.20500000000000004 0.4449999999999999 1008.5000000000001 0 -0.31099281619513736 -0.84000000000000041 1100.5000000000002 1 0.18720875347087593 0.115 1.0833333333333324 2 0.052553683115298705 3 4 5 0.071666666666666753 -1.7399999999999998 37.635000000000012 81.65000000000002 5.9650000000000007 6 7 0.08757442228127417 -0.019999999999999945 8 7.7500000000000009 9 10 0.070728960413761408
decision_type=2 2 2 1 2 2 2 1 2 2 2 1 2 1 1 1 2 2 2 2 2 1 1 2 2 1 2 1 1 2
left_child=1 2 4 29 17 -6 12 8 -8 -10 13 -12 14 -9 22 -16 23 -1 -7 20 -5 -19 -3 24 25 -2 -27 28 -26 -4
right_child=16 6 3 19 5 18 7 10 9 -11 11 -13 -14 -15 15 -17 -18 21 -20 -21 -22 -23 -24 -25 27 26 -28 -29 -30 -31
leaf_value=-0.015791768765201757 -0.0097242162840008497 0.001607511208739648 -0.0052084701903822011 -0.0026512184457098431 -0.00068287911115428115 0.00073083983583252738 0.0017394677982624171 0.0033018553929422922 0.0035197316023636402 0.031911365264212212 -0.0084755501293279998 -0.00088222300452504713 0.0077591241533959384 -0.001492881670853342 -0.00056070931759335933 0.0029302597524009373 -0.020099978611323295 -0.0026904635691077814 0.0025898867656520648 -0.013628664512747571 0.0011352018728142533 -4.8692391588719805e-05 0.0070570523479191192 0.011910668232564096 0.0065891642409512197 0.02743067785504304 0.001832787142360133 -0.0093995854521705616 -0.0071550393257277913 -0.0012771574265992747
leaf_weight=56.069143883350989 67.203270828555105 653.30752803319228 1885.7452171734085 1072.0540729682552 7611.4264482373146 12842.266555730488 889.29953850135325 917.87416448237263 84.391115978669404 40.792478629387915 437.20430414607927 616.17681935819337 455.87816050823039 1670.7126983909434 2278.3947835837462 2057.5212376789132 48.427141351814498 2695.4246583618028 4413.5375365238851 58.439199628410279 2692.8519496455565 3372.6938494700912 766.75151593098508 34.498514895327389 100.68376312591079 23.270637782406993 145.33836325583979 415.01518790420221 103.80078633965672 935.84801708979739
leaf_count=778 2752 8037 15246 12674 71062 119996 8684 8795 853 452 4787 6791 3307 16275 27650 25190 2832 32344 40673 810 19128 39779 9962 412 3478 2395 3960 13372 3183 9878
internal_value=0.000108903 0.000203484 -0.000119675 -0.00176052 0.000231267 0.000628238 0.00132514 -0.000112312 0.0031954 0.0133637 -0.00104906 -0.004161 0.00240719 0.000203899 0.00197555 0.00109247 -0.00473886 -0.00137542 0.00120831 -0.000159583 4.82223e-05 -0.00123211 0.00460538 -0.003826 -0.00452203 0.000811736 0.00549934 -0.00659668 -0.00025899 -0.00390319
internal_weight=49442.9 48504.7 37636.4 6644.94 30991.4 24867.2 10868.3 4656.45 1014.48 125.184 3641.97 1053.38 6211.85 2588.59 5755.98 4335.92 938.238 6124.19 17255.8 3823.35 3764.91 6068.12 1420.06 889.811 855.312 235.812 168.609 619.5 204.485 2821.59
internal_count=515535 483151 362368 57736 304632 231731 120783 46637 9989 1305 36648 11578 74146 25070 70839 52840 32384 72901 160669 32612 31802 72123 17999 29552 29140 9107 6355 20033 6661 25124
cat_boundaries=0 1 2 3 4 5 6 7 8 9 10 11
cat_threshold=66998 2163808 3276 53672 55812 3459572 12756684 11290703 1135760 4392148 27194
is_linear=0
shrinkage=0.03


Tree=125
num_leaves=31
num_cat=7
split_feature=29 48 38 16 53 2 53 5 28 12 28 2 46 67 53 14 43 12 48 12 44 28 63 53 20 66 2 26 32 55
split_gain=18.1412 17.7768 19.0087 19.8671 25.358 17.806 16.256 16.4228 22.0868 17.815 16.1206 16.8893 14.5592 13.7797 18.1371 13.6996 13.2592 12.4955 11.9341 11.6622 14.2293 11.6185 11.5833 17.8062 9.74328 12.2312 10.0072 9.71294 8.68056 7.83427
threshold=1.635 0.075810054102790916 0.62041168265568292 2.4035498417110657 0 1 2 0.18500000000000003 1.0000000180025095e-35 0.095000000000000168 -1.5049999999999999 3 0.032499999999999953 0.80536414646474352 4 0.18500000000000003 6.8298062897623888 -0.055000000000000139 0.070483535891372975 -0.044999999999999894 0.071198586383119003 0.92000000000000037 -1.2499999999999998 5 -0.10499999999999994 0.14707384485970076 6 22.540000000000003 0.026522246335231103 17.700000000000006
decision_type=2 2 2 2 1 1 1 2 2 2 2 1 2 2 1 2 2 2 2 2 2 2 2 1 2 2 1 2 2 2
left_child=-1 2 3 5 18 16 7 8 15 -10 11 -8 -7 22 21 -3 -2 -6 -5 29 -21 -15 -4 -24 25 -9 -26 -16 -13 -12
right_child=1 6 13 4 17 12 10 24 9 -11 19 28 -14 14 27 -17 -18 -19 -20 20 -22 -23 23 -25 26 -27 -28 -29 -30 -31
leaf_value=-0.025134991175824392 -0.0019090644446343114 -0.0012781372226625153 0.0084947369361549722 -0.0050150945474768368 -0.00097610031507517237 -0.00069306487816688444 0.0049991354169282029 -0.010433780826591826 0.0021139731202279083 0.011350347050432277 0.0023990244079284025 -0.010384461208365692 0.0020436303489499122 0.0022206201210632731 0.0038221083816483972 0.0031770436725373345 0.0060366920381776804 0.0036921319131716021 0.0021459263900454892 0.0020203383813050865 0.0063547671106722924 0.021391954174802146 -0.0015096475013050147 0.0058692253765615819 0.0015397311735949157 0.010783151420846484 -0.0029015679226734982 -0.0050514534984598463 0.00093066512442592497 -0.00097525185885647683
leaf_weight=23.790639846418344 12347.231590897412 4061.7970318174021 366.69055441225191 699.56871284644149 649.86958927179148 8092.2696378566325 127.28659443072092 213.3956311585498 2190.6028934222713 206.2650389856999 946.42859501713656 248.38951234366232 2228.6863034908383 778.76220701305192 129.03269821265803 728.81040906195994 188.30208522826433 2327.8613014303605 290.41072052056415 5942.0491318645081 779.12811100240378 28.097436062991619 558.19033028464946 594.68086417854374 626.3843395468873 24.58887408580631 1567.0608467463082 634.09460168506666 74.048131921852018 1773.9383391830502
leaf_count=6234 118082 38236 2064 7363 5992 74856 1348 4108 22596 2464 14214 2831 23020 4108 615 7386 1587 23320 3301 76820 7022 149 3140 3269 11829 303 30283 3239 853 14371
internal_value=1.77211e-05 3.14522e-05 -0.000427393 -0.000684887 0.00127085 -0.00102578 0.000736481 -0.000139424 0.000578166 0.00293013 0.00158969 -0.00392512 -9.88251e-05 0.00179752 -0.000155702 -0.000593054 -0.00178495 0.00265437 -0.00285529 0.00185801 0.00252899 0.00294021 0.00383283 0.00231191 -0.0022723 -0.00804502 -0.00162555 -0.00346057 -0.0074734 0.000188555
internal_weight=49447.7 49423.9 29913.7 26824.2 3967.71 22856.5 19510.2 9618.91 7187.48 2396.87 9891.27 449.724 10321 3089.55 1569.99 4790.61 12535.5 2977.73 989.979 9441.54 6721.18 806.86 1519.56 1152.87 2431.43 237.985 2193.45 763.127 322.438 2720.37
internal_count=515003 508769 274105 257521 39976 217545 234664 117205 70682 25060 117459 5032 97876 16584 8111 45622 119669 29312 10664 112427 83842 4257 8473 6409 46523 4411 42112 3854 3684 28585
cat_boundaries=0 1 2 3 4 5 6 7
cat_threshold=4348032 206288 13947242 102704 10146204 2325392 8326
is_linear=0
shrinkage=0.03


Tree=126
num_leaves=31
num_cat=8
split_feature=4 48 4 0 53 66 3 46 60 8 53 53 8 32 26 0 52 53 29 53 16 55 53 28 64 29 52 55 35 53
split_gain=22.7774 23.6504 17.9946 19.1335 18.111 17.7949 17.3936 16.9736 15.098 14.2966 14.1037 13.8923 14.9074 13.8799 14.9321 16.9853 13.5609 13.0757 12.914 12.4792 12.1993 11.2647 17.1663 11.0847 11.0566 10.3204 9.48586 9.10538 8.49699 8.40762
threshold=1.0000000180025095e-35 0.075810054102790916 55.350000000000001 0.040536729985614209 0 0.23390947143333288 0.18500000000000003 0.052499999999999956 111.00000000000001 52.650000000000013 1 2 12.65 0.060569374128696153 18.075000000000003 0.010864795993898302 0.48666426339230701 3 6.1850000000000014 4 1.0000536480686697 16.450000000000006 5 -1.429999999999999 6 5.2550000000000008 -0.59761430466718701 5.5500000000000007 19.005000000000006 7
decision_type=2 2 2 2 1 2 2 2 2 2 1 1 2 2 2 2 2 1 2 1 2 2 1 2 1 2 2 2 2 1
left_child=-1 2 3 5 7 17 13 16 24 29 -7 23 26 14 15 -3 -4 -2 -9 -11 -16 22 -15 -8 -6 -14 -13 -25 -23 -5
right_child=1 6 4 9 8 10 11 18 -10 19 -12 12 25 21 20 -17 -18 -19 -20 -21 -22 28 -24 27 -26 -27 -28 -29 -30 -31
leaf_value=-0.023134546121624303 -0.0026664571066224267 0.00059685285471277065 0 5.6724161526971941e-05 -0.0020144660482341774 -0.002627124697277747 -0.0098652165956822965 0.019134837598211565 -0.0025673133397493366 -0.0014592069000512675 0.002994490733995533 -0.0082854685115520549 -0.0037146345450371678 -0.0065488606762356041 0.00025429317473552726 0.0030142810436611066 0.0042912856546407363 -0.00093658826604924809 0.003375490168888406 0.0016198042358627038 -0.0043530800761126635 0.013852512242221946 0.014931850376313243 0.016127751548411992 0.0029530498714954484 0.00013453406523541078 0.019539234708935895 0.0013407860316494748 0.0021510683569374712 0.0098053575920462321
leaf_weight=36.216292851080652 6776.7022404831187 6169.7830524008441 1393.2141856094704 139.69338479380349 578.79400251539209 549.64007586960179 75.65222285701384 94.498484671115875 1691.7316805863602 2067.9324953099749 1382.2279943954327 11.594521645340135 1822.6315057232928 36.011830906340947 2296.0662075253258 4591.5030946842962 1265.3472246881456 9641.9165621713801 103.68183369189501 2731.6034644675201 661.88971876929281 60.326304846121275 161.27520948539404 36.736172627790438 1242.0827566608823 932.39772132011967 43.27694005960393 1881.1330457881877 716.85747432235257 225.05108870983349
leaf_count=13165 76949 58464 6715 1278 2931 5136 1440 439 8051 13451 12748 1541 33260 427 14313 53584 7013 112411 508 17664 6004 458 1839 2901 6302 12811 3459 32141 5485 1934
internal_value=1.58799e-05 3.44022e-05 -0.000495257 -0.000879032 0.00091671 -0.00133355 0.000847741 0.00268612 -0.000520655 0.000730124 0.0013804 -0.000715138 -0.0020731 0.00136072 0.00111172 0.00163145 0.00204565 -0.00165484 0.011156 0.00028721 -0.000768789 0.00482614 0.0112546 0.00118849 0.00136226 -0.00240191 0.0130477 0.00165616 0.00313108 0.00644311
internal_weight=49417.5 49381.3 29884.1 23514.8 6369.35 18350.5 19497.1 2856.74 3512.61 5164.28 1931.87 4803.42 2809.9 14693.7 13719.2 10761.3 2658.56 16418.6 198.18 4799.54 2957.96 974.471 197.287 1993.52 1820.88 2755.03 54.8715 1917.87 777.184 364.744
internal_count=514822 501657 273530 241571 31959 207244 228127 14675 17284 34327 17884 87553 51071 140574 132365 112048 13728 189360 947 31115 20317 8209 2266 36482 9233 46071 5000 35042 5943 3212
cat_boundaries=0 1 2 3 4 5 6 7 8
cat_threshold=10015188 6796 7015060 8822951 2922964 131651 76 1449764
is_linear=0
shrinkage=0.03


Tree=127
num_leaves=31
num_cat=6
split_feature=4 8 4 55 53 53 61 0 57 2 47 29 53 8 6 53 20 52 45 32 45 43 1 29 45 9 69 46 52 53
split_gain=18.8555 25.7836 17.9108 23.0464 25.411 17.7504 16.8176 16.5699 28.8422 17.4387 14.428 17.2378 13.9242 14.3663 13.6423 14.8217 18.7759 13.5566 13.4507 11.0152 10.8215 10.4232 9.10105 8.8816 8.6248 8.02058 8.36576 7.29284 7.17329 7.66979
threshold=1.2500000000000002 21.250000000000004 3.7500000000000004 15.650000000000002 0 1 0.075614636935391624 0.046166891998943409 0.13225000000000001 2 3.0950000000000011 4.0550000000000006 3 12.65 11.050000000000002 4 0.12999999999999998 -1.0699812209025532 2.7083333333333335 0.0027739304401353504 3.183333333333334 0.30211630709481935 33.535000000000004 5.2350000000000012 2.6333333333333337 -0.023333333333332946 3.0616169978683831e-16 -0.022499999999999947 -1.6040025591183389 5
decision_type=2 2 2 2 1 1 2 2 2 1 2 2 1 2 2 1 2 2 2 2 2 2 2 2 2 2 2 2 2 1
left_child=12 5 14 4 18 6 22 8 -5 -9 11 -7 13 19 15 16 -3 -6 -4 27 -13 -14 24 -17 -2 26 -23 -1 -16 -30
right_child=1 2 3 7 17 10 -8 9 -10 -11 -12 20 21 -15 28 23 -18 -19 -20 -21 -22 25 -24 -25 -26 -27 -28 -29 29 -31
leaf_value=0.020842120258283518 -0.0027765603285290737 0.0045404405923767264 0.00076969507484665625 -0.0016441529875198628 -0.004273134911293156 -0.0059282083179352987 0.063839956012721924 0.0046196062992219199 0.0002050267773610029 0.00046557431995971417 0.031270243228289057 -0.00094130978309277344 -0.014113932318398293 -0.0078355394024077225 0.012492603515005092 -0.0098809099258100452 0.04315602341181838 0.00090500324273739413 0.0054575615768029566 0.03039700631969984 0.014091505227454877 0.041835291814043482 0.0034788307589133159 0.002776349557240502 0.033281804173254707 -0.0063363634175182676 -0.0044809667629145365 -0.0094211535674788346 -0.0016009158546150539 -0.0097590202893544104
leaf_weight=9.0491718851815239 5.210142152814341 129.44012569164988 811.07005393751206 11146.008374324534 501.09788717631272 123.44810750417378 6.8169154736679038 1181.9681806764593 23725.788632639604 3943.6983745378357 14.872478135395793 63.237506617732834 191.78562011010388 53.312420992933767 13.833492545249099 119.4377294022247 10.902947754599152 4666.6363587613378 1831.8684782212663 19.636930456353184 111.83402229151852 6.255005180952141 31.882959103444591 78.440106263664802 28.601261818474086 17.781456030926165 3.6907212043879554 17.933323087739495 176.49139020130588 386.08893869509939
leaf_count=1164 133 5596 9537 130211 12128 7469 241 7662 150992 25763 387 2264 21210 3210 750 5395 536 61712 30896 1855 5651 358 1264 2948 1330 1645 201 4005 5252 13182
internal_value=7.36976e-05 0.000121698 5.97409e-05 0.000139986 0.00163063 0.00782617 0.0202244 -0.000150424 -0.000385223 0.00144068 0.00398476 0.00245908 -0.00716696 0.00211547 -0.00409309 0.000608577 0.00776954 0.000394871 0.00401677 0.0144015 0.00854279 -0.0111034 0.0164906 -0.00451017 0.0270429 0.00452475 0.024264 0.000431063 -0.0068963 -0.00746876
internal_weight=49428.1 49108.7 48722.8 47808.1 7810.67 385.903 72.5113 39997.5 34871.8 5125.67 313.392 298.52 319.445 99.9318 914.635 338.221 140.343 5167.73 2642.94 46.6194 175.072 219.513 65.6944 197.878 33.8114 27.7272 9.94573 26.9825 576.414 562.58
internal_count=514947 481299 462560 428901 114273 18739 2968 314628 281203 33425 15771 15384 33648 10234 33659 14475 6132 73840 40433 7024 7915 23414 2727 8343 1463 2204 559 5169 19184 18434
cat_boundaries=0 1 2 3 4 5 6
cat_threshold=1128739 2059 33574 4490017 1824032 536603
is_linear=0
shrinkage=0.03


Tree=128
num_leaves=31
num_cat=11
split_feature=20 5 52 53 28 7 2 44 2 45 2 53 28 2 35 53 2 29 9 29 8 53 58 38 48 29 64 53 16 45
split_gain=19.2532 19.1125 19.6331 23.3701 16.4 19.0856 20.2254 15.8575 14.1985 13.4684 13.7257 13.8512 13.2146 13.0848 12.5533 18.7329 17.843 15.54 12.7991 12.3695 13.8274 11.8636 11.7527 11.5638 11.3552 11.1942 15.6891 10.7003 16.8641 10.5842
threshold=-0.084999999999999937 0.20500000000000004 1.5214515486254885 0 -0.16999999999999962 1029.5000000000002 1 0.071198586383119003 2 4.8166666666666673 3 4 -1.915 5 37.965000000000011 6 7 4.3050000000000006 0.0033333333333342503 2.2550000000000003 50.550000000000004 8 48.650000000000013 0.33273251973270962 0.070174921054974262 6.4050000000000011 9 10 0.017753024240270653 2.916666666666667
decision_type=2 2 2 1 2 2 1 2 1 2 1 1 2 1 2 1 1 2 2 2 2 1 2 2 2 2 1 1 2 2
left_child=9 2 4 12 19 8 -7 -3 -6 14 -11 22 -4 -5 17 16 18 27 -16 -2 -21 24 -12 -15 -19 -17 -27 28 -1 -23
right_child=1 7 3 13 5 6 -8 -9 -10 10 11 -13 -14 23 15 25 -18 21 -20 20 -22 29 -24 -25 -26 26 -28 -29 -30 -31
leaf_value=0.015735236993636725 -0.014037051647279971 -0.0055279964209008613 -0.017130836794290089 0.0036013196290692901 -0.0013889643724929654 -0.0018374241961562176 0.0011833688938196435 0.010088747618733941 0.0018164106768013401 0.010851338114635104 0.019300006455632925 -0.0097227395813229041 0.0061414044457462806 -0.0042696376360836924 0.015554868803482072 -0.004623757279938921 0.00039334599197240956 -0.0031111864134302255 0.00033384218038145234 0.001074803423475969 -0.00088653744069183118 -0.0059447706323046022 -0.0091421017350243831 0.0021214516873416952 0.0031521153421777514 -0.006814995455758077 0.0091344057178053585 -0.011001131221237203 -0.0073409121279647722 -0.0018357249532125297
leaf_weight=38.371555212826934 58.89021506068093 764.42263911510463 19.819174280985408 657.19863573681755 1388.7227901047959 4292.1584111783541 3697.4715648834135 60.286989512021592 10777.368276478885 141.38833411427163 36.693880818609614 79.062781948567363 1250.0038646469313 647.01331532980885 160.94465534901246 664.14395612984936 494.67190016340919 448.92723339916483 77.574700415774714 4078.1180129971253 15447.72604601593 892.96786718512885 16.644477413967252 410.88016499837977 610.86972515936941 78.017446500714868 133.51933325268328 313.2041710641538 94.404751886904705 1623.6814314684157
leaf_count=609 3473 27633 144 4379 16206 41080 35819 917 119060 2943 925 1745 8728 5011 1419 7201 4755 3863 972 82391 102423 7531 231 2082 6437 573 976 5725 1853 17919
internal_value=-3.00299e-05 0.000187341 0.000275408 0.00262148 9.83161e-05 0.000699656 -0.000436568 -0.00432847 0.00144824 -0.00163774 0.00480595 -0.00214013 0.00568353 0.000298103 -0.00195795 0.000264529 0.00378486 -0.00285403 0.0103431 -0.000519033 -0.000475292 -0.00218133 0.00836174 -0.0017433 0.000465496 -0.00266348 0.00321146 -0.0081478 -0.000293161 -0.0032961
internal_weight=49455.2 43550.1 42725.4 2984.92 39740.5 20155.7 7989.63 824.71 12166.1 5905.09 273.789 132.401 1269.82 1715.09 5631.3 1608.87 733.191 4022.43 238.519 19584.7 19525.8 3576.45 53.3384 1057.89 1059.8 875.681 211.537 445.98 132.776 2516.65
internal_count=515023 449346 420796 20344 400452 212165 76899 28550 135266 65677 5844 2901 8872 11472 59833 15896 7146 43937 2391 188287 184814 35750 1156 7093 10300 8750 1549 8187 2462 25450
cat_boundaries=0 1 2 3 4 5 6 7 8 9 10 11
cat_threshold=9902605 91252 131456 47198 8492596 247861 3228381 122913 789546 49 9964290
is_linear=0
shrinkage=0.03


Tree=129
num_leaves=31
num_cat=8
split_feature=29 45 42 40 53 55 53 28 9 0 31 57 47 53 9 47 53 2 2 2 47 16 48 5 62 53 9 61 35 11
split_gain=22.9317 21.2483 16.4322 17.0093 19.7366 16.6298 26.0329 20.3962 18.282 16.6889 28.1273 26.5429 15.5511 14.1985 13.8856 13.1274 12.4088 12.0006 10.1091 9.82901 9.76069 11.0165 10.025 8.73552 9.6118 8.59165 11.0602 8.43569 8.39888 7.0101
threshold=2.7450000000000006 1.7750000000000001 -0.39099281619513743 2.5000000000000004 0 15.650000000000002 1 -0.07000000000000009 -0.039999999999999543 0.026585397699046606 0.038763104873134557 0.13225000000000001 6.4150000000000018 2 0.039166666666666509 24.005000000000006 3 4 5 6 10.085000000000003 0.59223575777742254 0.060196186186612356 0.14500000000000005 54.500000000000007 7 -0.0066666666666663496 0.019419306184012056 38.335000000000008 -0.067142857142857129
decision_type=2 2 2 2 1 2 1 2 2 2 2 2 2 1 2 2 1 1 1 1 2 2 2 2 2 1 2 2 2 2
left_child=25 16 3 4 14 6 7 -4 -8 11 -11 -7 18 -14 -3 -6 17 -2 -5 23 21 -19 -22 27 -25 26 28 -18 -1 -30
right_child=1 2 5 12 15 9 8 -9 -10 10 -12 -13 13 -15 -16 -17 19 20 -20 -21 22 -23 -24 24 -26 -27 -28 -29 29 -31
leaf_value=-0.00043399970327190671 -0.003344920682330727 0.0056550408005248964 0.0022773172697819941 0 -0.0020220018080964394 -0.0024010487275202357 0.0039043760109440453 0.0082860212744943484 -0.00055685992956044418 0.014855433440597126 0.00097861481845130808 0.00026693816051526529 0.0012761333481875043 -0.0022467989248473146 -0.0052287405228356489 0.0025917398858777457 -0.014754387614772487 -0.010199688889493021 -0.0069461620819022598 -0.0029976247593478285 -0.017154562074957823 0.0027265930364555606 0.0059943549388627943 -0.015029813956678371 0.00012821452031962853 -0.01176490861342497 -0.0097929615801899735 0.010441789497442048 -0.0027128562859727859 0.028097668276184245
leaf_weight=61.466056333772599 574.54561961550189 872.60910556786644 1387.5222269395001 247.7331030940818 1861.2668641754044 4305.8567240683988 1089.1748033028944 821.53515552700333 3382.6135694761897 131.51437886108761 10466.808785892747 15131.419154754447 1456.8737335162123 3395.1079075582929 115.53740715609911 784.89087515626761 15.936940699815748 95.028541808642785 764.00279664563777 1374.664506801133 14.991969879716633 145.71906986682143 439.3357329284172 184.82802781696864 42.230465732282028 187.35149167231418 83.269335904253239 32.633564022311475 6.8859655014821355 18.563465538473338
leaf_count=3112 4286 14168 30659 4603 40309 58145 11543 21251 60586 963 82965 91008 9920 22978 3337 3845 102 1277 13651 10583 80 1377 2466 1517 346 12407 6766 203 260 872
internal_value=0 5.48273e-05 0.00021228 -0.000898695 0.000707659 0.000500524 0.00185457 0.00451056 0.000523129 0.00019824 0.00115641 -0.000322733 -0.00189932 -0.00118472 0.00430075 -0.000638831 -0.00242541 -0.000152 -0.00528765 -0.00412805 0.0024568 -0.00229412 0.0050929 -0.00930133 -0.0121031 -0.00754933 -0.00186022 0.00132464 0.00524245 0.019078
internal_weight=49491.9 49134.4 46214.5 9498.02 3634.3 36716.4 6680.85 2209.06 4471.79 30035.6 10598.3 19437.3 5863.72 4851.98 988.147 2646.16 2919.91 1269.62 1011.74 1650.29 695.075 240.748 454.328 275.629 227.058 357.536 170.185 48.5705 86.9155 25.4494
internal_count=515585 492168 469931 112811 61659 357120 124039 51910 72129 233081 83928 149153 51152 32898 17505 44154 22237 9486 18254 12751 5200 2654 2546 2168 1863 23417 11010 305 4244 1132
cat_boundaries=0 1 2 3 4 5 6 7 8
cat_threshold=7933968 5851435 2427041 126219 141619 235523 133257 15560837
is_linear=0
shrinkage=0.03


Tree=130
num_leaves=31
num_cat=12
split_feature=42 28 55 4 53 53 66 2 48 53 48 29 44 38 32 2 7 32 8 37 2 16 53 2 53 2 21 53 35 53
split_gain=21.8216 20.9903 19.2522 18.4137 22.5254 16.5921 15.8227 17.0272 23.2678 17.1395 16.607 18.8972 15.2887 15.0376 15.0081 23.6762 16.6115 14.8253 14.8292 14.1241 14.0061 13.7144 18.8511 13.8509 15.4232 12.3742 12.3206 11.5675 11.5185 11.453
threshold=-0.39099281619513743 -0.55500000000000005 17.050000000000004 27.150000000000002 0 1 0.31607175351728239 2 0.079849574822710004 3 0.070483535891372975 7.4250000000000007 0.10543382543382541 0.49686492648793146 0.060569374128696153 4 429.50000000000006 0.029876247912549451 32.250000000000007 5.5650000000000004 5 2.6344421172438435 6 7 8 9 -0.054999999999999986 10 33.395000000000003 11
decision_type=2 2 2 2 1 1 2 1 2 1 2 2 2 2 2 1 2 2 2 2 1 2 1 1 1 1 2 1 2 1
left_child=1 27 5 21 20 14 10 8 9 -8 -4 12 -12 17 16 -16 -2 25 -19 -15 -5 23 -23 26 -25 -7 -3 -1 -18 -9
right_child=2 3 6 4 -6 13 7 29 -10 -11 11 -13 -14 19 15 -17 28 18 -20 -21 -22 22 -24 24 -26 -27 -28 -29 -30 -31
leaf_value=-0.0009286551903656382 0.0055621223038704159 0.026718319921723046 -0.0011019475184802171 0.0072442465985524621 -0.0012984125260525282 0.00055538835758866178 -0.00052198907309508038 0.0046404077660625277 0.033711955750870777 0.010362737704321917 3.3755370726942232e-05 0.01102382367296981 0.0030043807062057472 0.011489162685936147 0.014606316532015943 0.0012760930854347102 -0.00084271345943195215 0.015420854804488689 0.0011195372891735628 0.0021975908387216912 0.0013829924472402405 0.011713900425316746 -0.00048734846275057616 -0.0052417761180356889 -0.0013511454421551166 -0.0033012934764173759 0.00028269940448141009 -0.0067894662765830369 0.0030206335887472831 -0.0038280925781941353
leaf_weight=517.88717017586225 1027.2415858202007 14.130936373004714 9941.967771377469 628.73883704938999 1533.7161335462815 1343.1327964069715 224.41609607166356 239.4011154517475 27.118920751277074 293.91343563047394 14899.20957464721 148.78441731490602 1742.4583074419807 166.70512110739946 230.95871843910572 266.71530591030387 1382.0922451456595 65.358506334997401 2679.9360017482636 1330.5143035884839 938.12273515160268 143.78825254339426 413.00258716099324 1592.2197172972981 2267.7345776289694 1647.8718530056044 1232.2895145989041 824.56830018132621 1375.4374638640429 322.85295576319641
leaf_count=6278 14339 145 71315 2965 7430 25432 1542 1698 201 1970 126590 857 13446 736 2407 2921 21695 1437 34019 6780 4452 1660 4675 29981 42140 29668 24979 10539 20376 2322
internal_value=0.000123142 -0.00111936 0.000443006 -0.00057985 0.00127272 0.00147459 1.51428e-05 0.00352627 0.00722641 0.00579766 -0.000129477 0.000444618 0.000346919 0.000589434 0.00295347 0.00787393 0.00230252 -0.000103837 0.00148191 0.0032661 0.00379114 -0.00159952 0.00284143 -0.00209055 -0.00297504 -0.00156936 0.000643604 -0.00461297 0.00107422 -0.000148444
internal_weight=49462.3 10106.2 39356.1 8763.74 3100.58 11516 27840.1 1107.7 545.448 518.33 26732.4 16790.5 16641.7 7233.52 4282.45 497.674 3784.77 5736.3 2745.29 1497.22 1566.86 5663.17 556.791 5106.37 3859.95 2991 1246.42 1342.46 2757.53 562.254
internal_count=514995 135244 379751 118427 14847 159810 219941 7733 3713 3512 212208 140893 140036 98072 61738 5328 56410 90556 35456 7516 7417 103580 6335 97245 72121 55100 25124 16817 42071 4020
cat_boundaries=0 1 2 3 4 5 6 7 8 9 10 11 12
cat_threshold=11395228 5335217 95042 412347 156760 199250 1278048 102438 9049548 92310 2887835 9839075
is_linear=0
shrinkage=0.03


Tree=131
num_leaves=31
num_cat=8
split_feature=21 53 2 12 52 53 28 7 42 16 70 9 7 35 53 0 45 53 28 2 42 28 62 42 7 20 21 2 2 58
split_gain=21.1328 17.2272 19.453 16.8436 15.3726 17.7491 15.25 16.4911 15.3362 17.1342 16.3586 14.7826 13.9092 13.8733 20.7627 13.1708 12.9533 12.1523 14.2442 13.9549 11.6151 10.7956 10.7533 16.0264 12.6626 12.1102 10.5784 10.4548 10.2206 15.3605
threshold=0.029999999999999988 0 1 0.019999999999999952 1.3524068651867656 2 0.29000000000000015 365.50000000000006 0.31068456118237925 5.8469359753162911 -4.592425496802573e-16 -0.073333333333332737 1374.5000000000002 32.475000000000001 3 0.082433813139736509 2.7083333333333335 4 1.2450000000000001 5 -0.5457179327387961 -1.7399999999999998 51.500000000000007 -0.15099281619513769 1347.5000000000002 -0.14499999999999993 0.045000000000000019 6 7 26.750000000000004
decision_type=2 1 1 2 2 1 2 2 2 2 2 2 2 2 1 2 2 1 2 1 2 2 2 2 2 2 2 1 1 2
left_child=4 2 3 26 6 21 8 17 9 12 -11 -5 -1 27 -15 16 -10 18 -8 -19 -13 -6 28 25 -25 -24 -2 -9 -7 -30
right_child=1 -3 -4 11 5 22 7 13 15 10 -12 20 -14 14 -16 -17 -18 19 -20 -21 -22 -23 23 24 -26 -27 -28 -29 29 -31
leaf_value=-0.00089056775582836071 0.0017067999049628435 -0.004164941454406503 -0.0032507108584406198 0.033015451623148229 -0.008905708841704647 0.00054428668680003411 0.0044664358496925754 0.0024352599851561558 -0.0012780754108763052 -0.0049805617037841825 0.032530262491440642 -0.005397693625019886 -0.006759709842568371 0.0039322790527451332 4.3680709128394611e-05 0.010097544226631084 0.00098017481200348626 0.0079349005445375122 0.015310326724356392 -0.00091528931287444988 0.0084744123348995375 0.003991991628972443 0.015895159923266015 0.00383115903230107 -0.0082559940115018177 -0.0032739441373086328 -0.0073586545594788583 -0.001534645862793959 -0.0010068518460346521 -0.012846449066386479
leaf_weight=17116.364340677486 533.25244935615513 1915.9794738973333 971.67121868334243 18.134567379456712 56.739377479027098 414.22996779926825 669.80856938320778 701.08603130549182 3190.9008497597733 14.439163433710744 24.591915871952551 61.606764032290357 371.20147998126049 1894.5296934533485 3569.3175774410161 124.01893077508794 7998.308868859398 195.16271617635175 133.73757475983234 687.83026316420512 309.06267381531859 2252.5617815590185 28.622260327683762 1327.9154871891424 79.568576016448787 674.95929126555939 145.57220859708741 3572.6475005420643 235.52799705341522 176.09902699546319
leaf_count=164989 11084 48154 22587 259 386 2808 8520 6976 24427 137 216 2573 2547 17602 33867 631 73501 2563 2308 9040 7163 15293 209 8341 469 4590 4853 36329 1462 1260
internal_value=-3.00943e-05 -0.00213339 -0.000186467 0.00257971 0.000152129 0.00167944 -4.62014e-05 0.000880515 -0.000414371 -0.000970678 0.018356 0.00756772 -0.00101762 0.000402361 0.00140572 0.000444835 0.000333381 0.00361972 0.00626424 0.00108746 0.00607172 0.00363894 0.00011428 0.00125983 0.00311581 -0.00240877 -0.000209105 -0.000873444 -0.00277234 -0.0060362
internal_weight=49465.4 3955.28 2039.3 1067.63 45510.2 5246.22 40263.9 11424.1 28839.8 17526.6 39.0311 388.804 17487.6 9737.58 5463.85 11313.2 11189.2 1686.54 803.546 882.993 370.669 2309.3 2936.92 2111.07 1407.48 703.582 678.825 4273.73 825.857 411.627
internal_count=515144 96673 48519 25932 418471 34818 383653 117205 266448 167889 353 9995 167536 94774 51469 98559 97928 22431 10828 11603 9736 15679 19139 13609 8810 4799 15937 43305 5530 2722
cat_boundaries=0 1 2 3 4 5 6 7 8
cat_threshold=3279775 45804 6232101 402537 13228376 4629 39170 181844
is_linear=0
shrinkage=0.03


Tree=132
num_leaves=31
num_cat=8
split_feature=12 45 9 38 29 46 44 53 53 1 14 12 53 48 53 1 53 10 52 10 53 48 35 53 66 26 53 8 36 58
split_gain=20.927 21.5911 20.7014 19.8679 17.9739 17.5012 16.3517 18.2626 16.2154 14.7104 19.3623 14.416 14.2303 13.2091 12.8728 12.6426 12.5419 11.3078 11.1914 11.0591 10.7313 10.2823 9.98883 9.79878 14.1538 11.1176 9.39281 9.13128 8.79093 9.59813
threshold=-0.024999999999999845 3.3666666666666667 -0.073333333333332737 0.45692642210843798 2.7450000000000006 0.049999999999999954 0.14521279113373312 0 1 28.265000000000004 0.15500000000000003 -0.10999999999999983 2 0.067298108832186274 3 10.130000000000001 4 0.12500000000000003 -1.455264404228845 0.010000000000000153 5 0.076165517975165506 39.120000000000012 6 0.079825357635611063 7.9500000000000011 7 90.15000000000002 56.485000000000007 44.650000000000013
decision_type=2 2 2 2 2 2 2 1 1 2 2 2 1 2 1 2 1 2 2 2 1 2 2 1 2 2 1 2 2 2
left_child=1 3 8 12 26 17 9 -8 28 20 -11 14 18 -9 21 -13 -5 23 -1 -17 -6 -7 -20 25 -25 -3 -4 -18 29 -2
right_child=2 5 4 16 6 11 7 13 -10 10 -12 15 -14 -15 -16 19 27 -19 22 -21 -22 -23 -24 24 -26 -27 -28 -29 -30 -31
leaf_value=-0.015576613346190054 0.011334734087605984 0.0037375851485110258 0.00010656855912426532 -0.0017050786531374142 0.000389844460079004 -0.0093245202684350253 -0.0039155148781810653 0.0014967433925834521 0.0022335765569955631 0.00021531192325785207 0.0025091222709580393 0.014821577142667118 -0.0039639767987732577 0.0089847190398416165 0.010244220655640847 0.0046054949231659707 0.0017462707292693117 -0.0047702908608353665 -0.0018760303633498425 -0.0016010576434353782 -0.0020198416508578859 0.0072769727582320106 0.0022202385687029747 9.0912200833550311e-05 0.0045365639383767612 -0.0017298041485905166 -0.012739513283216115 0.010268965325802926 0.027478491298956954 -0.00047332265656598878
leaf_weight=45.411285403954025 229.65413743672593 366.95518169037086 82.20156441112465 1131.3497074157422 2985.4494647861939 64.782333222334273 203.7383530509569 376.1312711435703 1491.0297302724714 16532.762893466625 4151.8610822311603 56.723085289763048 3496.0090433766118 521.39782295930672 350.41986537217895 389.90686505194753 1081.8522047276574 483.89157215837258 2105.3321508096374 749.63364120356027 3692.979095683364 64.747696691832971 711.21543739061099 3475.1959006561756 793.54093756935981 3357.3461173679138 130.77478120433682 127.3292296603322 23.484451009891927 77.835453091292038
leaf_count=704 1708 6955 6157 5632 33329 705 1590 2750 10276 179066 48860 767 31932 3721 3961 3742 5430 7093 19776 11206 40252 984 6129 33120 9177 29051 9106 766 136 552
internal_value=7.27041e-05 -0.000712325 0.00055893 -0.00180941 0.000360634 0.000224801 0.000426875 0.00400975 0.00365973 0.000281298 0.000677379 0.0030256 -0.0026799 0.00582559 0.00741927 0.00122835 0.000542693 -0.000326068 -0.00108158 0.000500654 -0.000940798 -0.000755967 -0.000830183 -5.21408e-05 0.00092394 -0.00117817 -0.0082746 0.00266199 0.00958739 0.00826506
internal_weight=49350.9 18851.6 30499.3 8698.5 28677.3 10153.1 28464.3 1101.27 1822 27363.1 20684.6 1676.21 6357.97 897.529 479.95 1196.26 2340.53 8476.93 2861.96 1139.54 6678.43 129.53 2816.55 7993.04 4268.74 3724.3 212.976 1209.18 330.974 307.49
internal_count=514633 177130 337503 70369 324831 106761 309568 8061 12672 301507 227926 21365 58541 6471 5650 15715 11828 85396 26609 14948 73581 1689 25905 78303 42297 36006 15263 6196 2396 2260
cat_boundaries=0 1 2 3 4 5 6 7 8
cat_threshold=9438273 1445921 1772520 1613344 3698249 4454470 12611341 15619073
is_linear=0
shrinkage=0.03


Tree=133
num_leaves=31
num_cat=7
split_feature=4 7 28 58 28 29 11 48 47 54 53 7 53 48 53 52 6 35 53 53 28 66 56 47 7 53 52 11 53 29
split_gain=19.0228 19.9514 23.1356 16.138 16.5604 15.5838 14.5774 13.5569 13.194 20.1629 18.7589 14.5169 23.3336 16.7088 13.1649 12.4716 11.4755 17.9506 10.6765 10.5236 10.4528 10.3411 10.1254 10.0195 9.85014 7.9155 7.60156 7.04391 6.95645 6.35359
threshold=0.65000000000000002 546.50000000000011 0.16 81.65000000000002 -1.8199999999999996 3.9250000000000003 0.09105263157894726 0.075810054102790916 3.1850000000000009 5.9000000000000012 0 534.50000000000011 1 0.061029526645124656 2 -1.1443442705426408 7.0500000000000007 35.095000000000006 3 4 1.3100000000000001 0.20976941510565408 11.800000000000002 14.735000000000003 392.50000000000006 5 -1.2601295604763709 -0.020000000000000847 6 7.2750000000000012
decision_type=2 2 2 2 2 2 2 2 2 2 1 2 1 2 1 2 2 2 1 1 2 2 2 2 2 1 2 2 1 2
left_child=22 2 8 4 -3 28 25 -7 9 19 -11 13 -13 -10 16 20 17 -4 23 -2 -16 -18 -1 -8 -17 27 -20 -5 -6 -27
right_child=1 3 14 6 5 7 18 -9 11 10 -12 12 -14 -15 15 24 21 -19 26 -21 -22 -23 -24 -25 -26 29 -28 -29 -30 -31
leaf_value=0.020467494319098927 0.0071708052412885435 -0.014672859791665323 0.0010254176133287062 0.0068942163521214092 0 -0.00057831090471637599 0.013051213821323621 0.00084255482729064801 -0.0087352971303440441 0.00056292076092303385 -0.0051734141207821927 -0.0046961658908595142 0.013135738702184258 0.00076464656279506187 -0.010010176022811989 0.0032867390890682904 0.0041722125160629717 0.043711014342522031 -0.0042995205289970756 -0.0002964132736745485 0.015946286716979959 0.015282849937854686 -0.014385496602908056 -0.019779474816046666 -0.0014247966168779351 -0.010362744322209193 0.028786088955898726 -0.0065216203405170552 -0.014607367722963706 0.00046028356584687502
leaf_weight=5.6435959615255333 291.52824157589248 69.510146333992452 20.592684906252998 64.633335465433902 53.77427292804623 20658.57566143453 11.366352381184699 8530.8692771911738 166.48349884040181 837.31141863666699 1286.307062559551 91.521289640902069 189.16955219589636 12332.582016995928 122.66976381272616 1685.2816057804203 1241.2407421246994 16.045226761148115 5.4968556119129088 375.44501298001433 13.112065775087101 81.396731135286245 107.64164487271864 18.438574690371752 511.84420317388958 359.17487043485789 26.374938830733299 72.589971573942421 85.613169752287831 50.179933732700192
leaf_count=716 9239 710 1476 787 1534 190582 182 99668 1161 15163 24602 729 1425 85717 2083 18148 12241 951 92 11526 312 652 19853 211 4644 5558 378 970 2448 488
internal_value=0.000105181 0.00013426 0.00088813 -0.00034871 -0.000247386 -0.000211176 -0.00517989 -0.000161994 0.000379475 -0.00148496 -0.00292084 0.000789109 0.00752185 0.000634333 0.0030237 0.00161053 0.00536985 0.0217906 0.0082409 0.00303704 -0.00709081 0.00490066 -0.012064 -0.00477975 0.0021752 -0.00677353 0.0171994 0 -0.0101505 -0.00875449
internal_weight=49382.4 49269.1 19262.5 30006.6 29398.3 29328.8 608.255 29189.4 15570.3 2790.59 2123.62 12779.8 280.691 12499.1 3692.18 2332.91 1359.28 36.6379 61.6767 666.973 135.782 1322.64 113.285 29.8049 2197.13 546.578 31.8718 137.223 139.387 409.355
internal_count=514246 493677 190069 303608 294942 294232 8666 290250 149562 60530 39765 89032 2154 86878 40507 25187 15320 2427 863 20765 2395 12893 20569 393 22792 7803 470 1757 3982 6046
cat_boundaries=0 1 2 3 4 5 6 7
cat_threshold=1646905 3428560 8771848 16064614 6098634 2099756 12594082
is_linear=0
shrinkage=0.03


Tree=134
num_leaves=31
num_cat=12
split_feature=47 54 53 7 36 55 53 47 53 2 30 2 67 53 26 2 65 53 34 53 64 35 12 2 35 58 45 0 58 2
split_gain=19.9219 19.6232 21.4987 19.424 18.1925 17.7041 23.7157 15.7644 17.9933 17.5224 14.6588 15.934 14.1832 31.7751 15.4763 13.618 13.4261 12.7905 13.5168 12.0794 11.5963 16.3112 11.3482 15.448 14.5261 14.1588 11.2399 11.9874 10.8813 10.511
threshold=-0.64499999999999991 6.8000000000000016 0 889.50000000000011 15.415000000000001 13.800000000000002 1 1.9549999999999998 2 3 0.035883817502112315 4 2.1863732767762465 5 18.135000000000002 6 0.15828241929069806 7 5.5000000000000009 8 9 36.115000000000002 0.064999999999999961 10 33.165000000000006 13.65 2.4500000000000006 0.0067722800348501014 81.950000000000017 11
decision_type=2 2 1 2 2 2 1 2 1 1 2 1 2 1 2 1 2 1 2 1 1 2 2 1 2 2 2 2 2 1
left_child=1 2 20 5 -5 6 26 8 9 -7 11 -8 14 -14 -9 17 -12 -6 -19 -17 21 -1 25 24 -24 -4 -2 -28 -21 -10
right_child=3 -3 22 4 15 7 10 12 29 -11 16 -13 13 -15 -16 19 -18 18 -20 28 -22 -23 23 -25 -26 -27 27 -29 -30 -31
leaf_value=0.0018075250261457819 0.0011387665417546299 -0.008139224770115765 0.0013850733844940921 -0.008059264324650605 5.0801644888293371e-05 0.010873432907896271 -0.0015823650657536051 0.0014430200131336428 0.00011014449057543289 -0.0015250899298344491 -0.0019788447161110251 0.010222042737847534 0.0022331851103968773 -0.0044001050402253756 -5.7345353769901368e-05 -0.0015858686158104634 0.0099480758431211881 -0.0020215758721220198 -0.00723544099267399 0.00089092993036097472 -0.00053725485205178213 0.016835723478209844 0 -0.0045387177985375012 0.026170857540482474 -0.0078390984663215327 0.0047495545430524377 0.016732326031257332 -0.0082273403282589232 -0.0083514749584212029
leaf_weight=173.88521971978639 116.35514077322455 480.00404202505524 191.23581720038453 292.35380728914242 2300.2354555519623 115.23669688661676 157.98968584159684 14542.341355127352 178.04321264902546 511.36802215017951 816.57955651559587 268.47050551015604 1138.1909155755484 1477.4941004610564 10703.612828167999 2703.1041485582541 92.406539010460165 3003.1161730342092 533.20939713786902 7494.6879919729699 354.03566611329734 107.68134087589033 38.556445766301294 109.41895353330119 37.829840251565656 604.66305003991044 132.39787956593364 210.18093854994822 117.12539459406889 499.2508165771128
leaf_count=8191 1270 14700 8478 5926 20953 2152 3748 126497 3385 9763 13082 6908 5435 7040 70551 25678 951 28382 5440 67902 16167 4181 2163 5878 1859 30491 4002 3319 1772 9430
internal_value=4.41869e-05 -0.00281482 -0.00120794 0.000171426 -0.00066091 0.00061449 0.00350745 0.000435246 -0.00278234 0.000869578 0.00140066 0.00599355 0.000587092 -0.00151101 0.000805763 -0.000524156 -0.000714257 -0.00168077 -0.0028119 0.000129094 0.00303864 0.00747524 -0.00397891 0.00252488 0.0119393 -0.00558723 0.00930786 0.0122428 0.000743583 -0.00612042
internal_weight=49501.1 2097.31 1617.31 47403.8 16443.8 30959.9 1794.38 29165.5 1303.9 626.605 1335.45 426.46 27861.6 2615.69 25246 16151.5 908.986 5836.56 3536.33 10314.9 635.602 281.567 981.704 185.805 76.3863 795.899 458.934 342.579 7611.81 677.294
internal_count=515694 92108 77408 423586 156053 267533 33280 234253 24730 11915 24689 10656 209523 12475 197048 150127 14033 54775 33822 95352 28539 12372 48869 9900 4022 38969 8591 7321 69674 12815
cat_boundaries=0 1 2 3 4 5 6 7 8 9 10 11 12
cat_threshold=5802123 4288545 1576755 3074 17656 10748255 1238 6373612 68481 330 43116 83328
is_linear=0
shrinkage=0.03


Tree=135
num_leaves=31
num_cat=11
split_feature=38 12 45 9 66 0 61 53 35 42 53 0 28 2 53 21 2 48 65 2 2 20 2 53 53 46 7 28 9 2
split_gain=20.4039 24.6971 20.9372 20.4786 20.077 19.05 16.4694 21.5172 16.0668 15.9856 15.6988 16.0272 15.6262 15.5342 15.3374 14.8029 14.1537 14.0536 12.8398 12.1605 11.5662 11.4796 11.4698 19.5247 11.344 10.4333 10.0048 9.72671 9.45548 12.7511
threshold=0.46392239858906531 0.044999999999999908 3.291666666666667 0.026666666666667654 0.11495991792303541 0.082433813139736509 0.043961352657004807 0 39.120000000000012 0.059007183804862702 1 0.011962234880375202 -2.0649999999999991 2 3 0.024999999999999998 4 0.062194595317927211 0.10626301785053481 5 6 0.014999999999999953 7 8 9 0.069999999999999965 1245.5000000000002 1.0250000000000001 -0.045833333333333344 10
decision_type=2 2 2 2 2 2 2 1 2 2 1 2 2 1 1 2 1 2 2 1 1 2 1 1 1 2 2 2 2 1
left_child=1 2 8 4 12 10 7 27 9 15 19 18 -4 25 -5 -1 -6 -11 -12 -3 -9 -13 23 -10 -15 28 -22 -2 29 -8
right_child=6 5 3 14 16 -7 13 20 22 17 11 21 -14 24 -16 -17 -18 -19 -20 -21 26 -23 -24 -25 -26 -27 -28 -29 -30 -31
leaf_value=-0.0030674250773286226 0.00071583721554289591 0.0011777627779273213 -0.011570073745991567 0.00020247135309682453 0.0062775197700352843 0.012395544586814657 0.0079652910363039557 0.0058788768038198075 -0.0024173624089346979 -0.0074606361067548668 0.00014868994461438473 0.0016056761814249591 -3.8379309810793888e-05 -0.0045781330901406249 -0.0042397865945642214 -0.0090676478426262065 0.0013742344256289936 -0.0007289609938401744 -0.011125696978365797 -0.0025000548734143212 0.003403973464471004 0.0049759160669375826 -0.00095756392291349067 0.0065997398618311415 -0.00022958614820606756 0.010475765841032228 -0.00190547885862919 -0.0065021434498806849 -6.6050681052341035e-05 -0.0012413004855677278
leaf_weight=3816.0624214444324 2579.2050250391403 1481.5674728393162 104.80035297049471 1191.1756395847499 721.65317029618291 129.53270938109927 338.52531814406029 1440.9534058214495 345.47341498237847 296.76254287517713 1909.873025014092 2397.800213408495 11558.452382572304 874.96989802054668 1653.7041843514087 416.17764357791748 2077.1898142274431 4635.8367291837758 93.2549140084393 1741.6689621552403 1419.5438110280857 1507.0506509489733 2275.4343196203222 536.32598993508145 1436.4842269845003 112.04757645726204 402.72891158985931 177.41009156405926 1560.4481575213849 213.7880744189024
leaf_count=34696 12611 20123 1376 22813 7060 731 1663 7191 3193 2452 34537 23571 140228 4040 32239 7911 21362 43963 1718 24657 7197 16622 20463 4754 6779 492 1998 811 7085 1057
internal_value=8.13408e-06 -0.000308766 -0.000732016 -5.72785e-05 0.000398724 0.00104202 0.00117831 0.00220707 -0.00167712 -0.00231304 0.000874994 0.00179337 -0.000146535 -0.000180668 -0.00238458 -0.00366855 0.00268011 -0.0011429 -0.000371797 -0.000802167 0.00384994 0.00291596 0.000159628 0.00304841 -0.00190373 0.0015975 0.00220125 0.000235198 0.00111056 0.00447719
internal_weight=49445.9 38889.8 29629 17307 14462.1 9260.75 10556.1 6019.84 12322.1 9164.84 9131.22 5907.98 11663.3 4536.26 2844.88 4232.24 2798.84 4932.6 2003.13 3223.24 3263.23 3904.85 3157.23 881.799 2311.45 2224.81 1822.27 2756.62 2112.76 552.313
internal_count=515393 464469 342510 225078 170026 121959 50924 29808 117432 89022 121228 76448 141604 21116 55052 42607 28422 46415 36255 44780 16386 40193 28410 7947 10819 10297 9195 13422 9805 2720
cat_boundaries=0 1 2 3 4 5 6 7 8 9 10 11
cat_threshold=6433563 9390148 218201 2439976 6666 83062 212225 180306 4510994 1326218 201744
is_linear=0
shrinkage=0.03


Tree=136
num_leaves=31
num_cat=12
split_feature=7 28 42 2 29 10 53 6 53 2 10 38 53 65 15 2 29 53 46 65 11 53 2 28 53 45 53 53 28 34
split_gain=19.4663 27.32 29.9128 14.2411 16.8719 20.1143 16.6771 14.2446 14.2302 14.1817 14.1486 19.3404 16.6386 13.9325 13.9311 13.1788 11.2521 12.5004 11.8304 11.2406 12.8304 12.6932 11.1126 14.5137 12.5373 11.1778 13.459 11.1087 10.8502 12.8859
threshold=1024.5000000000002 0.044999999999999908 -0.39099281619513743 0 5.3250000000000011 0.084999999999999923 1 26.650000000000002 2 3 0.010000000000000153 0.52792142951998622 4 0.45458886862898329 6.9650000000000007 5 5.495000000000001 6 -0.039999999999999945 0.13260850296924392 0.029384469696969603 7 8 -0.49999999999999972 9 2.2250000000000005 10 11 0.32499999999999979 3.5000000000000004
decision_type=2 2 2 1 2 2 1 2 1 1 2 2 1 2 2 1 2 1 2 2 2 1 1 2 1 2 1 1 2 2
left_child=1 2 22 -3 5 14 7 -6 -7 19 11 -11 -12 -8 -5 28 17 -17 -19 21 -21 -4 23 -1 -25 26 -24 -18 -2 -30
right_child=15 3 9 4 6 8 13 -9 -10 10 12 -13 -14 -15 -16 16 27 18 -20 20 -22 -23 25 24 -26 -27 -28 -29 29 -31
leaf_value=-0.0079206210321478392 -0.0038441643558612994 -0.00045908904695085063 -0.0014290479352812434 0.001286837942436129 0.0086587521888005 0.0020144648211613851 0.0041294405907611881 -0.00029274225177945338 -0.0056115064866393786 2.7357664741681248e-05 -0.0039062922560220729 0.0055022479686526954 -0.00053674319849676797 0.013855903819737092 0.0091383606967508132 -1.1345044140660644e-06 -0.0012969100413901399 -0.01665555714851151 -0.0042513805371267883 0.0012250806182439716 0.0056895712738069728 0.0012972656280023967 0.0026815355758494238 0.0060890727263658408 -0.0035620877932190055 -0.0004267901715583775 -0.013544306353476327 0.0012561802231206396 0.00079340621110986079 -0.003257203290732496
leaf_weight=700.67390711547 2206.6297821982384 2501.5065558610859 2275.904931271351 2877.2981901825915 178.39584043591867 319.9897896660184 3030.4184808068126 1371.5977396263788 645.70665605530326 3453.2122149465358 1614.7472058591582 698.87221064684854 7208.7986347387623 140.26019791979343 219.06128879394964 429.20397200987645 2634.9675721364661 99.41547324502335 258.85667381373878 1803.0458277114931 870.43549453079959 4645.3363547443641 66.994776012916645 130.15908463668984 793.64773127636067 1714.2920692426956 119.19358091666436 3626.5684386477219 1560.6218956796379 1276.6297325833175
leaf_count=8102 20588 30265 21959 39298 4653 6948 27890 10025 13413 27519 17703 3730 77174 960 3301 8683 21897 1878 5743 13849 7217 45527 595 1437 10073 24108 1030 30278 15604 13857
internal_value=-4.1896e-05 0.000295957 -0.000236398 0.00152953 0.00209746 0.000672576 0.00332084 0.000723366 -0.00309182 0.00016383 -0.000481178 0.00095831 -0.00116256 0.00456324 0.00185754 -0.00108857 -0.000243706 -0.00362092 -0.00763798 0.00103858 0.00269301 0.000396097 -0.00280621 -0.00462565 -0.00213238 -0.00120137 -0.00815725 0.000176868 -0.00225783 -0.00101962
internal_weight=49472.4 37379.5 26095.3 11284.2 8782.73 4062.06 4720.67 1549.99 965.696 22570.4 12975.6 4152.08 8823.55 3170.68 3096.36 12092.9 7049.01 787.476 358.272 9594.72 2673.48 6921.24 3524.96 1624.48 923.807 1900.48 186.188 6261.54 5043.88 2837.25
internal_count=515304 396776 260023 136753 106488 62960 43528 14678 20361 214678 126126 31249 94877 28850 42599 118528 68479 16304 7621 88552 21066 67486 45345 19612 11510 25733 1625 52175 50049 29461
cat_boundaries=0 1 2 3 4 5 6 7 8 9 10 11 12
cat_threshold=135555 11272816 12592344 17366 4390984 66678 11303107 3229228 19700 2162690 1596196 600963
is_linear=0
shrinkage=0.03


Tree=137
num_leaves=31
num_cat=3
split_feature=42 44 43 2 2 29 48 64 10 7 0 48 32 57 52 0 10 28 67 47 12 9 12 38 21 26 35 65 48 21
split_gain=19.6694 17.1381 19.9914 16.7797 16.1689 15.8731 17.2961 14.3399 12.7959 12.4095 16.9378 11.8977 12.5449 13.7011 12.3573 12.4805 11.7539 12.7172 12.4694 11.1864 11.516 11.3183 11.109 10.9985 10.7245 12.7498 10.401 10.681 10.3772 10.3596
threshold=-0.39099281619513743 0.14521279113373312 0.30211630709481935 0 1 4.035000000000001 0.070805192047157212 2 0.10000000000000007 162.50000000000003 0.035714802967793703 0.076165517975165506 0.061000981022292851 0.09470000000000002 -1.5767770594845707 0.072064530427522602 0.079999999999999558 -1.389999999999999 2.5676968700590752 0.92000000000000015 0.16500000000000001 0.026666666666667654 0.09000000000000026 0.69304267149652532 0.020000000000000007 11.550000000000002 23.820000000000004 0.23051841740446849 0.078969158495891867 0.040000000000000029
decision_type=2 2 2 1 1 2 2 1 2 2 2 2 2 2 2 2 2 2 2 2 2 2 2 2 2 2 2 2 2 2
left_child=16 4 3 8 5 9 23 -8 22 10 -2 14 29 -14 -6 -16 17 -1 24 -18 -21 28 -3 -7 25 -19 27 -4 -22 -13
right_child=1 2 26 -5 11 6 7 -9 -10 -11 -12 12 13 -15 15 -17 19 18 -20 20 21 -23 -24 -25 -26 -27 -28 -29 -30 -31
leaf_value=-0.010488065024566657 -0.0020651864498161614 0 0.018481025173131278 -0.0048423844178431758 -0.0068305059775047314 -0.00027570102679552505 0.0040027263528708236 0.0011714396658568593 0.020870241739294439 -0.0077206219453541053 0.018840149460159591 0.00045473489157462764 0.012578056060944469 0.0016389197469504173 -0.00085236839180453797 0.0046855308668931226 -0.0088144007596597483 0.0023073045584493346 -0.0051041194160600266 -0.0027606828116658565 0.025985002996412297 0 0.022090035706608138 0.0085604864832988809 -0.003303658155271031 -0.00063723604139447336 0.0045707270218163423 0 -0.0029178528761704008 -0.0055601606465609634
leaf_weight=112.77040508414484 249.87821458960525 222.59590907706479 103.23871341720223 381.01839851223212 302.57084026440316 5339.3421115807605 2510.1956771450373 4669.4876826374402 36.925380689643134 325.55464457678727 38.348284376834272 8292.2454735837018 154.22845863767225 328.65706620406627 14667.160982439913 372.20152521268574 258.94998725740834 2020.7431700846892 472.70776636083247 2441.4836209472137 33.834046173840761 113.90418035154744 20.690579651854932 127.81046435897679 808.06904964589467 3804.4586376031266 866.05635727942263 41.353938601911068 13.164891442051156 263.50740795524689
leaf_count=1361 3346 1953 573 3568 4564 45965 24286 45492 443 5913 332 89201 1581 2588 133792 2043 18597 30807 2356 30527 322 1378 183 753 22079 27743 4698 219 160 8236
internal_value=-3.86047e-05 0.000263923 0.00323493 -0.00078019 0.000131 0.000974143 0.00120552 0.00217355 0.00463944 -0.00371712 0.000723546 -0.000326664 0.000534519 0.0052321 -0.000836198 -0.000712714 -0.00122128 -0.000570772 -0.00040626 -0.00285039 -0.00223911 0.00542768 0.00209273 -6.05894e-05 -6.55164e-05 0.000379508 0.00588785 0.0134023 0.0174881 0.000264721
internal_weight=49393.2 39313.1 1671.88 661.23 37641.2 13260.6 12646.8 7179.68 280.212 613.781 288.226 24380.6 9038.64 482.886 15341.9 15039.4 10080.1 7218.75 7105.98 2861.34 2602.39 160.903 243.286 5467.15 6633.27 5825.2 1010.65 144.593 46.9989 8555.75
internal_count=515059 379729 11637 6147 368092 126087 116496 69778 2579 9591 3678 242005 101606 4169 140399 135835 135330 84346 82985 50984 32387 1860 2136 46718 80629 58550 5490 792 482 97437
cat_boundaries=0 1 2 3
cat_threshold=53460 150040 88
is_linear=0
shrinkage=0.03


Tree=138
num_leaves=31
num_cat=1
split_feature=4 7 29 45 29 26 29 55 9 35 58 52 44 54 1 56 1 11 29 64 44 14 70 61 12 37 9 4 60 62
split_gain=18.9961 18.3173 21.0389 18.736 17.8853 16.4941 22.2367 22.1666 12.9952 13.0462 12.3742 12.2452 12.1137 12.6134 12.4468 10.525 10.2797 9.71899 9.36143 8.65861 8.53786 10.2793 10.9762 10.4966 10.2322 8.63398 8.51791 8.48594 6.88471 4.97781
threshold=1.0000000180025095e-35 638.50000000000011 5.4250000000000007 2.183333333333334 3.9250000000000003 12.550000000000002 5.4250000000000007 12.250000000000002 0.045000000000000359 1.0000000180025095e-35 81.65000000000002 -0.92747779152030196 0.047638955247650862 57.000000000000007 34.765000000000008 8.1500000000000004 32.765000000000008 -0.086414285714285041 3.8450000000000002 0 0.12385138506562311 0.10500000000000002 -3.7677669529663684 0.077524038461538464 -0.010000000000000149 6.5450000000000008 0.020000000000000854 5.4500000000000011 245.50000000000003 48.500000000000007
decision_type=2 2 2 2 2 2 2 2 2 2 2 2 2 2 2 2 2 2 2 1 2 2 2 2 2 2 2 2 2 2
left_child=-1 3 11 20 12 7 -7 -6 10 29 17 26 13 -5 -14 -11 -12 -4 -13 -20 21 22 -2 -23 28 -26 -3 -28 -22 -10
right_child=1 2 8 4 5 6 -8 -9 9 15 16 18 14 -15 -16 -17 -18 -19 19 -21 24 23 -24 -25 25 -27 27 -29 -30 -31
leaf_value=-0.021817375712484436 0.0043082303868912375 0.011448195309113262 0.0021591650517462286 -0.0024428667109484934 0.0094592901523172478 -0.0010476119686770946 0.0017659810289325137 0.0020064385769425516 0.011566372798081785 -0.014643202105414303 -0.010535477494641952 -0.015389049135795592 -0.00013130359645364972 0.0046786651195886526 0.013608949164639315 -0.0012977393529431285 -0.00073790957222886469 7.9336498186556502e-05 -0.0030768773251796076 -0.00045233892910907678 0 0.0019193741779628792 -0.0045618389629414448 -0.006155530870334565 0.018851445141330407 0.0022571942387120893 -0.014760503531776787 -0.0046414808028617423 -0.024179020986853639 -0.013994628788516393
leaf_weight=33.799768600481912 133.04664329187426 24.202626369385598 2342.0698327997598 2450.9265805111986 379.38387698430597 4481.9745807667505 5772.8259429874188 7102.3007574321782 4.5798449008725575 53.299247618764639 169.13997588856864 41.38054792089315 144.73773478535986 241.89713204131476 93.792460849167128 1956.6385956535487 238.06573142567004 14994.35888494469 1692.3037291113396 3507.6914663970792 93.499106209725142 717.22708237544794 1382.5248334162475 179.03165974451713 51.348798769284258 71.536968670397982 84.257983075329776 866.28238589351076 10.143679570406674 101.916837419074
leaf_count=13027 988 437 17465 50580 13833 36755 43861 64840 43 238 2158 1319 2168 1207 1342 25217 3045 123967 22725 47371 542 5751 10940 1314 328 414 6393 15734 56 1267
internal_value=2.61811e-05 4.26224e-05 -0.000502945 0.000654309 0.000959177 0.00131876 0.00053338 0.0023908 -2.46162e-05 -0.00224682 0.000238977 -0.00202585 -0.00120568 -0.00178901 0.00521501 -0.00168075 -0.00491241 0.000362258 -0.00144251 -0.00131988 -0.00172146 -0.00225287 -0.00375875 0.000262864 0.00377538 0.00962231 -0.00512249 -0.00559906 -0.00292407 -0.0124259
internal_weight=49416.2 49382.4 26076.2 23306.2 20667.8 17736.5 10254.8 7481.68 19860.1 2116.43 17743.6 6216.12 2931.35 2692.82 238.53 2009.94 407.206 17336.4 5241.38 5200 2638.36 2411.83 1515.57 896.259 226.529 122.886 974.743 950.54 103.643 106.497
internal_count=515325 502298 267379 234919 214586 159289 80616 78673 173400 26765 146635 93979 55297 51787 3510 25455 5203 141432 71415 70096 20333 18993 11928 7065 1340 742 22564 22127 598 1310
cat_boundaries=0 1
cat_threshold=196
is_linear=0
shrinkage=0.03


Tree=139
num_leaves=31
num_cat=8
split_feature=56 29 34 45 12 53 30 2 69 11 12 42 11 9 53 32 53 26 65 28 9 16 43 2 53 42 2 53 45 43
split_gain=17.8698 18.7307 16.0406 18.219 16.4335 16.126 15.7834 18.9352 15.4898 14.9146 14.4728 16.6118 15.826 15.3416 12.1164 12.6731 12.0384 11.8389 11.1731 11.0567 17.2324 13.8951 10.2671 10.9128 9.862 10.7595 9.81195 9.41736 9.81991 9.09741
threshold=21.650000000000002 2.1150000000000007 3.5000000000000004 1.0833333333333337 0.044999999999999908 0 0.26178942902565588 1 -1.2071067811865472 -0.097499999999999629 0.14999999999999988 0.31068456118237925 0.10666666666666687 0.043333333333334258 2 0.041440369540873406 3 17.415000000000003 0.13103371202543077 0.4449999999999999 -0.043333333333332544 1.1482244099912042 3.2449387104881571 4 5 0.55900718380486281 6 7 2.3666666666666667 3.5945219094390368
decision_type=2 2 2 2 2 1 2 1 2 2 2 2 2 2 1 2 1 2 2 2 2 2 2 1 1 2 1 1 2 2
left_child=1 -1 3 16 17 -6 7 8 14 -8 11 13 -13 -4 15 -2 26 -5 -9 20 21 -11 -21 -24 25 -12 -3 -20 -29 -10
right_child=6 2 10 4 5 -7 9 18 29 19 24 12 -14 -15 -16 -17 -18 -19 27 22 -22 -23 23 -25 -26 -27 -28 28 -30 -31
leaf_value=-0.01407497921449067 0.0038785057650518864 0.0039701403595062221 -0.00078775102379414726 0.0011674447467728078 0.0052609654712659215 0.0014120938337853748 0.012025993701563875 -0.0097981605654130621 -0.0016555970412515193 -0.0078832072784787415 0.011293571931986752 0.0010252241475495643 -0.0052705280023245772 -0.0041481532954357001 0 0.024801780697477096 -0.0095776886813788067 -0.00034172575455926351 0.0031217499981352581 0.010967332165512655 -0.0039201664804982524 0.011409355087383324 0.0076866560783750036 -0.0081240859868216952 0.00087250552854774158 -0.0020888997241422262 -0.0073048920429000398 -0.017585585345327351 -0.0035353295495216676 -0.0093697784591811415
leaf_weight=80.175090499215003 67.563874964000206 171.21848818223771 11818.814510962378 10015.282039530819 1288.3613368538258 4263.1281354057155 95.949669277937573 500.27692108392012 981.28659021817975 41.451654317778775 224.4429453869484 6520.9653098863273 377.17984186416288 1369.6102031054052 203.21472674853976 46.365570836630468 235.84182785368694 8733.0697391184549 139.11123238824484 133.63197448370329 702.6930423125923 131.25962502784114 62.166083754971623 71.037176416214606 498.04915853649118 65.627853478188626 99.599575022315094 54.763234799727798 270.17705975142235 162.11871960037206
leaf_count=12299 1107 1557 120529 111215 13672 46599 754 7545 13634 248 2941 62017 3730 23639 2591 452 2019 64515 1478 1580 6148 808 605 677 5851 749 874 448 3261 1646
internal_value=6.65151e-05 0.000228526 0.000254901 0.000770949 0.000889548 0.00232431 -0.00194826 -0.0033569 -0.00113863 0.000787223 -0.000356924 -0.000514844 0.000675207 -0.00113958 0.00466558 0.0119063 -0.00483933 0.000462905 -0.00659625 -0.000150001 -0.00180606 0.00657009 0.00514445 -0.000551111 0.0036211 0.00789908 -0.000204441 -0.00319432 -0.00590743 -0.00279
internal_weight=49424.4 45761.4 45681.2 24806.5 24299.8 5551.49 3663.07 2424.88 1460.55 1238.19 20874.7 20086.6 6898.15 13188.4 317.144 113.929 506.66 18748.4 964.328 1142.24 875.404 172.711 266.835 133.203 788.12 290.071 270.818 464.052 324.94 1143.41
internal_count=515188 472206 459907 240451 236001 60271 42982 32162 19430 10820 219456 209915 65747 144168 4150 1559 4450 175730 12732 10066 7204 1056 2862 1282 9541 3690 2431 5187 3709 15280
cat_boundaries=0 1 2 3 4 5 6 7 8
cat_threshold=9505 44597 410144 9121240 153369 6342232 208608 86016
is_linear=0
shrinkage=0.03


Tree=140
num_leaves=31
num_cat=10
split_feature=5 40 55 0 47 53 2 66 9 11 45 10 53 53 52 29 44 53 53 29 2 53 43 61 2 21 33 60 2 44
split_gain=20.4955 18.5078 18.2726 20.2156 18.9015 17.0258 19.6035 15.7652 19.9737 15.7926 15.7176 15.0914 17.1475 14.809 14.7289 14.3456 13.0986 14.2523 13.6356 17.5921 18.5272 12.6503 13.6003 12.5151 12.5092 13.2632 12.6526 12.4046 12.3345 12.2665
threshold=0.18500000000000003 3.5000000000000004 15.250000000000002 0.041526267791959608 44.235000000000007 0 1 0.083104995408218113 0.075000000000000552 0.046190476190476053 2.4500000000000006 0.11499999999999977 2 3 0.1931668523215587 5.9650000000000007 0.10819418144258906 4 5 6.035000000000001 6 7 2.6020202190112536 0.018019480519480453 8 -0.019999999999999993 1.0000000180025095e-35 103.00000000000001 9 0.12385138506562311
decision_type=2 2 2 2 2 1 1 2 2 2 2 2 1 1 2 2 2 1 1 2 1 1 2 2 1 2 2 2 1 2
left_child=1 2 5 4 10 6 23 9 -9 -7 -4 13 -13 -5 -8 -3 18 -18 24 20 27 22 -17 -1 26 -26 -2 -20 -21 -24
right_child=16 15 3 11 -6 7 14 8 -10 -11 -12 12 -14 -15 -16 21 17 -19 19 28 -22 -23 29 -25 25 -27 -28 -29 -30 -31
leaf_value=0.015513517631194591 -0.0093121208643460549 -0.0021082098503693476 -0.0031156735256607261 -0.0024238772767407241 0.0016162026662586008 0.0038695367669363007 -0.0015782775528106843 0.0095413219564595714 -0.017055527174576663 -0.0045163261863744074 -0.00017954474581141576 0.0030761244075967549 -0.0086725528618096116 0.0040155251014909778 0.0048717117393296157 -0.0001780487363827344 -0.002748929162783382 0.010324517437379962 -0.011304339511524802 -0.0027616595835682468 -0.0022894060322630173 0.00087765170331485949 -0.0040396181048014141 -0.010419015483607654 0.018394550240479677 0.0001670380805314446 0.0008369505726309594 -0.0043778316878209916 0.006950674229265495 0.0089106641251480451
leaf_weight=15.598056092087516 259.71212279473798 4308.3474503365542 1880.218471688484 355.33695426797658 4774.7056041686974 1449.3052858715498 646.86383511959684 583.40809185189482 24.005234610349817 229.98686014839382 13036.978582711867 215.33928919938353 208.02169437601606 2616.0741593735574 615.91519359230369 4075.661384110289 126.92405345957377 156.27398748975247 432.63089809842995 214.95406175265907 1979.4817757144428 5990.1371110581058 1507.2267689276086 203.75721631710576 34.544968172966492 2452.7315360298185 182.13573163866818 555.86957171568611 231.41563340145422 65.627653362501405
leaf_count=413 6580 32750 15928 2465 21451 24071 18956 10283 622 5389 125573 2114 2032 18944 11392 29694 1215 1432 9275 3089 42451 43764 11577 5535 601 48711 3563 11528 3502 403
internal_value=-6.06941e-05 0.000179064 0.000660306 0.00034253 -2.46439e-05 0.00259773 5.7182e-05 0.00421115 0.00838845 0.0026992 -0.000552004 0.00247997 -0.00277135 0.00323962 0.00153455 -0.000629472 -0.00161343 0.00464749 -0.00189905 -0.00318404 -0.00403194 -7.92334e-05 -0.00109886 -0.00795651 -0.000377652 0.000445034 -0.00496418 -0.00738178 0.00230866 -0.00346959
internal_weight=49429.2 42802.5 26855.5 23086.7 19691.9 3768.84 1482.13 2286.71 607.413 1679.29 14917.2 3394.77 423.361 2971.41 1262.78 15947 6626.67 283.198 6343.48 3414.35 2967.98 11638.7 5648.52 219.355 2929.12 2487.28 441.848 988.5 446.37 1572.85
internal_count=515303 383356 265168 188507 162952 76661 36296 40365 10905 29460 141501 25555 4146 21409 30348 118188 131947 2647 129300 69845 63254 85438 41674 5948 59455 49312 10143 20803 6591 11980
cat_boundaries=0 1 2 3 4 5 6 7 8 9 10
cat_threshold=14861958 225 6295417 524308 9237641 14231173 150787 958012 135553 77910
is_linear=0
shrinkage=0.03


Tree=141
num_leaves=31
num_cat=10
split_feature=9 45 58 28 53 7 28 58 36 2 52 53 53 11 2 29 35 12 67 2 57 28 53 2 53 64 32 46 48 55
split_gain=18.127 17.0013 18.2378 15.4949 14.7775 14.4238 20.7198 19.6565 18.9665 16.1625 13.0607 12.7396 11.9834 11.7659 12.89 12.2542 12.2141 11.5981 11.5717 11.3388 10.9427 10.9361 10.2442 9.73403 10.6215 10.1389 9.69713 9.5982 9.58175 9.36687
threshold=0.022499999999999905 1.9166666666666667 24.950000000000003 -1.915 0 503.50000000000006 0.12499999999999976 81.65000000000002 8.7600000000000016 1 1.3324272283470555 2 3 -0.045270467836257593 4 6.8750000000000009 39.400000000000006 -0.10000000000000005 0.71846590909090924 5 0.034899999999999952 -0.96500000000000019 6 7 8 9 0.03590713004701656 -0.099999999999999936 0.10867004791959782 22.100000000000005
decision_type=2 2 2 2 1 2 2 2 2 1 2 1 1 2 1 2 2 2 2 1 2 2 1 1 1 1 2 2 2 2
left_child=1 2 20 11 -2 6 8 9 -5 -7 23 -3 -8 14 16 28 18 -16 -6 -17 26 -18 -9 24 -4 -25 27 -1 29 -15
right_child=4 3 10 5 13 7 12 22 -10 -11 -12 -13 -14 15 17 19 21 -19 -20 -21 -22 -23 -24 25 -26 -27 -28 -29 -30 -31
leaf_value=0.040462097244065312 -0.0024098332049525282 0.00041410456927775492 -0.0062949450665967591 -0.013499719907956547 -0.012693407519961945 0.0013773510716033723 0.00089830032474220967 -0.00092315260663526882 0.00092036821597137682 -0.00032085208222550705 0.0015330590506379771 -0.0095558852211519146 0.0050950229400092799 -0.00064039265036965358 0.0074741701972259765 0.011283703160657856 0.037456277278216703 -0.0028531694225862568 0 0.0010486080260244631 0 -9.8606934213005021e-05 -0.01032764995912111 -0.0015503495605211698 0.0020590694681906756 -0.0094644562969508714 0.026136654407626136 0.00155947588411313 0.035925662559592772 0.0027815474826394784
leaf_weight=4.32238626317121 4110.4646608879393 213.48673644364317 242.94444954357232 80.499068026221721 261.5376822363794 7925.9551774986248 963.12993023856848 217.33357529683963 10626.660203356701 13781.512532107674 312.63708035754962 234.04628591937217 1865.5626835397254 4124.7383854744658 139.4870835123611 160.13874748601665 5.4792538224719456 313.67036892197962 90.662881866445787 263.39390144634035 1096.4808827000184 82.285057800251707 226.28450665015225 230.53511344012804 281.60700813553694 568.81925431849822 23.923695365898311 87.335955013214061 4.6761610849935087 869.76597870195292
leaf_count=56 65654 2091 1940 5740 4276 70044 11486 2793 95222 124849 1845 2232 23196 61859 1784 1370 82 4191 439 2337 6585 950 3133 1730 2188 4283 173 1435 330 10905
internal_value=9.73684e-05 0.000395098 -0.00183296 0.000571666 -0.0010128 0.000642098 0.00141387 0.000169053 0.000806652 0.00029838 -0.00390048 -0.00495584 0.00369951 -9.44028e-05 -0.003285 0.000426403 -0.006853 0.000272676 -0.00951198 0.00531368 0.000935736 0.0026941 -0.0060649 -0.0052066 -0.00180841 -0.00727568 0.00963321 0.0045392 4.39317e-06 -3.76012e-05
internal_weight=49409.4 38983.1 2848.61 36134.5 10426.3 35686.9 13535.9 22151.1 10707.2 21707.5 1636.54 447.533 2828.69 6315.84 893.122 5422.71 439.965 453.157 352.201 423.533 1212.06 87.7643 443.618 1323.91 524.551 799.354 115.582 91.6583 4999.18 4994.5
internal_count=515198 361021 20235 340786 154177 336463 135644 200819 100962 194893 11986 4323 34682 88523 11722 76801 5747 5975 4715 3707 8249 1032 5926 10141 4128 6013 1664 1491 73094 72764
cat_boundaries=0 1 2 3 4 5 6 7 8 9 10
cat_threshold=12538000 154123 14463258 12853412 79363 37071 16275724 41696 10830246 400
is_linear=0
shrinkage=0.03


Tree=142
num_leaves=31
num_cat=12
split_feature=42 12 9 2 53 45 2 11 44 53 53 54 58 28 12 2 64 21 0 2 53 35 2 53 7 53 48 21 43 1
split_gain=16.6348 16.3922 19.4982 16.1585 18.0779 14.7091 14.3926 14.7968 14.3001 23.1067 13.4183 15.2737 13.2156 14.3683 14.9602 14.7435 13.3022 13.2001 13.1338 13.1024 15.59 13.4994 13.013 12.9461 12.902 12.3871 12.0807 11.9754 11.3944 11.0111
threshold=-0.39099281619513743 -0.024999999999999845 -0.060000000000000046 0 1 2.916666666666667 2 0.051261363636363862 0.14521279113373312 3 4 2.0500000000000003 69.850000000000009 -0.09500000000000014 1.0000000180025095e-35 5 6 0.0099999999999999967 0.050667422381762008 7 8 40.545000000000009 9 10 280.50000000000006 11 0.071725258167660358 0.039999999999999994 3.1640606092911296 44.265000000000008
decision_type=2 2 2 1 1 2 1 2 2 1 1 2 2 2 2 1 1 2 2 1 1 2 1 1 2 1 2 2 2 2
left_child=12 3 6 27 24 -6 7 -3 10 -10 11 -4 13 14 -1 -16 -17 -7 -12 20 29 26 -11 -23 -5 28 -21 -2 -8 -15
right_child=1 2 8 4 5 17 25 -9 9 22 18 -13 -14 19 15 16 -18 -19 -20 21 -22 23 -24 -25 -26 -27 -28 -29 -30 -31
leaf_value=-0.0043320852037939134 0.0015674260033489828 0.0094387975744190649 0.010420069338677543 0.0032829437542043274 -0.0043735403499161147 -0.0003182461915948537 0.0040696348681147892 -0.0021465514990806167 -0.0055184615859592695 0.011336088926518018 -0.00036463099205351248 0.0013536952636409359 -0.0051247801701005688 -0.0050728618941701577 -0.0037276715795228027 -0.0043983347750955306 0.0053094819853916455 -0.0048362702021082955 0.0026674688525708304 -0.0023120620616972035 0.00027996503857155092 -0.00032510066040081936 0.0030006525294843356 0.0081492405027577663 -0.00048014836057199366 7.3894363636884318e-06 0.0017462756285869898 -0.0090389143491693934 0.018966343684355964 0.0054628946533492014
leaf_weight=1699.477892200468 3508.4105287779507 526.72867995937531 172.33916443181897 997.79799577469748 1895.9634422405748 3236.7278630142418 534.65494540547206 116.41495738306457 172.07469297936768 291.09854551272019 14409.912586248898 5038.049213080536 672.90989131076276 1067.6244443615008 510.64935623551855 155.81683746285671 513.82633283571386 712.66849123457405 1408.918421611761 1006.5123702243866 1788.7500074523011 255.5521924722193 473.6687301023112 423.13216626502617 4531.9700176959068 1136.7768140131061 1899.0166563495588 95.807545176490294 50.651935719433823 93.086800808172484
leaf_count=19719 29124 3582 7572 8614 14387 23682 3805 806 1371 2130 159920 49025 10297 15035 6614 2276 7137 12182 9138 9089 25362 3110 3311 5116 40733 7711 30485 2228 309 1197
internal_value=2.44694e-05 0.000303935 0.000785048 -0.000475546 -0.00103121 -0.00219346 0.00337419 0.00718374 0.000504611 0.00413005 0.000341296 0.00166003 -0.00106159 -0.000766926 -0.00253159 3.84724e-05 0.00296893 -0.00114315 -9.23166e-05 6.81036e-06 -0.00146632 0.00122823 0.00633816 0.0050376 0.000194036 0.00187482 0.000329474 0.00126879 0.00537848 -0.0041584
internal_weight=49397 39310.6 24331.3 14979.3 11375.1 5845.36 2365.23 643.144 21966.1 936.842 21029.2 5210.39 10086.4 9413.45 2879.77 1180.29 669.643 3949.4 15818.8 6533.67 2949.46 3584.21 764.767 678.684 5529.77 1722.08 2905.53 3604.22 585.307 1160.71
internal_count=515067 379630 248680 130950 99598 50251 16213 4388 232467 6812 225655 56597 135437 125140 35746 16027 9413 35864 169058 89394 41594 47800 5441 8226 49347 11825 39574 31352 4114 16232
cat_boundaries=0 1 2 3 4 5 6 7 8 9 10 11 12
cat_threshold=147601 14617130 213888 9502785 36033 69264 24 156073 135126 53685 558414 1536257
is_linear=0
shrinkage=0.03


Tree=143
num_leaves=31
num_cat=14
split_feature=7 45 28 42 54 53 44 28 53 12 63 2 30 2 14 11 2 53 0 53 2 2 53 53 53 1 32 2 48 53
split_gain=19.8184 20.8017 18.9125 18.8161 27.685 17.664 17.3911 17.2135 17.3009 16.2394 16.1602 15.6605 14.9359 16.7085 14.7644 15.0504 14.6795 16.8501 14.1237 26.4148 14.9018 13.9682 13.8514 13.7201 13.5454 14.1501 13.2099 12.6472 12.4888 12.2081
threshold=425.50000000000006 2.4500000000000006 -0.74999999999999978 -0.79099281619513773 6.3500000000000005 0 0.12950723758342722 -0.96500000000000019 1 -0.044999999999999894 1.2500000000000002 2 0.38298448629584386 3 0.085000000000000006 -0.083333333333332524 4 5 0.037966252181738255 6 7 8 9 10 11 39.595000000000006 0.022235956599368202 12 0.081044442914873102 13
decision_type=2 2 2 2 2 1 2 2 1 2 2 1 2 1 2 2 1 1 2 1 1 1 1 1 1 2 2 1 2 1
left_child=1 22 18 5 11 -4 -6 8 -2 16 26 -5 14 -14 15 -11 17 -9 20 -20 29 -16 -1 -15 -18 -26 -10 -12 -22 -3
right_child=7 2 3 4 6 -7 -8 9 10 12 27 -13 13 23 21 -17 24 -19 19 -21 28 -23 -24 -25 25 -27 -28 -29 -30 -31
leaf_value=0.0010266927685321249 6.2886785058903418e-05 -0.0065377371839642441 0.0030628128564973286 0.0011293650527623462 0.0022015917662999637 -0.0041079634094468064 0.010837170456076201 0.0030140806155543412 -0.0055942265762610344 0.0034014740410208684 -0.00010341525927913536 0.015631731445370139 0.0077838958789235675 -0.003584435623438624 -0.00071676535308997107 -0.0009938437758102007 -0.0036411722920693685 -0.0016699953675732937 0.010810393587540497 -0.0015582162386379331 -0.00066866950134713914 0.0017151137915814327 -0.0036682046189810903 0.0030482072521575993 -0.0016965446382899829 0.0031587389309099558 0.00056607887544698403 -0.013877622222081101 0.0038973362084041962 -0.0010895733084273957
leaf_weight=965.9300995401104 1238.5420359726536 526.18371261139873 526.29839977543554 115.14496588739996 5997.040993756561 710.21265342529011 217.84788672803461 1328.0972369577003 758.64427035694234 746.96786513991538 94.778388884402375 224.07474835797154 455.47252724350847 380.72009237384827 3160.6158654225583 10481.085638700475 2693.0247692321 1409.976332945022 276.79340812305418 328.50242422271094 1567.1994395790409 6373.5253868743566 1319.4186050563399 960.93145398206116 3016.7244094086591 652.93594337555805 518.15154278447881 241.90031976004775 813.55902302350273 1293.0771245314379
leaf_count=7504 11910 5868 13675 3999 52873 17677 1375 12073 6800 6842 934 9242 3609 2943 35735 112132 23749 13146 1816 2255 15326 70872 10246 7321 27075 5818 4976 2410 10740 13925
internal_value=2.74386e-05 0.000943069 0.00142213 0.00233499 0.00297643 -0.00104005 0.00251251 -0.000366535 -0.00259869 -0.000164358 -0.00462963 0.0113236 0.000266106 0.0028885 3.74167e-05 -0.000698212 -0.00123453 0.000594336 -5.19739e-05 0.0042177 -0.000676163 0.000906853 -0.00168312 0.00112881 -0.00202396 -0.000820996 -0.00307381 -0.0105249 0.000877327 -0.00271424
internal_weight=49393.4 14881.3 12595.9 7790.62 6554.11 1236.51 6214.89 34512.1 2852.02 31660.1 1613.47 339.22 22559.3 1797.12 20762.2 11228.1 9100.76 2738.07 4805.32 605.296 4200.02 9534.14 2285.35 1341.65 6362.69 3669.66 1276.8 336.679 2380.76 1819.26
internal_count=514866 166521 148771 98841 67489 31352 54248 348345 27030 321315 15120 13241 239454 13873 225581 118974 81861 25219 49930 4071 45859 106607 17750 10264 56642 32893 11776 3344 26066 19793
cat_boundaries=0 1 2 3 4 5 6 7 8 9 10 11 12 13 14
cat_threshold=11171592 13058476 37275 181120 180371 2341007 5252954 38317 246160 8441737 603776 621649 4817 5098496
is_linear=0
shrinkage=0.03


Tree=144
num_leaves=31
num_cat=14
split_feature=29 45 7 42 2 28 53 66 43 2 2 53 48 53 53 29 66 53 53 0 53 53 53 2 2 12 12 48 15 6
split_gain=17.6453 20.595 25.7092 21.2258 15.9871 14.46 14.3661 14.3959 15.0951 14.8705 14.1345 16.0851 13.8558 17.3748 14.3691 13.3727 12.8151 13.1912 12.1416 11.3682 16.6546 12.8168 10.5264 10.2041 9.82904 9.62069 9.51682 8.06783 7.81975 7.37541
threshold=2.1150000000000007 4.291666666666667 144.50000000000003 -0.39099281619513743 0 -0.49999999999999972 1 0.061284246956444251 0.80758442694994692 2 3 4 0.074062975369997466 5 6 7.0850000000000009 0.25162344507695555 7 8 0.033078105386082454 9 10 11 12 13 0.10000000000000007 1.0000000180025095e-35 0.06294340477244921 7.035000000000001 70.950000000000017
decision_type=2 2 2 2 1 2 1 2 2 1 1 1 2 1 1 2 2 1 1 2 1 1 1 1 1 2 2 2 2 2
left_child=-1 3 19 5 12 18 23 9 -9 -8 15 -12 14 -14 -5 -7 17 -6 -2 20 24 -21 -18 29 -3 -23 -22 -25 -20 -4
right_child=1 2 6 4 16 10 7 8 -10 -11 11 -13 13 -15 -16 -17 22 -19 28 21 26 25 -24 27 -26 -27 -28 -29 -30 -31
leaf_value=-0.013729218441817004 -0.00061580459027703717 -0.0051098049843498992 -7.4046024214331768e-05 -0.0012213323096904012 -0.0025855551542123462 0.00061803856152572718 0.0031472991987565369 0.015076304366188811 0.0036937034850447101 -0.001586185296413987 0.00036767989871231826 -0.003199720735296356 -0.00029516658095247051 0.002527408484313284 0.00091779870294500011 0.018116869444561853 -0.0010510461570327669 -0.00037102890577062655 -0.007498650471446878 -0.0038899557881493696 0.01409641469622494 0.030759356239179025 0.0046276334502813763 0.011122853626820988 0.0058142531415957604 -0.0046318325995138958 0.003764433785066924 -0.0043904053754551028 0.0091155650724763539 0.0082650977123154869
leaf_weight=82.216604686742357 475.92734290637281 149.84581010986085 665.36137780694912 4975.9550429335768 3109.6971372562411 2185.3316805405511 1330.228743132503 133.29586582047341 538.11978204845627 1058.7027297780892 1751.2858076383711 3172.3207133033093 2942.1286004695098 5792.6645359945087 6508.2818772621695 38.220914390869439 478.0265312818201 11050.769449250052 743.24975261443387 21.134120561182499 212.10204726931033 52.483950819224447 717.8844530679371 28.503426347042478 124.6740743849391 5.7262130863964549 146.4579245932905 771.46812120422965 23.157512433361262 108.1517102599646
leaf_count=12688 4845 2484 10124 43721 30087 24699 17464 2960 8904 14336 19220 36275 30269 57986 54526 274 3944 104987 8093 254 3259 559 5771 311 2043 54 2887 11224 306 486
internal_value=-8.43965e-06 1.43846e-05 0.00177275 -0.000198826 0.000120521 -0.00155629 0.000948117 0.00214522 0.0060361 0.00104397 -0.0010309 -0.00192694 0.000675257 0.00157596 -6.75978e-06 0.000944076 -0.000607958 -0.00086185 -0.00454822 0.00707675 0.00562857 0.0178404 0.00236461 -0.00136586 -8.17696e-06 0.0229326 0.00973373 -0.00372741 -0.00684609 0.00105791
internal_weight=49393.4 49311.2 5346.26 43964.9 35575.4 8389.49 4633.83 3060.35 671.416 2388.93 7147.16 4923.61 20219 8734.79 11484.2 2223.55 15356.4 14160.5 1242.33 712.424 633.08 79.3443 1195.91 1573.48 274.52 58.2102 358.56 799.972 766.407 773.513
internal_count=515040 502352 77349 425003 331291 93712 65809 43664 11864 31800 80468 55495 186502 88255 98247 24973 144789 135074 13244 11540 10673 867 9715 22145 4527 613 6146 11535 8399 10610
cat_boundaries=0 1 2 3 4 5 6 7 8 9 10 11 12 13 14
cat_threshold=191004 4744580 69306 69735 4310066 1144928 3119760 1315843 2889767 108250 5115921 180942 167006 238416
is_linear=0
shrinkage=0.03


Tree=145
num_leaves=31
num_cat=8
split_feature=14 52 38 53 49 38 0 31 42 53 39 66 53 35 66 39 41 53 28 47 44 2 44 53 45 66 2 4 15 2
split_gain=18.4704 19.7823 16.2291 13.9806 13.7756 12.3991 14.849 17.0111 18.086 15.2706 20.4491 13.6546 12.9841 12.8789 12.7934 25.9265 14.7786 12.631 12.8104 12.3893 12.1673 16.962 12.1113 19.2002 12.0761 13.0379 14.4199 11.8196 17.6872 11.3887
threshold=0.085000000000000006 -1.5498260496951766 0.47723345780801324 0 0.075331196313641005 0.61853281853281861 0.028718125445962053 0.038084303919866155 0.5090071838048621 1 3.5000000000000004 0.11133020429414002 2 30.365000000000006 0.11848007005394416 3.5000000000000004 3.5000000000000004 3 -0.54999999999999949 16.125000000000004 0.023960733486943105 4 0.15482798805107836 5 5.366666666666668 0.30637068011314722 6 26.150000000000002 6.7650000000000006 7
decision_type=2 2 2 1 2 2 2 2 2 1 2 2 1 2 2 2 2 1 2 2 2 1 2 1 2 2 1 2 2 1
left_child=1 2 4 -4 -1 6 7 14 19 10 11 -8 -10 -12 16 -16 -2 18 -7 -9 21 -11 24 27 25 -3 -27 28 -24 -26
right_child=5 22 3 -5 -6 17 9 8 12 20 13 -13 -14 -15 15 -17 -18 -19 -20 -21 -22 -23 23 -25 29 26 -28 -29 -30 -31
leaf_value=-0.0092178497442982413 0.00055973636417698839 -0.00079380232464774513 -0.010663109800417604 0.013220715758396289 0.010034944299392039 -0.0058129941288348015 -1.6152999913902065e-05 -0.004306841701061985 0.0069902776739875121 0.0093109781342983391 0.0017155815139278203 0.0053214442761380758 -0.0012305448990734627 0.0089807690119842309 -0.0038474104163325998 0.005888109949334917 -0.0023383211491924509 0.0057241772874731317 0.0033988010277231288 0.0025436951675919528 -0.0010887951110772778 0.00039709248546791954 0.00016202494968937069 -0.0017941098195398697 0.0088490212661530669 0.0058758449600718674 -0.0012982901292705421 0.0027601836531152119 0.020266879602203136 -0.00037927970569853216
leaf_weight=486.63816850516514 9449.578450610903 23429.12009823852 22.001739272462146 56.785299122475408 32.820029544137014 217.55916445702314 1566.9193716604404 1955.8566108489576 272.65702223218977 259.95184583443734 341.09528134251013 587.45144756435548 425.46047743881536 684.08051102608442 331.10201437398791 914.90307216020301 1899.670859928985 807.49955699592829 354.01073842123151 263.32454246748239 2181.4255532938987 698.51034822504516 62.703942098435618 336.90249881228192 224.31279714496736 552.64210386508239 443.47075736876468 196.54591562518362 119.94716775857978 239.72203384455611
leaf_count=9313 120758 231956 99 259 356 1134 12178 26972 3213 2428 3332 4129 4848 5985 3380 14452 16281 4179 1894 2749 16902 6257 403 2326 4427 4214 3469 1360 822 5131
internal_value=-2.6776e-05 -0.000573218 -0.00596081 0.0063974 -0.00791008 0.000588821 0.000412827 -8.47486e-05 -0.00214975 0.00163863 0.00309929 0.00142897 0.0020304 0.00660076 0.000391428 0.00327502 7.16815e-05 0.00334862 -6.21802e-05 -0.0034789 0.000138638 0.00296136 -0.000445714 0.00338954 -0.000557529 -0.000649818 0.00270151 0.00789882 0.0136039 0.00421785
internal_weight=49414.7 26203.6 598.245 78.787 519.458 23211.1 21832 15512.6 2917.3 6319.43 3179.55 2154.37 698.117 1025.18 12595.3 1246.01 11349.2 1379.07 571.57 2219.18 3139.89 958.462 25605.4 716.1 24889.3 24425.2 996.113 379.197 182.651 464.035
internal_count=515206 264135 10027 358 9669 251071 243864 192653 37782 51211 25624 16307 8061 9317 154871 17832 137039 7207 3028 29721 25587 8685 254108 4911 249197 239639 7683 2585 1225 9558
cat_boundaries=0 1 2 3 4 5 6 7 8
cat_threshold=5381120 15796347 7555648 5053216 98950 2837402 30516 109010
is_linear=0
shrinkage=0.03


Tree=146
num_leaves=31
num_cat=9
split_feature=7 28 44 2 4 53 70 54 35 53 28 53 53 36 8 63 61 16 53 2 38 15 36 39 4 53 43 53 48 21
split_gain=18.2744 23.9363 16.3909 17.7532 16.2117 14.9801 17.8743 18.4971 17.8142 15.3309 14.7171 19.4273 14.4841 13.5157 19.5498 12.6075 13.3914 16.0118 15.8107 13.0938 15.1167 12.0787 12.0677 12.115 23.9844 16.4602 11.6146 14.589 12.7766 11.5197
threshold=674.50000000000011 -0.10000000000000024 0.063316728649902718 0 10.550000000000002 1 1.2071067811865477 5.5500000000000007 30.785000000000004 2 -1.5049999999999999 3 4 13.805000000000001 19.750000000000004 -3.7499999999999996 0.055050505050505009 2.0000705218617774 5 6 0.46392239858906531 6.5950000000000006 7.7300000000000013 4.5000000000000009 5.1500000000000012 7 0.18509375425324151 8 0.081305894275842366 -0.064999999999999988
decision_type=2 2 2 1 2 1 2 2 2 1 2 1 1 2 2 2 2 2 1 1 2 2 2 2 2 1 2 1 2 2
left_child=1 10 12 -4 5 -2 -7 8 -8 -9 11 -1 13 -3 -15 -6 19 21 -19 -17 -21 -18 -12 24 -24 -25 27 -5 -28 -14
right_child=4 2 3 26 15 6 7 9 -10 -11 22 -13 29 14 -16 16 17 18 -20 20 -22 -23 23 25 -26 -27 28 -29 -30 -31
leaf_value=0.0008049941451041589 -0.0057354668941179254 -0.0022737535855237899 -0.00052193688816227427 0.0097943309122261995 -0.0046233627599516743 -0.00305597584417798 -0.0011543714625250852 0.00501370529389849 0.016259152958507668 -0.0070189449030978622 -0.013753376486439706 -0.005431232906004964 0.020228163721852925 0.024592078734946531 0.0036586998435022382 0.00070214151260519092 0.010606318461323726 0.0067820723906742214 0.00058787908715896811 -0.0020888766954376831 0.00063130135756666629 0.0001065010133256866 -0.0084291776767912024 0.0067381449215285485 0.00034177004885472075 0.00058916073426352783 0.0083586689450669514 -0.0048564294013444054 0.021134087321794774 0.00020428186879262018
leaf_weight=845.92756641129927 909.61451716074725 342.36378709024802 295.34035850409418 106.6282530628223 552.38428125534119 1224.5311249805186 77.531284611066894 182.33650239275494 144.49487011436941 174.06553126067683 51.856096710369457 930.97191802617635 24.090886705631874 39.490820197737776 2368.8582489679397 4437.0240729455927 98.319242345168277 744.93818935397394 768.84293770266777 6262.6094079544237 2580.4505629783289 6329.9927532123993 284.40340107781049 609.5374007084298 13536.756511816311 1116.6044936523799 408.73524676663965 113.86408740561455 91.005623472854495 3735.7067772604064
leaf_count=8709 29218 12442 2282 1169 4401 34946 2930 4021 4793 3775 4608 9448 222 1851 21736 36066 558 7681 7570 59060 12803 44149 7153 13868 100726 27447 2664 1326 681 46567
internal_value=0.000150364 0.000723024 0.00213626 0.00568903 -0.000430788 -0.00261761 -0.000986145 0.00332244 0.0100884 -0.000841618 0.000109009 -0.00247393 0.00157588 0.00322567 0.00403452 -0.000156771 -3.86736e-05 0.000934157 0.00370941 -0.000622782 -0.0012903 0.000275007 0.000405433 0.000456351 0.000157923 0.00282554 0.00816601 0.00234001 0.0108199 0.000350315
internal_weight=49389.3 24902.1 7526.08 1015.57 24487.1 2712.57 1802.96 578.428 222.026 356.402 17376.1 1776.9 6510.51 2750.71 2408.35 21774.6 21222.2 7942.09 1513.78 13280.1 8843.06 6428.31 15599.2 15547.3 13821.2 1726.14 720.233 220.492 499.741 3759.8
internal_count=514870 262899 90940 8122 251971 79683 50465 15519 7723 7796 171959 18157 82818 36029 23587 172288 167887 59958 15251 107929 71863 44707 153802 149194 107879 41315 5840 2495 3345 46789
cat_boundaries=0 1 2 3 4 5 6 7 8 9
cat_threshold=197889 10624324 5808673 9744152 9685385 10445922 55968 1120425 15106889
is_linear=0
shrinkage=0.03


Tree=147
num_leaves=31
num_cat=11
split_feature=47 45 66 53 44 26 29 53 8 60 2 56 2 8 53 49 2 26 45 2 12 48 46 29 53 53 2 7 15 2
split_gain=15.2528 18.0843 20.1142 27.7443 23.4144 26.9203 18.0539 17.9849 17.1587 16.1699 14.7357 14.3323 14.0819 13.6444 19.8203 13.266 13.0599 12.9795 12.565 12.039 11.3221 10.7859 10.6669 10.1031 15.2391 13.4311 9.99178 9.93585 9.84005 9.4032
threshold=49.595000000000006 1.9166666666666667 0.095803351280632013 0 0.14521279113373312 18.225000000000005 7.0850000000000009 1 24.850000000000005 113.00000000000001 2 21.650000000000002 3 66.750000000000014 4 0.075875318824737456 5 32.620000000000012 2.6333333333333337 6 0.010000000000000153 0.065366326066829752 0.022499999999999954 5.5750000000000011 7 8 9 139.50000000000003 7.0950000000000006 10
decision_type=2 2 2 1 2 2 2 1 2 2 1 2 1 2 1 2 1 2 2 1 2 2 2 2 1 1 1 2 2 1
left_child=1 23 4 10 5 6 -3 19 -5 17 15 -10 -7 14 -6 -4 -11 -9 21 -2 -15 -18 -21 24 -1 -25 -26 -24 -12 -29
right_child=7 2 3 8 13 12 -8 9 11 16 28 -13 -14 20 -16 -17 18 -19 -20 22 -22 -23 27 25 26 -27 -28 29 -30 -31
leaf_value=-0.010795696633606707 0.0031759971831681962 -0.00028451466357530157 -0.0066212229107595376 0.024530300522065361 -0.00012341417014102661 -0.0040378493319703874 0.026019968804457342 0.0035952160878661424 0.0027139313584195542 0.0045189280401842389 0.00026111877926078124 -0.00064528887751443627 -0.0011446494223553902 -0.00042147227780147664 0.015990877493044703 0.0051328746441800894 -0.011665203857867909 -0.026069597459438973 0.00063662675530725603 -0.0033370651484798137 0.0051095327502298218 -0.0021199371251119296 0.023238731429289609 -0.0044595570832263271 -0.0070302740814444731 0.00055161942180233486 0.0015627976309406323 -0.0099516413883174414 -0.0078195296473863446 0.0027996408846027113
leaf_weight=297.1623752044502 467.00780906559703 20679.439121534288 633.47018643139791 28.814886403566561 125.03620655679697 2892.3666518803288 21.487802122817811 3144.2065533294335 5323.1784232420378 489.61961981227159 2518.9911989914749 1437.4985770492176 3304.8423967784988 867.51927207767585 145.03558003162834 95.586809319444001 146.048061192977 11.119830857962368 1363.4588343701216 1488.1220582454771 529.84457024532821 426.6246874053777 17.140236645936966 801.65247559334011 195.03025163311258 1157.0750039435629 281.23744338095639 48.463232755661011 141.16794758778997 350.43182297796011
leaf_count=2975 2267 270273 7455 839 960 27564 208 16186 58990 2331 27058 14468 31871 6100 1042 789 779 76 6383 7330 3911 2187 77 5830 1957 8299 2868 228 1887 1680
internal_value=-8.66447e-05 -0.000317973 -0.000150738 0.000993178 -0.000559439 -0.000774235 -0.00025325 0.0011159 0.00209942 0.00204533 -0.0012166 0.00199526 -0.00250903 0.00288434 0.00905726 -0.00496141 0.000193761 0.00346472 -0.000906705 -0.0010631 0.00165861 -0.00463858 -0.0021318 -0.00267668 -0.00559023 -0.0015064 -0.0019809 0.0020519 -0.000161378 0.000955289
internal_weight=49428.7 41476.4 38744.3 10178.7 28565.6 26898.1 20700.9 7952.24 6789.49 5581.08 3389.22 6760.68 6197.21 1667.44 270.072 729.057 2425.75 3155.33 1936.13 2371.17 1397.36 572.673 1904.16 2732.16 773.43 1958.73 476.268 416.035 2660.16 398.895
internal_count=514868 475344 453415 111486 341929 329916 270481 39524 74297 27942 37189 73458 59435 12013 2002 8244 11680 16262 9349 11582 10011 2966 9315 21929 7800 14129 4825 1985 28945 1908
cat_boundaries=0 1 2 3 4 5 6 7 8 9 10 11
cat_threshold=12976284 4205352 35265 9828 7538160 4169 82184 3168451 15078180 199225 34944
is_linear=0
shrinkage=0.03


Tree=148
num_leaves=31
num_cat=6
split_feature=12 11 28 9 55 30 28 2 63 42 30 21 2 15 47 8 32 8 70 21 67 2 56 32 63 2 28 2 4 2
split_gain=20.1587 21.8957 15.9064 17.5703 19.2669 15.475 14.5283 14.0711 13.7875 12.1822 12.5663 11.059 10.8638 11.2037 10.5078 10.6023 10.3916 10.5683 9.98167 9.64516 9.55793 12.6132 11.0058 9.52874 8.84711 8.49077 9.93911 8.45357 8.20454 11.3116
threshold=1.0000000180025095e-35 -0.036642156862744989 -1.3499999999999996 -0.010000000000000149 17.500000000000004 0.38298448629584386 1.2 0 3.5833333333333326 -0.85099281619513734 0.052513913451834981 0.060000000000000012 1 6.7750000000000012 0.35999999999999971 21.850000000000005 0.10877322047534811 51.050000000000004 2.1431318985078683e-16 -0.040000000000000015 1.4067731859142905 2 22.350000000000005 0.084217562623135317 -0.58333333333333204 3 -1.389999999999999 4 23.350000000000005 5
decision_type=2 2 2 2 2 2 2 1 2 2 2 2 1 2 2 2 2 2 2 2 2 1 2 2 2 1 2 1 2 1
left_child=2 16 8 4 12 7 9 11 25 -5 -11 23 13 -4 19 -16 17 -2 -13 -6 22 -22 -9 -3 -14 26 -1 -8 29 -19
right_child=1 5 3 6 14 -7 27 20 -10 10 -12 18 24 -15 15 -17 -18 28 -20 -21 21 -23 -24 -25 -26 -27 -28 -29 -30 -31
leaf_value=0.00068483841350122187 0.0060627008909860999 -0.00073970773306994886 0.0014585526979464796 -0.0060342001596835068 0.029642368585271615 0.0034607271197728295 -0.0008694811319725276 0.0015782131530660327 -0.019715231563559012 -0.00027819113235153105 -0.0023809633917581501 0.00012718385147028472 0.00081082920437505648 -0.0037255252202458016 0.025883861232543728 -0.00049686716801674539 0.019789934665224638 0.0043792835300615974 0.036899161617630849 -0.01285316462173473 -0.0059698670872624796 0.00041227622260548401 -0.0045568059037537131 -0.0060665969004798205 0.0036142455285276933 -0.0048547207328622742 -0.011289275855157269 0.0056913052885907509 0.0035307116973856403 -0.0022644674641496281
leaf_weight=649.7952881648057 701.91586525378261 7815.6793150380527 986.30030544367651 524.49346216807862 2.8234338136389843 1251.4048339042165 300.99356439709914 6605.4502276699914 44.197071446163136 5142.0125703289514 5160.7691993166491 16.878770128128057 1806.0137408141827 599.99067335207246 11.691256169700862 9783.7460896849607 31.659321828346947 326.7401155944226 11.15381313805119 88.227687036513089 379.29274241818439 944.57395865722447 269.88230873129396 314.61940656116803 2408.2782217789163 902.12140744404905 66.771356956711315 395.12184459497553 1158.4323114451149 709.11901436108155
leaf_count=6063 14128 92443 9343 12305 39 9605 4662 86790 449 54193 63356 905 18872 6902 243 65289 208 2942 608 1830 1772 4409 3408 2468 23946 8754 578 6072 5988 6385
internal_value=-6.82385e-05 0.000649537 -0.00057982 -0.000404371 0.000247403 0.000248102 -0.00129414 9.91825e-08 -0.00342882 -0.00156616 -0.00133466 -0.000879503 0.00162102 -0.000482543 -0.000555653 -0.000457041 0.00305181 0.00284496 0.0172401 -0.0106042 0.000878977 -0.00144177 0.00133177 -0.000950973 0.0024152 -0.00294184 -0.000411773 0.00288622 0.00179741 -0.000115152
internal_weight=49410.1 20536.8 28873.3 27210.5 15687.1 17608.9 11523.4 16357.5 1662.89 10827.3 10302.8 8158.33 5800.58 1586.29 9886.49 9795.44 2927.87 2896.21 28.0326 91.0511 8199.2 1323.87 6875.33 8130.3 4214.29 1618.69 716.567 696.115 2194.29 1035.86
internal_count=514955 232059 282896 267052 126464 202408 140588 192803 15844 129854 117549 96424 59063 16245 67401 65532 29651 29443 1513 1869 96379 6181 90198 94911 42818 15395 6641 10734 15315 9327
cat_boundaries=0 1 2 3 4 5 6
cat_threshold=205969 34060 33536 5844 18274 153700
is_linear=0
shrinkage=0.03


Tree=149
num_leaves=31
num_cat=12
split_feature=34 5 55 53 0 53 47 53 44 52 53 45 20 66 53 14 37 7 53 53 70 53 47 42 53 64 4 53 0 64
split_gain=20.2691 18.0637 14.5283 19.4162 18.2293 16.3939 16.6795 14.9855 13.83 13.8119 20.6788 12.9153 12.761 13.2464 25.0049 13.8797 12.7532 12.385 14.2402 13.4536 12.0774 12.0648 12.0254 16.3981 12.3203 11.9278 11.8992 11.7145 11.4917 13.6493
threshold=3.5000000000000004 0.18500000000000003 14.850000000000003 0 0.0078267443632397526 1 5.5250000000000021 2 0.08757442228127417 -1.4320181995498935 3 5.0833333333333348 -0.11999999999999993 0.12372857980208941 4 0.14500000000000005 4.4650000000000007 515.50000000000011 5 6 -1.2071067811865472 7 -1.1899999999999995 -0.59931543881762084 8 9 69.15000000000002 10 0.016023243397713053 11
decision_type=2 2 2 1 2 1 2 1 2 2 1 2 2 2 1 2 2 2 1 1 2 1 2 2 1 1 2 1 2 1
left_child=1 2 3 28 -5 -4 7 -7 16 10 -2 12 25 15 -15 -14 17 18 -3 -19 -10 -18 -13 27 -25 -11 -8 -24 29 -1
right_child=9 8 5 4 -6 6 26 -9 20 11 -12 22 13 14 -16 -17 21 19 -20 -21 -22 -23 23 24 -26 -27 -28 -29 -30 -31
leaf_value=0.0087195495486682532 -0.0096503782116248178 -0.0024514384671646627 -0.00081112610192754086 -0.0033937250445456933 0.0032282395926322861 -0.0045489068477251532 0.0013139809256203683 0.0010788216552756996 0.013572006503668108 -0.0061344996502954276 -0.00035684231051030991 -0.015925028972869099 -0.0012039749313446431 -0.0023301216398739812 0.003193047862399251 0.00084376952180718141 -4.0008310794174529e-05 -0.0059324603281014094 0.0086108105847840684 0.0018846024597636603 0.00063069336267931517 -0.0048628309869137342 0.02097266085045215 -0.0033179948507645559 0.0061911944081154083 -0.00086577702767944693 0.0057535505100917723 0.0023857173202976303 0.011588846920865318 0.001837945345618048
leaf_weight=393.87933955118365 360.24068713785368 157.40967455334453 5112.8213381091018 627.46508479745103 916.12229358031436 813.98934768327081 12811.732134930227 861.79463113298925 93.71931839667559 673.98336468754587 542.73915884842586 24.202574200531672 12176.00674823951 1084.9396584672072 2228.2840679913365 3924.5022136758362 721.03700536111546 350.7042441246449 272.89690502607414 421.68614091912013 219.13913552662234 1423.6074407255333 71.009273165194827 216.0128075319135 251.40050715881853 952.82329391793155 570.65573344730183 74.858756717737833 232.0532370825922 818.53637256808906
leaf_count=5990 6958 5197 37736 17630 12359 9988 84553 11905 943 7172 9547 3850 120801 11529 23196 42549 11720 7402 9675 8712 2239 23045 2033 2686 3165 10306 3206 2326 2531 14124
internal_value=7.52454e-05 0.000633361 0.000943649 0.00289816 0.000512788 0.00065237 0.00115109 -0.00165974 -0.00132117 -0.000586292 -0.00422133 -0.000433119 -0.000561962 -0.000346195 0.00137768 -0.000702931 -0.001892 0.000559056 0.00464461 -0.00168443 0.00466424 -0.00327974 0.00376098 0.00463587 0.00179845 -0.00311485 0.00150637 0.0133778 0.00538149 0.0041959
internal_weight=49400.3 26819.2 23159 2988.06 1543.59 20171 15058.2 1675.78 3660.2 22581 902.98 21678 21040.5 19413.7 3313.22 16100.5 3347.34 1202.7 430.307 772.39 312.858 2144.64 637.484 613.281 467.413 1626.81 13382.4 145.868 1444.47 1212.42
internal_count=515073 268955 200022 52634 29989 147388 109652 21893 68933 246118 16505 229613 215553 198075 34725 163350 65751 30986 14872 16114 3182 34765 14060 10210 5851 17478 87759 4359 22645 20114
cat_boundaries=0 1 2 3 4 5 6 7 8 9 10 11 12
cat_threshold=1158481 1313409 4739166 5969344 8688156 2116877 3600680 690401 13427905 13 15220926 352
is_linear=0
shrinkage=0.03


Tree=150
num_leaves=31
num_cat=9
split_feature=34 47 56 0 8 48 21 45 53 37 53 11 47 43 2 54 2 0 52 2 38 43 48 53 2 53 11 53 6 37
split_gain=18.3212 13.046 26.4114 25.5992 17.3098 15.0093 14.911 14.7062 14.4613 15.3237 14.1458 13.2536 12.4908 14.9654 12.3307 12.2772 13.8984 12.5721 12.2651 12.2421 11.231 15.799 12.5808 10.9569 10.7624 14.4564 12.6405 13.7898 10.3896 10.3585
threshold=4.5000000000000009 4.3050000000000015 14.450000000000001 0.007430441207434601 49.45000000000001 0.056839809459090257 0.024999999999999998 3.4500000000000006 0 5.3850000000000007 1 -0.14529411764705852 -2.6049999999999991 0.49027225103239269 2 8.4000000000000004 3 0.022404053439021552 -1.6323215627475218 4 0.46392239858906531 0.2281820047528221 0.081472161244482519 5 6 7 -0.059999999999999144 8 13.750000000000002 6.4650000000000007
decision_type=2 2 2 2 2 2 2 2 1 2 1 2 2 2 1 2 1 2 2 1 2 2 2 1 1 1 2 1 2 2
left_child=1 2 3 23 8 -6 28 15 11 19 -11 -3 -9 -14 -13 16 -4 -17 29 -10 21 -7 -22 -1 25 -20 27 -27 -5 -2
right_child=18 4 7 6 5 20 -8 12 9 10 -12 14 13 -15 -16 17 -18 -19 24 -21 22 -23 -24 -25 -26 26 -28 -29 -30 -31
leaf_value=-0.0067260093568312397 -0.010351540767872895 -0.011820475101487191 0.00072580312681917822 0.028412378624514425 -0.0083407575734561947 -0.001040805753078159 -0.0048942647833486713 -0.0097914414553147283 -0.0081170511001768426 0.014253636662831713 0.00031197211900709946 0 0.0025027369186084751 -0.0020591856788898834 0.0082315583684879068 -0.0080547715171174171 -0.0063447520855548821 0.00064202256468223263 -0.0045281486253343339 0.00064434535794497233 0.0010829495070129997 0.00070765084119113464 0.0062885143172783167 0.0027233580439439608 -0.0010620783902701829 0.0054827787170916107 0.0065329545256973863 -0.010694540570029731 0.011160827092940943 0.0028871861751543376
leaf_weight=126.50757667519224 215.53027567913978 34.020650895312428 734.19163624972566 47.819373962713598 175.89695124444188 7634.6934453642007 32.882817611535756 121.18067735066415 161.22619650470597 119.43992656223509 151.65454955295354 210.07774891140843 1170.3935834203928 1442.592247826861 751.48070884045319 758.02986918549232 362.65631024962772 178.12540787102671 205.07358028619046 809.79736810666418 6664.0341042507462 11892.286334022747 447.52131592210935 524.04939887025807 13513.615118412987 82.76325677989098 552.31058019533975 82.895249297300325 132.58914228840604 65.163926379486838
leaf_count=6385 4566 363 14361 1171 1191 49942 1073 6186 2461 1172 1535 2669 29690 29853 10323 10263 7120 1572 2146 11330 32586 99149 2033 28022 147714 727 5735 732 2286 763
internal_value=-8.28515e-05 0.000292834 -0.00102666 0.00378258 0.000549671 0.00033676 0.0127589 -0.00190564 0.00308502 0.000859559 0.00715706 0.00575789 -0.000455604 -4.01186e-06 0.00649396 -0.00383868 -0.0016431 -0.00637018 -0.000970156 -0.000870035 0.000395806 2.24634e-05 0.00141642 0.000763537 -0.000846492 0.00225984 0.00428236 -0.00277526 0.0161594 -0.00717333
internal_weight=49400.5 34683.1 5631.02 863.848 29052.1 26814.4 213.291 4767.17 2237.7 1242.12 271.094 995.579 2734.17 2612.99 961.558 2033 1096.85 936.155 14717.4 971.024 26638.5 19527 7111.56 650.557 14436.7 923.043 717.969 165.659 180.409 280.694
internal_count=515119 352736 137982 38937 214754 184901 4530 99045 29853 16498 2707 13355 65729 59543 12992 33316 21481 11835 162383 13791 183710 149091 34619 34407 157054 9340 7194 1459 3457 5329
cat_boundaries=0 1 2 3 4 5 6 7 8 9
cat_threshold=13772377 626820 22912 11994 404 8736 2304 1278213 12846818
is_linear=0
shrinkage=0.03


Tree=151
num_leaves=31
num_cat=11
split_feature=20 44 45 21 53 48 9 47 48 53 32 53 42 29 53 14 35 2 53 7 14 53 2 8 53 65 2 26 64 4
split_gain=20.4918 14.3606 15.8327 13.9594 14.2759 21.7805 14.0788 13.7855 16.7555 14.9516 14.1838 25.8855 13.8625 15.3434 13.1251 12.6949 12.019 11.9174 18.4535 11.8092 13.2264 11.5943 12.4963 11.3551 14.1124 13.2681 11.351 11.213 11.1001 10.5508
threshold=-0.084999999999999937 0.14782174446467092 1.8166666666666669 -0.0099999999999999655 0 0.092036626826356563 -0.0058333333333332989 60.605000000000011 0.07620560379824616 1 0.030031248781248753 2 0.37900718380486215 6.0650000000000004 3 0.095000000000000015 23.595000000000002 4 5 1639.5000000000002 0.03500000000000001 6 7 67.750000000000014 8 0.43934197262470104 9 24.700000000000003 10 15.250000000000002
decision_type=2 2 2 2 1 2 2 2 2 1 2 1 2 2 1 2 2 1 1 2 2 1 1 2 1 2 1 2 1 2
left_child=3 7 -3 6 5 -5 17 8 10 -9 29 -12 13 -10 -8 -7 -4 18 -1 -6 -21 22 -19 24 -18 -25 -14 -11 -29 -2
right_child=1 2 16 4 19 15 14 9 12 27 11 -13 26 -15 -16 -17 23 21 -20 20 -22 -23 -24 25 -26 -27 -28 28 -30 -31
leaf_value=0.0032460124633445957 -0.0025747600035529493 -0.0056794776377551608 0.012150731960812055 -0.0011292915657947519 -0.0052852530854375721 0.006623917029612447 0.0017717909725153361 0.0049600288952715418 -0.00021606511240603179 0.0056884931799869804 0.0025473831003034603 -0.00082617437065876621 -0.00053668980122699645 0.0034403111862206645 -0.0044155228327268006 0.052941636888145099 0.015971884472527894 0.004153227535808289 -0.0095488238689091336 -0.008513746542516281 0.027053477650350006 0.0048659687776827819 -0.0057062435568866598 0.0005433261437952459 0.00074554523127432957 0.015668712830089106 0.0029715155032420514 0.0021459754394994768 -0.0038429617575999977 -0.00067159645428473841
leaf_weight=195.15939188638004 3425.002525613816 157.72099136747374 154.20212938483928 1016.0205115490407 1701.5309246487241 16.124743118736664 434.56718818575609 1048.9728285264127 10188.834094088208 266.80504328600273 3214.3998849508575 5574.3587419337473 1080.4703556357813 1146.5683516610879 983.14109502775818 8.3836104133515601 112.6255861716345 205.21798440039856 187.366602704667 13.566858419217168 19.716210613027215 877.56464249419514 233.7122332190047 827.04622880306442 119.58867473783084 54.18125600149142 3404.2378967284062 492.428539206614 604.43103525791594 11507.2884714346
leaf_count=1352 72007 903 1074 13658 23858 524 4340 5839 141789 1333 32270 60173 11140 9082 10376 238 810 1530 1295 133 189 6359 1748 6088 924 378 35530 2704 3302 63724
internal_value=-3.19392e-05 0.000192946 0.00315279 -0.0016922 -0.00323996 -0.000398906 -0.000303157 9.15254e-05 -4.21085e-05 0.00229232 -0.000547136 0.000406514 0.000713219 0.00015167 -0.0025166 0.0263986 0.00428255 0.00152695 -0.00304486 -0.00489384 0.0120445 0.00288195 -0.00104215 0.00314614 0.00904561 0.00154063 0.00212519 0.000176399 -0.00114339 -0.00111042
internal_weight=49271.2 43379.2 1425.36 5892.07 2775.34 1040.53 3116.73 41953.8 39541.2 2412.64 23721 8788.76 15820.1 11335.4 1417.71 24.5084 1267.64 1699.02 382.526 1734.81 33.2831 1316.49 438.93 1113.44 232.214 881.227 4484.71 1363.66 1096.86 14932.3
internal_count=514670 449070 10177 65600 38600 14420 27000 438893 425715 13178 228174 92443 197541 150871 14716 762 9274 12284 2647 24180 322 9637 3278 8200 1734 6466 46670 7339 6006 135731
cat_boundaries=0 1 2 3 4 5 6 7 8 9 10 11
cat_threshold=4402056 10151060 1123427 329786 16410 6048485 8587653 37989 9206318 131849 387
is_linear=0
shrinkage=0.03


Tree=152
num_leaves=31
num_cat=16
split_feature=38 28 8 7 29 2 53 2 28 53 53 7 12 2 11 2 53 2 29 53 4 46 43 53 53 2 2 2 44 2
split_gain=19.2065 22.5409 19.2382 18.6621 20.6109 20.1964 16.306 22.5831 28.1864 16.2599 15.9346 15.3432 14.3753 30.0236 14.0081 13.9571 12.8164 13.8517 12.5619 12.4109 12.1554 11.6723 11.474 11.4206 10.9163 11.6759 10.9521 10.7626 10.3797 10.1341
threshold=0.46392239858906531 0.43500000000000011 83.950000000000017 879.50000000000011 6.1150000000000011 0 1 2 -1.175 3 4 1058.5000000000002 1.0000000180025095e-35 5 -0.07833333333333263 6 7 8 4.0050000000000008 9 8.8500000000000032 -0.16249999999999992 0.19880770669615003 10 11 12 13 14 0.0094729720105405524 15
decision_type=2 2 2 2 2 1 1 1 2 1 1 2 2 1 2 1 1 1 2 1 2 2 2 1 1 1 1 1 2 1
left_child=1 3 29 6 24 10 7 18 -9 -7 -6 15 27 -14 19 22 17 -13 -1 -4 28 -19 -3 -24 26 -26 -5 -8 -18 -2
right_child=2 11 14 4 5 9 12 8 -10 -11 -12 16 13 -15 -16 -17 20 21 -20 -21 -22 -23 23 -25 25 -27 -28 -29 -30 -31
leaf_value=-0.0020106223804505522 0.0052329076133860062 0.0017480703809504823 0.0066363465396033824 -0.008609713702052383 0.005656689575991641 -0.0057871831675758573 -0.0029802990309617514 -0.010771670271580165 1.9291416910365465e-05 6.1308583765119784e-05 -0.00058631429037724254 -0.0067796976029164766 0.0025073033999805303 -0.0013001654804191719 -0.00035641709800874038 0.0011510590834257612 0.0051246680444942284 0.017710414055009463 0.0034572521751564862 0.00029256341185116913 0.0016544327367423303 -0.0011525179581800755 0.01148605951482606 0.0034329634720236903 -0.0051279925129522098 -2.2880865491477851e-05 -0.0033769297747737932 -0.00081288909495503918 -0.015082603628294096 0.0018001235295556518
leaf_weight=427.44453188862781 1178.6698401112608 645.79272054655962 519.056966206178 638.28972505584579 658.56045983061631 760.97636713723978 2894.4546522499804 247.51061571833588 1673.9513922561118 944.77393181737352 800.37673686289645 457.77520147803443 3185.7806085395055 4450.5385187190295 5759.7317122391332 4055.1117706609784 29.361701262364022 28.1604262329638 2844.8674443224509 617.81354038822337 1994.2985165541813 1185.3104014375881 322.58379925655709 391.06881498004532 648.90364675293313 1075.1888187239156 1000.5942350646806 7423.7072545625997 71.187540162168261 2471.9147207005999
leaf_count=8446 5312 8490 2681 8778 5919 7393 30911 2853 18944 8459 7248 6524 38440 55078 28818 56021 1542 292 26875 3088 21634 16178 5021 6029 10082 14750 14065 81473 2657 11049
internal_value=4.13063e-05 -0.000266253 0.00117706 -0.000668756 -0.00208588 -0.000337215 -0.000267693 0.00120896 -0.00135783 -0.00255258 0.00223452 0.00103141 -0.000696894 0.000286158 0.000239898 0.00205493 -0.000432467 -0.00238775 0.00272474 0.00328267 0.00111997 -0.000656273 0.00468058 0.00734542 -0.00372135 -0.00198376 -0.00548086 -0.00142793 -0.00890441 0.0029382
internal_weight=49403.8 38856.6 10547.2 29675.9 6527.66 3164.69 23148.3 5193.77 1921.46 1705.75 1458.94 9180.65 17954.5 7636.32 6896.6 5414.56 3766.09 1671.25 3272.31 1136.87 2094.85 1213.47 1359.45 713.653 3362.98 1724.09 1638.88 10318.2 100.549 3650.58
internal_count=515050 464102 50948 339714 76694 29019 263020 57118 21797 15852 13167 124388 205902 93518 34587 75561 48827 22994 35321 5769 25833 16470 19540 11050 47675 24832 22843 112384 4199 16361
cat_boundaries=0 1 2 3 4 5 6 7 8 9 10 11 12 13 14 15 16
cat_threshold=161835 2819 50973 9292900 12397216 116066 104964 14387585 10306 15116370 1946001 8447827 160163 37053 1377 132123
is_linear=0
shrinkage=0.03


Tree=153
num_leaves=31
num_cat=9
split_feature=56 29 2 66 54 2 14 10 53 2 53 40 6 43 53 2 28 42 64 53 11 30 14 30 8 26 32 8 31 60
split_gain=16.2768 14.5931 14.4792 14.1609 15.0171 17.9927 14.897 14.3614 19.9644 14.1301 13.7066 12.7208 12.2017 10.6581 19.966 11.2565 10.6394 15.8552 13.1924 14.2018 11.4903 12.7053 10.6856 10.3131 15.0343 9.90885 12.1332 9.07836 8.68297 8.27265
threshold=21.650000000000002 1.635 0 0.29253841529958974 7.0000000000000009 1 0.10500000000000002 0.084999999999999923 2 3 4 2.5000000000000004 46.850000000000001 5.9733999252326013 5 6 0.59000000000000064 -0.62571793273879595 7 8 -0.099999999999999131 0.12808435268721982 0.22500000000000003 0.24795887763263133 44.650000000000013 25.540000000000003 0.048708421103130055 57.45000000000001 0.027279431482971253 111.00000000000001
decision_type=2 2 1 2 2 1 2 2 1 1 1 2 2 2 1 1 2 2 1 1 2 2 2 2 2 2 2 2 2 2
left_child=1 -1 23 6 9 12 7 11 -9 28 -7 -3 -6 15 -15 -8 17 -4 -18 29 21 -19 -21 -2 -25 26 -26 -11 -5 -20
right_child=2 3 16 4 5 10 13 8 -10 27 -12 -13 -14 14 -16 -17 18 20 19 22 -22 -23 -24 24 25 -27 -28 -29 -30 -31
leaf_value=-0.024084535707021241 -0.0064006897460762678 0.00097343071583251052 -0.010811270791721403 -0.0056485954256241932 0.0019899537378076683 -0.007941513316609982 0.0021579426058975478 -0.0039809569487634974 -0.00036152286252911852 0.020594471978605106 0.00089661597374810474 -0.00055574508703472563 0.01001534547579477 -0.0059474963925827094 0.013602167708940769 0.00027187595310551366 0.010461053497276086 -0.0046420163903170457 -0.021139986904155427 0.0085417336470407328 -0.0011986327616271871 0.014692903612001946 -0.018058698180031845 0.021289732638333673 -0.0050858629214559506 -0.0075084675923027351 0.0069351144110727375 -0.0008642914049395077 0.010294923422947352 0
leaf_weight=20.303724276382127 852.73380152126128 7742.5799280601314 144.4454329652981 66.652735037279854 479.11468714075909 207.35667619037395 3653.2816510186212 2130.1895941456105 3895.8123380811548 108.30607206884815 545.49002278721582 13307.963287324044 275.21186875312651 61.578673881478608 134.61660552956164 13056.283816240088 155.69747102972633 42.834900772366836 39.67063687083737 110.20366151792405 1683.3962855419863 85.451787972568127 12.985224856645798 23.793146153911948 140.15947175757265 189.43734210726689 157.1277118078483 17.804792672395706 52.710418296175703 28.55274480935168
leaf_count=6169 11576 89943 2331 778 3833 1599 38434 29116 49844 1259 4243 101592 1752 495 1117 141497 2065 539 571 1587 18540 705 195 305 1571 1325 1429 169 543 393
internal_value=1.14443e-05 0.000166197 -0.00191062 0.000178671 0.00282201 0.00167085 7.25316e-05 -0.000362976 -0.00165407 0.00969809 -0.00158485 5.31362e-06 0.00491144 0.000771783 0.00770298 0.000687693 -0.000432132 -0.00130565 0.00437154 -0.000974107 -0.000520143 0.00803456 0.00486579 -0.00434727 -0.000932078 -0.00216244 0.00117133 0.0161072 0.00110722 -0.0110435
internal_weight=49421.7 45755.3 3666.49 45735 1752.65 1507.17 43982.3 27076.5 6026 245.474 752.847 21050.5 754.327 16905.8 196.195 16709.6 2303.24 1956.13 347.11 191.412 1811.68 128.287 123.189 1363.25 510.518 486.725 297.287 126.111 119.363 68.2234
internal_count=515515 472383 43132 466214 14176 11427 452038 270495 78960 2749 5842 191535 5585 181543 1612 179931 26926 22115 4811 2746 19784 1244 1782 16206 4630 4325 3000 1428 1321 964
cat_boundaries=0 1 2 3 4 5 6 7 8 9
cat_threshold=196842 111395 5706034 15111 2951384 1181070 137228 228 147713
is_linear=0
shrinkage=0.03


Tree=154
num_leaves=31
num_cat=9
split_feature=20 16 53 49 2 2 66 29 7 53 39 47 29 53 9 53 2 54 42 46 53 12 2 0 61 58 46 6 35 28
split_gain=20.4395 15.8227 22.6524 15.9199 14.8752 13.6659 15.1534 12.5709 12.8952 15.6804 15.083 21.6458 14.9714 14.6832 11.5518 14.7288 13.1892 17.9712 12.2801 11.462 11.4223 14.8528 11.3484 11.3248 12.8674 11.2986 11.1056 11.0531 10.6282 10.6254
threshold=-0.084999999999999937 2.2342155627129725 0 0.078848617338271712 1 2 0.52308718412967037 1.9450000000000001 496.50000000000006 3 4.5000000000000009 1.2200000000000002 5.4650000000000007 4 -0.0058333333333332989 5 6 13.200000000000001 -0.15099281619513769 0.11749999999999997 7 0.024999999999999852 8 0.082433813139736509 0.021507863089731703 8.6500000000000004 -0.072499999999999939 51.750000000000007 45.07500000000001 0.61999999999999955
decision_type=2 2 1 2 1 1 2 2 2 1 2 2 2 1 2 1 1 2 2 2 1 2 1 2 2 2 2 2 2 2
left_child=14 7 3 27 28 -5 -7 -2 10 19 11 -9 -11 -12 15 18 17 -16 -1 -10 -19 -22 25 -18 -25 -17 -6 -3 -4 -28
right_child=1 2 4 5 26 6 -8 8 9 12 13 -13 -14 -15 16 22 23 20 -20 -21 21 -23 -24 24 -26 -27 29 -29 -30 -31
leaf_value=-0.0021254054511460536 -0.015056375549431502 -0.0011389962001672619 0.0078204067336921246 -0.0034005568223659053 0.0089700013708422354 0.01448888632717087 -0.016412978027189138 -0.0051514301663840648 0.00067142867637518075 -0.002014406029991837 0.0073623809260537562 0.00076465677476981846 -0.00016039408801474508 0.0011602039478274188 -0.0025602776092925011 0.015515413634882102 -0.0046912746065345774 0 0.0041974322890469843 0.0067836983642732343 0.0048866237030460733 0.027348261702969352 0.0002610060495195241 -0.011220038078290291 0.023327003746320674 -0.0050185823305736931 0.00037213624838312257 -0.012913358067299506 -0.0032543479352932221 0.0064187042236964302
leaf_weight=398.34746757236917 47.244524915731745 1625.5134710174502 828.23103433890219 82.150347400236569 191.41933773364872 151.98984930188271 13.198801288381217 580.43726379131112 6193.1951242156465 5862.1886343445367 582.09370632899788 12139.101736628967 11947.818005306552 882.43164052113809 586.53197548153821 22.217960631398682 1909.910383150851 112.99978735484183 860.34668230765965 288.72232762118801 70.22877570707351 46.36805484816432 938.91230004258955 12.198888849467037 25.356963252648711 887.6797056459236 1610.2263141750659 73.901939137153022 80.95019578654319 313.56767337674273
leaf_count=4273 9302 18989 8758 693 1762 1277 90 13531 61264 77426 17257 87065 97088 29275 8665 259 26821 1012 7119 3787 642 426 8349 73 145 7814 16368 591 766 4187
internal_value=6.86318e-05 0.000293514 0.00188631 -0.000629155 0.00350523 0.00642306 0.0110147 8.71087e-05 0.000107265 -0.000311507 0.000826519 0.000491559 -0.000772053 0.00371059 -0.00159177 -0.000325532 -0.00300346 0.000186066 0.00215531 0.000948858 0.00730102 0.0132642 -0.0020319 -0.00433304 0.0113471 -0.00440307 0.00207806 -0.00168323 0.00672267 0.00137891
internal_weight=49365.5 43494.4 4971.15 1946.75 3024.39 247.339 165.189 38523.2 38476 24291.9 14184.1 12719.5 17810 1464.53 5871.1 3107.5 2763.59 816.129 1258.69 6481.92 229.597 116.597 1848.81 1947.47 37.5559 909.898 2115.21 1699.42 909.181 1923.79
internal_count=515074 449476 53481 21640 31841 2060 1367 395995 386693 239565 147128 100596 174514 46532 65598 27814 37784 10745 11392 65051 2080 1068 16422 27039 218 8073 22317 19580 9524 20555
cat_boundaries=0 1 2 3 4 5 6 7 8 9
cat_threshold=13162660 105218 72036 6459524 596393 4014744 67667 524847 11210
is_linear=0
shrinkage=0.03


Tree=155
num_leaves=31
num_cat=7
split_feature=4 14 1 56 64 56 58 67 7 2 11 16 2 29 56 58 54 45 2 30 4 31 64 55 2 15 58 1 2 66
split_gain=16.5237 14.8158 14.315 15.4317 14.2164 13.3226 11.809 11.4594 11.8237 11.3121 11.2836 10.9757 10.7687 12.803 12.0036 10.5387 10.5256 9.99126 9.5721 9.56583 9.19081 8.96681 8.19778 8.04841 7.63752 8.08604 7.69744 7.4195 7.15295 13.0218
threshold=1.0000000180025095e-35 0.085000000000000006 34.045000000000009 21.450000000000003 0 21.650000000000002 70.950000000000017 1.866889738687062 1074.5000000000002 1 -0.046153846153845497 5.8469359753162911 2 7.0650000000000004 20.850000000000005 80.350000000000009 45.300000000000004 2.3666666666666667 3 0.44201530648105569 5.7500000000000009 0.068023151981556326 4 22.350000000000005 5 7.0050000000000008 27.450000000000003 37.255000000000003 6 0.17343970119922811
decision_type=2 2 2 2 1 2 2 2 2 1 2 2 1 2 2 2 2 2 1 2 2 2 1 2 1 2 2 2 1 2
left_child=-1 2 7 4 6 11 -4 8 20 22 18 12 13 -3 -14 -10 -12 -11 -9 -6 -2 24 -5 27 26 -26 -7 -13 -23 -30
right_child=1 5 3 9 19 21 -8 10 15 17 16 23 14 -15 -16 -17 -18 -19 -20 -21 -22 28 -24 -25 25 -27 -28 -29 29 -31
leaf_value=-0.020671817056122178 -0.0032062951316910366 -0.00060020098730202513 0.0029906798079215122 0.00062707628556092924 -0.0002093450429769627 -0.00776360232207088 -0.0040565356735254056 0.0053934727198253502 -0.0022243425144098752 -0.0076816365865998021 0.0025199622216542732 0.028878050500718441 0.00095379123378912841 0.0072254156653961902 0.0042617121520597536 -0.014833796741699204 -0.0064460514693429173 0.00023059258832048484 -0.0038526804403829114 0.005264085097987389 -2.306649814912435e-05 -0.0030570549884219771 -0.011258036852238557 -0.0050652405286775006 -0.0084725690076537449 0.0068504447144526566 0.00017325468239061064 0 0.0072157375227298202 -0.0035570622991332825
leaf_weight=32.656566735531669 896.4993319851128 5581.4356392894397 2779.4892946728123 70.180026564318723 7319.2185479822101 137.41528222202032 226.65276596398462 187.58926091184912 2758.421710586379 173.27262488959082 129.28721670218329 27.590193650685251 14522.209161584922 192.37061593960971 1065.0473172420661 60.042759280246173 898.64216427677457 760.18031934363194 190.00789642080235 297.10635074530637 9149.4301742757707 267.10238233488053 199.90257857713414 11.287515601143239 358.64882617536932 30.243302855174989 488.60300279178409 11.399604544043539 265.79202333837748 156.36072419490665
leaf_count=13081 29814 59356 26842 718 72244 1872 2709 870 27258 1383 610 235 147138 1353 13469 921 4168 8701 879 2096 77486 2410 2061 99 5154 538 7066 99 2648 1267
internal_value=3.37461e-05 4.89354e-05 -0.000440295 0.000329571 0.000696775 0.000602533 0.00243892 -0.00108037 -0.000796058 -0.00288229 -0.00365644 0.000806757 0.0007716 -0.000331289 0.0011815 -0.00251393 -0.00528652 -0.00120643 0.000706558 1.55479e-06 -0.000310705 -0.00194373 -0.00816808 0.0145691 -0.00373888 -0.00699625 -0.0015162 0.0209549 0.000659361 0.00308421
internal_weight=49244.1 49211.4 26095.9 11826 10622.5 23115.5 3006.14 14269.9 12864.4 1203.54 1405.53 21411.3 21361.1 5773.81 15587.3 2818.46 1027.93 933.453 377.597 7616.32 10045.9 1704.17 270.083 50.2773 1014.91 388.892 626.018 38.9898 689.255 422.153
internal_count=514545 501464 258760 116754 103891 242704 29551 142006 135479 12863 6527 221749 221316 60709 160607 28179 4778 10084 1749 74340 107300 20955 2779 433 14630 5692 8938 334 6325 3915
cat_boundaries=0 1 2 3 4 5 6 7
cat_threshold=352 135182 34240 152761 6 44597 20665
is_linear=0
shrinkage=0.03


Tree=156
num_leaves=31
num_cat=9
split_feature=14 47 53 54 8 58 42 48 61 56 57 29 46 53 7 53 55 53 2 0 2 2 2 7 44 7 47 42 53 65
split_gain=16.656 13.538 16.2737 16.6864 15.0565 13.5635 17.1536 12.5869 12.4537 12.4407 15.0528 14.3943 13.1506 12.6266 13.3119 12.5204 12.2587 16.9995 13.7607 12.2024 12.7198 12.1823 12.0503 12.0029 11.8917 11.8841 11.0533 11.0157 10.8813 12.1265
threshold=0.10500000000000002 0.73999999999999999 0 6.1000000000000005 22.550000000000004 35.250000000000007 -0.95931543881762094 0.081305894275842366 0.13680926916221034 21.650000000000002 0.098400000000000015 6.3850000000000007 0.0099999999999999516 1 58.500000000000007 2 15.250000000000002 3 4 0.05725420152069436 5 6 7 561.50000000000011 0.042895303389981959 464.50000000000006 14.395000000000003 0.69900718380486249 8 0.021749413845584254
decision_type=2 2 1 2 2 2 2 2 2 2 2 2 2 1 2 1 2 1 1 2 1 1 1 2 2 2 2 2 1 2
left_child=1 2 -1 8 5 6 -3 -8 -4 10 11 24 15 -14 -15 -12 17 21 26 -11 -21 -6 -5 -10 25 -2 -18 -19 -13 -30
right_child=9 4 3 22 16 -7 7 -9 23 19 12 28 13 14 -16 -17 18 27 -20 20 -22 -23 -24 -25 -26 -27 -28 -29 29 -31
leaf_value=-0.0072691776865483372 0.0039068898020395851 0.001053098070969737 0.00075349696771998323 -0.00080447660537835502 0.0034760888708622695 -0.0039436358056143357 0 0.065670291451915219 -0.0024764468208851222 -0.0032146768723516381 -0.0025561684294420866 0 -0.00044700788091345608 0.012791532040796822 0.0016472236110298534 0.00043498483696012254 -0.0034032781700331438 0.0017148159297144963 -0.00027267267985146604 -0.0055996739782760239 0.010711101926600909 -0.0041349446944977716 -0.0097652722868437139 0.052803803922949623 0.012434871105383686 -0.00055794630476572776 -0.00082791454857733418 0.0074259780101194051 -0.0012698385777326485 0.010466128329787322
leaf_weight=559.63123723482238 834.97473828826378 12.207874347455798 916.09141314196654 294.78965595346665 244.15083924207784 14.035374464477171 3.034864462662429 9.9614236059674095 4.2301684415278924 1240.2780122606382 2241.857307076988 203.54574638486429 3402.5908353107397 97.041181561636222 5900.1519340277373 2822.0373857755903 2598.9213107775954 2057.5833811764769 18603.032824514641 56.612690239213407 110.82915257103741 705.98172752790151 267.94262322572661 6.1674673293850901 84.388528935145587 1469.1547889274902 3644.9449651178898 361.68654332559618 89.704193155281246 462.40545177087188
leaf_count=20118 28790 413 38358 7314 3534 422 93 259 202 16492 15313 2600 28211 1209 47202 19871 26581 25041 142581 364 748 10783 6249 194 916 39648 20570 3967 1572 4995
internal_value=-0.000160799 -0.000597966 -0.00295398 -0.00124758 -0.000425869 0.01767 0.0302138 0.0518115 0.00119293 0.000534308 0.000752609 0.00263466 0.000341099 0.00100648 0.0018337 -0.000887992 -0.000453348 0.00124106 -0.00068441 -0.00217213 0.00531998 -0.00212903 -0.00533088 0.0311224 0.0014739 0.00104901 -0.00190238 0.00257583 0.00625052 0.00835667
internal_weight=49320 30304.4 2048.85 1489.22 28255.5 39.2395 25.2042 12.9963 926.489 19015.6 17607.9 3144.17 14463.7 9399.78 5997.19 5063.89 28216.3 3369.4 24846.9 1407.72 167.442 950.133 562.732 10.3976 2388.52 2304.13 6243.87 2419.27 755.655 552.11
internal_count=514610 306679 72435 52317 234244 1187 765 352 38754 207931 190327 78521 111806 76622 48411 35184 233057 43325 189732 17604 1112 14317 13563 396 69354 68438 47151 29008 9167 6567
cat_boundaries=0 1 2 3 4 5 6 7 8 9
cat_threshold=10495524 1138320 12919686 7210532 132108 133491 24580 85624 11143432
is_linear=0
shrinkage=0.03


Tree=157
num_leaves=31
num_cat=8
split_feature=4 8 12 45 47 3 53 11 53 8 42 48 47 53 53 53 30 28 45 53 46 53 45 1 11 47 53 45 56 49
split_gain=17.3682 24.1036 15.5855 18.9029 17.1119 20.557 19.8136 16.3751 21.3396 12.7021 12.2377 14.5139 11.1522 13.5998 12.3884 10.4296 11.8378 10.4316 10.3687 11.7379 8.21972 7.23871 7.41068 7.84731 7.08758 5.63861 5.4589 5.48028 5.20313 5.21655
threshold=0.65000000000000002 12.65 -1.0000000180025095e-35 2.916666666666667 6.3150000000000013 0.20500000000000004 0 -0.046153846153845497 1 21.250000000000004 -1.3609928161951377 0.078969158495891867 49.595000000000006 2 3 4 0.39080023295900207 0.43500000000000011 3.6333333333333337 5 0.017499999999999953 6 4.4500000000000011 34.370000000000012 -0.058499999999999941 -1.4499999999999993 7 3.5500000000000003 14.450000000000001 0.0015949003886774002
decision_type=2 2 2 2 2 2 1 2 1 2 2 2 2 1 1 1 2 2 2 1 2 1 2 2 2 2 1 2 2 2
left_child=21 10 3 12 6 -6 -5 8 20 -10 25 26 14 -14 -3 17 -17 -9 19 -13 -4 22 23 28 -20 -2 27 -12 29 -1
right_child=1 2 7 4 5 -7 -8 15 9 -11 11 18 13 -15 -16 16 -18 -19 24 -21 -22 -23 -24 -25 -26 -27 -28 -29 -30 -31
leaf_value=0.043817035732431099 0.010795823826516495 -0.0006723384230712978 -0.0030854024028173512 0.0010572276699919744 0.00064475625506486551 -0.0091840239008564167 -0.0036257997614200167 -0.001607918767185404 0.028589837830817852 0.0041094880502092514 0.025751519047343727 -0.0076076719747163821 0.0043716109484277579 -0.0015096804462110755 -0.0035469205440626581 0.00039118474547308543 0.0036046389683380715 0.001550724881174446 0.0044499806894917537 0.020923121829565627 0.0029982723613785726 -0.015832549844935463 -0.016364118438505337 -0.0048659250090835387 0.044147841927973094 -0.018626222169533874 -0.0085200279177729907 -0.0032446327367550492 0 -0.001806759430732307
leaf_weight=8.0915981439407023 6.7131553802755688 2263.2398349170307 632.32812105293806 1284.3917977273552 12969.426787995648 192.07090150316981 2157.7032934891149 4240.0775894106155 17.770346859469555 1987.3873732483489 11.712398125091569 15.392191922156597 511.70954792798602 1073.4820548373882 3512.0690454580208 15663.393151941455 1106.5913174384259 1198.5148262915645 7.3271421069512135 19.345172990468427 285.96646726620384 76.069791195403923 10.967036980872534 10.770313763877082 26.480582744074582 12.747307076648893 16.520596255117653 6.7239136317502917 2.9438359700707215 1.1555986537132401
leaf_count=1015 558 18773 5652 26600 88304 1795 43225 45771 715 18405 606 982 2845 5730 30052 170103 8398 15391 558 1199 2880 14354 3357 1217 2487 1229 1147 514 457 76
internal_value=-1.34786e-06 2.48949e-05 -7.98701e-06 -0.000555947 3.29578e-06 0.000497668 -0.00187751 0.000513317 0.00262415 0.004348 0.013184 0.0173279 -0.0018212 0.000391083 -0.00243354 0.000233892 0.000605062 -0.000904351 0.0251798 0.011363 -0.00114346 -0.0118024 0.000925853 0.0114063 0.037111 -0.00701853 0.000590225 0.0096861 0.026556 0.0361408
internal_weight=49329.1 49219.1 49096.1 23964.1 16603.6 13161.5 3442.1 25132 2923.45 2005.16 122.962 103.502 7360.5 1585.19 5775.31 22208.6 16770 5438.59 68.5451 34.7374 918.295 109.998 33.9284 22.9613 33.8077 19.4605 34.9569 18.4363 12.191 9.2472
internal_count=514395 493919 484639 217324 159924 90099 69825 267315 27652 19120 9280 7493 57400 8575 48825 239663 178501 61162 5226 2181 8532 20476 6122 2765 3045 1787 2267 1120 1548 1091
cat_boundaries=0 1 2 3 4 5 6 7 8
cat_threshold=2048642 4755204 15859974 1575786 723040 2674580 2625953 2960810
is_linear=0
shrinkage=0.03


Tree=158
num_leaves=31
num_cat=6
split_feature=4 8 53 4 4 8 4 8 53 53 52 57 36 30 42 53 7 63 1 42 2 15 29 12 11 64 48 30 30 49
split_gain=14.3586 14.7871 22.7402 18.81 17.7683 17.0215 17.727 34.718 17.2379 14.0244 11.4931 11.1274 11.0203 10.7471 14.6431 10.2634 10.1555 16.1743 13.3877 9.26316 7.96074 7.7534 7.6461 12.4382 7.01495 5.68336 5.67615 5.12247 5.39382 4.85374
threshold=0.45000000000000007 19.750000000000004 0 2.8500000000000001 3.0500000000000003 31.850000000000005 9.4500000000000011 50.350000000000001 1 2 0.63806322722269304 0.11965000000000002 25.650000000000002 0.020327170841892356 -0.98099281619513745 3 442.50000000000006 2.0833333333333326 27.915000000000003 -1.4209928161951375 4 7.0250000000000012 4.9350000000000014 0.010000000000000153 -0.031999999999999543 5 0.073454309828968764 0.092432843343827217 0.008024456655055686 0.0039081592130987006
decision_type=2 2 1 2 2 2 2 2 1 1 2 2 2 2 2 1 2 2 2 2 1 2 2 2 2 1 2 2 2 2
left_child=-1 2 16 12 10 9 8 -8 -7 21 29 -11 27 14 -6 26 17 18 -2 -19 -17 -5 25 -24 -12 -18 -14 28 -3 -4
right_child=1 3 4 5 13 6 7 -9 -10 11 24 -13 15 -15 -16 20 22 19 -20 -21 -22 -23 23 -25 -26 -27 -28 -29 -30 -31
leaf_value=-0.01351694349897945 0.02795206698760544 -0.0057495900886493975 -0.01301404243472655 0.00089317599124781664 0 0.0019781167098943853 0.0030360724995318993 -0.00014240505851988172 -0.0024559154421284588 0.0079644497494945204 -0.0051648047609836028 -0.0039767131241843093 -0.018303011443587015 0.0044213322321070428 0.063363478912478441 0.011969527181506514 0.0059069352782536305 0 0.0063682300872007665 0.054358342355160842 -0.0012003415978626795 -0.012573184661609574 0.038877981203274584 -0.0059683012017938833 0.011305759238357341 -0.0087228968026087459 -0.0035015647676373083 0.013312879271087225 -0.016572558113539852 0.0019465346116578923
leaf_weight=69.013613452516438 35.994500227103572 87.618937841764819 108.14217653309038 478.60400975577249 4.4342159896623343 938.27198150148479 3362.3245500319172 38223.666177320549 4573.0623440006257 576.65628612230375 40.616799257928506 75.157235133477116 42.966188835981484 26.199042771620043 6.4068713138040021 41.593133222178949 37.383451853102997 3.7040023870727081 105.49433720363049 12.753601716177853 164.45214684992652 39.768657217267901 10.268678390886636 7.5258237088564774 46.11243618128492 33.626257010407699 64.524202509719998 4.7295334952132171 110.95859355094217 19.062836039304784
leaf_count=17200 2114 4279 8925 13642 186 17443 42533 267245 86058 17320 1569 1330 1751 791 197 1785 2219 253 6047 809 6244 1318 368 321 1988 2063 2752 140 5150 1220
internal_value=-3.62823e-05 -1.62478e-05 0.00511729 -6.94456e-05 -0.00129244 -7.7487e-06 -9.72407e-05 0.000113995 -0.00169603 0.00356253 -0.00480959 0.00643531 -0.0057512 0.0171279 0.0400277 -0.00207987 0.0113125 0.0163384 0.0123813 0.0437057 0.00183302 -0.000124254 0.00312585 0.0197089 0.00331165 -0.00104491 -0.00908822 -0.0111915 -0.0120516 -0.0105444
internal_weight=49351.1 49282.1 497.725 48784.4 250.974 48267.5 47097.3 41586 5511.33 1170.19 213.934 651.814 516.843 37.0401 10.8411 313.536 246.751 157.946 141.489 16.4576 206.045 518.373 88.8042 17.7945 86.7292 71.0097 107.49 203.307 198.578 127.205
internal_count=515260 498060 29070 468990 14876 446889 413279 309778 103501 33610 13702 18650 22101 1174 383 12532 14194 9223 8161 1062 8029 14960 4971 689 3557 4282 4503 9569 9429 10145
cat_boundaries=0 1 2 3 4 5 6
cat_threshold=5036873 1155072 8582796 12622056 1360 314
is_linear=0
shrinkage=0.03


Tree=159
num_leaves=31
num_cat=5
split_feature=40 29 32 4 7 29 45 8 56 53 29 58 52 2 0 63 2 61 7 15 53 37 5 52 53 12 48 21 14 69
split_gain=17.8637 20.2024 20.2009 17.8492 17.5426 25.6858 23.962 23.5277 14.5129 11.8598 12.3054 11.3936 11.2668 15.4867 15.0469 10.7329 13.9198 12.673 11.0747 10.0453 12.6917 10.9982 10.3333 9.93969 14.366 11.3393 8.07776 11.9225 7.2891 6.93179
threshold=3.5000000000000004 5.4050000000000011 0.09651168534251596 0.45000000000000007 1084.5000000000002 4.9350000000000014 2.6333333333333337 48.350000000000001 21.950000000000003 0 5.0950000000000006 76.800000000000026 0.90350790290524952 1 0.024202471481522752 -1.4166666666666676 2 0.098199935711989719 561.50000000000011 6.8050000000000006 3 5.8250000000000011 0.14500000000000005 1.0598058340078651 4 0.05000000000000026 0.076748515649190968 -0.010000000000000021 0.20500000000000004 -2.0606601717798205
decision_type=2 2 2 2 2 2 2 2 2 1 2 2 2 1 2 2 1 2 2 2 1 2 2 2 1 2 2 2 2 2
left_child=2 19 3 -1 5 6 -5 -7 15 11 -11 -6 26 -14 -15 16 17 -3 -18 22 21 -21 -2 25 -25 -17 -10 -28 29 -4
right_child=1 8 28 4 9 7 -8 -9 12 10 -12 -13 13 14 -16 23 18 -19 -20 20 -22 -23 -24 24 -26 -27 27 -29 -30 -31
leaf_value=-0.014733876660923342 0 0.0031291374661968009 -0.0010276040854202393 -0.0040283939086831243 -0.0024718584042032797 0.0044771502092553848 0.00014835335376903817 0.0010333110604735499 -0.0077801844551872749 -0.0072784491507657751 0.00036523450222178822 -0.014906102340177045 -0.006968426888399163 -0.0088756230583220581 0.014693783891935345 -0.001784856785053051 0.0035122341392247983 0.015637580540830809 -0.0015068317394903636 -0.010488068681690112 -0.0051832583659737631 0.0055408300378763731 -0.0084997404784173079 0.0045894098224174206 -0.00048545408056685204 0.000728655481199128 0.021476762104549921 -0.0042422077444778617 -0.0052765136554870527 0.01512123933657155
leaf_weight=68.760325286977604 156.75909274503056 940.09204064947608 24.51145336265472 1381.7870674417791 2165.3824788895204 2114.0138901970313 11500.065021902559 11773.931869853077 536.48905425294106 198.93219115175953 3324.2502082704609 67.714568297522874 99.222048691906821 29.494496590592462 93.84951210944746 6786.3234650238774 536.76720044447666 79.138413473388027 1482.2243201105548 42.451395176529331 369.13063430389548 253.8614838664098 587.9974677759219 692.10996454947099 1719.5964263361507 2099.1439843023691 19.687903089155043 59.418095919335428 20.144047740846872 136.21083187584009
leaf_count=17327 1020 6756 161 14785 25333 46444 156959 84644 4756 5619 35067 1231 602 237 512 53274 3740 544 11171 382 3251 2157 4847 4481 10757 17561 134 549 157 946
internal_value=-4.09629e-05 -0.000843787 0.000364359 0.000307607 0.000341231 0.000665022 -0.000297898 0.00156026 -0.000522042 -0.00115907 -6.15565e-05 -0.00286252 -0.00435689 0.00130837 0.00811901 -0.000295158 0.00128364 0.00411813 -0.000154703 -0.00427883 -0.00153425 0.00298877 -0.00668027 -0.00072256 0.000978097 -0.00118765 -0.00645133 0.0021606 0.0103126 0.0124917
internal_weight=49359.5 16583.8 32775.7 32594.8 32526.1 26769.8 12881.9 13887.9 15173.6 5756.28 3523.18 2233.1 838.161 222.566 123.344 14335.4 3038.22 1019.23 2018.99 1410.2 665.444 296.313 744.757 11297.2 2411.71 8885.47 615.595 79.106 180.866 160.722
internal_count=515404 126731 388673 387409 370082 302832 171744 131088 115074 67250 40686 26564 6790 1351 749 108284 22211 7300 14911 11657 5790 2539 5867 86073 15238 70835 5439 683 1264 1107
cat_boundaries=0 1 2 3 4 5
cat_threshold=8741776 204082 53562 577512 5439873
is_linear=0
shrinkage=0.03


Tree=160
num_leaves=31
num_cat=4
split_feature=4 8 4 8 53 34 28 63 4 29 28 21 53 39 53 53 3 46 66 9 61 42 52 28 4 8 3 6 66 45
split_gain=16.549 31.3624 19.0821 17.381 14.2927 14.0575 15.1293 13.6095 11.2497 17.7259 14.1072 11.1582 10.7019 10.6601 11.585 10.3776 9.39938 9.83165 9.35956 8.77382 11.8058 8.58717 13.9597 8.39041 7.06064 8.1193 6.46525 7.68239 15.6004 9.66748
threshold=1.1500000000000001 20.450000000000003 3.7500000000000004 31.850000000000005 0 4.5000000000000009 -0.82999999999999974 1.9166666666666681 3.0500000000000003 3.3650000000000007 0.13000000000000003 -0.034999999999999996 1 4.5000000000000009 2 3 0.21500000000000005 -0.037499999999999943 0.071399273409117517 0.026666666666667654 0.020620748299319706 0.044282067261203657 0.74785300449428449 -0.88999999999999913 0.45000000000000007 15.350000000000003 0.21500000000000005 3.6500000000000008 0.0031670645348953505 3.7083333333333335
decision_type=2 2 2 2 1 2 2 2 2 2 2 2 1 2 1 1 2 2 2 2 2 2 2 2 2 2 2 2 2 2
left_child=12 4 11 15 -2 6 -5 -7 9 -6 -11 21 26 -13 -15 23 -14 24 -17 20 -10 22 -3 -4 -18 -26 27 28 -1 -30
right_child=1 2 3 5 8 7 -8 -9 19 10 -12 13 16 14 -16 18 17 -19 -20 -21 -22 -23 -24 -25 25 -27 -28 -29 29 -31
leaf_value=-0.00492011033603117 0 0.0024078017509182536 -0.008838485382354563 -0.0010924973012275501 -0.0069552000553856344 -0.00044153648698836117 0.00057444129972952231 -0.0029527859664813865 0.0095372125792935365 0.0070405747665777283 0.027525443177074654 -0.011925582823037141 -0.015558426582358318 0.00061053666988593455 -0.0069690656791578888 0.0043753843790414739 -0.0015129590380445754 -0.0046810577101100261 0.013795769464492921 0 0.043584624455111562 -0.0027520849938142819 0.046616239277178943 0.002542281832311589 0.080653992144601741 0 -0.018461235192947897 -0.0032383457606740208 0.0045780476447947679 0.049980501564943242
leaf_weight=19.096027179225871 132.82259995603863 19.993382446181389 70.321687817744987 5978.8680860935274 43.225662492294305 11659.289182625347 26944.230616485278 2340.5639001157906 19.716018573804831 97.720924278764414 47.788299958845528 171.04785826737771 138.2497281794457 332.44087827987823 375.80005369651144 347.67946220805152 1.1479519485437806 14.256729498256503 139.81416483536623 9.8452247497625631 25.877837061992523 28.201578398448873 8.9776020353287986 295.40884404538247 1.5129757078830155 0.79432563530281175 13.048951299910412 67.505028438697195 9.9204943617389763 9.5512430476655918
leaf_count=4813 7042 603 1517 46378 3105 105123 233079 22947 500 4479 2297 5063 14746 13599 15640 9119 313 2938 3476 494 671 627 165 7752 105 45 2477 4197 837 1039
internal_value=-4.75104e-05 -5.63188e-06 -7.3123e-05 9.46607e-06 0.00859027 -6.71504e-05 0.000270764 -0.000863884 0.0126248 0.0092169 0.0142536 -0.00430964 -0.00735864 -0.00516971 -0.00346687 0.00424836 -0.0121109 0.00598099 0.00703996 0.0251774 0.0305114 0.00813845 0.0192015 0.000230013 0.0410606 0.0600744 0 0.00252638 0.0130181 0.030827
internal_weight=49364.7 49089.6 48712.6 47776.2 376.997 46923 32923.1 13999.9 244.174 188.735 145.509 936.461 275.083 879.289 708.241 853.224 155.962 17.712 487.494 55.4391 45.5939 57.1726 28.971 365.731 3.45525 2.3073 119.122 106.073 38.5678 19.4717
internal_count=515186 483676 465088 429391 18588 407527 279457 128070 11546 9881 6776 35697 31510 34302 29239 21864 18147 3401 12595 1665 1171 1395 768 9269 463 150 13363 10886 6689 1876
cat_boundaries=0 1 2 3 4
cat_threshold=14909972 7881569 5989458 5137604
is_linear=0
shrinkage=0.03


Tree=161
num_leaves=31
num_cat=15
split_feature=58 53 44 53 43 37 49 43 53 2 47 53 67 53 31 42 2 43 67 2 4 2 4 53 2 2 53 2 15 64
split_gain=19.0958 20.7504 15.9574 22.6516 24.0887 27.2851 16.2049 15.085 18.8381 14.9571 16.8089 19.8951 14.8992 20.1856 14.4529 14.3217 19.8248 14.1441 15.8269 14.1796 15.0752 14.0342 13.5894 13.3447 12.5509 12.3765 13.0965 11.5081 13.6406 11.9081
threshold=69.850000000000009 0 0.065498567848191871 1 0.39164710163606736 5.0250000000000012 0.078848617338271712 2.1698035816828418 2 3 15.925000000000002 4 2.1690043914268862 5 0.051302779876268405 0.54900718380486213 6 0.22085597899263423 0.99906119280010153 7 23.150000000000002 8 1.1500000000000001 9 10 11 12 13 6.9750000000000005 14
decision_type=2 1 2 1 2 2 2 2 1 1 2 1 2 1 2 2 1 2 2 1 2 1 2 1 1 1 1 1 2 1
left_child=2 14 6 15 5 23 7 12 -9 -8 -11 -12 22 -14 27 -4 -17 18 25 -19 -21 -16 -1 -5 -10 26 -3 -2 29 -29
right_child=1 17 3 4 -6 -7 9 8 24 10 11 -13 13 -15 21 16 -18 19 -20 20 -22 -23 -24 -25 -26 -27 -28 28 -30 -31
leaf_value=-0.0061339878492614524 -0.00026525816512936725 -0.007744737965386655 0.0035224377511943275 -0.0031586214595492367 0.0041055917604303112 -0.0036829795061725616 0.0070230613049730335 0.0001322973613062977 0 -0.0024268230352188416 0.013809813396545785 0.00020644133534547927 0.0014273757013955608 -0.0031903587111409841 0.0028943777916657369 -9.47564978021728e-05 0.01609626848821041 -0.0049222241254578136 0.012946949025447211 0.0074133446811632036 -0.0014139082623032492 -0.006266085603503559 0.00055185927356020338 0.0082314325118477676 -0.0038560917938814318 -0.0069292272692700772 0.0021965986550465731 0.012885790197927564 0.026934888237281608 0
leaf_weight=273.70013778329667 191.38300939831015 168.86661477857297 980.7048145945364 122.89061605612733 1054.6946694315438 1363.6717683119787 544.66069073168137 4362.9284069170972 1069.8778156743633 583.91180081997072 146.62949273613867 271.70133539104609 1309.2297853534069 2371.9376165181316 302.23482386995011 104.09939046390355 201.84024728492932 418.87449611499869 40.883835077751428 278.70428426274611 446.90716866990169 275.1338943826072 27540.799212512997 302.25740767949083 2679.0401888983774 1244.3928663423058 334.65897296824915 123.19599479826047 34.46239079721272 132.20066796473748
leaf_count=31482 2609 2541 6642 1323 5703 8291 4114 43280 11068 4947 980 1893 6160 11187 2993 655 1271 3722 270 2491 3782 2809 296399 3198 27740 18389 4748 1587 525 1816
internal_value=7.0195e-05 -0.00191752 0.000246154 0.00202361 0.000504055 -0.00160207 6.69541e-05 -5.00177e-05 -0.00120412 0.00307751 0.00081569 0.00542242 0.000246332 -0.00154479 0.00165901 0.00530749 0.0110445 -0.00321345 -0.00489161 -0.000588421 0.00192004 -0.00148384 0.000484554 0.00498825 -0.00275966 -0.00534032 -0.00118189 0.00551659 0.00910955 0.00675102
internal_weight=49276.5 3991.9 45284.6 4130.16 2843.51 1788.82 41154.4 39607.5 8111.85 1546.9 1002.24 418.331 31495.7 3681.17 1058.61 1286.64 305.94 2933.29 1788.8 1144.49 725.611 577.369 27814.5 425.148 3748.92 1747.92 503.526 481.242 289.859 255.397
internal_count=514615 48282 466333 27083 18515 12812 439250 427316 82088 11934 7820 2873 345228 17347 12339 8568 1926 35943 25948 9995 6273 5802 327881 4521 38808 25678 7289 6537 3928 3403
cat_boundaries=0 1 2 3 4 5 6 7 8 9 10 11 12 13 14 15
cat_threshold=6472192 9324550 3237731 43538 12918819 8389405 51656 170566 144013 1147016 137737 18802 331843 198560 7
is_linear=0
shrinkage=0.03


Tree=162
num_leaves=31
num_cat=15
split_feature=14 12 7 53 28 53 13 7 10 2 8 4 28 2 63 53 2 52 53 67 2 65 53 2 53 2 53 64 53 33
split_gain=19.2768 14.5844 16.3099 18.2297 14.9121 15.6749 13.8578 13.6535 16.5717 16.1763 13.3874 19.8559 13.1389 12.8115 12.717 16.8366 12.5732 15.6405 12.2754 16.3833 12.2107 14.8892 12.0067 11.7252 15.2647 11.6249 11.3003 11.2664 11.098 11.0109
threshold=0.085000000000000006 -0.055000000000000139 265.50000000000006 0 -0.59500000000000008 1 3.5000000000000004 1225.5000000000002 0.044999999999999908 2 21.250000000000004 1.6500000000000001 0.32499999999999979 3 0.91666666666666796 4 5 1.0138937495022737 6 2.0976297693961121 7 0.20515190293378832 8 9 10 11 12 13 14 -1.4999999999999998
decision_type=2 2 2 1 2 1 2 2 2 1 2 2 2 1 2 1 1 2 1 2 1 2 1 1 1 1 1 1 1 2
left_child=7 2 3 20 5 25 -7 8 10 18 11 -1 28 -8 22 27 17 -5 19 -10 -2 -22 -4 -9 -25 -3 -14 -16 -11 -27
right_child=1 4 14 16 -6 6 13 23 9 12 -12 -13 26 -15 15 -17 -18 -19 -20 -21 21 -23 -24 24 -26 29 -28 -29 -30 -31
leaf_value=-0.00050462124404643727 0.0014879248798977545 0.0053410477188211795 0.0020479925497816497 0 0.001614679408386498 -2.1042175963407974e-05 -0.0013424112548576616 0.00086740645361908287 0.0022696155596398796 -0.00061762644544948104 0.00031200123978839862 0.018689843054169993 -0.00458216898426739 -0.0077007864295391215 0.0066468792258666609 -0.0063037126480149815 0.0028081688261385354 -0.014399022252211421 -0.0012213028598798269 -0.0084679442371419708 0.015545720164458198 -0.008179944209908625 -0.0017544637890245607 -0.0060010542624904508 -0.0012139041757606294 0.0065955748796838326 0.0022854533968743539 -0.0023691690293155365 -0.0043959416310832816 -0.0017837472656792579
leaf_weight=100.01409515741511 195.1383604008879 616.63005396799326 1149.8263971618144 187.34551502561067 12502.631628739147 2202.1281719896151 725.85511425289042 754.05150171900596 2118.0412313545221 1003.8423542775761 12298.785357847864 86.956080151380547 283.2843333787946 492.64822343195556 164.27069544338156 893.92598892879323 439.79472701545455 104.96771058574086 3526.4163182283341 133.1957589541812 196.58467802632163 24.04287488386035 2072.2380199743529 1103.5460126347348 1379.469722167184 176.02149250131333 781.32571233753879 412.66734647378325 2595.7158390959366 678.65603056221516
leaf_count=6978 2130 6280 10328 2278 145721 19427 9431 6611 26809 12036 96945 2648 4400 6447 1708 8506 4734 826 43471 660 2389 208 18430 9264 11742 2115 11484 4144 31026 6475
internal_value=0 0.000628725 -0.000665016 0.00252802 0.00106489 -0.000334188 -0.00145168 -0.000558553 -0.000299455 -0.00118207 0.000436344 0.00836691 -0.00249365 -0.00402022 -0.00145316 -0.00376488 -0.000329806 -0.00507414 -0.000113069 0.00160692 0.00743939 0.012226 -0.000386875 -0.00238312 -0.00337215 0.00223661 0.000403208 0.000230145 -0.00336543 -1.14971e-05
internal_weight=49400 23235.4 5840.8 1147.87 17394.6 4891.94 3420.63 26164.6 22927.6 10441.8 12485.8 186.97 4664.17 1218.5 4692.93 1470.86 732.108 292.313 5777.65 2251.24 415.766 220.628 3222.06 3237.07 2483.02 1471.31 1064.61 576.938 3599.56 854.678
internal_count=515651 251577 55681 12565 195896 50175 35305 264074 236457 129886 106571 9626 58946 15878 43116 14358 7838 3104 70940 27469 4727 2597 28758 27617 21006 14870 15884 5852 43062 8590
cat_boundaries=0 1 2 3 4 5 6 7 8 9 10 11 12 13 14 15
cat_threshold=14422384 1187987 20408 93267 15925857 181889 93506 3706 9754636 133891 4415838 101673 9706112 259 2900496
is_linear=0
shrinkage=0.03


Tree=163
num_leaves=31
num_cat=9
split_feature=4 8 4 8 40 39 47 53 4 15 32 53 0 38 53 53 53 61 12 28 4 53 56 2 20 4 20 8 2 53
split_gain=18.5021 20.7022 17.1708 20.9915 15.0901 13.6817 18.391 17.8237 13.1257 12.7648 12.4666 17.3343 11.9165 22.2574 17.1315 10.8838 10.3929 13.0757 10.1537 9.83021 10.2848 9.52638 8.49761 7.48958 7.14237 6.83097 6.51155 6.37206 8.33742 8.78062
threshold=1.2500000000000002 21.250000000000004 5.6500000000000012 37.250000000000007 2.5000000000000004 4.5000000000000009 8.7550000000000043 0 3.0500000000000003 6.9450000000000012 0.025866917497381754 1 0.026585397699046606 0.36246959923865923 2 3 4 0.018350168350168304 0.14499999999999999 1.6300000000000008 2.3500000000000001 5 11.800000000000002 6 -0.064999999999999933 1.0000000180025095e-35 -0.039999999999999945 16.150000000000002 7 8
decision_type=2 2 2 2 2 2 2 1 2 2 2 1 2 2 1 1 1 2 2 2 2 1 2 1 2 2 2 2 1 1
left_child=22 8 3 10 12 6 -6 -7 18 16 15 -12 13 -4 -14 -3 -10 -18 19 20 -2 -5 -1 -23 -21 -24 -20 28 -27 -30
right_child=1 2 4 21 5 7 -8 -9 9 -11 11 -13 14 -15 -16 -17 17 -19 26 24 -22 23 25 -25 -26 27 -28 -29 29 -31
leaf_value=0.012670195861006435 0.0038809226375627792 -0.0045015932546276938 -0.00053506876616698856 -0.000890761079018611 -0.0026442466204258026 -0.0012237178460986775 -0.00024998383170768065 0.0034604179896784346 0 -0.011130429934768161 0.017211368168182407 0.00019241403379869184 0.0041295072326696632 0.0021931696435447071 0.00036833321143615947 0.00041460484242567089 0 0.034235622560929664 0 -0.0061893672283255957 -0.0096991724247568554 0 -0.022437196855646727 -0.011545131405275317 0.036546059843029534 -0.011074712623191195 0.037626641886253406 -0.013336348697583827 -0.0071461221378699754 0.0082396086798194584
leaf_weight=15.114716125761332 194.68262034597001 763.25636752884293 8590.7289874831185 172.45477907720397 3309.3383704398257 1207.2367110291193 22914.984314585647 1802.8452137805002 30.136968997359872 11.355334736406801 63.326818692501547 213.88082460935038 2052.4496334797568 3911.1611258199409 2369.9283018533733 831.21340906474711 11.137432080891811 53.467731816087507 5.1453429684042922 2.7233081145677707 65.175755327418756 64.629786824054236 29.055517340709685 353.83323248735542 9.9335878396232129 59.98253067621522 10.251535603962109 88.905953148353092 44.973679261914185 67.762993875163147
leaf_count=1151 11107 26536 106274 3894 31178 17109 143586 24738 963 466 1509 5522 22133 17264 26545 26790 308 1508 206 100 2935 1607 12755 7819 470 5514 602 4867 3714 5553
internal_value=-4.07468e-05 4.68522e-06 -5.03412e-05 -0.00249048 7.92943e-05 -0.000332693 -0.000553447 0.00157968 0.00683673 0.0158354 -0.00091283 0.00490653 0.000792675 0.000316264 0.00213194 -0.00194823 0.0195408 0.0245829 0.00333081 0.00178005 0.000312233 -0.00741702 -0.00737313 -0.00976479 0.0257143 -0.0085973 0.0256938 -0.00678791 -0.00313137 0.00176432
internal_weight=49321.1 49015.3 48621.3 2462.6 46158.7 29234.4 26224.3 3010.08 394.01 106.097 1871.68 277.208 16924.3 12501.9 4422.38 1594.47 94.7421 64.6052 287.912 272.515 259.858 590.918 305.795 418.463 12.6569 290.681 15.3969 261.625 172.719 112.737
internal_count=514723 481169 462504 73677 388827 216611 174764 41847 18665 3245 60357 7031 172216 123538 48678 53326 2779 1816 15420 14612 14042 13320 33554 9426 570 32403 808 19648 14781 9267
cat_boundaries=0 1 2 3 4 5 6 7 8 9
cat_threshold=15337064 11400 11805275 14968529 2705216 6029841 71689 154138 10560693
is_linear=0
shrinkage=0.03


Tree=164
num_leaves=31
num_cat=5
split_feature=45 12 9 38 0 31 55 31 66 42 2 2 43 16 2 60 43 7 28 2 37 32 42 52 45 32 14 42 26 2
split_gain=15.1977 14.9923 17.8401 13.8479 16.6805 18.4758 16.8815 12.804 12.7665 12.7569 11.4741 10.9476 12.8286 14.4161 10.7704 14.3377 12.6457 10.7272 18.1704 17.538 10.5329 10.3773 10.1534 9.82959 9.36954 11.423 9.40481 9.36596 8.78797 9.9939
threshold=4.291666666666667 -0.024999999999999845 -0.073333333333332737 0.34789952996474732 0.015522207880785453 0.042760393400919104 16.700000000000006 0.024980169476279155 0.31607175351728239 -0.85099281619513734 0 1 1.5285936907051416 1.3803516630625066 2 544.50000000000011 0.85498773124640226 1029.5000000000002 -0.11999999999999994 3 5.5050000000000008 0.058944543828264702 0.45900718380486222 0.79757903402837238 5.291666666666667 0.031367818538754408 0.055000000000000007 0.32068456118237926 10.585000000000003 4
decision_type=2 2 2 2 2 2 2 2 2 2 1 1 2 2 1 2 2 2 2 1 2 2 2 2 2 2 2 2 2 1
left_child=1 3 14 4 7 6 -6 27 -7 10 -4 12 13 22 16 23 -3 18 -11 -19 -9 -12 -2 -16 25 -15 -26 -1 29 -5
right_child=11 2 9 28 5 8 -8 20 -10 17 21 -13 -14 24 15 -17 -18 19 -20 -21 -22 -23 -24 -25 26 -27 -28 -29 -30 -31
leaf_value=-0.0034114892854694499 -0.00084725694911547481 -0.0033072323836610784 0.0021669032570199647 -0.00090760809517575548 0.0082842751469405593 -0.0018073359481409223 0.00052572219452705826 -0.011692011244174648 0.0038302573876049994 -0.00013965163787458518 -0.0054591127620015646 0.0026515633487151674 -0.0047667106338926931 -0.0046627265554516134 -0.01429601801495272 -0.0095891691782547996 0.0065263969618914609 0.0013503426248886925 0.0018456007940336279 -0.0020208979281212958 -0.0037192569147987786 0.0068783273283327664 0.0048311888113393205 0.0060786398785184987 5.7505352304497044e-05 0.014894245984266233 0.036897509413224908 0.00016621693426960695 -0.00029517891946759803 0.0048175947949003622
leaf_weight=2173.2495751559627 1439.0524333615219 380.56395777425996 290.91099300492749 432.33085154159562 332.90759618754919 5433.7741364209005 1066.2949279863356 261.78112319606498 382.31758643229477 11807.678177352911 873.0831015462569 3089.9713368667412 425.61853817419114 47.470028961274693 19.050875208340585 55.221568120790835 167.6605984349635 2071.9581890968825 6375.1155106003862 4123.1565154751388 387.33307244132129 62.212121842749184 350.03335307451493 1069.7670107753142 11.266528221547562 53.54396310226457 18.918124726042151 921.80960543485571 4514.842323326081 704.46665195760124
leaf_count=34565 24923 2542 4388 1893 3885 45546 9427 4850 2477 118400 14276 48636 6933 1018 142 392 1106 20077 70861 41970 5056 583 3789 7190 206 836 374 13826 21850 3076
internal_value=-1.2137e-05 -0.000198013 0.000233561 -0.000908951 -0.00153133 -0.000682547 0.00240229 -0.00315774 -0.00143041 3.5092e-05 -0.00294668 0.00148325 -5.48479e-05 0.000977487 0.00321513 0.00484865 -0.0002284 0.000186535 0.000554879 -0.000889555 -0.0070067 -0.00454505 0.000251131 0.00566909 0.0105047 0.00550042 0.024937 -0.00233683 0.000292748 0.00265049
internal_weight=49343.4 43907.5 27296.4 16611.1 10959.5 7215.29 1399.2 3744.17 5816.09 25604.1 1226.21 5435.87 2345.9 1920.28 1692.26 1144.04 548.225 24377.9 18182.8 6195.11 649.114 935.295 1789.09 1088.82 131.199 101.014 30.1847 3095.06 5651.64 1136.8
internal_count=515093 428378 281927 146451 119632 61335 13312 58297 48023 270555 19247 86715 38079 31146 11372 7724 3648 251308 189261 62047 9906 14859 28712 7332 2434 1854 580 48391 26819 4969
cat_boundaries=0 1 2 3 4 5
cat_threshold=196677 149285 36943 47369 164505
is_linear=0
shrinkage=0.03


Tree=165
num_leaves=31
num_cat=8
split_feature=34 4 8 4 8 4 53 53 56 53 2 68 53 53 58 53 45 46 16 35 57 55 46 46 37 70 15 63 2 58
split_gain=18.9937 14.8445 14.3071 15.5599 20.6387 17.439 16.5528 13.4221 13.1688 15.239 12.6206 15.2086 19.4287 12.6692 13.2171 12.3796 11.726 14.5991 11.6059 15.5335 10.823 10.4911 10.057 12.7137 9.66788 9.6077 10.001 9.54867 10.2559 9.34452
threshold=4.5000000000000009 0.45000000000000007 13.550000000000002 2.2500000000000004 29.150000000000002 3.7500000000000004 0 1 21.550000000000004 2 3 2.5000000000000004 4 5 72.950000000000017 6 4.7083333333333348 -0.077499999999999944 1.7613035975043145 20.640000000000004 0.093550000000000008 24.000000000000004 -0.047499999999999938 0.062499999999999958 4.4250000000000007 -3.7677669529663684 6.5850000000000009 0.25000000000000006 7 70.350000000000009
decision_type=2 2 2 2 2 2 1 1 2 1 1 2 1 1 2 1 2 2 2 2 2 2 2 2 2 2 2 2 1 2
left_child=1 -1 7 -4 6 -6 -5 22 10 -10 15 13 29 14 -12 25 -17 -18 27 20 -20 -15 -3 -24 -21 26 -2 -11 -29 -13
right_child=8 2 3 4 5 -7 -8 -9 9 18 11 12 -14 21 -16 16 17 -19 19 24 -22 -23 23 -25 -26 -27 -28 28 -30 -31
leaf_value=-0.016223495335366826 0.016647038259196601 -0.002597565945604475 -0.0061424860662486359 -0.00054610035844244174 -0.0073274184137466876 0.00033649610197929332 0.00892404071078267 -0.00069539894831018305 -0.0078500608591617737 -0.0083030980485527435 0.0010762285237324912 0.0027996310380545338 -0.00039963972993037192 -0.0035336696174421028 -0.008769014665218287 -0.0015421088280677961 0.026531244747114865 0.0025751827945802498 0.029977083170513383 0.021576003981587679 0.0016925366977390143 0.0024796769543227143 0.030899491673009913 -0.0060639208918470393 -0.0011650595460881831 -0.0037851932159679888 -0.01614067066453935 0.007590967723422529 -0.0060905065904442958 0.010425599455730543
leaf_weight=46.59284207138262 6.6594277622643849 11.562299425248055 329.75188932249876 260.32469701422679 267.10294261047238 33191.712832955694 438.21875529896488 63.935338124834971 506.10591607395963 245.23781803283782 1869.2792562479635 1726.256078653975 3058.3569378282155 2145.9274448889582 129.03935064050393 2571.2238675140575 24.802938912413083 194.22873390314089 27.473384561948478 15.85109788039699 25.273168218322098 289.78786316722426 49.868072714912842 7.7375043586362144 286.8776398101345 1103.6989410698834 96.305380646364483 87.101105484473919 85.449625609395298 160.58090658373749
leaf_count=11740 56 585 16089 7797 8341 286536 13289 4508 5677 3411 20585 17789 32684 24221 1858 27011 366 3555 355 355 250 3185 3465 611 3181 11694 976 1347 1217 1999
internal_value=-4.90941e-05 0.000333045 0.000357129 0.000318042 0.000381646 0.000273984 0.00548011 0.0101079 -0.000954991 -0.00386537 -0.000673848 -6.76421e-05 0.00107262 -0.00134618 0.000415277 -0.00208275 -0.000960566 0.00563919 -0.00108983 0.00282057 0.0175296 -0.00279302 0.0178448 0.0253944 6.10238e-05 -0.00461805 -0.0134575 -0.004512 0.000737641 0.00345658
internal_weight=49322.3 34666.8 34620.2 34487.1 34157.4 33458.8 698.543 133.103 14655.5 1279.37 13376.1 9379.23 4945.19 4434.03 1998.32 3996.92 2790.26 219.032 773.264 355.475 52.7466 2435.72 69.1679 57.6056 302.729 1206.66 102.965 417.789 172.551 1886.84
internal_count=514733 352961 341221 332052 315963 294877 21086 9169 161772 15793 145979 102321 52472 49849 22443 43658 30932 3921 10116 4141 605 27406 4661 4076 3536 12726 1032 5975 2564 19788
cat_boundaries=0 1 2 3 4 5 6 7 8
cat_threshold=2140764 5290795 593953 33865 5530649 2956464 2363508 42881
is_linear=0
shrinkage=0.03


Tree=166
num_leaves=31
num_cat=7
split_feature=4 8 8 29 4 7 38 0 55 2 2 53 61 53 14 11 57 9 53 53 29 30 52 58 8 43 36 53 7 15
split_gain=14.0638 19.6679 15.9267 19.9489 15.0931 14.1909 15.9421 17.2043 23.5396 21.466 14.5473 16.2698 13.7313 13.4726 13.2155 14.3966 12.2175 11.8324 11.2773 11.1971 11.0598 11.3801 15.3168 10.9571 10.8613 10.6216 10.482 10.4606 10.105 9.64406
threshold=3.7500000000000004 22.550000000000004 19.750000000000004 4.0750000000000011 1.2500000000000002 1042.5000000000002 0.46780709455065683 0.022005215296086001 13.800000000000002 0 1 2 0.018693221523410155 3 0.045000000000000005 0.0033333333333333505 0.04710000000000001 -0.059999999999999144 4 5 4.4750000000000005 0.032618280806686613 0.17175134664318667 35.650000000000013 14.550000000000002 2.151000314622546 41.125000000000007 6 795.50000000000011 6.9450000000000012
decision_type=2 2 2 2 2 2 2 2 2 1 1 1 2 1 2 2 2 2 1 1 2 2 2 2 2 2 2 1 2 2
left_child=2 17 3 27 13 6 7 8 -3 -9 11 -7 -8 16 15 -12 -5 -2 -6 28 -21 -22 -23 26 -20 -16 29 -1 -4 -19
right_child=1 5 19 4 18 10 12 9 -10 -11 14 -13 -14 -15 25 -17 -18 23 24 20 21 22 -24 -25 -26 -27 -28 -29 -30 -31
leaf_value=0.0020618219308257287 -0.0070810886328784425 0.0021000192919328471 0.0031236290616705178 0.0020004958704969455 0.022201961630295294 0.00039879543330985102 0.0048942422696607764 -0.0013085649214726687 -0.0010588323411217706 0.0015475976163747691 1.6412550731970056e-05 -0.0036267680964735525 0.0010805961583320734 -0.0093874334666221911 -0.00019325239835480033 -0.0047190314596310323 0.035238785258777841 0.03451265467871692 0.023530366538746822 -0.011663526900524563 -0.0065755437440462973 -0.0083714857727625359 0.014273054339737079 0 -0.00068609111503332228 0.0027037203259331092 -0.0097039022577551075 -0.0097395374729398985 -0.012195134302683937 0
leaf_weight=114.00193899775229 17.414922321215272 2485.2447876687365 215.68410473998392 45.312154333431408 59.868163624510998 1327.9579550280801 1016.8368414455745 3095.1025265854437 14341.422866890371 9870.821972546757 1380.2090683505535 2750.4650519166457 5396.0434315730326 65.107939131016224 3341.4481733194552 976.58144842334832 11.774585365550591 44.068161973022143 18.783150275310163 285.71493016797785 351.49058679696213 43.783735765787242 60.508530943561254 23.494720431468522 73.158805718204349 1713.0576570103322 4.7095347433350971 139.91057993686263 45.019665494067794 6.6273610601201645
leaf_count=12845 225 48503 7350 3024 2453 12482 5073 25481 134558 79179 12117 26663 26102 3732 29480 9657 372 1135 829 11232 14786 2096 1463 693 3350 18929 102 18362 2556 231
internal_value=-1.93574e-05 7.07289e-05 -0.0028491 0.00132009 0.00695381 4.24657e-05 0.00033458 4.14427e-05 -0.000590303 0.000863576 -0.00087531 -0.00231136 0.00169131 -0.000674733 -7.73732e-05 -0.00193543 0.00883017 0.013476 0.0132181 -0.00507338 -0.00690281 -0.00396582 0.00450559 0.0184471 0.00392016 0.000783329 0.0255217 -0.00464903 0.000280719 0.0296075
internal_weight=49321.6 47791.5 1530.12 527.917 274.005 47695.2 36205.5 29792.6 16826.7 12965.9 11489.7 4078.42 6412.88 122.195 7411.3 2356.79 57.0867 96.3147 151.81 1002.2 741.498 455.783 104.292 78.8998 91.942 5054.51 55.4051 253.913 260.704 50.6955
internal_count=515060 430610 84450 44967 13760 428224 318896 287721 183061 104660 109328 39145 31175 7128 70183 21774 3396 2386 6632 39483 29577 18345 3559 2161 4179 48409 1468 31207 9906 1366
cat_boundaries=0 1 2 3 4 5 6 7
cat_threshold=69897 17494 2687212 1039137 19403 729136 6072585
is_linear=0
shrinkage=0.03


Tree=167
num_leaves=31
num_cat=9
split_feature=28 48 42 53 44 53 55 53 12 65 53 53 8 57 67 1 53 42 34 9 32 0 28 0 58 64 44 64 53 14
split_gain=14.3551 14.2054 14.7612 14.7873 14.4619 18.5922 14.0288 22.258 19.4036 15.2657 17.4662 16.3012 13.6618 15.4852 13.0746 12.5268 12.1986 12.1494 12.137 12.0552 11.6557 11.5148 11.4168 10.7683 11.7313 10.6377 10.4167 10.1387 9.66475 8.44561
threshold=-1.915 0.075748546385846063 -0.79099281619513773 0 0.12950723758342722 1 19.400000000000002 2 0.019999999999999952 0.35229342041789474 3 4 12.65 0.089550000000000018 2.7533420228213399 39.295000000000009 5 -0.29099281619513778 2.5000000000000004 -0.013333333333334049 0.061000981022292851 0.01101197550193715 -0.72499999999999998 0.028463823523907954 32.550000000000004 6 0.15026868024647447 7 8 0.045000000000000005
decision_type=2 2 2 1 2 1 2 1 2 2 1 1 2 2 2 2 1 2 2 2 2 2 2 2 2 1 2 1 1 2
left_child=-1 6 3 15 12 29 7 14 16 10 -10 -11 13 -4 18 25 27 22 -2 -19 -14 -17 -9 24 -5 -3 -18 -8 -25 -6
right_child=1 2 4 23 5 -7 8 17 9 11 -12 -13 20 -15 -16 21 26 19 -20 -21 -22 -23 -24 28 -26 -27 -28 -29 -30 -31
leaf_value=-0.0047766488514700937 0.0031008526267258434 0.0074502591264931604 0.0062450895784132033 -0.0026312197471802519 0.008253494127373447 0.010580021042879098 -0.00062415516918875853 -0.010509334823738076 0.0017347150039297998 -0.001005236927711112 -0.0023621928419253401 0.009594088288566522 0.00047951597393603259 0.04056180251225746 -0.0057736696983521213 0.0025044464876275473 -0.0018468757127025491 0.0010065077499237596 0.000600147572046549 -0.0014387258161461642 0.003812833482518894 0.023666836039053989 -0.0021999912558061758 0.0075354831844281307 -0.0092509682496474469 -0.0027702330355542427 0.0021839911766451539 -0.0058713064746699862 -0.0035457488004885249 -0.0039475023826996015
leaf_weight=571.82544499076175 2823.4549312039935 116.92126633811449 79.783285981393419 831.51759880312113 68.534145459145748 296.70387391044051 496.93206846733938 162.6271881110049 1943.6499762997155 219.26034903594336 1782.535228574241 301.37579406936129 15782.090364093956 13.001128827312639 222.76689484126655 58.123301164291433 5798.4036785953376 3469.295720700788 4681.5860811381708 3788.4132818746425 1006.4358170709693 41.718703560901758 1905.5347766714551 128.94454259350277 351.52398855296121 304.00875464410876 632.47330840767427 1170.915509723106 129.37086582641723 180.42621790803969
leaf_count=6121 27430 2455 8175 19381 480 2145 4413 1725 16504 1713 14853 2197 175904 752 1022 1483 44579 26443 49599 43702 8570 546 21109 1361 9239 6138 4309 10364 1461 1308
internal_value=-5.92842e-05 -3.18575e-06 0.000626504 -0.00183412 0.00090545 0.00571175 -0.000419508 0.00013651 -0.0011899 0.000446604 -0.000219019 0.00525047 0.000747658 0.0121245 0.00132748 0.0024407 -0.00205165 -0.000847748 0.0015455 -0.000265779 0.000681558 0.0119328 -0.0028774 -0.00339406 -0.00463579 0.000130232 -0.00144298 -0.00434141 0.00203914 -0.000413759
internal_weight=49360.2 48788.3 19389.1 1962.13 17427 545.664 29399.2 17053.7 12345.5 4246.82 3726.19 520.636 16881.3 92.7844 7727.81 520.772 8098.72 9325.87 7505.04 7257.71 16788.5 99.842 2068.16 1441.36 1183.04 420.93 6430.88 1667.85 258.315 248.96
internal_count=515481 509360 239398 42064 197334 3933 269962 171030 98932 35267 31357 3910 193401 8927 78051 10622 63665 92979 77029 70145 184474 2029 22834 31442 28620 8593 48888 14777 2822 1788
cat_boundaries=0 1 2 3 4 5 6 7 8 9
cat_threshold=6817282 13178183 9482729 14927154 9683800 1082753 257 20 9709657
is_linear=0
shrinkage=0.03


Tree=168
num_leaves=31
num_cat=7
split_feature=4 8 28 42 2 42 4 8 65 8 7 53 10 42 53 53 15 28 55 2 6 57 45 9 68 53 9 7 29 2
split_gain=15.5268 19.6424 13.4596 13.7667 14.8295 15.4787 13.9205 20.2415 11.9696 11.7677 11.7594 11.1837 12.2748 10.4449 12.9131 12.289 11.948 10.8429 9.82834 9.63016 8.50303 8.46432 13.4029 8.92162 8.51081 8.02502 7.84939 7.22362 8.06519 5.91839
threshold=1.2500000000000002 21.250000000000004 -1.915 0.66900718380486224 0 1.5992135645360444 9.5500000000000025 52.650000000000013 0.41145591250854419 46.350000000000001 620.50000000000011 1 0.10499999999999997 -0.83099281619513754 2 3 6.7950000000000008 -0.47000000000000036 10.300000000000002 4 6.5500000000000007 0.048350000000000011 4.291666666666667 -0.089166666666666783 1.5000000000000002 5 -0.0058333333333332989 221.50000000000003 2.7450000000000006 6
decision_type=2 2 2 2 1 2 2 2 2 2 2 1 2 2 1 1 2 2 2 1 2 2 2 2 2 1 2 2 2 1
left_child=18 10 25 6 8 -6 9 -8 -5 -4 13 12 20 14 16 19 -2 -17 21 -15 -12 26 23 -23 -25 27 29 28 -3 -1
right_child=1 2 3 4 5 -7 7 -9 -10 -11 11 -13 -14 15 -16 17 -18 -19 -20 -21 -22 22 -24 24 -26 -27 -28 -29 -30 -31
leaf_value=0.0055570611060570792 0.024996479285427177 -0.012163942962727966 -0.00081483957582925183 0.0020984542182667203 0.00054677992243620333 -0.0055543979904503615 0.0020764420911309265 -0.0001926550410978922 0.0095518138225400163 -0.0041227369473271474 -0.0043750637662015547 -0.011580170558566335 -0.018754297950823572 0.01128484696452276 -0.010461705533718587 0.0090695828775750487 -0.0041867215467642858 0.026273085274276822 -0.016461367295245718 -0.0076069499824468773 0.027025347232806148 -0.0085465858377452679 -0.01422682113876488 -0.00081304847525976007 0.034983674691725836 -0.0075369145752136827 -0.013108441228777846 -0.0055823571449379354 0.008507000962686204 -0.0074850880620345225
leaf_weight=53.868444596836298 26.117938699654133 17.547526496952287 4826.2269165715998 3780.1011377828527 3270.4558059559349 420.26410084008694 4001.2682888318122 30391.077385358436 205.63804800351227 1221.9949117073766 8.2746840366162377 45.957629950663886 8.1569811789149735 32.43327970033215 39.958544140949243 74.072669162068905 19.283743596519344 77.361366264066191 71.025679233449239 41.048915082676103 23.51000204112097 6.1867341897450414 14.323440739901114 5.9317678316147093 19.682004300702829 325.51967031432969 84.385263408549179 110.72399071793734 99.63019218880072 47.143490028203132
leaf_count=4913 1184 332 115863 33678 28949 3569 49775 207150 1468 17518 539 2872 662 1370 2129 2904 1158 2945 6767 1725 1144 77 2428 339 1125 3000 13825 1048 861 4224
internal_value=1.65845e-05 5.91022e-05 4.19504e-06 5.84075e-05 0.00122339 -0.000142087 -0.000162039 7.0569e-05 0.00248888 -0.00148927 0.00669524 -0.0028121 0.00758499 0.00942454 0.000116362 0.0127928 0.0101694 0.017163 -0.00673548 0.000794111 0.0181877 -0.00350789 0.00747794 0.018405 0.0261488 -0.00463851 -0.00645173 -1.0306e-05 0.00500759 -0.00045295
internal_weight=49369.2 49066.6 48670.4 48117 7676.46 3690.72 40440.6 34392.3 3985.74 6048.22 396.176 85.8993 39.9417 310.276 85.3602 224.916 45.4017 151.434 302.547 73.4822 31.7847 231.521 46.1239 31.8005 25.6138 553.421 185.397 227.902 117.178 101.012
internal_count=515541 481843 463211 457970 67664 32518 390306 256925 35146 133381 18632 5217 2345 13415 4471 8944 2342 5849 33698 3095 1683 26931 3969 1541 1464 5241 22962 2241 1193 9137
cat_boundaries=0 1 2 3 4 5 6 7
cat_threshold=89876 12587647 13637438 4339220 225826 9540920 156773
is_linear=0
shrinkage=0.03


Tree=169
num_leaves=31
num_cat=7
split_feature=45 28 21 7 2 7 67 2 28 16 64 42 16 36 4 2 6 2 10 4 2 42 70 12 11 64 18 52 48 48
split_gain=16.9343 17.0009 16.3427 16.2545 15.2375 17.8648 14.6364 14.513 13.7072 12.9051 12.8447 12.6338 12.0114 11.2452 18.0826 15.5801 12.7608 10.8806 15.2272 9.60227 9.42358 10.5772 9.37585 9.27646 11.9001 9.25417 8.91388 8.90471 8.70947 8.465
threshold=1.7750000000000001 0.32499999999999979 -0.029999999999999982 883.50000000000011 0 1143.5000000000002 3.5045648709215502 1 -1.915 0.46261275904104032 2 -1.0709928161951376 5.8469359753162911 15.415000000000001 26.150000000000002 3 6.2500000000000009 4 0.079999999999999558 7.7500000000000009 5 0.64900718380486266 -2.4748737341529154 -0.029999999999999746 -0.12666666666666643 6 1.0000000180025095e-35 1.5454218400227075 0.078540617732841767 0.062683869435780068
decision_type=2 2 2 2 1 2 2 1 2 2 1 2 2 2 2 1 2 1 2 2 1 2 2 2 2 1 2 2 2 2
left_child=7 3 4 6 9 -6 8 23 -2 -3 -7 -10 20 14 22 -16 -15 18 -8 -18 26 -22 -4 24 27 29 -5 -1 -27 -9
right_child=1 2 13 12 5 10 17 25 11 -11 -12 -13 -14 16 15 -17 19 -19 -20 -21 21 -23 -24 -25 -26 28 -28 -29 -30 -31
leaf_value=0.0019568975655722526 -0.0044937149546620736 0.024320823945274468 0.0023743036548051831 -0.0030915330289768999 0.0054313013841859525 0.0024334589717852247 -0.0049424016174111846 -0.013275155709280725 -0.0047705188060012159 0.0068572338565959859 -0.009743975696702354 0.00044477084097075558 0.015362598133904209 0.021129594652251834 -0.0024720039506227714 0.010542450105385846 -0.0025657974621279586 -0.0085601595008604463 0.013038070469054855 0.0012084521830593891 -0.0016262081337470348 0.0013597850803426478 -0.0059363389027993112 0.001195734604674805 -0.0049148114452006106 -0.0048734482664566587 -0.011933935936125002 0.029363724671896692 -0.012901228455707561 0.0020158548352609529
leaf_weight=53.486570068169385 533.77170303421008 59.199889132170938 142.05412689446302 1021.2875724262271 697.5310945985857 156.62996922805905 132.49863176673261 35.389148244168609 422.58322969025176 127.9098355666556 133.9213427718696 24220.427103627364 36.002266397909807 26.503271334695455 160.42857055372497 149.47349053367498 640.25549127539671 287.03509074960039 59.652187331577807 9784.4190441155934 5530.0279276185502 1310.5256859950132 677.95435296334472 1111.1677673409176 539.90928684737446 765.48775965489358 116.38393983244896 12.464291806332765 152.55997716341562 251.32267455165857
leaf_count=375 5860 700 4296 9843 7294 1472 638 232 12788 1212 1263 243580 341 1454 814 766 22197 1424 318 88112 53284 12361 22011 8761 3971 5664 537 74 1320 1964
internal_value=-4.33234e-06 0.000134513 0.00106751 -0.000218113 0.00444033 0.00278763 0.000149257 -0.00221939 0.00024943 0.0121001 -0.00335497 0.000353741 -0.00139766 0.000721954 -0.00211 0.00399511 0.00103134 -0.00503071 0.000534307 0.000973323 -0.00148088 -0.001048 -0.00445788 -0.00041007 -0.00340551 -0.00472568 -0.00400663 0.00828992 -0.00619788 0
internal_weight=49348.3 46426.5 12756.3 33670.2 1175.19 988.082 25656 2921.79 25176.8 187.11 290.551 24643 8014.23 11581.1 1129.91 309.902 10451.2 479.186 192.151 10424.7 7978.23 6840.55 820.008 1717.03 605.86 1204.76 1137.67 65.9509 918.048 286.712
internal_count=514926 492565 151591 340974 11941 10029 264608 22361 262228 1912 2735 256368 76366 139650 27887 1580 111763 2380 956 110309 76025 65645 26307 13181 4420 9180 10380 449 6984 2196
cat_boundaries=0 1 2 3 4 5 6 7
cat_threshold=114690 58982 428 242081 185602 390 132
is_linear=0
shrinkage=0.03


Tree=170
num_leaves=31
num_cat=9
split_feature=56 29 12 45 30 2 64 52 67 65 2 8 45 2 26 20 2 28 2 20 2 52 69 26 2 16 33 20 44 2
split_gain=15.5428 15.3766 15.6502 15.3809 14.2427 14.3405 13.9624 17.5689 13.4283 13.1921 15.2938 14.9441 13.0511 13.1156 12.9034 15.1746 12.7353 11.4366 16.7872 12.0486 10.3178 9.87372 11.46 8.93627 12.1869 8.49188 14.7422 11.8037 8.08853 7.89077
threshold=21.650000000000002 1.9450000000000001 -0.034999999999999643 2.916666666666667 0.25446655514440758 0 1 1.6513563972423937 1.957424509865725 0.037390775776916609 2 45.45000000000001 2.0833333333333335 3 2.1150000000000007 -0.039999999999999945 4 0.30000000000000016 5 -0.084999999999999937 6 -0.79757903402836694 -1.2071067811865472 10.290000000000001 7 2.4851101091776284 1.0000000180025095e-35 -0.18499999999999991 0.010079516309648501 8
decision_type=2 2 2 2 2 1 1 2 2 2 1 2 2 1 2 2 1 2 1 2 1 2 2 2 1 2 2 2 2 1
left_child=1 -1 3 9 5 -2 25 23 17 10 -3 -11 20 -14 15 -5 -16 19 -19 -4 -10 -7 28 24 -8 29 27 -27 -23 -6
right_child=4 2 8 14 6 21 7 -9 12 11 -12 -13 13 -15 16 -17 -18 18 -20 -21 -22 22 -24 -25 -26 26 -28 -29 -30 -31
leaf_value=-0.016323293084507844 -0.0068007935238935287 0.0030694104659724766 -0.0016173547639034979 -0.016170633154614162 0.0050943200599974205 -0.0069529726935292852 -0.0052737331739059045 0.019048732795697975 0 0.0030981396628447146 -0.0021664449301879414 -0.0046532513033147342 -0.0031037811290179048 0.0010138518734253243 0.0012529903782639599 0.030940796860284274 -0.00090489600002973075 0.0034336959039896905 0.00051832976358081413 0.00058417448771256155 -0.013934828829180105 -0.0044993607945525349 -0.0021554041712462031 -0.0052277385423715921 0.013444281187290963 -0.019302621910815557 -0.00015853024639711364 0.017990081678579174 0.0070776086455438371 -0.0029550599099066391
leaf_weight=49.537202366438578 743.70268579363983 708.30974372540186 2565.0014171048533 5.9342503657446768 215.03834442058269 269.15459949907972 53.588992479041735 30.0347159410112 89.957757025957108 245.6149656934881 1634.6267643237516 2014.3764002790945 1277.4788361126441 1491.2178752629222 3785.641135907887 22.082770677104918 6969.8776027182776 2951.6260084013852 4550.5247029667225 17200.692453101794 117.06129011487155 65.495580697723199 1037.0861242016372 526.62487970709662 49.058461048396566 5.8151759766042224 89.067152362112211 112.43232636060566 236.47293527574084 197.58604694129099
leaf_count=10057 10118 5134 28036 464 1853 5162 749 167 399 3246 11925 15095 6040 7015 35497 1602 66214 37555 59876 183112 538 1081 12849 4336 660 40 746 1074 2528 1693
internal_value=-9.79283e-05 5.16357e-05 7.07848e-05 -0.000707321 -0.00198668 -0.00337321 0.000540349 -0.00245536 0.00046766 -0.00215898 -0.000565644 -0.00379558 -0.00144207 -0.000883612 -8.46158e-05 0.0195502 -0.000142176 0.000677257 0.00167522 0.000296829 -0.00868745 -0.00171018 -0.000637945 -0.00362526 0.00425226 0.00375135 0.00875885 0.0156161 0.00445484 0.00122344
internal_weight=49310.7 45679.6 45630 15386.5 3631.16 2351.91 1279.25 659.307 30243.6 4602.93 2342.94 2259.99 2975.72 2768.7 10783.5 28.017 10755.5 27267.8 7502.15 19765.7 207.019 1608.21 1339.05 629.272 102.647 619.939 207.315 118.248 301.969 412.624
internal_count=514861 471805 461748 139177 43056 31738 11318 5912 322571 35400 17059 18341 13992 13055 103777 2066 101711 308579 97431 211148 937 21620 16458 5745 1409 5406 1860 1114 3609 3546
cat_boundaries=0 1 2 3 4 5 6 7 8 9
cat_threshold=217226 326 151577 75200 16603 113153 15493 140454 11702
is_linear=0
shrinkage=0.03


Tree=171
num_leaves=31
num_cat=7
split_feature=45 37 26 13 66 8 11 40 38 29 44 64 11 55 16 2 2 10 28 2 21 2 47 7 2 29 44 2 11 36
split_gain=16.3455 16.9302 19.1164 16.9272 17.9703 17.5972 19.9507 16.763 16.5303 15.8907 15.4394 14.0687 12.3265 11.9319 11.369 16.5472 13.2403 11.2951 11.0421 12.8616 10.5898 11.7192 10.0763 10.3926 14.0167 11.8131 9.95253 9.88035 11.4301 10.0236
threshold=2.6333333333333337 5.7950000000000008 17.985000000000003 5.5000000000000009 0.092722210203839459 29.150000000000002 -0.0053333333333331493 3.5000000000000004 0.46960764835646668 5.4050000000000011 0.11024233383870492 0 -0.07833333333333263 12.250000000000002 2.4035498417110657 1 2 0.095000000000000168 -0.63999999999999913 3 -0.034999999999999996 4 11.545000000000003 338.50000000000006 5 6.1750000000000007 0.10819418144258906 6 -0.059999999999999144 43.495000000000005
decision_type=2 2 2 2 2 2 2 2 2 2 2 1 2 2 2 1 1 2 2 1 2 1 2 2 1 2 2 1 2 2
left_child=1 20 18 4 7 6 17 8 10 11 -2 -9 -11 -8 15 -7 -16 -6 -3 -20 21 -1 26 -24 -25 -26 -5 28 -22 -29
right_child=3 2 -4 22 5 14 13 9 -10 12 -12 -13 -14 -15 16 -17 -18 -19 19 -21 27 -23 23 24 25 -27 -28 29 -30 -31
leaf_value=0.016502666243427954 -4.6048705613283769e-05 -0.00080689261929773205 -0.00067749081391232327 -0.0035629346559966756 0.034480021277332032 0.0026753387060766674 -0.012360669820874986 0.0010617542374845718 0.0024241800469118548 0.002591293617470325 0.0035458003372765131 -0.0078408062709112211 -0.0011879513789383169 0.013455533012572121 0.001094578998515641 -0.0007745288293539898 0.0059441886605861687 -0.0081777432326502735 -0.0024377602908558882 0.0088958196430398741 -0.011191573957251616 -3.7095824844523247e-05 0.0052108114579473494 0.005903232638139971 -0.0043180558545797389 0.0010406780273613898 0.015782302748095871 -0.0017224566532996141 -0.0037318885653366881 -0.020977352441655783
leaf_weight=38.228361442219466 15298.882231771098 254.97225975578749 7321.0269985785544 1688.3150163013365 38.624170370041156 2416.9807834748271 25.316665122206359 222.70401495104443 3708.644190081588 915.44284431573033 1155.5062862433442 524.78454073930925 4959.973374713838 36.088590838241998 1050.7369056970092 2555.9217705791325 1034.5847713773755 4.4322266667149952 108.26840879264773 427.53982991221028 250.8483087378554 160.30096826586305 278.38563300470241 216.12910983198299 879.39801996250935 624.46053947578048 21.79572446340444 2273.7510448354801 795.01403809377507 22.936562635703012
leaf_count=337 202279 2255 52250 48288 928 26655 779 1760 16564 6268 9718 4046 36275 896 10475 28109 10378 149 934 3544 2259 1367 1610 1910 7114 5226 229 23675 8702 172
internal_value=2.64706e-05 -0.000954652 -0.000194946 0.000330908 0.000541812 0.00187681 0.0140236 0.000183595 0.000614676 -0.00112407 0.000204765 -0.00524308 -0.000593325 0.00228451 0.00168886 0.000900403 0.00355209 0.0292549 0.00422504 0.00666944 -0.00268541 0.00395209 -0.00159095 -0.000128099 -0.00101469 -0.00206087 -0.00328071 -0.00309074 -0.00551503 -0.00193746
internal_weight=49310 11652.9 8111.81 37657.1 33948.6 7162.69 104.462 26785.9 20163 6622.9 16454.4 747.489 5875.42 61.4053 7058.22 4972.9 2085.32 43.0564 790.78 535.808 3541.08 198.529 3708.48 1998.37 1719.99 1503.86 1710.11 3342.55 1045.86 2296.69
internal_count=515151 95495 58983 419656 355279 78369 2752 276910 228561 48349 211997 5806 42543 1675 75617 54764 20853 1077 6733 4478 36512 1704 64377 15860 14250 12340 48517 34808 10961 23847
cat_boundaries=0 1 2 3 4 5 6 7
cat_threshold=35 10855 90230 131096 37379 32775 215233
is_linear=0
shrinkage=0.03


Tree=172
num_leaves=31
num_cat=10
split_feature=28 42 47 2 48 53 47 53 44 9 34 53 46 45 67 47 65 2 53 48 70 28 2 65 53 54 42 64 53 48
split_gain=12.9834 11.7196 19.1025 17.3242 15.6972 13.8489 12.6823 12.8663 12.3613 11.4559 10.9289 16.2982 16.5206 15.8258 20.8472 13.4268 10.7614 10.0349 9.8435 12.5601 11.8921 8.8841 8.87299 8.83741 13.7016 9.74436 9.71754 9.16459 8.447 8.32202
threshold=-1.915 -0.79099281619513773 7.575000000000002 0 0.075442956021068763 1 62.385000000000012 2 0.076963099335627908 -0.0058333333333332989 5.5000000000000009 3 -0.09249999999999993 3.0833333333333335 0.61066435404183761 38.365000000000009 0.34486176138887942 4 5 0.066354066143588172 2.0606601717798214 0.72999999999999976 6 0.094141090509302874 7 6.1000000000000005 -1.2657179327387962 8 9 0.064245964739646014
decision_type=2 2 2 1 2 1 2 1 2 2 2 1 2 2 2 2 2 1 1 2 2 2 1 2 1 2 2 1 1 2
left_child=-1 2 23 5 6 21 9 29 -7 17 13 12 -12 15 -15 -6 -11 -3 19 -5 -20 -4 -13 27 26 -26 -25 -2 -29 -8
right_child=1 4 3 18 10 8 7 -9 -10 16 11 22 -14 14 -16 -17 -18 -19 20 -21 -22 -23 -24 24 25 -27 -28 28 -30 -31
leaf_value=-0.0046421082747479386 -0.0093706600044218928 0.001431365269019327 0.0032717235981268009 0.016375747637772491 -0.0011157193100781468 -0.0028193194130431165 0.0038462132228964177 0.0044322011988023853 0.013906794825260199 -0.0015457055219008781 -0.010097619068584682 -0.005096278821710958 0.0029911939071056589 0.0026653263841688811 -0.00018910111618994103 0.0026451352632692556 0.0017322945197040731 -0.00044542470060486675 -0.0020582202681279304 -0.00017960275088992211 -0.01020176116972665 0.012517913292215733 -0.00038699728322106415 -0.006558415835593084 0.01712609324091164 -0.0077810814762558607 0.011969445373308702 -0.0082893708823224537 0.00093902719911113811 -0.0034670771565832358
leaf_weight=568.13360862931586 462.34563465799431 3352.8971858307486 229.24736330859105 43.190418723983385 4076.5585087388981 328.91140346690554 202.34014811623911 927.65016503891184 42.987554848059972 10693.346850073201 92.742556678247638 848.22923284976162 953.73394567788091 6851.5414974547703 3439.1645245106311 1076.5598076640299 974.21071567259787 10760.964740568354 708.74415092293975 435.93409614353004 213.66850259837065 173.9381316541544 661.20811165711427 30.811079344246536 12.779215655988081 181.81230586810534 95.006748376349151 131.78766609268826 222.84186548967023 431.21349182240738
leaf_count=6150 20409 25174 1431 311 43976 2335 1125 5214 438 122492 1020 10463 12041 107517 16116 5081 8601 81290 5256 3275 1557 1468 8007 521 290 2904 1535 6485 9818 2354
internal_value=-0.000140214 -8.68426e-05 -0.00180868 -0.000146905 3.84165e-05 0.00340706 -0.000413765 0.00220615 -0.000722357 -0.000573738 0.000726942 -0.00108385 0.00176868 0.00102867 0.00170861 -0.000323482 -0.00126918 0 -0.00214476 0.00128557 -0.00395229 0.00719909 -0.00307242 -0.00495666 -0.000624114 -0.00555274 0.00664593 -0.00661353 -0.00256768 -0.00106273
internal_weight=49224.5 48656.4 3314.01 2176.62 45342.4 775.084 27342.6 1561.2 371.899 25781.4 17999.7 2555.91 1046.48 15443.8 10290.7 5153.12 11667.6 14113.9 1401.54 479.125 922.413 403.185 1509.44 1137.38 320.409 194.592 125.818 816.975 354.63 633.554
internal_count=514654 508504 58033 16071 450471 5672 246250 8693 2773 237557 204221 31531 13061 172690 123633 49057 131093 106464 10399 3586 6813 2899 18470 41962 5250 3194 2056 36712 16303 3479
cat_boundaries=0 1 2 3 4 5 6 7 8 9 10
cat_threshold=8310 7145245 4545096 13983826 104457 10929696 49088 14180946 244 5314612
is_linear=0
shrinkage=0.03


Tree=173
num_leaves=31
num_cat=6
split_feature=4 8 53 55 44 53 58 53 12 44 8 10 43 20 14 43 57 57 43 2 2 42 8 53 26 5 6 0 4 45
split_gain=14.2103 24.8808 19.0693 17.7516 12.4481 15.3756 14.2524 25.4898 18.1207 12.9927 21.2181 14.2091 11.7939 11.6068 13.5761 10.3746 9.2857 9.9061 9.07557 10.262 8.95754 9.05467 12.2579 8.58977 7.59487 8.59964 7.29504 6.95665 6.95347 6.44823
threshold=3.0500000000000003 21.250000000000004 0 16.200000000000006 0.15026868024647447 1 69.850000000000009 2 0.18000000000000019 0.065498567848191871 55.550000000000004 0.074999999999999664 1.0000000180025095e-35 0.13499999999999998 0.27500000000000008 1.065908720795919 0.11435000000000002 0.11655000000000001 0.49027225103239269 3 4 -0.61099281619513779 11.750000000000002 5 5.4250000000000007 0.18500000000000003 9.0500000000000025 0.06394764425184897 0.65000000000000002 5.366666666666668
decision_type=2 2 1 2 2 1 2 1 2 2 2 2 2 2 2 2 2 2 2 1 1 2 2 1 2 2 2 2 2 2
left_child=3 2 -2 16 6 18 9 8 -8 11 -11 -3 -9 15 -15 -7 20 26 19 -6 28 23 -23 -22 25 -19 -18 -20 -1 -5
right_child=1 4 -4 29 5 13 7 12 -10 10 -12 -13 -14 14 -16 -17 17 24 27 -21 21 22 -24 -25 -26 -27 -28 -29 -30 -31
leaf_value=-0.017321588479022574 -0.0052281663009334798 0.00030996181492753028 0.020957469175250692 -0.015874060954231578 -0.0087547125471170422 0.003135871630325015 0.00028500809514925827 0.0108006829920373 0.018319114061072807 0.007294369914562563 0.00084391491876642207 -0.00095307831087218075 -0.0048820629542870768 0.02537878679932969 -0.0040802801784826856 0.015894456511964507 0.057774134211260007 -0.0073545811824930994 0.0083041350102779059 0.0005715249946821265 0.0044872332682318137 0.015834854373828183 0.00012970116771342618 -0.011912484701032403 -0.0045527456677728079 0.050441746695211273 0 -0.012866687591524414 -0.0044223818955561409 0.0044840550812683989
leaf_weight=43.277010997406251 32.341766942899994 28881.680425519109 75.847758708379843 118.41928955191258 175.21796738598414 863.51597813508897 1385.2489416899471 41.326646875590541 50.220293977387882 546.73185479891117 2913.7238029028099 11090.911914897573 1663.5697722486489 47.067216020077467 16.762439904734492 61.366082763299346 4.3730201104190192 1.8893685895018304 109.97842071918694 236.92965976398318 34.805359021009735 49.346636034713129 379.46908685600374 80.232434349190612 22.134794102981687 3.5357569478536561 2.2171008884906769 13.15756895765662 354.27640240221035 12.479370179866576
leaf_count=8053 1072 235214 2164 4717 1311 5876 16991 284 584 5051 18720 131547 22752 320 122 378 132 88 593 1806 3955 4559 18066 10123 448 216 45 60 18633 1074
internal_value=1.38532e-05 9.16785e-05 0.014332 -0.00334379 5.84282e-05 0.00272485 -2.82929e-05 -0.00197986 0.000954774 0.000112207 0.00187534 -3.97647e-05 -0.00444608 0.00491653 0.0172978 0.00404724 -0.00190252 0.0128957 -0.00133736 -0.00354166 -0.00249734 6.93095e-06 0.00207175 -0.00733687 0.00273171 0.0297138 0.0413768 0.00563272 -0.00583528 -0.0136692
internal_weight=49312.1 48205.6 108.19 1106.46 48097.4 1524 46573.4 3140.37 1435.47 43433 3460.46 39972.6 1704.9 988.712 63.8297 924.882 975.557 34.15 535.284 412.148 941.407 543.854 428.816 115.038 27.5599 5.42513 6.59012 123.136 397.553 130.899
internal_count=514954 444845 3236 70109 441609 10466 431143 40611 17575 390532 23771 366761 23036 6696 442 6254 64318 929 3770 3117 63389 36703 22625 14078 752 304 177 653 26686 5791
cat_boundaries=0 1 2 3 4 5 6
cat_threshold=6376516 13927617 14870028 135875 54474 1082665
is_linear=0
shrinkage=0.03


Tree=174
num_leaves=31
num_cat=10
split_feature=28 7 16 53 47 2 53 56 53 67 35 42 2 53 53 9 61 30 53 32 33 53 46 9 2 63 61 52 32 4
split_gain=14.0835 20.5735 21.2364 20.0755 15.213 14.6833 18.0393 12.9492 15.264 14.6502 12.5771 12.5744 15.1042 13.7268 13.5542 16.2211 12.3915 14.2337 12.3147 16.8128 12.2512 11.9451 12.5835 11.6338 11.2306 11.0321 10.6134 10.544 10.4758 10.4685
threshold=-0.51000000000000001 839.50000000000011 2.5723522327437602 0 9.1150000000000038 1 2 21.650000000000002 3 2.3329688877064041 34.195000000000007 0.92900718380486247 4 5 6 0.036666666666666556 0.075614636935391624 0.035883817502112315 7 0.074341649341649316 3.5000000000000004 8 0.049999999999999954 0.041666666666667358 9 -3.2499999999999996 0.061381475667189905 1.4513842670798323 0.041953310559535155 73.050000000000011
decision_type=2 2 2 1 2 1 1 2 1 2 2 2 1 1 1 2 2 2 1 2 2 1 2 2 1 2 2 2 2 2
left_child=11 2 7 -4 10 6 -6 8 24 -10 25 21 13 -13 15 28 -9 -18 19 -7 23 -1 29 -5 -2 -3 -24 -16 -14 -23
right_child=1 4 3 20 5 18 -8 16 9 -11 -12 12 14 -15 27 -17 17 -19 -20 -21 -22 22 26 -25 -26 -27 -28 -29 -30 -31
leaf_value=-1.6233639136251287e-05 -0.0031346416955729474 -0.017258580770638698 0.00061295332276928348 0.011264970658631966 0.0039464756536111778 -0.0028315312251931215 -4.2300938161062885e-05 -0.0040282627029310679 0.0019063709627049898 -0.0021426268441556515 -0.00030011421836985153 -0.0073115790483490387 0.002093884821365214 0.0016333797159271747 -0.00026836591866453654 0.020126342838293759 0.033479554632900949 0.0019599961337833836 0.00013675014523192419 0.0053763209616147561 -0.0034229348946593738 -0.0025075106526608565 0.0021349261324340139 -0.0023295961450042662 0.00039640109274101078 -0.0036714540510234504 -0.0050328502541512332 0.0088074912321938412 0.012235773138414369 0.0086791281606103509
leaf_weight=5508.9058311112694 1106.90870298547 55.425243963254616 573.73678186817187 535.69955544383583 1627.5856294338728 2880.9171638867642 2672.3558055012772 826.78898819419555 10060.241104066052 865.63687245253277 1459.5498933201302 292.06903013751662 399.29572610071523 301.90104394220612 1000.5162040697396 68.594831877446723 12.569784975928995 143.43220831073813 5969.0734124747978 239.4566059831277 65.120642067864537 6511.5496072413307 1055.7712544374062 58.650908862403412 2901.8035814897294 1514.7508581624193 222.11640271526994 127.47745396752998 121.95039546502085 73.094381664438515
leaf_count=55199 12692 1414 5317 4864 12149 21420 19390 10829 119084 4255 31119 2760 3532 2796 9422 883 362 1524 44269 2006 510 62129 11597 845 32338 37607 2334 833 909 418
internal_value=1.22297e-06 0.000348569 0.00107566 0.00486975 -0.00040913 2.31511e-05 0.00146733 0.000779255 0.0010003 0.00158105 -0.00232818 -0.000740302 0.00129593 -0.00277325 0.00272225 0.00637662 -0.00254444 0.00508118 -0.000657808 -0.00218203 0.00837881 -0.00109473 -0.00184401 0.00986983 -0.000577595 -0.00419149 0.0008597 0.000738013 0.00456171 -0.00237618
internal_weight=49252.9 33569.7 17150.6 1233.21 16419.1 13389.4 4299.94 15917.4 14934.6 10925.9 3029.73 15683.2 2311.8 593.97 1717.83 589.841 982.791 156.002 9089.45 3120.37 659.471 13371.4 7862.53 594.35 4008.71 1570.18 1277.89 1127.99 521.246 6584.64
internal_count=514806 361994 192620 11536 169374 99234 31539 181084 168369 123339 70140 152812 21135 5556 15579 5324 12715 1886 67695 23426 6219 131677 76478 5709 45030 39021 13931 10255 4441 62547
cat_boundaries=0 1 2 3 4 5 6 7 8 9 10
cat_threshold=14968204 39465 7237896 14155812 229546 9293059 8664227 1892610 5949972 5033
is_linear=0
shrinkage=0.03


Tree=175
num_leaves=31
num_cat=13
split_feature=29 12 11 45 56 2 57 16 53 2 53 7 53 2 53 53 16 32 53 44 37 2 63 30 2 63 53 38 64 26
split_gain=13.9772 14.2045 22.0271 17.1209 15.0919 14.0502 16.9812 13.5871 18.2032 13.4909 13.8011 13.2618 13.9858 13.4529 13.4041 12.8746 12.5793 11.9495 15.1498 13.2159 11.9361 11.8784 11.7573 11.0271 10.5013 10.0589 9.97814 9.72251 9.31492 8.98353
threshold=2.1150000000000007 -0.044999999999999894 -0.056591276940113948 2.916666666666667 21.950000000000003 0 0.54465000000000019 0.53142284186401845 1 2 3 229.50000000000003 4 5 6 7 1.3257246811727263 0.040754063415933912 8 0.09463854498570666 6.5050000000000008 9 2.0833333333333326 0.28539617035325193 10 -1.9166666666666676 11 0.62870372628395854 12 26.420000000000005
decision_type=2 2 2 2 2 1 2 2 1 1 1 2 1 1 1 1 2 2 1 2 2 1 2 2 1 2 1 2 1 2
left_child=-1 3 5 9 17 7 22 15 -9 10 -2 12 28 14 -13 -3 24 19 -19 -4 25 -18 -7 -14 -6 -11 -15 -12 -5 -22
right_child=1 2 4 11 16 6 -8 8 -10 20 27 13 23 26 -16 -17 21 18 -20 -21 29 -23 -24 -25 -26 -27 -28 -29 -30 -31
leaf_value=-0.012403530942979926 -0.0012088793618350892 0.0059006930092192116 -0.00032249653302199836 0.0024802609169068406 -0.0090031150252627475 0.0014363676485819195 0.0077188395138914918 0.0029802172972810191 -0.0077718996560646536 -0.0079781087539304713 -0.0072792024741269515 0.0041193832492146896 0.0041286431284119169 0.00054324116526123858 -0.00038316219454173406 -0.000970540637608932 0.0031841263799519889 -0.0012721318402593533 0.0022111091112142572 0.0017035060789343515 0.0084849497713054226 -0.0031071993826458015 0.0074532645500869554 0.01795776405475881 -0.0011210464820047132 -0.0010895822919714294 -0.0021141492735251479 0.0019505372795497646 -0.0042678847795315882 0.00057451146491618182
leaf_weight=78.272803561150795 899.49243705002232 440.99222018611363 18896.409335277487 387.28111334745859 376.15813013058278 2017.1073441606568 690.08926594135482 222.62614631101314 349.57995206686064 228.66858312572049 1003.2437287373232 958.4074885324726 817.061187784406 1839.6485792982576 1513.0462965850006 521.00042109530932 442.19889130975616 1423.0160554197273 5098.8009929034642 3420.293557594865 170.40329204786076 650.36696482716479 345.45256739966771 55.523577562491482 287.49619298869356 1209.4777319624036 3989.9401998127914 108.04486151412129 327.46660931751103 556.96885450796526
leaf_count=12617 6936 3681 217343 3972 5480 21252 3387 2418 3843 1880 7914 9174 8434 18166 14510 4325 5150 14692 50109 27298 1133 7720 4005 429 3957 10034 37508 648 3319 3695
internal_value=0.000101011 0.000121998 0.000444658 -0.000682925 0.000152891 0.00238332 0.00355406 9.53516e-06 -0.00362401 -0.00229303 -0.0040561 0 0.00250805 -0.000483156 0.00136227 0.00220507 -0.00254363 0.00031831 0.00144777 -1.05191e-05 -0.000618289 -0.000531608 0.0023344 0.00502451 -0.00579938 -0.00221526 -0.00127103 -0.00629645 -0.00058959 0.00248703
internal_weight=49324.5 49246.3 35181.6 14064.7 30594.7 4586.85 3052.65 1534.2 572.206 4176.3 2010.78 9888.38 1587.33 8301.04 2471.45 961.993 1756.22 28838.5 6521.82 22316.7 2165.52 1092.57 2362.56 872.585 663.654 1438.15 5829.59 1111.29 714.748 727.372
internal_count=515029 502412 374660 127752 331749 42911 28644 14267 6261 32240 15498 95512 16154 79358 23684 8006 22307 309442 64801 244641 16742 12870 25257 8863 9437 11914 55674 8562 7291 4828
cat_boundaries=0 1 2 3 4 5 6 7 8 9 10 11 12 13
cat_threshold=3528 556321 92364 15208268 9553067 196755 8516618 12873931 9060484 9793 93736 9830565 425
is_linear=0
shrinkage=0.03


Tree=176
num_leaves=31
num_cat=8
split_feature=29 14 1 48 53 29 9 53 40 32 53 8 38 53 7 29 53 16 28 52 12 53 9 53 7 42 12 53 36 49
split_gain=14.5994 15.2112 14.0006 12.8181 13.1579 13.2945 12.8588 13.7006 11.2445 15.6591 21.9537 20.6439 19.4895 17.4161 17.0749 11.7266 10.9372 10.5891 10.0672 9.40981 9.09061 18.2267 11.1584 10.7399 8.76317 11.9073 9.93677 8.5451 8.44131 7.66408
threshold=2.7450000000000006 0.13500000000000004 28.265000000000004 0.072465419182072915 0 5.8650000000000011 -0.094999999999999238 1 3.5000000000000004 0.039422743356691804 2 50.750000000000007 0.3535051405695569 3 154.50000000000003 5.9650000000000007 4 2.5723522327437602 0.63000000000000012 1.3524068651867656 0.09000000000000026 5 0.050833333333333251 6 1256.5000000000002 -0.040992816195137831 0.019999999999999952 7 36.160000000000004 0.072798718298612161
decision_type=2 2 2 2 1 2 2 1 2 2 1 2 2 1 2 2 1 2 2 2 2 1 2 1 2 2 2 1 2 2
left_child=-1 8 20 6 5 -5 18 -8 9 12 17 -12 14 -14 -2 16 29 -11 -4 -6 22 -22 27 -24 26 -26 -17 -3 -18 -10
right_child=1 2 3 4 19 -7 7 -9 15 10 11 -13 13 -15 -16 24 28 -19 -20 -21 21 -23 23 -25 25 -27 -28 -29 -30 -31
leaf_value=-0.0061224261362131573 0.0021809860544646314 0.0010852371879647971 0.012008586242597295 0.0027791629508484047 0.00032604658094548245 0.0078749403061435068 0.002495747577797941 -0.0014482014993042621 -0.0040272114281603372 -0.0021946190555450114 0.0085681909310783809 0.0020596613391241792 0.0029926942970211596 -0.00015603497254991231 -0.0013005603435026799 -0.00079251891905504808 -0.01000467432661053 0.0035523701885341618 -0.011073265002833019 0.0055117853632360063 0.012176155119792526 -0.0022940620108078515 0 -0.014605682099582372 0.00022272886780260931 -0.0046860131533879501 0.001445707044748802 -0.0023459938950637525 -0.00062701295773371084 -0.0148233489282035
leaf_weight=344.19314767220931 1422.0194096473188 1155.2242355180801 124.53623105306178 2381.2573547424404 2670.8341135039796 584.46435593138449 1140.7601523321355 2518.4508107632546 1313.9211170096478 1242.4807640826084 587.86227019540638 1800.7071544581977 2629.2470094408682 3901.6885587328497 11204.094050274774 4908.070349347423 89.113262822000706 371.08119564922436 16.706402813084424 357.78368622041307 126.72479942829477 170.95711719035171 91.885335354250856 95.890337894961704 839.62175650247127 917.38706499880163 2802.4239564577274 1456.337452523886 1989.837543031002 62.928522124959272
leaf_count=23372 16350 11275 732 29095 31454 4686 10644 22821 10629 14240 8648 18231 11763 17351 166332 37928 723 4159 109 2653 1593 2128 1577 1693 5285 5692 23056 14665 15787 444
internal_value=1.57675e-05 5.97677e-05 0.000944706 0.00150163 0.00236584 0.00378539 0.00013012 -0.000206927 -0.000255613 0.000138875 0.00184589 0.00366456 -0.000216329 0.00111187 -0.000905791 -0.000964788 -0.0024618 -0.000846377 0.0089525 0.000948662 -0.000806794 0.00413578 -0.00134568 -0.00838724 -0.000414779 -0.00232563 1.72515e-05 -0.000821865 -0.00104759 -0.00453033
internal_weight=49318.5 48974.3 12891.8 9794.79 5994.34 2965.72 3800.45 3659.21 36082.5 23159.2 4002.13 2388.57 19157 6530.94 12626.1 12923.3 3455.8 1613.56 141.243 3028.62 3097.02 297.682 2799.34 187.776 9467.5 1757.01 7710.49 2611.56 2078.95 1376.85
internal_count=515115 491743 135125 102194 67888 33781 34306 33465 356618 257074 45278 26879 211796 29114 182682 99544 27583 18399 841 34107 32931 3721 29210 3270 71961 10977 60984 25940 16510 11073
cat_boundaries=0 1 2 3 4 5 6 7 8
cat_threshold=15895843 8932545 11158726 8805012 14033001 8170160 2486520 7487835
is_linear=0
shrinkage=0.03


Tree=177
num_leaves=31
num_cat=8
split_feature=29 45 53 0 44 8 2 70 66 14 31 0 0 54 2 53 53 53 66 55 55 67 2 13 48 60 2 42 48 48
split_gain=12.724 15.2933 15.8838 12.8488 15.1175 17.7803 13.1503 14.2825 10.9439 12.9302 12.4988 21.1672 18.3528 11.9662 12.6283 14.7744 14.0868 10.9028 10.4054 10.1849 21.201 16.4129 10.1029 9.36551 9.26543 9.20595 11.4817 8.92624 8.39895 8.24129
threshold=2.1150000000000007 4.5500000000000007 0 0.03437202175882751 0.015130592777651551 50.750000000000007 1 -2.0606601717798205 0.29253841529958974 0.085000000000000006 0.05315025432400796 0.058630211415462812 0.022819869685612556 6.5500000000000007 2 3 4 5 0.13915320682287327 19.400000000000002 22.900000000000002 3.1672149122807021 6 3.5000000000000004 0.075134504922127962 213.50000000000003 7 0.27428206726120369 0.083771638130459805 0.090395334492121268
decision_type=2 2 1 2 2 2 1 2 2 2 2 2 2 2 1 1 1 1 2 2 2 2 1 2 2 2 1 2 2 2
left_child=-1 8 18 6 5 -5 23 -8 9 10 12 -12 -2 25 16 -16 -15 -6 28 21 -21 -11 24 -4 -20 27 -27 -10 -3 -30
right_child=1 2 3 4 17 -7 7 -9 13 19 11 -13 -14 14 15 -17 -18 -19 22 20 -22 -23 -24 -25 -26 26 -28 -29 29 -31
leaf_value=-0.012267323051181887 -0.00079805281493582861 -0.0072340273908158871 0.00081395788456825775 0.0082783365612684751 0.0083115759790162273 0.034002140234615251 -0.0022798500046386327 0.0038975880281988248 0.024193862077123963 0.00092254921928111751 -0.0027708680350715404 0.0016490797992058676 0.002439978968187892 0.012372234009398375 -0.0037619030789798665 0.0025009213609984951 0.0016484296783066791 -0.0016868159812130174 0.0051619662443707732 -0.0018297461340972304 0.0012003936687154733 -0.005711669804225287 -0.0051887988492255515 -0.006454811563576141 0.043963788173574839 -0.0066829249823036696 0.010738279098919529 0.0044051621140685417 0.0096775137113229645 -0.0097057593315163695
leaf_weight=76.215869772378937 14533.060682210973 334.46518965223004 379.54158031397139 95.772805672178492 193.20553415934046 33.979666711762547 407.48278247356234 1778.9788218322271 49.801750999734395 11278.83415886715 5511.7743567220878 1174.2479559278654 1761.7072894289067 149.82760933246936 650.35864446665528 679.60086632186358 410.41557964961612 178.56858150371863 14.443926088203172 5268.0349975118588 3418.0713153797587 342.88724181242287 23.588478706311435 265.51261920278603 10.840279118402576 53.867314515704493 58.233561075641774 42.928768368437886 57.264267687535039 26.577737505611708
leaf_count=12556 150723 4674 4962 1182 2176 314 6319 27734 524 126956 49921 6895 14743 1050 4850 5247 3008 1956 196 43680 33294 1618 365 5719 196 615 666 406 1166 822
internal_value=-0.00017208 -0.000152229 0.00167417 0.00240316 0.00684554 0.0156565 0.00160994 0.00271916 -0.000305892 -0.000408973 -0.000896521 -0.00198986 -0.000445876 0.00180808 0.00103921 -0.000545538 0.00476806 0.00362285 -0.003429 0.000141303 -0.0006339 0.000723283 0.00913514 -0.0021097 0.0182219 0.00867955 0.00248904 0.015636 -0.00508637 0.0031006
internal_weight=49260.1 49183.9 3800.22 3333.04 501.527 129.752 2831.52 2186.46 45383.7 43288.6 22980.8 6686.02 16294.8 2095.03 1890.2 1329.96 560.243 371.774 467.18 20307.8 8686.11 11621.7 48.8727 645.054 25.2842 204.831 112.101 92.7305 418.307 83.842
internal_count=514533 501977 57781 50362 5628 1496 44734 34053 444196 427830 222282 56816 165466 16366 14155 10097 4058 4132 7419 205548 76974 128574 757 10681 392 2211 1281 930 6662 1988
cat_boundaries=0 1 2 3 4 5 6 7 8
cat_threshold=4195584 151844 28710 3167581 2188548 1538186 156254 14926
is_linear=0
shrinkage=0.03


Tree=178
num_leaves=31
num_cat=10
split_feature=20 53 67 53 3 53 4 8 36 30 66 53 2 38 45 2 37 53 52 65 29 53 2 2 14 6 66 65 69 0
split_gain=12.9511 12.5998 12.117 31.0938 15.0728 12.567 10.8274 18.0975 13.7747 14.3024 13.2108 11.3423 10.5323 10.2284 12.5595 9.82715 9.77012 9.71373 9.62157 9.20034 10.365 11.3394 9.7385 8.52588 7.82673 7.7289 9.76435 7.68203 7.22978 7.19356
threshold=-0.089999999999999927 0 3.0009041591320078 1 0.15500000000000003 2 0.95000000000000007 19.750000000000004 34.660000000000004 0.17124314767348317 0.017552921560098553 3 4 0.63679594861660094 2.916666666666667 5 6.1650000000000009 6 0.20412414523194508 0.19502810394043732 3.9550000000000005 7 8 9 0.12500000000000003 4.8500000000000005 0.0048563342635902507 0.091963633567831424 -1.1634144591899853e-15 0.054724020521983212
decision_type=2 1 2 1 2 1 2 2 2 2 2 1 1 2 2 1 2 1 2 2 2 1 1 1 2 2 2 2 2 2
left_child=1 29 6 12 5 28 11 8 9 -8 -10 25 -4 14 -9 -7 -6 -15 -14 23 -21 24 -23 27 -22 26 -2 -3 -5 -1
right_child=2 19 3 4 16 15 7 13 10 -11 -12 -13 18 17 -16 -17 -18 -19 -20 20 21 22 -24 -25 -26 -27 -28 -29 -30 -31
leaf_value=-0.00045623486353535831 -0.0013520124240318288 0.0028018591534369947 0.0055060363977923821 -0.0028410344734880666 -0.0090083123168868667 0.0062810466453467944 0.0024300855521233924 -0.00069654657016398529 0.0041177932330220242 0.047013330378618406 0.030419005547523088 -0.013298833781206661 0.0037538662320013524 0.0044843792813954002 0.00048227544704339167 -0.013555298868546346 0.0043453171052303865 0.00056495957674639725 -0.0080879263086889603 -0.019092953120380396 -0.0097856672377962754 -0.0031603743972648301 0.0041405246071605107 -0.0049898621984237534 0.0090128297760768972 -0.012123513134393261 0.025849919798897687 -0.0048102592415999925 0.016528737005937318 0.0042646922860133021
leaf_weight=2624.5245198565049 23.792005407294255 283.9850657042407 396.54245444367825 20.278371068812703 663.13773948275593 27.444611266255379 248.95953635680826 11532.614925383827 36.191592594303074 4.7788669413421294 38.71757767709596 93.737885814421588 113.34449740767741 952.97708224266535 27525.140715478472 47.262771205540048 48.955279358834559 1466.5559087444999 126.54914713070866 23.520224570296705 137.39194088988643 224.90863692372204 518.57510721830386 1493.1562971601347 20.007141644135118 17.212649088993203 18.184808181521475 201.73179747583345 57.642399094998837 324.4080543294549
leaf_count=31208 5745 4275 1882 94 3308 123 14864 97459 1350 111 1142 14904 571 5142 290249 210 211 8123 591 258 1003 1685 3834 19466 146 1311 1752 1869 257 1821
internal_value=3.55101e-06 -0.00132047 0.000182583 -0.00246193 -0.00612898 0.00217909 0.000278024 0.000308035 0.00730205 0.00374817 0.0185394 -0.00763074 0.00253339 0.000251545 0.000133418 -0.00606143 -0.00803866 0.00214436 -0.00228949 -0.00271811 -0.000221085 0.000279596 0.00187713 -0.00388174 -0.00670427 0.00272484 0.0103897 -0.00029879 0.00992563 5.52927e-05
internal_weight=49312.2 5852.21 43460 1501.16 864.721 152.628 41958.9 41805.9 328.648 253.738 74.9092 152.927 636.436 41477.3 39057.8 74.7074 712.093 2419.53 239.894 2903.28 924.403 900.883 743.484 1978.87 157.399 59.1895 41.9768 485.717 77.9208 2948.93
internal_count=514964 65565 449399 7247 4203 684 442152 418440 17467 14975 2492 23712 3044 400973 387708 333 3519 13265 1162 32536 6926 6668 5519 25610 1149 8808 7497 6144 351 33029
cat_boundaries=0 1 2 3 4 5 6 7 8 9 10
cat_threshold=1936057 10758173 4790016 2214689 159265 8728 4894774 8388674 1413 67732
is_linear=0
shrinkage=0.03


Tree=179
num_leaves=31
num_cat=11
split_feature=20 34 2 52 53 55 53 1 28 53 53 7 2 53 2 28 53 28 49 53 7 2 68 29 29 8 47 58 16 29
split_gain=13.5323 11.7009 15.3892 14.1142 12.4216 13.2984 10.8139 10.5218 14.2986 14.2354 12.7771 12.1659 14.7655 21.5238 12.5651 17.8692 13.68 11.5196 11.4216 10.5212 10.0587 9.28765 14.479 9.08639 8.98504 8.46398 8.31042 8.07904 17.292 17.0278
threshold=-0.084999999999999937 4.5000000000000009 0 -1.6323215627475218 1 25.300000000000004 2 28.835000000000004 -1.6649999999999998 3 4 818.50000000000011 5 6 7 -0.43000000000000033 8 0.16999999999999968 0.059954605908420958 9 1639.5000000000002 10 2.5000000000000004 6.5250000000000012 6.6550000000000011 70.950000000000017 61.525000000000013 69.850000000000009 0.11212289749553377 4.6750000000000007
decision_type=2 2 1 2 1 2 1 2 2 1 1 2 1 1 1 2 1 2 2 1 2 1 2 2 2 2 2 2 2 2
left_child=20 7 19 6 5 -5 23 8 9 -2 18 12 13 -9 15 -13 -16 -14 -10 -3 27 22 -22 -4 -21 -26 -12 28 -1 -30
right_child=1 2 3 4 -6 -7 -8 11 10 -11 26 14 17 -15 16 -17 -18 -19 -20 24 21 -23 -24 -25 25 -27 -28 -29 29 -31
leaf_value=0.0019732090992040994 0.0015000119746094627 -0.0041908659584357754 -0.0031403109998561574 0.0012318227825193237 -0.00055701073047829215 0.008285177056565925 -0.013624049049629222 0.00010733392227068748 -0.0018569911896812749 -0.01474432252785488 0.00068472944863259637 -0.0034884850755233427 0.00016611796275383048 0.0045293669893961908 0.0008498863945250255 0.0022750966966740009 -0.002280094606117914 0.0027088436815735735 0.0045611214173473082 -0.00032069515125122581 0.051550825075688901 0.00039687458824765222 0.005036577166058924 0.024372530760233581 -0.0093034357996095059 -0.00076551516385246722 0.0075621764101112083 -0.0051821881771867539 -0.0061142125529085401 -0.0011361840434582502
leaf_weight=1213.7982194337692 79.581718841381644 1348.190907225129 50.217155469577847 3046.4052261869701 5090.462218211027 261.90075272774311 103.17852759453308 1599.4479676922338 3668.0288640704225 109.38945073255354 4037.0511681863754 570.4352839950393 7059.3510427266792 2686.0129675366052 2154.0675975922213 3040.4870092356737 2960.0837604250128 2084.6099091757023 263.48794270127564 2636.7446785906 10.259022535756232 75.434412858448923 16.087720578536391 11.358520001926079 209.73099544725801 223.67018328106496 163.9332629002165 493.83689162287828 770.3381618178214 3243.0369143299781
leaf_count=13415 710 14216 1022 33604 55558 2696 2056 15399 37639 1229 42541 5047 69970 26616 20762 30848 28954 24845 2096 29138 91 642 127 131 2249 1281 939 5016 12995 33170
internal_value=2.45998e-05 0.000207186 -0.000545859 0.000193789 0.000368946 0.0017985 -0.00844114 0.00052896 -0.000377997 -0.00849569 -0.000183639 0.00087098 0.00143757 0.00289084 0 0.00135112 -0.000956999 0.000748727 -0.00141353 -0.00198161 -0.00133257 0.00787969 0.0196382 0.00178867 -0.000989185 -0.00498983 0.000961426 -0.0015044 -0.00114935 -0.00210172
internal_weight=49280.6 43457.8 12981.9 8563.52 8398.77 3308.31 164.754 30476 8321.47 188.971 8132.5 22154.5 13429.4 4285.46 8725.07 3610.92 5114.15 9143.96 3931.52 4418.34 5822.79 101.781 26.3467 61.5757 3070.15 433.401 4200.98 5721.01 5227.17 4013.38
internal_count=515002 449546 141951 95067 91858 36300 3209 307595 85154 1939 83215 222441 136830 42015 85611 35895 49716 94815 39735 46884 65456 860 218 1153 32668 3530 43480 64596 59580 46165
cat_boundaries=0 1 2 3 4 5 6 7 8 9 10 11
cat_threshold=65629 5598720 4459151 11278364 6032535 34903 7358524 55976 6887589 356400 65667
is_linear=0
shrinkage=0.03


Tree=180
num_leaves=31
num_cat=12
split_feature=7 29 45 34 53 4 28 53 2 2 12 53 48 52 55 29 6 45 2 4 2 2 11 2 2 21 53 70 64 52
split_gain=15.194 19.808 15.5661 15.3527 15.8541 15.2296 14.527 16.716 19.0896 16.9782 11.6835 13.2444 13.8679 11.1488 11.1421 10.9851 16.9143 13.7153 10.8924 14.6333 10.6865 10.248 9.69734 20.7398 11.8459 9.10013 8.64686 8.58324 7.88055 7.8731
threshold=360.50000000000006 3.9250000000000003 2.4500000000000006 5.5000000000000009 0 1.0000000180025095e-35 0.69499999999999995 1 2 3 -1.0000000180025095e-35 4 0.073826625313945515 -1.5227739752537914 21.850000000000005 6.6450000000000005 37.050000000000004 3.291666666666667 5 72.100000000000009 6 7 -0.046153846153845497 8 9 -0.069999999999999993 10 3.7677669529663693 11 1.3155060847020006
decision_type=2 2 2 2 1 2 2 1 1 1 2 1 2 2 2 2 2 2 1 2 1 1 2 1 1 2 1 2 1 2
left_child=2 -2 21 10 18 -4 7 9 -9 -7 11 14 -13 27 -3 17 -17 -8 -5 -20 -15 29 23 -12 -24 -23 -27 -6 -28 -1
right_child=1 3 5 4 13 6 15 8 -10 -11 22 12 -14 20 -16 16 -18 -19 19 -21 -22 25 24 -25 -26 26 28 -29 -30 -31
leaf_value=-0.0071519222758724323 -0.0069994818789932012 -0.0012329613510441598 -0.020611109428412138 -0.0024569521665084148 -0.013038642338307939 0.00058873539779786242 -0.0026482629032860928 0.002289122817564858 -0.0013060199593147395 0.0044861868343707223 0.0062995326053475499 -0.0009514551462019385 0.0011869996636962353 0.00024270901820941198 -0.0051019951650043555 0.033694712755314667 0.0045365767090878679 0.0062307665966523989 0.0054270019181346428 -0.024008211284286561 -0.0031038200151316483 0.024044464851175167 -0.0011790141793024682 -7.8322591499393031e-05 0.00080515164648379991 -0.0055941344901031453 -0.0029453643257456833 0.010057000242899529 0.0023937147180925029 0.003609495379948955
leaf_weight=404.33103949208953 395.38321658300993 2967.8045624930764 26.28727631557922 306.23583382645757 132.81953150496793 2094.7368088683552 205.27389776767677 2065.5155577387577 3678.264947204907 1983.536280560219 774.75805173245953 6729.1125582148215 4585.6799085871662 1167.0687061649446 878.25843175251293 28.195897319317737 53.221306792206633 596.74940894109795 532.97436028883658 13.359892219305037 3118.475059850894 11.619761373847721 3639.7653801535148 1087.9730442951923 10407.981076123056 239.61764833197003 362.96716127509671 13.260932767115262 719.1286335260088 66.795560318755633
leaf_count=3228 10703 26486 12700 3423 2496 23776 1859 23467 37386 19938 7239 56118 45764 12096 7993 281 284 10423 5579 74 31861 64 39681 10418 110821 1882 2801 208 5701 433
internal_value=-2.67281e-05 -0.00033496 0.000874391 -0.000261274 -0.00175589 0.00130946 0.00136993 0.00103407 -5.88476e-06 0.00249926 -6.02667e-06 -0.000602888 -8.19983e-05 -0.0024765 -0.00212094 0.0050593 0.0155598 0.00391998 0.0019578 0.00448574 -0.00219246 -0.0016951 0.000560833 0.00259558 0.000288559 -0.000300598 -0.000575566 -0.010632 0.000562746 -0.00543901
internal_weight=49287.2 36750.9 12536.2 36355.5 5284.19 10731.8 10705.5 9822.05 5743.78 4078.27 31071.3 15160.9 11314.8 4431.62 3846.06 883.441 81.4172 802.023 852.57 546.334 4285.54 1804.46 15910.5 1862.73 14047.7 1333.33 1321.71 146.08 1082.1 471.127
internal_count=515183 370960 144223 360257 55737 130114 117414 104567 60853 43714 304520 136361 101882 46661 34479 12847 565 12282 9076 5653 43957 14109 168159 17657 150502 10448 10384 2704 8502 3661
cat_boundaries=0 1 2 3 4 5 6 7 8 9 10 11 12
cat_threshold=7602176 1861251 90628 176780 5252225 168673 6570 213216 217876 229520 3211273 35
is_linear=0
shrinkage=0.03


Tree=181
num_leaves=31
num_cat=6
split_feature=44 1 53 4 35 52 53 44 40 42 58 1 53 53 20 64 60 8 49 35 26 0 30 57 61 35 48 58 53 58
split_gain=15.4438 14.8759 15.1023 14.2715 13.7995 15.8549 20.2218 14.701 14.5596 15.3872 13.3989 12.8221 14.28 12.4648 13.5545 12.2614 10.4804 10.3202 10.0499 9.99437 9.75779 10.9396 10.5269 9.67018 9.05726 9.08643 9.09599 8.5003 8.20804 9.82202
threshold=0.15026868024647447 45.840000000000011 0 1.0000000180025095e-35 38.785000000000004 -1.354697749503319 1 0.056029678483099761 3.5000000000000004 0.17068456118237887 52.650000000000013 29.175000000000004 2 3 0.17499999999999999 4 93.000000000000014 65.750000000000014 0.10137020748079421 22.255000000000003 28.020000000000003 0.029703194453472904 0.15582113305626358 0.11260000000000002 0.084926072845293923 32.535000000000004 0.064370257926710361 54.650000000000013 5 84.850000000000009
decision_type=2 2 1 2 2 2 1 2 2 2 2 2 1 1 2 1 2 2 2 2 2 2 2 2 2 2 2 2 1 2
left_child=3 2 20 -1 5 6 7 -5 9 -7 -10 12 18 -13 -15 16 19 -18 -6 -4 21 22 -2 -8 25 26 -3 -22 -17 -30
right_child=1 24 15 4 11 8 23 -9 10 -11 -12 13 -14 14 -16 28 17 -19 -20 -21 27 -23 -24 -25 -26 -27 -28 -29 29 -31
leaf_value=-0.020962272819244013 -0.00029882720609057618 0.030251603984714034 0.022010981576383887 -0.0015207481829122957 0.0036525736078230103 -0.00046741471106970885 -0.010919457176755703 0.0092480456284243003 -0.00063566571191991147 0.0010784347904000491 -0.0035973990461741542 0.0026802106016286047 -0.0018702807719925526 0.00065540461730619612 -0.0098163168519962811 -0.0049091394114943784 0.030881767959479858 0.0098300980391909359 -0.026451022938842789 -0.00014710054452273137 0.010006411583146758 0.005801681106163763 -0.017929792617425409 -0.0040295157624078079 -0.0063841664470195699 0.029272414176759683 -0.0044406349559491728 -0.011912040515478126 0.0044917404350637785 -0.015643291992351354
leaf_weight=27.324094896270253 125.14158740565972 7.2852253355085876 18.419902315363288 761.10454264176042 637.87658505194395 12477.871001697322 291.55681135408986 132.09702446617257 9307.9196757234695 10795.665157607456 1621.4249755357796 4002.7338357040057 2410.067065812852 4645.7523416728764 111.74781754054129 131.36936928566502 23.668164229951799 241.25468788621038 7.945170145481824 153.97698900166142 15.358262255787848 173.26075969354588 39.964378256350756 562.87213626635548 11.244926191866396 38.455582570284605 20.617019548168173 116.13008093854751 411.89415616913038 20.516724929213524
leaf_count=13058 1101 55 125 13231 6023 156702 9066 1626 70483 108125 13189 38525 23427 43676 1511 900 172 1588 50 1104 66 1013 321 6074 75 268 145 782 2633 236
internal_value=5.62802e-05 0.00300313 0.00229225 -3.86937e-05 -2.52195e-05 -0.000318164 -0.00310465 5.48448e-05 -0.000174735 0.000248385 -0.00107838 0.000863428 -0.000803106 0.00144825 0.000398275 0.00435639 0.00810206 0.0120405 0.00310743 0.00227365 -0.00209 0.000488888 -0.0049095 -0.00636133 0.0157047 0.0199639 0.0050317 -0.00901559 0.00129051 0.00332321
internal_weight=49342.5 1548.56 1470.96 47794 47766.6 35950.5 1747.63 893.202 34202.9 23273.5 10929.3 11816.1 3055.89 8760.23 4757.5 1001.1 437.32 264.923 645.822 172.397 469.855 338.367 165.106 854.429 77.6028 66.3578 27.9022 131.488 563.78 432.411
internal_count=515350 10584 10041 504766 491708 378496 29997 14857 348499 264827 83672 113212 29500 83712 45187 6758 2989 1760 6073 1229 3283 2435 1422 15140 543 468 200 848 3769 2869
cat_boundaries=0 1 2 3 4 5 6
cat_threshold=9471201 8710735 16713 695749 195 7077904
is_linear=0
shrinkage=0.03


Tree=182
num_leaves=31
num_cat=7
split_feature=28 12 11 29 10 63 65 2 38 64 67 28 50 58 56 7 42 2 35 44 32 2 2 58 4 9 8 43 2 2
split_gain=12.2638 13.7979 18.2021 14.7438 14.1365 13.7367 13.4216 15.2734 11.3773 11.5706 12.5716 11.405 11.3188 13.6816 13.3675 10.426 13.7296 16.0433 13.2598 12.7949 12.6794 12.0795 10.717 10.2516 10.2282 10.1735 10.0914 9.93078 9.82821 9.4604
threshold=0.29000000000000015 0.044999999999999908 -0.0018421052631575998 3.4250000000000003 0.079999999999999558 -2.4166666666666674 0.43934197262470104 0 0.36246959923865923 1 0.57199692836508587 -1.2499999999999996 1.0000000180025095e-35 12.350000000000003 22.450000000000003 1100.5000000000002 -0.42099281619513768 2 32.475000000000001 0.16258330758705916 0.078188031107476061 3 4 22.150000000000002 9.3500000000000032 0.084999999999999465 56.45000000000001 0.89330046815151098 5 6
decision_type=2 2 2 2 2 2 2 1 2 1 2 2 2 2 2 2 2 1 2 2 2 1 1 2 2 2 2 2 1 1
left_child=1 4 5 -4 8 28 15 25 12 10 -10 -11 14 -14 -1 18 24 -18 20 -19 21 -2 -20 27 -17 -8 -24 -5 -3 -25
right_child=6 2 3 23 -6 -7 7 -9 9 11 -12 -13 13 -15 -16 16 17 19 22 -21 -22 -23 26 29 -26 -27 -28 -29 -30 -31
leaf_value=-0.00086677000390931699 0.0031357592410538866 0 -0.0078820672743267709 -0.00035475994817802157 -0.0018281500469798392 0.0027824727300291173 0.0079676278167429178 -0.00079351137498023935 0.0090333692864252579 -0.0038864545312251256 0.001868224165283493 0.00064324382368537462 0.011518393264999606 0.00066924977053082655 -0.0073558974892745377 -0.013935774869068291 0.0026987088523526335 -0.0015056460228125227 0.00060820698882005223 0.012337124504187552 0.009370641652411929 -0.0012614613211453709 0.0057366146647184844 -0.000169649916514455 -0.0023588069367792689 0.033142609267042648 0.0020105710895901175 -0.0062995368650004971 0.016306016008399118 0.0027745965861221094
leaf_weight=11577.769310064141 689.70757446491848 59.067090344927465 194.84507735172247 2097.2414515720293 5813.3972525581012 1377.7773395287466 347.54094682254981 230.29171791483714 265.61279166006079 559.0533837320836 1383.7547204536731 4579.1216284101729 107.70256268659159 2564.5675076343459 292.52867080331998 72.39114857225286 1699.3021959926186 2259.8016747275992 1883.8795771025996 59.374008318409324 122.41626149962667 2791.831639980006 1156.3864956778966 1819.4737317061695 1236.5457568434349 14.304846029826875 1595.6950995404109 288.0104586585453 112.65025176888867 2084.3602147591391
leaf_count=120351 8923 672 6251 15429 73534 14044 2797 2008 1389 2667 6624 22264 1952 30395 2768 3289 17080 22430 22446 462 962 38283 24082 22560 11819 165 9986 3181 1266 25373
internal_value=0.000106816 -0.000192579 0.000898062 0.000194674 -0.000516515 0.00381804 0.000852656 0.00527342 -0.000157492 0.00085464 0.00303145 0.00014296 -0.000632006 0.00112602 -0.00103043 0.000656755 -0.000373057 0.000489995 0.00132614 -0.00112316 -3.06934e-05 -0.000375061 0.00238695 0.000452098 -0.00304224 0.00897535 0.00357714 -0.00108981 0.0118266 0.00140197
internal_weight=49336.4 35176.9 8033.43 6483.93 27143.5 1549.49 14159.5 592.138 21330.1 6787.54 1649.37 5138.18 14542.6 2672.27 11870.3 13567.3 5327.41 4018.48 8239.92 2319.18 3603.96 3481.54 4635.96 6289.09 1308.94 361.846 2752.08 2385.25 171.717 3903.83
internal_count=515452 350720 88776 72794 261944 15982 164732 4970 188410 32944 8013 24931 155466 32347 123119 159762 55080 39972 104682 22892 48168 47206 56514 66543 15108 2962 34068 18610 1938 47933
cat_boundaries=0 1 2 3 4 5 6 7
cat_threshold=75604 33 252296 104450 214290 182441 241816
is_linear=0
shrinkage=0.03


Tree=183
num_leaves=31
num_cat=12
split_feature=10 26 2 42 2 53 12 28 53 9 2 53 53 53 32 55 53 2 64 15 46 29 53 42 62 42 39 13 28 60
split_gain=13.0384 15.6218 13.024 15.1039 15.2691 18.2471 13.9941 13.42 13.5149 12.9476 19.8425 13.2527 12.5787 12.4534 12.1394 31.2044 15.6368 23.5351 14.3153 13.0149 11.6545 11.5566 20.2398 11.5399 11.9944 11.395 10.781 12.3176 11.4705 10.7779
threshold=0.074999999999999664 28.500000000000004 0 0.45900718380486222 1 2 0.079999999999999558 -0.13999999999999915 3 -0.056666666666667045 4 5 6 7 0.061000981022292851 18.950000000000003 8 9 10 6.7750000000000012 0.12499999999999996 7.3050000000000006 11 0.78068456118237928 52.500000000000007 0.36900718380486236 5.5000000000000009 3.5000000000000004 0.57499999999999984 56.500000000000007
decision_type=2 2 1 2 1 1 2 2 1 2 1 1 1 1 2 2 1 1 1 2 2 2 1 2 2 2 2 2 2 2
left_child=1 14 6 -4 5 -5 12 -8 20 10 13 -11 -2 -3 21 16 19 -18 -17 -16 -9 -1 -23 -13 -25 -24 28 -28 -6 -14
right_child=2 9 3 4 26 -7 7 8 -10 11 -12 23 29 -15 15 18 17 -19 -20 -21 -22 22 25 24 -26 -27 27 -29 -30 -31
leaf_value=0.00014377019735190247 -0.0051453482555833627 -0.002801291921562856 -0.00088324975703745737 0 -0.0033443481090395665 0.0070396760142014993 -0.0025835852804179647 0.011805060249412398 0.00030011882174056989 0.00060222393584422247 -0.0031678830185588197 -0.0070997203452309691 0.001480734270258963 0.012207017568141333 0.0066388123999695323 0.0026216554653259515 0.014840251922313136 0.004157692340785963 -0.0025588050131132817 -0.0034456633417914492 -0.019504713105168433 -0.0038294572445721348 0.014526061771630423 0.0032758143138450582 -0.0059616133226694399 -0.0017340818976196847 0.050187374420520146 0.0040976641391746987 0.0072274458195607742 -0.0028848357144934189
leaf_weight=29644.093634740242 1454.5505383690866 63.86065907496959 6507.953877579339 608.59002961177384 696.03092890314952 751.89622578153148 526.82961800148291 205.06238125645632 373.52247233258845 553.49183786398544 295.29132748133088 826.73673911350625 715.84772306582659 177.10355928491572 205.77064392436296 839.08648975462165 297.76994965792164 569.51799486566097 1086.203650923092 253.47790626670894 8.8251002662000229 126.93041786628055 180.90143564629579 252.13455679730305 246.55477218097076 44.691528953146189 5.3621569952852068 25.984122293504925 103.16261687103179 1692.7444194265101
leaf_count=285290 21070 396 91045 6781 7128 8575 7116 2965 5658 3662 1816 6277 9829 1059 1723 5889 2457 4768 7673 2374 177 839 1188 1933 1860 295 215 1367 1260 22630
internal_value=-7.22401e-05 0.000229101 -0.000860153 -0.000154531 0.00199441 0.00393741 -0.00208229 0.000853463 0.00398525 -0.00209754 0.00197382 -0.00327635 -0.0029422 0.0081667 0.000399126 0.00214058 0.00567835 0.00801198 -0.00028477 0.000995355 0.00975372 0.000209212 0.0055958 -0.00488482 -0.00123687 0.0107153 -0.00118718 0.0154187 -0.00192763 -0.00156826
internal_weight=49340 35663.6 13676.4 8698.98 2191.03 1360.49 4977.38 1114.24 587.41 2415.17 536.256 1878.92 3863.14 240.964 33248.4 3251.83 1326.54 867.288 1925.29 459.249 213.887 29996.6 352.523 1325.43 498.689 225.593 830.54 31.3463 799.194 2408.59
internal_count=515315 329499 185816 116371 25326 15356 69445 15916 8800 17003 3271 13732 53529 1455 312496 24884 11322 7225 13562 4097 3142 287612 2322 10070 3793 1483 9970 1582 8388 32459
cat_boundaries=0 1 2 3 4 5 6 7 8 9 10 11 12
cat_threshold=12961 19538 7778822 11132968 172568 5252645 10172452 8403121 13091846 177186 204 5900346
is_linear=0
shrinkage=0.03


Tree=184
num_leaves=31
num_cat=13
split_feature=45 10 53 67 53 40 53 2 1 2 53 44 53 53 46 48 2 47 21 9 2 2 52 43 34 29 2 52 38 2
split_gain=13.1066 13.4665 14.6057 14.4122 22.7184 13.1252 13.8759 16.8678 12.6666 13.6427 17.3758 12.3717 13.9218 11.8406 11.949 11.9855 13.1738 11.8711 13.3656 11.6442 12.9899 11.6258 14.9481 13.3075 18.6842 17.4407 11.474 11.469 10.7624 10.5673
threshold=2.6333333333333337 0.074999999999999664 0 2.7850540982375471 1 2.5000000000000004 2 3 29.055000000000003 4 5 0.14166565307292664 6 7 0.097499999999999962 0.075513169978281211 8 58.085000000000015 -0.034999999999999996 0.0058333333333333006 9 10 0.23732222626728569 1.1316485955775637 5.5000000000000009 5.9050000000000011 11 1.7954621161490232 0.31385968463426506 12
decision_type=2 2 1 2 1 2 1 1 2 1 1 2 1 1 2 2 1 2 2 2 1 1 2 2 2 2 1 2 2 1
left_child=8 3 19 5 -5 11 7 -7 9 -1 -11 26 -13 17 -15 16 -16 18 -10 -3 -21 23 -23 24 -4 -25 -2 -12 -6 -19
right_child=1 2 21 4 28 6 -8 -9 13 10 27 12 -14 14 15 -17 -18 29 -20 20 -22 22 -24 25 -26 -27 -28 -29 -30 -31
leaf_value=0.0017484171706112993 0.0024272275232038276 0.0021936146071424496 0.0055294615545058131 0.0035444907622751349 -0.0098443082742110007 0.0047555051467908678 -0.00044983636216318828 0.00064200631598276478 0.006453158612589942 -3.646384116002923e-05 -0.0056220049062267506 -0.0047819120675621652 0.020201675903417825 -0.0015237027535820109 0.017172017486782525 -0.0026094065073637459 0.0011007914664528439 -0.00015405385195347743 -9.8255740967741117e-05 -0.00023940230562222951 -0.0041841859382515858 -0.00010479652693194207 -0.0076355503883898425 -0.0056449575370745714 -0.0039974201028589564 0.0039164897174560759 0.00044603425786304227 0.011998066257235979 -0.0025690621155970775 0.0099193278805644949
leaf_weight=568.0777812505462 6204.6562130066723 498.21043418628915 1119.1594214307543 370.81130455861876 304.21757805265588 1103.8461305386318 8848.5070660502461 4773.8606445368696 307.59565847733484 934.55476080748667 1587.6026065647179 26.434922985732555 52.201205536723137 4613.3268502633255 82.761402178090066 125.83518686886964 113.8140233294107 151.94895844570237 2876.1064314687123 1240.6770505254876 1998.5931628501144 4809.8687961120377 248.09279298314505 365.49112820943401 216.69520639641951 317.65274146618867 4665.0426238952805 31.083583465366246 499.67116505459762 231.41684539231937
leaf_count=4559 82187 5235 14289 1749 1638 8607 69321 36875 2008 7646 13065 232 447 37726 707 1279 913 874 24927 19843 32464 69922 2313 5987 2939 3838 59559 198 2205 1354
internal_value=0.000103322 0.00037564 -0.000516487 0.000736103 -0.002504 0.0008857 0.000298284 0.00142774 -0.000776353 -0.00241093 -0.0033425 0.00167287 0.0134329 -0.000172357 -0.00112581 0.00441467 0.00904311 0.00113838 0.000528951 -0.00203103 -0.00269727 0.000281956 -0.000482028 0.00220219 0.00395797 -0.00115677 0.00158258 -0.00521855 -0.00531117 0.00612217
internal_weight=49287.8 37663.7 10814.4 26849.2 1174.7 25674.5 14726.2 5877.71 11624.1 3121.32 2553.24 10948.3 78.6361 8502.81 4935.74 322.411 196.575 3567.07 3183.7 3737.48 3239.27 7076.96 5057.96 2019 1335.85 683.144 10869.7 1618.69 803.889 383.366
internal_count=514906 419650 156830 262820 5592 257228 114803 45482 95256 25468 20909 142425 679 69788 40625 2899 1620 29163 26935 57542 52307 99288 72235 27053 17228 9825 141746 13263 3843 2228
cat_boundaries=0 1 2 3 4 5 6 7 8 9 10 11 12 13
cat_threshold=12521490 10747982 1437740 198658 151810 5136552 13829148 10489179 70841 101763 19520 127540 85666
is_linear=0
shrinkage=0.03


Tree=185
num_leaves=31
num_cat=8
split_feature=4 8 53 6 15 53 2 48 32 53 2 63 4 44 37 44 6 2 8 46 36 14 52 9 54 2 47 45 55 64
split_gain=16.3738 30.2386 14.5771 13.0415 12.8091 12.4934 14.304 11.6821 17.2252 15.0259 16.4588 14.4553 12.209 16.2155 12.0165 10.8798 12.2624 11.7397 10.4074 10.0325 12.9217 10.9977 9.51001 9.00991 24.6641 8.8737 8.05283 7.90848 7.7857 7.62448
threshold=3.0500000000000003 26.550000000000004 0 10.350000000000003 7.0050000000000008 1 2 0.070728960413761408 0.078188031107476061 3 4 7.9166666666666687 48.250000000000007 0.059731224356306102 6.8350000000000009 0.021199785054794706 27.850000000000005 5 23.150000000000002 -0.0024999999999999775 37.730000000000011 0.22500000000000003 -1.3355123249178034 0.056666666666667059 1.5500000000000003 6 -0.49999999999999972 4.7750000000000012 15.950000000000001 7
decision_type=2 2 1 2 2 1 1 2 2 1 1 2 2 2 2 2 2 1 2 2 2 2 2 2 2 1 2 2 2 1
left_child=2 4 3 22 5 19 18 11 12 10 -10 15 13 -9 -11 17 -17 -3 -7 20 -2 -21 -1 27 -25 -14 -5 -24 -13 -4
right_child=1 7 29 26 -6 6 -8 8 9 14 -12 28 25 -15 -16 16 -18 -19 -20 21 -22 -23 23 24 -26 -27 -28 -29 -30 -31
leaf_value=-0.014670635017225627 0.030377981304162978 -0.0012911526500832488 0.0020601159075406533 -0.0091914971565960207 -0.014140557305171027 0.0046458865468161281 0.010495665319670718 -0.00034218512218745948 0.0063446847779080745 0.0049936209486364852 -0.0072963408374965835 -0.0058788060904437405 -0.00037139392526373604 0.0016465096273987636 0.015758533219840887 0.0083327356267198071 -0.0014810447089583301 0.00090418311932820078 -0.014131117240774396 0.0016745580184272845 -0.0031930968709007711 0.031726002868755022 0.0044126749257925998 0.077312771446097106 0 0.0023038760448293358 0.016360014914541986 -0.0082791449120820718 0.026625335241114809 -0.0085856197669324768
leaf_weight=24.343106910451183 63.354758325964212 3340.2656717960581 66.042223088512117 153.67000646011229 18.800461188424379 52.042728795309813 137.24971706421456 18877.445360421636 147.11206569461683 320.78169601155787 146.83882005843498 6.1289011603221324 1498.0916022250112 4583.4711305468336 140.47331548317288 113.40472530414081 8136.924560428859 6309.5309352826371 47.897455130340859 56.066603508083972 9.958201442845164 12.550341439200563 332.01024024584342 3.5563611280945215 12.21977946566494 4182.0501551565085 9.3609368750740014 47.696374585418425 24.846976479515433 447.31739230769978
leaf_count=2730 1717 27433 4674 5583 721 1471 3643 209343 1156 2626 1130 120 7026 41853 1022 2078 69339 51297 1493 1661 200 409 17830 355 1137 19380 382 6939 236 30374
internal_value=8.85222e-05 0.000171594 -0.00353234 -0.000162273 0.00838751 0.00965173 0.00446424 0.000102263 0.000465883 0.00493603 -0.000390345 -0.000502307 0.000348676 4.51673e-05 0.00821337 -0.000540435 -0.00134053 0.000140651 -0.00378801 0.0164752 0.0254559 0.00833879 0.00258032 0.00378612 0.0248919 0.00159653 -0.00736211 0.00270479 0.0193178 -0.0071432
internal_weight=49321.5 48225.3 1096.22 582.857 397.92 379.12 237.19 47827.4 29896.3 755.206 293.951 17931.1 29141.1 23460.9 461.255 17900.1 8250.33 9649.8 99.9402 141.93 73.313 68.6169 419.826 395.483 15.7761 5680.14 163.031 379.707 30.9759 513.36
internal_count=515358 445354 70004 34956 11315 10594 6607 434039 283536 5934 2286 150503 277602 251196 3648 150147 71417 78730 2964 3987 1917 2070 28991 26261 1492 26406 5965 24769 356 35048
cat_boundaries=0 1 2 3 4 5 6 7 8
cat_threshold=7948843 9904289 83305 3016333 34619 131762 41250 384
is_linear=0
shrinkage=0.03


Tree=186
num_leaves=31
num_cat=9
split_feature=28 7 45 2 53 4 29 53 4 53 2 2 15 0 57 47 63 27 53 46 43 42 42 37 69 58 57 2 2 16
split_gain=14.5309 17.738 14.2461 15.5452 19.0436 12.8041 12.2928 16.4605 19.2299 15.7809 15.5303 12.9839 12.4783 11.923 17.1262 14.9349 11.8441 10.6207 10.6101 11.809 10.4647 10.3139 10.0459 9.95428 9.90318 9.85032 9.65191 12.2007 9.61422 11.8246
threshold=-0.84000000000000041 915.50000000000011 1.7750000000000001 0 1 1.0000000180025095e-35 5.9650000000000007 2 54.750000000000007 3 4 5 6.6150000000000011 0.028718125445962053 0.030450000000000001 39.485000000000007 1.5833333333333324 4.5000000000000009 6 -0.21499999999999994 4.872524845263781 0.32900718380486232 -0.35099281619513739 7.0250000000000012 0.85355339059327395 45.850000000000001 0.09470000000000002 7 8 0.53142284186401845
decision_type=2 2 2 1 1 2 2 1 2 1 1 1 2 2 2 2 2 2 1 2 2 2 2 2 2 2 2 1 1 2
left_child=16 2 3 4 -2 -4 7 8 10 26 -3 12 -9 15 -15 -7 18 -6 19 -1 23 -21 -5 -11 -23 28 -8 -28 -20 -30
right_child=1 6 5 22 17 13 9 11 -10 20 -12 -13 -14 14 -16 -17 -18 -19 25 21 -22 24 -24 -25 -26 -27 27 -29 29 -31
leaf_value=0.018127498950028013 -0.0045257741966522316 -0.0042126036677132316 -0.020530049825574086 -0.012136579983259245 0.0036455680477728149 4.6212975259653042e-05 0.0038662560994770462 0.015125197865123384 0.0098823085659675049 -0.00014318899255541211 0.0015995037774457405 -0.0047984958638843172 -0.0015010335997546471 -0.01941604703907682 0.0022543869720220134 0.0020267928801711906 -0.0036318889723508693 0.018330710735361137 -0.0013483011927414882 -0.0038654825616832181 -0.0056452954630799761 -0.0019128264301795988 -0.00332538375081635 -0.0043723054930865047 0.0029786432993187087 -0.0021006028214921417 0.003500238035817609 -0.00047094900944738658 0.00055062600311048856 0.005107970889447512
leaf_weight=24.069575174245983 269.13427084208479 627.09364018016277 22.953106731612934 147.56258589446406 298.63508878590073 13651.935989275473 1055.4515977811539 39.373721079903589 176.18781831009164 4108.6378332770155 1156.2060968169917 1726.8493029854421 1708.4449185702047 30.758687866849868 5642.8979650067395 4587.7456085101439 1403.2043293702582 52.748879737594507 885.9305542012321 1518.6472898979564 414.8959364051052 1289.6373100001629 631.57707747919949 571.36493442250503 519.05869171021413 1048.9317637306031 935.05575944644443 2592.7861220864302 1334.3362096459875 848.2999336470873
leaf_count=169 2105 10427 12002 1257 2188 188324 13275 350 810 33382 17512 23696 24202 243 41484 21678 14374 541 8957 15476 3428 11482 4713 4021 4649 10727 6169 16332 11826 9163
internal_value=-6.37982e-07 0.000239932 0.000725633 -0.00220799 0.00130782 0.000898598 -0.000572353 -0.00171413 0.000475382 6.58615e-05 -0.000444574 -0.00294995 -0.00108628 0.000922136 0.00212482 0.000546192 -0.00110059 0.00586039 -0.00062017 -0.00187134 -0.00107874 -0.00204144 -0.00499541 -0.000667561 -0.000490767 0.000394929 0.00134411 0.000583085 0.00125985 0.00232801
internal_weight=49320.4 40448.3 25335.9 1399.66 620.518 23936.3 15112.3 5434.16 1959.49 9678.19 1783.3 3474.67 1747.82 23913.3 5673.66 18239.7 8872.12 351.384 7468.91 3351.41 5094.9 3327.34 779.14 4680 1808.7 4117.5 4583.29 3527.84 3068.57 2182.64
internal_count=514962 428139 274535 10804 4834 263731 153604 76997 28749 76607 27939 48248 24552 251729 41727 210002 86823 2729 72449 31776 40831 31607 5970 37403 16131 40673 35776 22501 29946 20989
cat_boundaries=0 1 2 3 4 5 6 7 8 9
cat_threshold=100038 14979628 7049600 4024362 175106 174793 6906982 184361 231778
is_linear=0
shrinkage=0.03


Tree=187
num_leaves=31
num_cat=9
split_feature=12 42 52 2 10 53 48 2 45 44 53 52 53 34 52 8 67 53 55 63 2 28 1 48 35 15 11 43 2 2
split_gain=13.7778 16.2267 13.366 15.7282 11.3683 16.1368 11.2642 16.5186 11.2303 10.9401 18.6485 14.0803 11.5517 15.0168 14.7225 11.4947 11.1145 10.8577 17.4918 14.4474 11.8194 11.6478 11.7797 11.0299 11.0059 14.7827 13.2057 10.7905 9.75822 9.45685
threshold=-0.024999999999999845 -0.39099281619513743 -1.4797632568168446 0 0.069999999999999812 1 0.084461966591839008 2 1.7083333333333337 0.14521279113373312 3 0.82263830494367907 4 5.5000000000000009 0.20412414523194508 48.550000000000004 2.4881860465116286 5 20.050000000000004 5.583333333333333 6 -0.44000000000000022 43.765000000000008 0.078224324331488515 28.475000000000005 6.8650000000000011 0.099493589743589766 0.31250523329924923 7 8
decision_type=2 2 2 1 2 1 2 1 2 2 1 2 1 2 2 2 2 1 2 2 1 2 2 2 2 2 2 2 1 1
left_child=2 4 3 -1 5 6 29 -8 -7 12 11 -11 13 15 28 -3 -16 18 24 -20 23 22 -22 -19 25 -4 -26 -13 -14 -2
right_child=1 9 17 -5 -6 8 7 -9 -10 10 -12 27 14 -15 16 -17 -18 20 19 -21 21 -23 -24 -25 26 -27 -28 -29 -30 -31
leaf_value=0.0017663927574550992 0.0046007335216607208 0.0059192656022552664 -0.0016812557870413921 -0.012057229135223519 -0.002544836839342222 -0.012669820344162978 0.014725440855103361 -0.0005903811897264306 -0.0012362042071795642 -0.011853490662345222 0.0054357939478116169 -0.0075478285656123733 -0.0015015156033111733 -0.0020926983582574446 0.0014982534421142466 0.0018850515981117279 -0.0031217695490601397 0.00074810171176318066 -0.0034932742480430399 0.015340321173127046 -0.0014080446184779423 0.00038299201633902163 -0.0086756583756649013 0.0051859464568979989 0.00088701608189919394 -0.013862280174602464 -0.013106988873546851 0.022336765393979129 0.0003961313117123599 -0.00039769116975431541
leaf_weight=117.06933363445972 489.49880332975454 799.71295292702325 1015.1964631402388 179.56657452556061 2353.6298304116267 79.334788484397905 132.53876241645594 113.52958587133116 1985.0882653140134 106.7136603428271 894.47912253518643 16.923288704827428 4431.6557554247875 685.62782825114664 8213.5599129876682 3334.0623828193211 491.25536095328425 2177.1138636100122 2744.7477776032265 34.651318370597437 2740.7714188830132 5371.7230323008389 217.32122511082071 663.54858315494448 3366.8805714984019 97.817175640456298 59.607247379259206 21.36640428379178 5362.3362982975968 1034.610161171428
leaf_count=1933 5290 17892 9810 3024 42766 658 2950 2688 23840 946 6193 125 53795 7925 68253 25559 2221 18762 23410 358 24597 51587 1940 7889 32020 1234 614 105 65618 11092
internal_value=7.1553e-05 0.000465258 -0.000566993 -0.00687049 -0.000904056 9.60166e-05 0.00219693 0.0081602 -0.00169375 0.000814419 0.00382906 -0.0057931 0.000678428 0.00198601 0.000334717 0.00267524 0.00123342 -0.000463508 -0.00136081 -0.00323682 0.000122968 -0.000444341 -0.00195761 0.0017919 -0.000207662 -0.00280163 0.000627322 0.00866475 -0.000460727 0.00121946
internal_weight=49331.9 30545.9 18786 296.636 6188.23 3834.6 1770.18 246.068 2064.42 24357.7 1039.48 145.003 23318.2 4819.4 18498.8 4133.78 8704.82 18489.4 7318.9 2779.4 11170.5 8329.82 2958.09 2840.66 4539.5 1113.01 3426.49 38.2897 9793.99 1524.11
internal_count=515094 337916 177178 4957 89284 46518 22020 5638 24498 248632 7369 1176 241263 51376 189887 43451 70474 172221 67446 23768 104775 78124 26537 26651 43678 11044 32634 230 119413 16382
cat_boundaries=0 1 2 3 4 5 6 7 8 9
cat_threshold=23126 16187923 58439 9502784 35137 4236691 152192 251154 87362
is_linear=0
shrinkage=0.03


Tree=188
num_leaves=31
num_cat=9
split_feature=63 53 15 28 7 47 53 2 53 34 48 65 0 1 2 30 65 52 2 60 45 2 36 53 65 42 42 45 42 2
split_gain=13.4318 19.2509 13.9767 13.3017 14.4434 15.3138 21.8983 13.5908 16.1313 13.6022 12.1335 13.9109 13.3526 11.6001 13.9224 10.7431 10.4104 15.4022 12.3522 10.3904 10.1755 13.676 13.3873 10.0757 10.379 10.0614 10.0942 9.88336 9.6099 9.47747
threshold=-2.9166666666666674 0 6.6050000000000013 0.4650000000000003 1262.5000000000002 49.595000000000006 1 2 3 3.5000000000000004 0.076081690561063661 0.35229342041789474 0.0043549778206817503 41.685000000000009 4 0.17928054951323927 0.15334763392810277 -1.0850463498834275 5 50.500000000000007 4.6333333333333337 6 36.015000000000008 7 0.43934197262470104 -0.46099281619513771 0.71900718380486206 2.7083333333333335 0.79068456118237906 8
decision_type=2 1 2 2 2 2 1 1 1 2 2 2 2 2 1 2 2 2 1 2 2 1 2 1 2 2 2 2 2 1
left_child=1 13 25 4 5 10 -7 8 -6 -9 11 -2 -12 -1 -15 -11 20 -18 -19 -8 22 -22 -4 24 29 -3 -27 -26 -10 -5
right_child=3 2 16 23 7 6 19 9 28 15 12 -13 -14 14 -16 -17 17 18 -20 -21 21 -23 -24 -25 27 26 -28 -29 -30 -31
leaf_value=-0.0055411773078715343 -0.0010728155973092361 -0.0073910784298434288 -0.0030201400211665968 0.0066943056052333558 -0.014120495233800498 0.0034869544262732437 0.0066417842152159453 0.0025871553116785431 -0.0045102520497425445 -0.0061280608673520724 -0.0008019855938427346 0.0020709813649090665 0.0012392792122619524 -0.008725954099907153 0.0081237190607386933 0.0028581145032332495 0.013499262957803094 0.00065686284245602858 -0.009206785053790828 -0.0009798451737018884 0.016175705272912975 -0.00081294914566458639 0.0028784308046178623 0.0018769071373405447 -0.0051520167281818175 0.028496826164176484 -0.0011147422126948038 0.012606497689441293 0.0055673732154614729 -0.00062038949636158372
leaf_weight=1241.8592262078141 14810.110484508317 12.143080543697577 674.83007467311745 153.80905293259912 144.25771001694784 2537.4628023773603 170.26679352819338 657.55945727758262 752.75805896924703 433.08911015911826 4679.8809633461733 1377.5321405224258 7465.5674895836746 54.394545346556697 119.29274877214721 158.65971266910947 38.47014083927661 178.52175222391088 296.45854304893692 2352.1697624526587 73.837781746244787 84.550451770493851 707.09115852756395 5926.587999998922 34.373684752732515 34.471651720481077 11.62246724590659 104.09722718059948 91.745894836016305 3921.0651645369735
leaf_count=14496 151061 138 9322 1812 1178 12878 924 4964 5749 3236 57702 9627 93318 606 1357 1403 470 1498 2638 11845 1783 2287 6001 70262 239 240 83 953 729 46195
internal_value=-1.45435e-05 -0.00179828 1.3232e-05 0.000122345 -0.000149752 5.78589e-06 0.00152656 -0.00248178 -0.00508479 -0.000349388 -0.000264833 -0.00080321 0.000450267 -0.00448687 0.00260252 -0.00366665 -0.000389882 -0.0040905 -0.00562867 -0.00044687 0.000827943 0.00798061 0 0.00108128 -3.54857e-05 0.0142704 0.0206707 0.00797401 -0.00333008 -0.000318885
internal_weight=49298.5 3527.54 2112 45771 35631.1 33393 5059.9 2238.07 988.762 1249.31 28333.1 16187.6 12145.4 1415.55 173.687 591.749 2053.76 513.45 474.98 2522.44 1540.31 158.388 1381.92 10139.9 4213.35 58.2372 46.0941 138.471 844.504 4074.87
internal_count=514994 40919 24460 474075 354614 337355 25647 17259 7656 9603 311708 160688 151020 16459 1963 4639 23999 4606 4136 12769 19393 4070 15323 119461 49199 461 323 1192 6478 48007
cat_boundaries=0 1 2 3 4 5 6 7 8 9
cat_threshold=13131954 10276951 36636 362496 148744 136130 13468 2394523 36864
is_linear=0
shrinkage=0.03


Tree=189
num_leaves=31
num_cat=14
split_feature=45 1 7 1 53 38 53 2 53 2 1 53 65 39 47 53 2 47 2 53 29 14 56 30 53 53 2 44 53 52
split_gain=16.4012 15.1265 12.9508 12.5576 20.8616 12.3192 13.5024 12.2356 17.4612 12.1474 12.0663 15.4324 16.6921 12.414 30.5186 16.7572 16.618 12.6529 12.0099 12.0075 15.7143 15.6849 11.7669 11.3619 17.5903 12.304 10.2527 10.1779 10.0927 9.99968
threshold=1.7750000000000001 29.055000000000003 1024.5000000000002 33.935000000000009 0 0.46552103850985621 1 2 3 4 37.725000000000001 5 0.19502810394043732 4.5000000000000009 1.2200000000000002 6 7 3.2750000000000008 8 9 5.4650000000000007 0.045000000000000005 20.050000000000004 0.36001323626737264 10 11 12 0.15026868024647447 13 -1.5000000000000304
decision_type=2 2 2 2 1 2 1 1 1 1 2 1 2 2 2 1 1 2 1 1 2 2 2 2 1 1 1 2 1 2
left_child=1 26 10 4 -3 6 -5 8 -7 23 13 12 22 14 16 17 -2 -15 -6 -11 -21 -22 -12 25 -25 -4 -1 -16 -28 -27
right_child=2 3 9 5 18 7 -8 -9 -10 19 11 -13 -14 15 27 -17 -18 -19 -20 20 21 -23 -24 24 -26 29 28 -29 -30 -31
leaf_value=-0.010294538122315004 0 -0.0029382027968803326 -0.0044456424911269825 -0.0080810019107773103 0.011821662663086466 0.0067862133535117521 -0.0011779134916645722 0.0079279403704060891 -0.013595591210257781 0.0020654713594483579 0.0027124995634310394 6.5988683578966238e-05 0.0069171713909898843 -0.0032458037324155351 -0.00016877771096520647 0.0032169958611943895 -0.010669215318496491 0.0038532139631037498 0.0010232037642792671 -0.0062482008771873824 -0.0031788348049930416 0.0012132248412632305 -0.0013349076297374839 0.0078792018151004617 -0.0025240790354343319 -0.010121167466836693 0.001750071982746301 0.0034197876242034906 -0.0067080266514758565 -0.00091463529652473382
leaf_weight=287.25559401817736 210.23662162828316 370.35850761777465 1618.413663600963 446.31763039452153 202.43800073023885 61.106773447245359 633.03372524514907 162.97830110043287 67.61084957420826 1920.9756475494578 2768.659044254362 4485.2833341513624 679.91862493975077 811.8973918240099 21730.621921482358 2239.4561216078337 370.64037749123179 308.02732571915203 192.96150403784122 426.80147644211638 1059.3981712275031 2349.7459617646464 830.85452653554239 251.90013118601382 314.89868165144162 108.78092185059268 220.7053505780641 733.12977189434605 268.21036440182434 3205.4893984790374
leaf_count=2275 5079 2784 15683 3742 1579 355 5244 859 383 19318 30272 47286 5762 32725 169022 61571 9047 4337 1496 9186 9006 20554 10517 2134 2632 1898 1648 4852 2054 32091
internal_value=-7.91371e-05 -0.00226221 5.7287e-05 -0.000940336 0.00211171 -0.00266741 -0.00415541 0.00272724 -0.00395287 -0.000827514 0.000341368 0.00130577 0.00259134 2.00263e-05 -0.000227233 0.00172422 -0.00700485 -0.00125198 0.00681084 0.000132166 -0.000831626 -0.000143885 0.00176971 -0.00183416 0.00215226 -0.00230271 -0.00585103 -5.00315e-05 -0.00287954 -0.00122808
internal_weight=49338.1 2912.98 46425.1 2136.81 765.758 1371.05 1079.35 291.696 128.718 11256.4 35168.7 8764.72 4279.43 26404 23044.6 3359.38 580.877 1119.92 395.4 5756.92 3835.95 3409.14 3599.51 5499.48 566.799 4932.68 776.171 22463.8 488.916 3314.27
internal_count=515391 22419 492972 16442 5859 10583 8986 1597 738 112502 380470 93837 46551 286633 188000 98633 14126 37062 3075 58064 38746 29560 40789 54438 4766 49672 5977 173874 3702 33989
cat_boundaries=0 1 2 3 4 5 6 7 8 9 10 11 12 13 14
cat_threshold=12864167 2580652 9011 6753954 9590 7784739 15075920 214177 67308 12991490 15045217 2368787 33021 9074204
is_linear=0
shrinkage=0.03


Tree=190
num_leaves=31
num_cat=17
split_feature=28 42 12 53 7 2 2 53 14 53 42 2 53 53 14 9 2 53 12 53 2 14 53 67 2 2 29 2 35 53
split_gain=10.6621 13.7861 16.3598 15.0437 12.9586 19.849 13.5202 14.2641 12.8206 11.7535 16.3646 11.4808 17.9767 16.5649 11.4347 11.3663 13.124 13.3735 11.4197 11.2684 11.1563 10.0684 18.0301 10.1243 12.5632 11.063 10.0531 9.929 9.77882 16.3859
threshold=-0.11999999999999994 -0.32099281619513759 0.029999999999999753 0 1105.5000000000002 1 2 3 0.015000000000000001 4 0.81428206726120378 5 6 7 0.23500000000000001 -0.051666666666666243 8 9 -0.064999999999999933 10 11 0.18500000000000003 12 1.5709049015500631 13 14 4.5550000000000006 15 32.605000000000011 16
decision_type=2 2 2 1 2 1 1 1 2 1 2 1 1 1 2 2 1 1 2 1 1 2 1 2 1 1 2 1 2 1
left_child=1 2 11 27 6 9 7 14 -9 10 -6 12 -1 -13 -2 16 -3 20 -19 26 -18 23 -23 25 -25 -17 -7 -4 29 -8
right_child=4 15 3 -5 5 19 28 8 -10 -11 -12 13 -14 -15 -16 21 17 18 -20 -21 -22 22 -24 24 -26 -27 -28 -29 -30 -31
leaf_value=-0.0010329416865495868 0.0024770368629297001 0.010207732735277282 0.0097075541762141997 -0.0022849534546745885 -0.001522479900128321 -0.023122061838958815 0.0023233222180484045 -0.0084082574931697192 -0.0012698453941345524 -0.0048630191254623147 0.013953178376611959 0.0010500557086217527 -0.0103870647285501 -0.0047124582769859083 -0.0076625666639688235 0.00042037793371110425 0.0088822756521433118 -0.0028229002303334677 0.001112479559884623 -0.00099945327846238117 0.0018414339989542582 0.0044425334108366705 -0.00090043271986351 -0.0055624970461946562 -0.00046118190475055325 -0.0013025431613766635 0.0019076816032567139 0.00085044034691464506 0.0021412644272357263 -0.0010059049029842355
leaf_weight=337.68109597543349 1362.8968757813855 128.81583551915674 201.81558493797081 594.01622621897388 963.94651111288567 12.360595702256431 2309.5785213537815 251.84987758488023 2328.8761303565834 1283.1012454193415 63.530414042216307 806.14891805069919 454.88507620602621 978.69842160378016 104.91195392928785 5913.674800943425 268.29336074866933 996.57757675631638 1969.4152395711694 2661.7128937015782 868.31214449737536 946.96481815403786 1375.1937617098447 851.98193304197866 920.97016047790657 7670.2011660306562 2636.3453646292887 281.77960234457669 6635.1489499122636 3094.3785934492066
leaf_count=3801 16358 868 2781 8124 9186 531 27598 2761 26799 12184 637 9189 5612 11449 1468 62666 1901 6609 13407 27308 6028 10249 14194 3876 4196 81804 25177 3727 75273 39203
internal_value=-7.78223e-05 -0.000503279 -0.00220932 0.000871378 0.000379694 -0.000636961 0.000863185 -0.000631101 -0.00197641 -0.00295119 -0.00050629 -0.00350866 -0.00651378 -0.00210342 0.00171082 -0.000217138 0.00117691 0.000854264 -0.000200043 0.000369912 0.00360496 -0.000552593 0.00128268 -0.000832195 -0.00296693 -0.000550967 0.00175558 0.00475281 0.00136759 0.000414183
internal_weight=49274.1 25565.4 3655.02 1077.61 23708.6 7621 16087.6 4048.53 2580.73 2310.58 1027.48 2577.41 792.566 1784.85 1467.81 21910.4 4231.41 4102.6 2965.99 5310.42 1136.61 17679 2322.16 15356.8 1772.95 13583.9 2648.71 483.595 12039.1 5403.96
internal_count=514964 250481 44683 14632 264483 75023 189460 47386 29560 22007 9823 30051 9413 20638 17826 205798 28813 27945 20016 53016 7929 176985 24443 152542 8072 144470 25708 6508 142074 66801
cat_boundaries=0 1 2 3 4 5 6 7 8 9 10 11 12 13 14 15 16 17
cat_threshold=996230 1108 199041 9879768 10554341 102486 2693211 7447345 131072 16384080 5615726 82076 10269217 132922 3762 237893 96140
is_linear=0
shrinkage=0.03


Tree=191
num_leaves=31
num_cat=10
split_feature=45 53 36 12 7 2 28 53 2 38 1 2 53 53 55 2 9 46 14 35 28 0 53 20 2 48 1 70 57 57
split_gain=15.3429 17.0582 13.5046 13.22 12.7287 13.4811 12.5376 22.3422 12.7743 13.5586 12.4807 14.8076 12.0102 11.6801 16.4803 16.3286 11.7461 10.9506 10.7906 10.5343 10.3615 10.2455 10.2107 10.6885 10.0283 9.5283 9.35316 9.73631 9.08503 15.3511
threshold=4.291666666666667 0 9.5450000000000017 -0.024999999999999845 144.50000000000003 1 1.2 2 3 0.35056693277797063 43.275000000000013 4 5 6 27.100000000000005 7 -0.073333333333332737 -0.13499999999999993 1.0000000180025095e-35 26.155000000000005 -0.24000000000000007 0.028952734876213252 8 0.089999999999999955 9 0.081472161244482519 41.32500000000001 -3.7677669529663684 0.11785000000000002 0.13225000000000001
decision_type=2 1 2 2 2 1 2 1 1 2 2 1 1 1 2 1 2 2 2 2 2 2 1 2 1 2 2 2 2 2
left_child=2 10 22 6 17 -6 8 -8 12 -10 25 19 -4 16 15 -15 -5 -3 -18 -12 -21 -19 23 -1 -16 -2 27 -27 -7 -30
right_child=1 4 3 13 5 28 7 -9 9 -11 11 -13 -14 14 24 -17 18 21 -20 20 -22 -23 -24 -25 -26 26 -28 -29 29 -31
leaf_value=-0.0038886928503204382 -0.0030030690170864778 -0.015272090552855713 -0.00057620523996759288 0.0037634700616027061 -0.0002963322087987803 0.0073139859699042544 -0.0026976580972566935 0.0075428723204403704 -0.0011876882180620106 0.0011168855866764732 -0.0022642503495740791 -0.0025500180477633365 -0.0034135733943183992 0.0017277220343446952 0.01174032811225972 -0.00021899164116793282 -0.0089005089727501631 0.006095160570624804 -0.00068758263183899481 0.0055991390137564235 0.032612618305482115 0.019100372455218895 -0.011472517104544932 0.016700304187177134 0.0029002436046740845 0.018561122254405871 -0.018465150404540612 0.0016131315915146245 -0.0062161779929758715 0.0036136332491514054
leaf_weight=153.05673187347486 1239.085176257388 16.32732529588975 2422.4888056066775 528.08417864857074 1357.2236167836538 463.52100720634348 339.99846069860132 409.6959703651487 6656.4002032247517 3495.9771710205514 16.809932480624468 75.023697370625712 3131.2326511991778 6265.8462932385983 161.23741714460857 10085.375086884818 144.96965883418306 426.22317507679372 9456.1421629218657 25.015321148564453 36.852515328173467 65.167987679637008 155.76555538963828 24.430103235298702 472.71199139665032 31.812242999718364 16.777430616377387 399.96554315602089 160.29886010663085 1110.7200992990279
leaf_count=4299 16045 322 20698 3558 21298 15266 3441 4008 71059 16755 261 1111 26845 61210 1507 103168 1615 9448 99078 349 623 790 5760 1319 4177 721 451 9597 2496 8346
internal_value=-3.54638e-05 0.00146621 -0.000222304 -0.000175435 0.00266491 0.00193329 -0.000846557 0.00292835 -0.001029 -0.000390704 -0.000870823 0.00721793 -0.00218524 0.000230797 0.000712164 0.000526204 -0.000573542 0.00708847 -0.000816544 0.0151719 0.0226772 0.00795114 -0.00622298 -0.000694387 0.00545585 -0.00163809 0.00206254 0.0030108 0.00367406 0.00234253
internal_weight=49344.2 5440.82 43903.4 43570.2 3599.48 3091.76 16455.8 749.694 15706.1 10152.4 1841.34 153.701 5553.72 27114.4 16985.2 16351.2 10129.2 507.718 9601.11 78.6778 61.8678 491.391 333.252 177.487 633.949 1687.64 448.555 431.778 1734.54 1271.02
internal_count=515621 87124 428497 417119 57966 47406 142806 7449 135357 87814 29158 2344 47543 274313 170062 164378 104251 10560 100693 1233 972 10238 11378 5618 5684 26814 10769 10318 26108 10842
cat_boundaries=0 1 2 3 4 5 6 7 8 9 10
cat_threshold=4752792 160517 6048139 36140 58309 5656082 9769188 23309 4934223 55493
is_linear=0
shrinkage=0.03


Tree=192
num_leaves=31
num_cat=5
split_feature=48 21 29 2 42 35 67 2 28 14 52 26 69 2 42 21 8 29 11 0 35 12 30 21 12 43 2 2 57 34
split_gain=14.8098 12.4309 11.8547 12.1209 14.1446 11.9398 11.5799 23.7302 10.9337 10.6578 10.4376 10.0433 11.8042 9.95388 11.5657 9.65517 9.46355 9.2754 9.03517 10.666 8.84019 8.72954 11.1466 9.00329 8.87555 12.1278 10.8964 8.5453 16.7918 13.3064
threshold=0.075872833094011868 0.045000000000000019 5.9450000000000012 0 0.03900718380486224 21.065000000000001 3.0356525989897349 1 -1.915 1.0000000180025095e-35 0.15072056592741076 26.820000000000004 1.8369701987210299e-16 2 -0.8109928161951373 0.059999999999999991 56.850000000000001 4.3050000000000006 -0.089999999999999344 0.016375121514680954 31.675000000000004 -0.044999999999999894 0.016005822416302769 0.050000000000000003 0.06000000000000006 0.22085597899263423 3 4 0.037100000000000008 4.5000000000000009
decision_type=2 2 2 1 2 2 2 1 2 2 2 2 2 1 2 2 2 2 2 2 2 2 2 2 2 2 1 1 2 2
left_child=2 6 3 5 18 -1 8 17 16 10 -4 12 -7 14 -10 -6 -2 -8 19 -5 -17 23 24 -3 26 -26 -23 28 29 -11
right_child=1 21 9 4 15 11 7 -9 13 27 -12 -13 -14 -15 -16 20 -18 -19 -20 -21 -22 22 -24 -25 25 -27 -28 -29 -30 -31
leaf_value=0.0045670594188836448 -0.010606777507068493 0 0.00058613787718707008 -0.0023868459570846423 -0.00051424714795829667 -0.0010888367022009952 -0.0039042004503943742 -0.0074277756891954925 -0.0014341767282273095 0.013230957277729521 -0.012930791246458512 -0.0050462438564049788 0.0022046471614558544 0.00039148538782105637 0.0021901439555375652 -0.0014079715882621723 0.00046333374519290593 0.0054813134879009738 -0.0032784939718388437 0.0059851546885343514 0.040327374195166708 0.0080421851729216755 -0.0043167060228359441 -0.015237824648293825 -0.00027876372807676946 0.033294962037264508 -0.011763959355267384 -0.00015510417276284292 0.00094119589070244412 -0.0016420487755508723
leaf_weight=507.14634767204188 132.40840202972595 53.874520663008298 89.384279961341235 364.37746438210206 4581.7318766824692 2615.6498108763617 133.95923267413946 428.81044592806211 868.81133637399125 179.97124703018926 106.96506995904383 363.4279891931601 1561.0127141577987 8777.5396458631894 7921.1200095020731 5.7762979513499868 133.42215784722521 294.40208652148885 4090.2823989692047 215.21780980324183 7.9969863067381084 56.033941663749602 314.77533995005297 95.739853141894116 14.461825565486377 19.428798017760528 27.31955383594692 10745.170163524384 4498.1258804659137 71.666311433073133
leaf_count=5420 2459 1630 979 3279 45793 27096 776 2157 18111 3469 863 2911 16379 102979 87727 212 735 1364 48024 2076 278 4047 7886 3565 1419 1134 2412 85104 33233 1608
internal_value=6.91908e-05 0.000718594 -0.000346954 -0.000971659 -0.00161531 0.000206941 0.000854439 -0.00253777 0.00101944 0.000221003 -0.00668236 -0.000274838 0.000135378 0.00111243 0.00182618 -0.000427399 -0.00497663 0.00241588 -0.00278067 0.000680191 0.0229631 -0.00358328 -0.00132242 -0.0098102 0.00640258 0.0189153 0.000639551 0.000311269 0.0013697 0.0088973
internal_weight=49276 19272.1 30003.9 14312.6 9265.38 5047.24 18690.5 857.172 17833.3 15691.3 196.349 4540.09 4176.66 17567.5 8789.93 4595.51 265.831 428.361 4669.88 579.595 13.7733 581.634 432.019 149.614 117.244 33.8906 83.3535 15494.9 4749.76 251.638
internal_count=515125 238401 276724 151468 99662 51806 216308 4297 212011 125256 1842 46386 43475 208817 105838 46283 3194 2140 53379 5355 490 22093 16898 5195 9012 2553 6459 123414 38310 5077
cat_boundaries=0 1 2 3 4 5
cat_threshold=2663 158980 221970 173778 250120
is_linear=0
shrinkage=0.03


Tree=193
num_leaves=31
num_cat=4
split_feature=7 28 2 42 8 29 4 4 2 44 42 68 4 29 48 2 2 28 35 52 28 49 31 61 8 45 52 70 14 32
split_gain=12.2931 15.5115 15.2273 13.9683 15.604 13.0153 12.6949 12.457 10.7735 10.6909 10.2786 12.2745 9.79401 15.4735 10.6517 18.5877 12.6661 9.61765 9.40443 11.5247 10.3664 12.4314 12.136 11.6164 11.3297 9.53138 17.4733 9.48874 9.28887 9.00443
threshold=425.50000000000006 1.2 0 -0.79099281619513773 21.250000000000004 3.9250000000000003 2.5500000000000003 1.2500000000000002 1 0.091267098987480769 -0.44099281619513725 2.5000000000000004 10.350000000000003 4.3050000000000006 0.081472161244482519 2 3 -0.48000000000000026 35.82500000000001 1.2632020575723064 -0.44000000000000022 0.08342065848315415 0.072686382036408467 0.037386443046820358 90.15000000000002 4.5500000000000007 -0.73598007219398154 1.0000000180025095e-35 0.055000000000000007 0.09073756432246996
decision_type=2 2 1 2 2 2 2 2 1 2 2 2 2 2 2 1 1 2 2 2 2 2 2 2 2 2 2 2 2 2
left_child=1 3 -3 12 7 -2 -6 8 -5 -8 -4 28 13 -1 15 -14 -16 -9 19 25 23 22 -22 27 -25 29 -27 -20 -12 -7
right_child=5 2 10 4 6 18 9 17 -10 -11 11 -13 14 -15 16 -17 -18 -19 20 -21 21 -23 -24 24 -26 26 -28 -29 -30 -31
leaf_value=-0.0029523655026312532 -0.0068653021544363433 0.013505846190168393 -0.0020869983567184907 -0.010680249394560774 -0.0088459498443959582 -0.0012038725414481564 0.00051462246366747177 0.0046087913415525381 0.0065365478827499046 0.003578998433670229 0.00078458608024958875 0 0.0030730855173633971 -0.016167383119573372 -0.0034016633779073305 -0.0088365428472340322 0.0087148913653148346 0.02013419733037114 -0.0013437951454420562 0.0012504457011411156 0.0011368444558389327 0.005703853274164181 -0.0017568920490887499 -0.0030379107489545503 0.0092056137450049706 -0.0041660659008955717 0.0036792879937014196 0.0033975046049719102 0.029864293392036716 0.0030063313204847539
leaf_weight=421.36054023906547 268.07789925457473 153.36453076455132 195.86862013282928 38.795387529381856 121.83775723416147 16795.510883433388 11620.443481108123 73.5741711241335 79.451096052743765 1127.9266429262316 17.558373918873826 55.462605318235546 216.52082785804214 99.703647684033854 118.09976746623988 232.56627758331433 185.30478387226776 85.761472614404738 780.72639205749192 2535.5720810090606 7640.8828583028153 458.66892656735945 1564.2412795320524 1852.2668413133797 67.592165559530258 344.27883545582881 951.74643356546221 727.07594809722968 30.286556485458277 464.2229620437829
leaf_count=23832 7748 2595 4021 3493 4286 176625 99948 2822 6899 7862 193 578 1409 1655 769 1493 1301 3208 7317 17642 77504 3380 13102 16114 384 7046 11650 6568 338 3504
internal_value=9.36508e-06 0.000730684 0.00619395 0.000556332 0.000848705 -0.000301212 0.00069372 0.00787096 0.000210127 0.000788618 0.00177396 0.0094482 -0.00243511 -0.00559051 -0.000201357 -0.00316758 0.00408289 0.0132972 -0.000248457 -0.000641002 0.000381671 0.000886077 0.000641574 -0.00103137 -0.00258211 -0.000901184 0.00156891 0.000924104 0.020254 -0.00108856
internal_weight=49324.8 14873.9 452.541 14421.3 13147.8 34450.9 12870.2 277.582 118.246 12748.4 299.176 103.308 1273.56 521.064 752.492 449.087 303.405 159.336 34182.8 21091.3 13091.5 9663.79 9205.12 3427.66 1919.86 18555.8 1296.03 1507.8 47.8449 17259.7
internal_count=515286 166702 7725 158977 128518 348584 112096 16422 10392 107810 5130 1109 30459 25487 4972 2902 2070 6030 340836 216467 124369 93986 90606 30383 16498 198825 18696 13885 531 180129
cat_boundaries=0 1 2 3 4
cat_threshold=120004 37478 8017 23953
is_linear=0
shrinkage=0.03


Tree=194
num_leaves=31
num_cat=13
split_feature=34 53 42 1 53 12 44 53 52 2 53 38 45 2 29 6 2 12 2 2 55 55 2 53 2 28 52 53 45 66
split_gain=17.8392 15.0094 13.5557 12.7932 17.2592 14.4106 18.6341 15.3367 13.3946 13.2314 12.7783 11.8531 11.7778 17.2444 17.0343 12.7238 11.7299 10.9185 10.9628 10.8644 9.82371 11.1133 14.1259 10.2095 9.66504 9.93894 10.6799 9.86751 12.5694 11.2749
threshold=3.5000000000000004 0 0.51900718380486277 28.835000000000004 1 1.0000000180025095e-35 0.10543382543382541 2 0.91287092917531421 3 4 0.60905642970631957 4.4500000000000011 5 6.2350000000000012 49.850000000000001 6 0.25499999999999995 7 8 29.400000000000002 20.850000000000005 9 10 11 -0.69000000000000006 -1.3355123249178034 12 4.0833333333333348 0.32455250702821964
decision_type=2 1 2 2 1 2 2 1 2 1 1 2 2 1 2 2 1 2 1 1 2 2 1 1 1 2 2 1 2 2
left_child=3 2 11 4 9 20 10 8 -8 -1 -7 -2 -4 14 -14 -15 -13 24 -19 -6 21 22 -5 -23 27 26 -26 29 -29 -3
right_child=1 17 12 5 19 6 7 -9 -10 -11 -12 16 13 15 -16 -17 -18 18 -20 -21 -22 23 -24 -25 25 -27 -28 28 -30 -31
leaf_value=-5.0376029512869409e-05 -0.0023799488149600059 0.0065053210689981844 -3.6261013814784505e-05 -0.00094048043913260587 0.00326640316006809 -2.1777940492219326e-05 -0.0015896481088215268 0.0098719583910594037 0.013301552534435261 -0.0037253365974580176 0.0025370205575234047 0.0063220457151195262 0.02737215286532528 -0.0095674944120296285 -0.0071173651722105423 0.011261453851333121 -0.0018303007005025735 0.014214699903868944 -0.0031259604201952849 -0.0001279471253224882 0.0076543889090928494 -0.003748623888815512 0.001788904649240444 -0.00016884880028752685 -0.010924401100426466 0.00027414005084673446 -0.0014107431231951064 -0.0018018001260831867 0.010693424758721542 -0.014766362363363336
leaf_weight=1717.0846440130608 7085.1554316835272 532.10197479599583 2205.7818964923254 2576.4591021341284 1200.8247495094065 2960.3142610914592 274.50841168128318 452.51361967112643 65.155311001464725 1851.0461753123568 4245.1632049054924 281.04707141639847 58.016714869536372 60.214146210819308 13.877492302330209 43.591504772754888 332.43140896685782 83.717670140753398 45.910096472245641 2779.9405549812495 159.52037539999765 988.63172820474665 4956.6701503323156 2617.3286218148105 110.18172855674356 8481.624437055254 2559.4116876063722 514.80054406657689 82.256271152189697 20.749926541931927
leaf_count=17299 85827 5586 20984 25351 12492 32566 2183 3291 388 19046 47451 1503 781 1153 140 223 1746 967 520 27837 1497 9040 48478 22016 1918 93307 25233 4982 1263 167
internal_value=6.41263e-05 -0.000558003 -0.00141763 0.00058693 -0.000457326 0.000997013 0.00197198 0.00634541 0.0012049 -0.00197132 0.00148537 -0.00203163 0.000548742 0.0079796 0.017877 -0.00044736 0.0019371 0.000137803 0.00873352 0.000895208 0.000304008 0.000194696 0.000852551 -0.00117101 4.34911e-05 -0.000225142 -0.00182251 0.00264942 -3.00776e-07 0.00550334
internal_weight=49356 22510.9 10080.1 26845.2 7548.9 19296.3 7997.65 792.177 339.664 3568.13 7205.48 7698.63 2381.48 175.7 71.8942 103.806 613.478 12430.8 129.628 3980.77 11298.6 11139.1 7533.13 3605.96 12301.1 11151.2 2669.59 1149.91 597.057 552.852
internal_count=515235 246300 112357 268935 76674 192261 85879 5862 2571 36345 80017 89076 23281 2297 921 1376 3249 133943 1487 40329 106382 104885 73829 31056 132456 120458 27151 11998 6245 5753
cat_boundaries=0 1 2 3 4 5 6 7 8 9 10 11 12 13
cat_threshold=12759409 8130181 11866737 29776 1968782 197460 239878 28261 5792 54147 405956 2306 544256
is_linear=0
shrinkage=0.03


Tree=195
num_leaves=31
num_cat=7
split_feature=7 28 4 54 49 53 8 4 53 46 4 6 4 53 53 42 14 42 57 14 53 11 42 66 42 53 37 53 45 6
split_gain=12.998 14.7248 13.0135 11.1441 23.8183 22.9386 14.006 13.1824 18.6158 15.3077 9.71708 12.5215 14.9432 12.5757 10.8041 12.9107 8.90226 10.0463 8.88816 13.27 11.2269 8.61185 7.81186 7.62064 7.30243 10.8868 8.03486 6.80021 8.75982 7.91647
threshold=915.50000000000011 -0.64499999999999991 1.0000000180025095e-35 9.2000000000000011 0.013009952414113251 0 24.850000000000005 10.950000000000001 1 0.082499999999999962 3.2500000000000004 14.950000000000001 6.8500000000000005 2 3 1.0590071838048629 0.03500000000000001 -0.38099281619513764 0.089850000000000013 0.095000000000000015 4 -0.11689272030651258 -0.88904055536127924 0.062525060144346417 2.5258909419135609 5 5.7750000000000012 6 3.5500000000000003 42.650000000000013
decision_type=2 2 2 2 2 1 2 2 1 2 2 2 2 1 1 2 2 2 2 2 1 2 2 2 2 1 2 1 2 2
left_child=1 22 -3 4 5 -4 -6 8 -5 -9 -2 13 14 16 -13 -16 17 -12 19 -14 -20 -15 -1 -18 27 -26 -27 29 -29 -24
right_child=10 2 3 7 6 -7 -8 9 -10 -11 11 12 18 21 15 -17 23 -19 20 -21 -22 -23 24 -25 25 26 -28 28 -30 -31
leaf_value=-0.0067755833059354566 -0.012882761928763233 -0.02131570999933817 0.005259467232306231 -0.0034838026600723226 0.031016404277886895 -0.00068740932157732677 0.0070058217645193347 0.00064263594291428866 0.0010174510183325193 0.0040269729541411153 -0.0013529929880221078 -0.00064287296547191613 -0.00065351546417704318 0.030714171211583412 -0.014935898175504184 0.02903088261816298 0.0017608533388633809 0.048985606161262164 0.00026477981375981288 0.0037974389173659165 -0.0015845543769480385 -0.0061114232378475502 -0.0026488456177777516 0.027692459167407976 -0.0037415393054627288 -0.0034574930736842599 0.020427476706396063 -0.00051470012667105861 0.0019397742423262383 -0.00012478026654515065
leaf_weight=174.32657641093465 56.79591434957365 21.773877638082922 857.34283464333294 1584.8402077824453 21.947540285460036 1754.3556448787049 537.85119461138174 14162.346006886664 1694.549282283851 1318.4730839585372 3.1001509538518794 143.71659836025447 1569.1411822079322 4.2361235707066944 150.78532546327096 4.0086335816886267 34.285497127100825 12.52243703676322 4635.0835502180289 968.18719751061644 8019.5310604744045 55.088964496581866 2240.5221850084949 14.736670361133291 48.754256478743628 13.002495394321157 55.257129448466003 5040.7764622701234 1763.0975683426204 2283.5481213610487
leaf_count=3366 4583 11668 24493 23752 646 46243 7370 90486 26885 10638 167 5209 24324 135 5755 179 1715 496 35178 15931 61148 2852 31650 608 396 143 418 45588 20591 12439
internal_value=3.00366e-05 0.000363614 0.000821183 0.00084647 0.00249344 0.00127332 0.00810765 0.000566206 -0.00115705 0.000933294 -0.000682635 -0.000634693 -0.000713001 0.00876801 -0.00734635 -0.0124558 0.0164638 0.0382742 -0.000579736 0.00103471 -0.000905925 -0.00178559 -0.000498327 0.0109241 -0.000398925 0.00697762 0.0135529 -0.000478989 0.000117134 -0.00137901
internal_weight=49244 33572.8 21953.5 21931.7 3171.5 2611.7 559.799 18760.2 3279.39 15480.8 15671.2 15614.4 15490.5 123.97 298.511 154.794 64.6448 15.6226 15191.9 2537.33 12654.6 59.3251 11619.3 49.0222 11445 117.014 68.2596 11327.9 6803.87 4524.07
internal_count=515052 356772 242181 230513 78752 70736 8016 151761 50637 101124 158280 153697 147724 5973 11143 5934 2986 663 136581 40255 96326 2987 114591 2323 111225 957 561 110268 66179 44089
cat_boundaries=0 1 2 3 4 5 6 7
cat_threshold=21867 2118894 7111531 13700302 15340584 10168645 2389348
is_linear=0
shrinkage=0.03


Tree=196
num_leaves=31
num_cat=11
split_feature=7 28 52 44 53 15 43 8 8 42 53 53 20 21 8 53 15 46 53 48 53 53 53 14 1 53 28 53 61 53
split_gain=11.6194 17.5549 14.1779 14.0533 14.788 12.8535 12.7033 15.4781 12.2127 12.0828 12.5909 11.9852 11.3053 10.6382 12.2199 13.3847 9.91822 13.5219 11.0669 9.78051 11.3574 10.5948 9.51349 8.99323 13.4568 18.1533 11.8558 10.22 9.72688 8.95461
threshold=1024.5000000000002 -0.11000000000000019 1.6854019432007583 0.063316728649902718 0 6.6150000000000011 0.19880770669615003 49.45000000000001 61.850000000000001 -0.29099281619513778 1 2 -0.034999999999999941 0.020000000000000007 21.850000000000005 3 6.8650000000000011 -0.13749999999999993 4 0.08351363392690081 5 6 7 0.065000000000000016 31.265000000000004 8 -0.90000000000000013 9 0.054058441558441507 10
decision_type=2 2 2 2 1 2 2 2 2 2 1 1 2 2 2 1 2 2 1 2 1 1 1 2 2 1 2 1 2 1
left_child=1 2 9 13 6 -2 8 -8 -5 10 -1 -4 -13 16 15 -15 17 -3 -18 21 -21 -11 -16 24 25 -7 -26 -28 29 -25
right_child=5 3 11 4 -6 23 7 -9 -10 19 -12 12 -14 14 22 -17 18 -19 -20 20 -22 -23 -24 28 26 -27 27 -29 -30 -31
leaf_value=-0.0046007640531286025 0.0059375383072346371 -0.0056102576436642812 0.0075852655424291223 0.0051535615076596583 0.0008349222822423716 -0.0085535479048112883 0.032489501679290926 0.0070997320309823687 -0.0073894178067782246 -0.0012842523488631988 -0.00081470244748810565 -0.0073248983727419552 0.0027183634783017364 -0.0046153505883106466 0 0.014936622144799502 0.0026793034633955464 0.0017267834741425468 -0.0014548689848346524 -0.00070339503548116835 0.0035225683515787681 0.0002501241725547814 -0.0057136871974480512 0.00025012861675220265 -0.013070386307669385 -0.0020748900143145307 -0.002324428065681749 0.001111152393800198 0.0010724407366408861 -0.0026137390424154456
leaf_weight=1184.6886771879722 238.95922555983998 229.68714613479187 346.51311837231333 189.69247059682993 1179.1584585681376 544.05173816319257 21.271011025046391 717.58177652083077 107.42157763086107 7334.3228933498085 2453.9829817807372 125.33153605903499 475.70258043871218 47.410332512235527 482.87828133641051 62.529491798312847 745.35452369031646 7216.5734125636764 2489.5881533057973 1011.3780970176854 1275.5122192341873 8968.246173958325 568.78457108017346 1832.174436453497 67.036208479239122 1448.7230576144802 1435.5938723246068 1666.5876959098659 2696.5379276622552 2068.6838947414144
leaf_count=15154 1677 1974 2387 2594 10830 5073 186 5018 1147 67903 29913 864 3127 5483 11759 6797 9047 69756 28081 12440 15691 82714 13572 19417 507 14153 13909 16016 25833 21572
internal_value=-9.12202e-05 0.000169737 -0.000336629 0.00100659 0.00320179 -0.000903424 0.00579621 0.00795691 0.000499265 -0.000491116 -0.00207234 0.00324923 0.000547896 0.000592984 -0.00212358 0.00722727 0.000891567 0.00149499 -0.000488208 -0.000179805 0.00165386 -0.00043904 -0.00314145 -0.00104597 -0.00198471 -0.00391877 -0.000757435 -0.000473446 -0.000306553 -0.00126755
internal_weight=49232 37233.6 23175.7 14057.9 2215.13 11998.3 1035.97 738.853 297.114 22228.1 3638.67 947.547 601.034 11842.8 1161.6 109.94 10681.2 7446.26 3234.94 18589.5 2286.89 16302.6 1051.66 11759.4 5161.99 1992.77 3169.22 3102.18 6597.4 3900.86
internal_count=514594 396437 230193 166244 19775 118157 8945 5204 3741 223815 45067 6378 3991 146469 37611 12280 108858 71730 37128 178748 28131 150617 25331 116480 49658 19226 30432 29925 66822 40989
cat_boundaries=0 1 2 3 4 5 6 7 8 9 10 11
cat_threshold=5458974 13926980 1540489 11388256 9487648 10704042 13773116 14361476 2098461 1243009 1781160
is_linear=0
shrinkage=0.03


Tree=197
num_leaves=31
num_cat=8
split_feature=20 66 53 2 46 53 45 48 38 53 8 63 11 2 8 4 70 58 38 53 9 58 64 58 54 10 37 65 64 37
split_gain=15.0847 10.8866 23.0165 16.6441 14.5218 17.6761 13.0906 16.6232 12.8846 15.5157 14.6904 12.9311 12.8667 12.7802 18.1084 12.7764 12.0937 12.0456 11.2714 10.507 12.6279 16.7548 11.8201 11.526 10.4178 10.3806 10.1707 10.0381 9.9677 9.93041
threshold=-0.084999999999999937 0.081434348747760413 0 1 0.052499999999999956 2 2.4500000000000006 0.078788614830507767 0.46392239858906531 3 83.950000000000017 2.7500000000000004 -0.12666666666666643 4 34.750000000000007 20.650000000000002 1.5308084989341916e-16 66.950000000000017 0.61486990811074527 5 -0.015833333333333095 18.850000000000005 6 22.350000000000005 9.4000000000000021 0.055000000000000153 6.8950000000000005 0.0028204767166484508 7 3.7950000000000004
decision_type=2 2 1 1 2 1 2 2 2 1 2 2 2 1 2 2 2 2 2 1 2 2 1 2 2 2 2 2 1 2
left_child=19 4 13 6 8 -6 25 -8 9 29 27 -11 -5 14 -3 17 -15 -7 -12 20 21 -1 23 -23 -14 -4 -24 -10 -17 -2
right_child=1 2 3 12 5 15 7 -9 10 11 18 -13 24 16 -16 28 -18 -19 -20 -21 -22 22 26 -25 -26 -27 -28 -29 -30 -31
leaf_value=0.011953407561818407 0.0079034706281482063 0.013029504218254655 -0.0030003913426177543 0.010492981361349383 0.0043010425969978571 -1.1961575392753778e-05 0.0040236612117134042 0.011090971359188897 0.0024542066450750476 -0.00074508336706236499 -0.0014690942227094902 -0.0035684065828142054 0.003556088858498065 0.00034360875817811818 0.00031081220431235023 -0.00085979455446202066 -0.0047381446915359809 -0.0057513484819099259 0.0010532831839577073 -0.0025558698437633648 -0.0017554820351631832 -0.012822039895070012 -0.00062082575999960273 0.0047340612317631576 -0.00040873202641412591 0.0050996770468396567 -0.01282382318672325 -0.017910535201623029 0.0038076945369369163 0.00087832685776643483
leaf_weight=140.3240576214157 194.75850237773921 103.43386926740186 349.56147525968072 121.17611329311376 1460.845009380341 1622.0881860818272 1626.9348414946562 376.50287484942373 3255.4836594605249 13887.733638075919 3067.1950697226812 1639.6798084692109 793.07862114907266 732.57620376229715 2439.799992417757 605.58740601185582 957.7511860491345 414.3035904871067 3309.7247301607295 2934.2932534813399 1629.0150879540306 32.934555356856436 423.40595001415659 599.53883274652071 2350.5427297838587 236.68665538456935 71.314991386001566 19.617194324731827 1213.9929416208697 2584.3084479154872
leaf_count=1636 4927 2749 2636 1118 17895 30842 19254 5541 14639 167707 14315 21347 12896 8348 26211 3451 11214 6598 17860 33061 21747 345 3586 4858 22225 2344 437 85 7064 27436
internal_value=0.000135746 0.000328948 0.00119232 0.0024091 6.62422e-05 0.00150376 0.00420675 0.00537651 -0.000206144 -0.000674578 0.000679158 -0.0010449 0.000963836 -0.000488119 0.000846377 0.000422308 -0.00250541 -0.00119885 -0.000155317 -0.00129556 0 0.00223452 0.000979024 0.00367709 0.000583608 0.00022508 -0.00243582 0.00231222 0.00225475 0.0013818
internal_weight=49194.2 43363.4 10088 5854.48 33275.3 5316.82 2589.69 2003.44 27958.5 18306.5 9652.02 15527.4 3264.8 4233.56 2543.23 3855.97 1690.33 2036.39 6376.92 5830.83 2896.53 1267.52 1127.19 632.473 3143.62 586.248 494.721 3275.1 1819.58 2779.07
internal_count=514372 448702 114536 66014 334166 65850 29775 24795 268316 221417 46899 189054 36239 48522 28960 47955 19562 37440 32175 65670 32609 10862 9226 5203 35121 4980 4023 14724 10515 32363
cat_boundaries=0 1 2 3 4 5 6 7 8
cat_threshold=15336092 174754 14852104 655876 221786 1920666 118 266
is_linear=0
shrinkage=0.03


Tree=198
num_leaves=31
num_cat=12
split_feature=20 16 53 43 2 69 2 39 43 45 53 26 67 53 47 10 31 53 16 2 53 53 58 42 32 53 48 2 2 8
split_gain=14.2643 13.4449 25.558 14.2346 13.9322 13.5831 12.6863 12.5194 13.6512 16.0656 11.2641 12.9151 10.6731 21.8955 12.082 11.1224 11.339 10.623 10.3988 14.6914 13.6923 10.4035 11.5596 11.1315 10.258 12.1521 11.5838 11.0059 10.3168 12.4439
threshold=-0.084999999999999937 2.2342155627129725 0 1.4092782310785987 1 -4.1213203435596411 2 3.5000000000000004 0.17035510456885969 3.291666666666667 3 23.260000000000002 2.2335704114138939 4 26.495000000000005 0.23499999999999988 0.054271657684776056 5 0.15669446450850347 6 7 8 48.250000000000007 0.059007183804862702 0.026137321784454954 9 0.073219307021168661 10 11 35.750000000000007
decision_type=2 2 1 2 1 2 1 2 2 2 1 2 2 1 2 2 2 1 2 1 1 1 2 2 2 1 2 1 1 2
left_child=18 3 7 12 5 -5 -4 -3 9 -9 11 -6 15 -14 -15 -2 -17 -7 19 20 -1 -21 23 -23 -20 28 27 -27 -26 -30
right_child=1 2 6 4 10 17 -8 8 -10 -11 -12 -13 13 14 -16 16 -18 -19 24 21 -22 22 -24 -25 25 26 -28 -29 29 -31
leaf_value=-0.00072201208805837381 0.00042078919469010862 -0.0035153929850665726 -0.0014206788027226116 0.01103003193779353 -3.8470370594127925e-05 -0.0057558172287644274 0.0041833836446397762 -0.0007945834843831579 0.00059399779576795779 0.039426263928014335 0.0010292261902754643 -0.005616327732565058 0.0018659596704444464 -0.0075551470716638128 -0.0019674134969811922 0.0045922684582101305 0.029195663041803446 -0.0017621441322659393 -0.0050159376678291911 -0.0059850237162067544 0.0062179054068851707 -0.00011454740053069546 -0.0024581213926362254 0.016543761618081781 0.0049980574528779471 -0.00064865496504517661 -8.0850560765844563e-06 -0.0064795676400180328 0.027556183786179658 -0.0028387490461326942
leaf_weight=479.50788925815414 27836.06781799041 934.67694895543491 413.17794128023297 58.854376582904479 1010.8578779839577 954.8920404422438 2574.7648127498078 14.807684659041117 1024.5540180839798 16.00401473371312 2702.4664250066339 601.06292491249587 1244.1521292555053 440.39556140429886 1789.7942828616806 89.543697006477942 20.604466002444042 1759.3933067341527 936.89419662746332 387.83031842292985 522.74867511013872 69.065393964498071 313.18777909630444 66.323881294461899 413.46855139639229 487.33054926595651 964.46726785166265 813.29084394690381 10.414037584792821 368.60055475164063
leaf_count=5384 296393 9011 4459 634 13640 10820 27300 140 12531 202 30683 4793 5883 2493 8084 1857 223 20408 15932 4326 5762 1531 2525 911 3867 4552 10240 7218 193 3329
internal_value=-6.35966e-06 0.000179909 0.00164676 -9.00994e-06 -0.00122401 -0.00287794 0.00339586 -0.000977272 0.00123538 0.0203121 -0.000146118 -0.00212816 0.000264163 -0.00130126 -0.00307626 0.000459933 0.0099007 -0.00320905 -0.00139972 0.000453408 0.00289881 -0.00244643 0.000624052 0.00794963 -0.00226002 -0.00140303 -0.00252043 -0.00437688 0.00176083 -0.00173896
internal_weight=49319.2 43486.1 4977.99 38508.1 7087.53 2773.14 2987.94 1990.04 1055.37 30.8117 4314.39 1611.92 31420.6 3474.34 2230.19 27946.2 110.148 2714.29 5833.13 1838.66 1002.26 836.407 448.577 135.389 3994.47 3057.57 2265.09 1300.62 792.483 379.015
internal_count=515324 449554 53643 395911 80978 31862 31759 21884 12873 342 49116 18433 314933 16460 10577 298473 2080 31228 65770 20439 11146 9293 4967 2442 45331 29399 22010 11770 7389 3522
cat_boundaries=0 1 2 3 4 5 6 7 8 9 10 11 12
cat_threshold=13129884 78881 16513 8750420 2097949 8536684 221425 9738021 10133940 1573944 103589 146092
is_linear=0
shrinkage=0.03


Tree=199
num_leaves=31
num_cat=4
split_feature=38 45 0 28 48 42 32 46 68 48 2 2 2 2 14 48 16 20 9 36 37 30 14 57 31 60 42 14 12 38
split_gain=13.0597 11.129 12.4909 10.4392 10.5376 15.8361 11.3296 9.67764 11.1016 10.3028 10.6678 9.79989 9.04882 8.92279 14.0765 12.6784 8.24696 9.66612 8.83416 7.91745 6.81104 6.28163 5.99327 7.21698 6.07721 5.30161 6.04147 5.33547 9.77065 5.00715
threshold=0.71957482371376347 2.183333333333334 0.052553683115298705 -1.915 0.076748515649190968 -0.79099281619513773 0.057890928478939709 -0.062499999999999944 1.0000000180025095e-35 0.065103166390594172 0 1 2 3 0.03500000000000001 0.072749420681391466 5.8469359753162911 -0.074999999999999942 -0.010833333333333198 42.275000000000013 5.8150000000000004 0.34695656575313966 0.16500000000000004 0.12405000000000001 0.082558122764509009 163.50000000000003 -0.45099281619513792 0.03500000000000001 0.044999999999999908 0.49310794780545675
decision_type=2 2 2 2 2 2 2 2 2 2 1 1 1 1 2 2 2 2 2 2 2 2 2 2 2 2 2 2 2 2
left_child=1 2 7 25 16 12 -7 9 11 21 -11 -9 -6 14 19 -16 18 -18 -5 -4 -10 -1 24 -24 -15 26 -3 28 -27 -29
right_child=-2 3 13 4 5 6 -8 8 20 10 -12 -13 -14 22 15 -17 17 -19 -20 -21 -22 -23 23 -25 -26 27 -28 29 -30 -31
leaf_value=-0.0078188249864720658 0.0091459098449264177 -0.019706482094488963 0.0021151879961294625 0.00025487325432259995 0.00054414842136286739 0.00083479955609432326 0.0044408515920564603 0.0092103879483195553 -0.0046072966300917725 -0.0017981120965278343 0.0048958541941239503 -0.0014210596523842813 -0.0038839807662179849 0.018253934985157396 0.0090266227062277098 -0.0066535379845540036 -0.010132121328837358 0.012683614874546612 -0.00082831290789134933 -0.01877712994366703 -0.0019528698293038898 0.0079764459604692913 0.0052870518314262248 -0.015090273923517555 0.0056983337616389957 0.013069446630168416 -0.0014262790385998001 -0.016321344851908628 -0.020229544507075713 0
leaf_weight=158.31056307069957 134.76183591852168 15.517152664173862 19.482835076749325 13210.496207957132 703.01726048461887 12747.871834070154 839.26922526149974 123.6186423517679 1266.0116516137614 346.1934927739203 517.75155878049009 173.16218941256602 969.87439215983295 43.701396394520998 114.54722335189581 73.421390275470912 17.768224308267236 82.497036589353229 13845.629910822166 51.370522152835292 3045.3529391101774 22.907569089904428 38.199408493936062 22.797360129654408 239.25760112318949 20.150473169573619 364.08897423983353 77.157411300984677 10.252685435314104 17.063415996730328
leaf_count=1056 782 230 103 101208 15487 151185 7652 1035 14024 2661 3965 1523 23310 213 559 378 147 744 159078 244 22357 141 208 115 1223 204 4021 949 102 76
internal_value=-0.000108607 -0.000134949 -0.00131696 3.66944e-05 8.84948e-05 0.000719762 0.00106037 -0.00175808 -0.00235073 0.000825801 0.00221667 0.00319958 -0.0020267 0.00276273 -0.0013902 0.00273839 -0.000265157 0.00822795 -0.000298345 -0.0127201 -0.00274106 -0.00559315 0.00583593 -0.00208999 0.00785726 -0.00424468 -0.0023515 -0.0096462 0.00035886 -0.0131268
internal_weight=49311.5 49176.7 6256.09 42920.7 42416.4 15260 13587.1 5653.31 4608.15 1045.16 863.945 296.781 1672.89 602.778 258.822 187.969 27156.4 100.265 27056.1 70.8534 4311.36 181.218 343.956 60.9968 282.959 504.23 379.606 124.624 30.4032 94.2208
internal_count=514980 514198 49805 464393 458811 197634 158837 46762 38939 7823 6626 2558 38797 3043 1284 937 261177 891 260286 347 36381 1197 1759 323 1436 5582 4251 1331 306 1025
cat_boundaries=0 1 2 3 4
cat_threshold=56393 149786 206918 92421
is_linear=0
shrinkage=0.03


Tree=200
num_leaves=31
num_cat=10
split_feature=7 0 53 38 2 61 67 53 12 53 45 2 53 67 16 55 53 0 48 29 29 52 2 45 68 20 48 31 53 2
split_gain=17.581 13.8042 13.3184 14.6097 14.4339 11.9831 11.6742 12.4 11.8361 16.6299 12.7042 19.0411 11.9267 10.7568 10.4532 10.4289 20.6008 12.9906 10.2137 14.3055 12.0442 10.9403 9.7473 9.63312 9.38639 9.23215 8.50201 13.1449 14.4566 12.7129
threshold=679.50000000000011 0.058630211415462812 0 0.62271910065921354 1 0.07889822595704947 2.3329688877064041 2 -0.20499999999999999 3 1.7750000000000001 4 5 3.8117247997212975 5.8469359753162911 15.250000000000002 6 0.046166891998943409 0.072465419182072915 4.6350000000000007 7.6850000000000014 1.3324272283470555 7 4.291666666666667 5.5000000000000009 -0.0099999999999999482 0.070408267598075072 0.096555835290130468 8 9
decision_type=2 2 1 2 1 2 2 1 2 1 2 1 1 2 2 2 1 2 2 2 2 2 1 2 2 2 2 2 1 1
left_child=6 2 18 4 14 -5 8 -8 9 22 11 12 -10 -6 -4 16 -12 -17 20 24 21 -2 -1 -9 -20 -21 -3 28 -28 -30
right_child=1 26 3 5 13 -7 7 23 10 -11 15 -13 -14 -15 -16 17 -18 -19 19 25 -22 -23 -24 -25 -26 -27 27 -29 29 -31
leaf_value=-0.0051764545096562361 -0.0010291243975077309 0 -0.0027112152638109847 0.0025952242999728267 -0.0006000629275668179 -0.0063210182206361589 0.00055680386386456997 -0.0059445100894818864 0.0068166149439667732 -0.0065965864879210584 0.0050078919341538485 -0.0064483758141943587 -0.0015374318508789351 -0.010979788763168172 0.014618554865723037 0.00039111857292144702 0.00027356550930957506 0.0032025661656225088 -0.0071616771169808902 -0.00055102645740681786 -0.013012572665033507 0.0041793500220451609 0.015375712792416122 0.0019385914932726356 0.014025199787744285 0.0034863503312984644 0.017386624422943541 0.0017658732687991883 0.0098763046473868375 -0.0091975027605136275
leaf_weight=25.810802166020949 3396.0459396905321 924.29758417910216 6649.3426136394373 1241.8953805029096 7865.5329408963917 148.807885049383 937.27472808795119 710.23549915470176 211.24382493072017 381.07290471160195 1540.315987979704 524.49497059010082 476.72511055512268 89.316398177295923 28.99052563123405 16466.05672744026 1817.234308449586 1629.1580348702082 217.25590448152752 691.17668669402974 68.422175723461805 403.07149890421579 47.466784828458913 165.89706414414741 17.88444284507068 1814.4350154335916 110.8959661291583 548.57016756527537 56.695081642390505 45.631700980139613
leaf_count=267 32274 5382 74249 6795 88147 748 4493 3279 1649 3735 39076 4003 3768 437 287 145450 47919 9671 5367 10041 457 2680 456 960 408 17721 814 3763 394 358
internal_value=-7.55769e-05 -0.000650001 -0.000846063 -0.00131324 -0.00159437 0.00161192 0.000483489 -0.00182871 0.000666289 -0.0041072 0.000763656 -0.00221426 0.00105774 -0.000722199 -0.00262322 0.00093355 0.00247183 0.000646224 0.000283819 0.00168787 -0.000703042 -0.000466725 0.00807502 -0.00436692 -0.00531903 0.00236112 0.00196182 0.00430401 0.0106175 0.0010355
internal_weight=49251.3 24318.3 22632.2 16023.9 14633.2 1390.7 24933 1813.41 23119.6 454.35 22665.2 1212.46 687.969 7954.85 6678.33 21452.8 3357.55 18095.2 6608.29 2740.75 3867.54 3799.12 73.2776 876.133 235.14 2505.61 1686.09 761.793 213.223 102.327
internal_count=515048 250322 239611 170663 163120 7543 264726 8732 255994 4458 251536 9420 5417 88584 74536 242116 86995 155121 68948 33537 35411 34954 723 4239 5775 27762 10711 5329 1566 752
cat_boundaries=0 1 2 3 4 5 6 7 8 9 10
cat_threshold=7602276 107910 11272637 10914050 108230 476944 1653131 11456 13796702 59962
is_linear=0
shrinkage=0.03


Tree=201
num_leaves=31
num_cat=11
split_feature=29 48 12 67 53 2 53 53 2 4 0 31 55 57 43 43 53 53 37 11 2 61 69 69 2 11 64 2 35 45
split_gain=12.3754 11.7086 11.5877 14.5434 18.6157 16.4981 17.2148 14.3899 13.9676 13.3487 16.9206 23.7133 19.5013 17.4166 16.3941 23.1761 16.1425 14.4635 15.6453 14.038 12.7091 18.0563 9.15679 8.94814 11.1827 8.7256 17.2319 11.0349 8.50707 8.30906
threshold=2.7450000000000006 0.096656267517906166 0.044999999999999908 1.1194576799792084 0 1 2 3 4 39.850000000000001 0.028718125445962053 0.048430117273808811 23.550000000000004 0.16715000000000002 0.048587430583063904 0.24345555231549557 5 6 7.1550000000000011 -0.047692307692308096 7 0.13759296822177147 0.85355339059327395 -1.8369701987210294e-16 8 -0.004277688603530649 9 10 29.215000000000003 2.183333333333334
decision_type=2 2 2 2 1 1 1 1 1 2 2 2 2 2 2 2 1 1 2 2 1 2 2 2 1 2 1 1 2 2
left_child=1 -1 9 4 25 7 8 29 -7 10 11 12 -2 -13 16 -16 -12 20 22 -20 21 -11 -19 -6 -25 26 -4 -27 -22 -5
right_child=2 -3 3 5 23 6 -8 -9 -10 17 14 13 -14 -15 15 -17 -18 18 19 -21 28 -23 -24 24 -26 27 -28 -29 -30 -31
leaf_value=-0.0083314727618981847 -0.0010053045769447821 0.0056070205767763609 0.0063544027594394396 -0.0061175874975750123 0.0012470679169737948 0.01054015216913233 -0.0058427842932696214 -0.0013423510172327535 -0.0015811010187254928 0.001483815734157146 -0.0012687591681979245 -0.004024635517535527 0.0022052495400813688 0.010778831977539228 -0.0036925477604281723 0.00084060537487259761 0.013631009836882731 0.0012508630260935226 0.0039529939651300142 -0.0073798461737006864 0.00069349703602666392 -0.0226817529980569 0.0037066665304251374 0.00082157745834466082 0.0051465347592043187 0.0022937595781509171 -0.0022747894537743503 -0.001471919913636202 -0.0033288699872932571 0.0079974856088702081
leaf_weight=271.91627438009436 11590.645944232405 63.453957319220535 503.01812370105017 38.260896301211687 1866.9706736746907 102.6293112900803 843.04010510558692 502.90400513602071 321.1571721159753 1996.6184486204284 106.76594436886444 2622.6041915430242 1989.7019884479123 70.611421711956609 1144.6637193599199 8772.0207340476445 153.72433166590235 4578.73743436109 139.04923526876337 306.77043626429167 655.73858964399733 26.10451353341341 1988.7151619298629 781.95697991632551 1995.8742454855642 932.52755926664031 338.06023468169269 2672.0715970960387 1594.3985001908777 338.50987509204879
leaf_count=17516 177006 5868 6008 184 23458 474 3910 2340 1467 9236 891 32672 23164 599 10307 66520 1257 21696 813 1770 3043 119 9404 10070 24417 12547 4012 35543 7455 1557
internal_value=0.00013567 -0.0055877 0.000175703 0.00102145 0.00154729 -0.00119089 -0.00337369 0.00193539 0.0014949 -7.53845e-05 -0.000444667 -0.00104527 -0.000532451 -0.00361767 0.000512781 0.000313689 0.00791764 0.000787353 0.00162523 -0.00377632 -0.000583436 0.00112945 0.00199998 0.00287249 0.00396279 0.00014853 0.00290165 -0.000486392 -0.00213429 0.006294
internal_weight=49309.2 335.37 48973.9 11237 9090.48 2146.5 1266.83 879.675 423.786 37736.9 26450.7 16273.6 13580.3 2693.22 10177.2 9916.68 260.49 11286.1 7013.27 445.82 4272.86 2022.72 6567.45 4644.8 2777.83 4445.68 841.078 3604.6 2250.14 376.771
internal_count=515323 23384 491939 125987 116055 9932 5851 4081 1941 365952 312416 233441 200170 33271 78975 76827 2148 53536 33683 2583 19853 9355 31100 57945 34487 58110 10020 48090 10498 1741
cat_boundaries=0 1 2 3 4 5 6 7 8 9 10 11
cat_threshold=3101292 88171 81980 3073672 8208 4379942 5317163 214315 188544 286 98660
is_linear=0
shrinkage=0.03


Tree=202
num_leaves=31
num_cat=11
split_feature=29 39 53 70 47 2 0 2 52 53 20 0 2 26 15 57 64 32 57 2 30 2 45 53 53 32 48 66 35 64
split_gain=10.7463 10.4796 20.6138 23.1907 16.0568 19.454 14.8422 16.5182 12.9642 12.7561 12.5627 13.4963 21.3601 12.2028 12.0858 11.8762 10.5551 11.0631 9.13034 9.07513 12.2658 8.9385 11.9567 11.5029 8.61194 9.62597 9.08759 7.60505 8.22994 7.40947
threshold=1.635 4.5000000000000009 0 2.7554552980815453e-16 1.2200000000000002 1 0.0067722800348501014 2 -1.0406189026414938 3 -0.044999999999999943 0.037571407389883911 4 10.585000000000003 7.0450000000000008 0.12809999999999996 5 0.0096246479917000017 0.027600000000000003 6 0.17722060863533903 7 5.0833333333333348 8 9 0.010427540013917852 0.074595287032817162 0.22254929062391113 32.795000000000009 10
decision_type=2 2 1 2 2 1 2 1 2 1 2 2 1 2 2 2 1 2 2 1 2 1 2 1 1 2 2 2 2 1
left_child=-1 4 3 19 5 24 7 -5 -8 -7 21 15 -13 -11 16 -12 18 -18 -4 20 -3 22 -6 -23 26 -26 -2 -16 -29 -21
right_child=1 2 14 6 10 9 8 -9 -10 13 11 12 -14 -15 27 -17 17 -19 -20 29 -22 23 -24 -25 25 -27 -28 28 -30 -31
leaf_value=-0.021881656317014574 -0.0079669933516476749 -0.0052879689093321405 -0.0090208860816716838 -0.004110058203550703 -0.00047006124485714435 -0.014813234426781431 -0.0020478616802209913 0.0062726124523572839 0.010298412252626458 -0.0013291010230332546 -0.0012971477302208653 0.0045946547045246878 0.00040374130165539977 -0.016690266249791509 -0.013652962031576244 0.00020403746233966751 -0.0058073849343784675 0.0021639037127251359 -0.001317734625086453 -3.7883802479429393e-05 0.018753256052815109 -0.0043506548622513387 0.010830900136162518 -0.00082713503880621497 -0.0098537137173933791 0.005254950998941652 0.010168405090175171 -0.011046674470431412 0.014516260157181516 0.0038899921158577202
leaf_weight=18.202307515661232 27.305632687014509 311.13801036974394 162.20287264067292 215.98351344101241 4005.293377509086 164.45907729712303 81.901095608865035 335.47592386426993 631.58064642426643 266.04403282147496 5981.5264521748068 1465.8231353184442 4325.7925197321874 56.078755632576758 99.176178712717956 22809.008453385642 171.76849913726574 1477.8533803065689 1001.9194965088036 971.88762097819267 17.948668896555318 1444.4691093364572 83.958725858479738 2054.2536799734835 89.520131606765517 60.416760650036395 127.88240945940458 20.648140925448388 20.235562693327665 750.93884610075315
leaf_count=6276 584 9027 7607 7612 34521 4012 2059 11669 9247 6502 78106 10845 31595 782 3832 137104 12489 32264 24328 24756 232 13002 1198 18451 2288 1277 3099 332 300 19733
internal_value=-5.84134e-06 2.52584e-06 0.00114857 0.00276804 -0.000164097 -0.00439222 0.00597156 0.00219087 0.00883748 -0.00802183 -8.38021e-05 0.000157998 0.00147946 -0.00405721 -0.000667542 -0.000106876 -0.000227661 0.00130181 -0.00240974 0.00078815 -0.00366992 -0.00118951 -0.000224971 -0.00230029 0.00152433 -0.0033582 0.00632353 -0.00921276 0.000993165 0.00167196
internal_weight=49250.7 49232.5 6270.66 3316.85 42961.8 791.707 1264.94 551.459 713.482 486.582 42170.1 34582.2 5791.62 322.123 2953.8 28790.5 2813.74 1649.62 1164.12 2051.91 329.087 7587.97 4089.25 3498.72 305.125 149.937 155.188 140.06 40.8837 1722.83
internal_count=515129 508853 165487 84335 343366 18544 30587 19281 11306 11296 324822 257650 42440 7284 81152 215210 76688 44753 31935 53748 9259 67172 35719 31453 7248 3565 3683 4464 632 44489
cat_boundaries=0 1 2 3 4 5 6 7 8 9 10 11
cat_threshold=1702051 83585 151663 294096 180770 19 37025 45655 11276630 10611865 117
is_linear=0
shrinkage=0.03


Tree=203
num_leaves=31
num_cat=7
split_feature=42 5 28 8 44 44 58 4 35 58 53 44 53 9 63 52 58 53 0 64 35 63 28 53 63 53 11 42 54 53
split_gain=13.4908 15.2417 13.916 14.5271 17.7134 14.8763 14.8084 13.3304 11.3833 10.5753 15.6365 15.46 24.2363 12.4359 12.0951 10.5049 10.4227 10.41 12.3954 13.9055 10.5327 10.3403 10.3997 10.3225 10.0863 8.82385 8.97928 8.35275 12.8416 10.9751
threshold=-0.37099281619513785 0.20500000000000004 -0.11999999999999994 59.750000000000007 0.10380553789644696 0.16258330758705916 22.850000000000005 39.850000000000001 39.685000000000009 52.150000000000013 0 0.05216450574343396 1 -0.060000000000000046 2.4166666666666683 -1.2601295604763709 74.550000000000011 2 0.028718125445962053 3 28.765000000000004 -4.7499999999999991 0.024999999999999852 4 -4.0833333333333313 5 -0.11427521008403334 0.45900718380486222 1.4500000000000002 6
decision_type=2 2 2 2 2 2 2 2 2 2 1 2 1 2 2 2 2 1 2 1 2 2 2 1 2 1 2 2 2 1
left_child=8 2 9 4 6 7 -4 -5 16 11 24 13 -13 -2 -12 -6 17 18 20 -20 -1 -19 -23 -7 -11 -10 -27 -3 -29 -30
right_child=1 27 3 5 15 23 -8 -9 25 10 14 12 -14 -15 -16 -17 -18 21 19 -21 -22 22 -24 -25 -26 26 -28 28 29 -31
leaf_value=-0.00089017492025551511 0.001888843405308243 -0.0070572830100927315 0.005277374244331003 -0.00086252922696265907 -0.014549160452590103 -0.00041156917797561588 0.0012316265992596248 0.0012784800192941635 -0.0020258795185255961 -0.018132926561653356 0.0002510488100291492 0.013175276610050904 0.00090306650454968025 -0.00039236239773020174 -0.0062910764493538914 0.020670064333911907 -0.0065708927118101699 -0.0095972077139413921 0.0047819631248258538 -0.0024134601384711955 -0.0047093375912357653 -0.0020268906385361692 0.0012177573882541765 0.0098415086233829916 -0.0038247025137090381 0.0092905222638023904 0.0013446949212872919 0.027082002920186497 0.0069113967310629526 -0.0084744231894188088
leaf_weight=1025.9721868024851 2513.8982148022369 393.82186629807302 1028.1947935070862 5642.7014687038854 6.1403902666643253 137.05077481620356 4072.2432059119487 4872.1642367078539 660.74474863004798 45.65123100190317 2705.4160313960365 192.37645010721008 541.19473175837356 14784.243076770326 278.10611171497658 65.574222604936949 352.54595910247554 100.53136786644382 395.97254985020027 578.25607104022492 1883.8398512485844 1381.7592033691076 2482.4163423863843 233.0105362335471 1187.5789332667455 140.36353746338773 1504.3243791781688 13.426097974207094 63.212925726664253 80.879260588396392
leaf_count=15955 16695 12187 18717 44822 79 949 64780 22723 8156 499 25102 1141 3201 143291 2867 616 6131 2145 3505 5265 27546 17935 34442 1576 11346 1366 18194 818 1364 2181
internal_value=-3.9059e-05 0.000218209 0.000290342 0.000963675 0.00227342 0.000338271 0.00205484 0.00012673 -0.000993223 -0.000194309 -0.00154698 0.000120489 0.00438066 -5.8926e-05 -0.00035135 0.0169346 -0.00151802 -0.00128562 -0.00238698 0.000508436 -0.00337458 -0.00019195 4.93221e-05 0.00623534 -0.00437176 0.000860384 0.00203912 -0.0047221 0.000943452 -0.00162412
internal_weight=49363.6 38856.9 38305.5 16057.1 5172.15 10884.9 5100.44 10514.9 10506.7 22248.5 4216.75 18031.7 733.571 17298.1 2983.52 71.7146 8201.29 7848.75 3884.04 974.229 2909.81 3964.71 3864.18 370.061 1233.23 2305.43 1644.69 551.34 157.518 144.092
internal_count=515594 374954 358404 154262 84192 70070 83497 67545 140640 204142 39814 164328 4342 159986 27969 695 112924 106793 52271 8770 43501 54522 52377 2525 11845 27716 19560 16550 4363 3545
cat_boundaries=0 1 2 3 4 5 6 7
cat_threshold=1061090 8432192 3312223 76 4491201 265672 203534
is_linear=0
shrinkage=0.03


Tree=204
num_leaves=31
num_cat=8
split_feature=12 21 28 53 67 53 53 7 42 57 35 10 55 53 53 66 38 0 28 53 63 15 47 36 36 15 53 45 53 42
split_gain=13.0468 13.7244 13.636 13.7186 13.4825 18.0694 15.4904 14.4957 14.0627 18.2192 12.7269 12.4979 11.022 18.5919 13.8916 12.9722 11.6844 11.3104 10.8351 10.6467 10.6106 10.5633 10.4917 10.393 11.0405 10.194 9.98418 9.91662 12.9021 9.54316
threshold=1.0000000180025095e-35 0.050000000000000003 -1.1999999999999995 0 1.0623736863379145 1 2 546.50000000000011 0.57900718380486238 0.12200000000000001 33.615000000000002 0.064999999999999961 17.350000000000005 3 4 0.094594594594594558 0.63900512141137711 0.026807734584385252 0.2700000000000003 5 -1.4166666666666676 6.5450000000000008 -2.339999999999999 56.485000000000007 51.245000000000012 6.6450000000000005 6 3.6333333333333337 7 -0.40099281619513766
decision_type=2 2 2 1 2 1 1 2 2 2 2 2 2 1 1 2 2 2 2 1 2 2 2 2 2 2 1 2 1 2
left_child=1 2 3 20 6 23 7 -2 9 11 -9 -8 13 16 17 -15 -4 -14 -12 -11 -1 -16 -10 24 -6 -22 -3 29 -29 -5
right_child=4 26 12 27 5 -7 8 10 22 19 18 -13 14 15 21 -17 -18 -19 -20 -21 25 -23 -24 -25 -26 -27 -28 28 -30 -31
leaf_value=-0.0050005137395992489 0.004511130554589046 0 -0.0013458543918269553 -0.017870858249983884 0.0014599457380879766 -0.0028135750264093235 -0.00017673354227294228 -0.0010724700232241228 -0.0084546566020937946 0.0040086823756514643 0.00092203157622151313 -0.0031724339018616081 -0.0024794660134502189 0.0010449320049956935 0.012028971262699969 0.0048512640279915007 0.0071536872225792412 -0.00013917405930074302 0.0065985326542588362 0.00041556914724614786 0.011819347327622409 1.7224530099887512e-05 0.0026496069843561401 0.014906988247149242 -0.0089473774246570537 0.00077831268468028466 -0.011473034671858392 0.0055779710843077493 -0.0051940914140713628 -0.0051208719505978556
leaf_weight=243.96638190789167 1755.950907802815 116.43803740254992 3499.2833404215548 56.482065911404334 1561.3488736795766 2284.7344331673198 3073.7139596023299 1332.3634749350854 75.939201664945358 945.67174361314574 823.26228764104144 2141.7242537186285 4940.0012962778865 3981.4570729057436 64.40103483573148 1020.8233038448629 149.01444406062365 3024.3431808858159 491.71834962091498 3451.4200437257223 86.02920483588241 9388.7330447829991 2456.5365218244933 47.039771772921085 94.945106897790538 579.44170759993858 164.11380840956878 174.81804360235446 203.15950169261259 1047.5215023782819
leaf_count=2243 22116 4227 48444 641 7271 10692 45233 16845 3240 6795 8794 48995 40613 50800 372 14111 793 23668 6436 29818 641 71723 25086 239 461 5274 6255 1995 2306 9246
internal_value=-8.87901e-05 -0.000501932 -0.000435457 -0.00260383 0.000487921 -0.00107417 0.000866275 0.00238897 0.000309212 -0.000211775 0.000976721 -0.00141341 -0.000235201 0.000638251 -0.000670756 0.00182567 -0.000984048 -0.0015928 0.00307426 0.00120668 0.000285459 0.000104646 0.00229839 0.00125109 0.000835196 0.00228173 -0.00708821 -0.00436758 -0.000119724 -0.00583144
internal_weight=49276.4 28740 28459.5 2391.42 20536.4 3988.07 16548.3 4403.3 12145 9612.53 2647.34 5215.44 26068.1 8650.58 17417.5 5002.28 3648.3 7964.34 1314.98 4397.09 909.437 9453.13 2532.48 1703.33 1656.29 665.471 280.552 1481.98 377.978 1104
internal_count=515373 283352 272870 22346 232021 18663 213358 54191 159167 130841 32075 94228 250524 114148 136376 64911 49237 64281 15230 36613 8158 72095 28326 7971 7732 5915 10482 14188 4301 9887
cat_boundaries=0 1 2 3 4 5 6 7 8
cat_threshold=4801706 2245548 42257 14730270 324841 10244224 1219613 10889232
is_linear=0
shrinkage=0.03


Tree=205
num_leaves=31
num_cat=9
split_feature=48 47 39 30 53 63 53 16 53 53 49 43 53 52 35 65 53 67 53 29 7 45 53 63 29 53 34 44 70 45
split_gain=12.7558 14.6911 16.7179 20.3974 14.0586 13.4859 12.7769 12.7711 13.554 12.5726 14.5353 11.7332 13.4008 11.5248 11.2735 10.8248 10.2002 10.1807 15.1379 10.496 12.1782 11.9665 13.9766 11.8434 11.6987 13.7592 10.1581 10.0998 9.72459 9.69245
threshold=0.075872833094011868 4.575000000000002 5.5000000000000009 0.035883817502112315 0 -3.9166666666666674 1 2.3271229645903335 2 3 0.013706457925636002 0.39164710163606736 4 1.3880858307767052 36.785000000000004 0.13586623915704329 5 3.7287392990869597 6 1.9450000000000001 130.50000000000003 4.2250000000000005 7 -0.74999999999999989 3.7850000000000006 8 1.5000000000000002 0.12385138506562311 2.0606601717798214 2.916666666666667
decision_type=2 2 2 2 1 2 1 2 1 1 2 2 1 2 2 2 1 2 1 2 2 2 1 2 2 1 2 2 2 2
left_child=1 2 11 4 28 16 7 13 -9 -5 -11 12 15 -7 -8 -1 29 19 -19 -2 21 23 -23 -21 25 -22 -14 -16 -4 -3
right_child=17 5 3 9 -6 6 14 8 -10 10 -12 -13 26 -15 27 -17 -18 18 -20 20 24 22 -24 -25 -26 -27 -28 -29 -30 -31
leaf_value=0.005342143157404269 -0.013498254299832649 -0.0089079486343979566 -0.00091457892472228506 0.011113727042388897 -0.0067646854578869301 -0.0017170623082505539 -0.00015495204956461072 0.0042010166124318233 -0.0012639087126411878 -0.0020057559770404426 0.01422853426168371 -0.0049482130130078785 -0.013401951848687279 0.0017979337311367768 0.001099127774122141 -0.01125980294261906 -0.0083676598302782502 0.0006233468304835632 -0.010552003928926999 0.0043093703022749055 0.0025016476608240913 0.0013067629360357901 0.011068064426183679 -0.0010409029900896275 0.000584243616176842 -0.0049280979555818413 -0.0017194394165196494 0.0053700932408005612 0.011675231318190224 0.0031795690410525313
leaf_weight=338.6054263038809 45.144202678682632 82.777025751779547 216.0219519438217 190.86701324416299 342.82131787194726 8200.595705136071 9861.2583087092116 822.15350138535132 783.19417433450371 241.82702854854278 59.898773227295806 1776.8912871788889 86.466986492065644 925.4162624806977 4549.5776589613442 36.57790594547987 306.44535167746835 259.7477538486346 172.67204776276412 681.2715661922241 310.10271113487295 273.55313030955108 285.17200525804992 802.88171773476597 15733.707678411856 726.54607821761522 314.82750035696108 564.46402870760812 70.575855422574932 198.1861549842497
leaf_count=5683 10149 601 8455 5251 14791 58676 74693 7842 7601 6784 1266 29434 1297 5224 32490 444 2246 1312 940 6885 8436 4821 5150 8237 173530 19208 5739 3940 2467 1547
internal_value=-9.59203e-05 -0.000483734 -0.00226073 0.000768646 -0.0027752 -0.000234051 -0.000129968 -0.000920354 0.00153622 0.00535042 0.00115283 -0.00360322 -0.000481982 -0.00135702 0.000434795 0.00350011 -0.00472224 0.000505005 -0.00402667 0.000610922 0.000647804 0.00283583 0.00658481 0.00139734 0.000379174 -0.00269951 -0.00425942 0.00157832 0.00206948 -0.000302713
internal_weight=49260.2 29969.4 3675.38 1122.01 629.419 26294.1 25706.7 10731.4 1605.35 492.593 301.726 2553.37 776.478 9126.01 14975.3 375.183 587.409 19290.8 432.42 18858.4 18813.2 2042.88 558.725 1484.15 16770.4 1036.65 401.294 5114.04 286.598 280.963
internal_count=515139 276471 81611 39014 25713 194860 190466 79343 15443 13301 8050 42597 13163 63900 111123 6127 4394 238668 2252 236416 226267 25093 9971 15122 201174 27644 7036 36430 10922 2148
cat_boundaries=0 1 2 3 4 5 6 7 8 9
cat_threshold=1360331 6104705 1115649 1169570 5843308 3578337 10440733 4310254 13832193
is_linear=0
shrinkage=0.03


Tree=206
num_leaves=31
num_cat=9
split_feature=45 53 6 16 53 10 66 53 53 8 9 6 8 20 2 20 30 43 20 44 53 2 8 63 47 2 14 9 2 44
split_gain=13.9057 13.5878 13.8931 12.2724 19.1214 12 12.5775 20.1363 15.5361 17.2999 13.4568 13.1438 12.1054 11.0208 11.6808 10.8228 10.975 10.6682 10.7045 9.90881 24.2263 16.9859 15.2115 9.75117 9.21964 9.16218 10.909 9.0956 11.1885 8.61129
threshold=2.6333333333333337 0 77.450000000000017 5.8469359753162911 1 0.074999999999999664 0.088084772076841011 2 3 21.250000000000004 -0.023333333333333848 39.95000000000001 26.550000000000004 0.069999999999999965 4 -0.22999999999999993 0.033902866212986452 1.6688301942842647 -0.064999999999999933 0.089346850998463914 5 6 64.65000000000002 -7.2499999999999991 10.625000000000004 7 0.065000000000000016 -0.11583333333333364 8 0.026224671465913955
decision_type=2 1 2 2 1 2 2 1 1 2 2 2 2 2 1 2 2 2 2 2 1 1 2 2 2 1 2 2 1 2
left_child=1 15 13 5 -5 6 8 11 10 -10 -2 -8 -9 -3 24 16 -1 -6 -19 29 22 -22 -21 -17 -15 26 -4 -25 -29 -7
right_child=3 2 25 4 17 19 7 12 9 -11 -12 -13 -14 14 -16 23 -18 18 -20 20 21 -23 -24 27 -26 -27 -28 28 -30 -31
leaf_value=0.041519752324602852 0.0027242702987955803 -0.003005171231663749 0.013227390817954026 -0.0054466619784959199 -0.004784542894311827 -0.00034596490739266246 0.0012034461127721884 0.019931361673259675 0.0073580789061142363 -0.00046276321309041048 0.00019387663028864392 -0.004310834354342416 0.0028597767881459973 0.016382090430483005 -0.00093033409788701891 -0.02220332837850203 0.0063185762228958825 0 0.034680938574029527 0.016576073517150854 0.0038226196601918463 -0.0048154351728381638 0.0037522582535623756 0.0074592219504803223 0.00075576393739912621 -0.00016542752154720915 0 0.0013179201247104813 -0.001470434249830983 -0.0024363674003952634
leaf_weight=7.7859669534955165 3579.0499642680315 4464.6991041469073 115.20419667949045 39.579363889992237 8.3979199975765351 7196.0288162369225 996.53335192005352 36.433136264025052 257.23381295042418 13225.738651385391 4068.4117770159173 630.60585810343446 4014.8385319891941 70.822031796063129 613.07150823024222 15.624402121642559 73.956186396069825 10.824579225853084 40.295640508022188 132.34057226692266 358.63269322662745 443.65929059716109 245.90961172037942 146.73130544708511 72.088603957556188 755.79002383995612 112.58623428270221 2593.9539043318318 2560.8904634828205 2373.0673970814451
leaf_count=92 29745 38478 678 369 65 111847 12441 864 16886 110633 46981 4645 40361 918 6240 137 511 91 375 1447 3769 4652 2124 815 530 4271 642 21026 21001 32603
internal_value=4.81322e-05 -0.000859102 -0.00181549 0.0003285 0.0107754 0.000299565 0.000639628 0.00189386 0.000301009 -0.00031003 0.00138063 -0.000912295 0.003023 -0.00243663 0.000880555 0.000237578 0.0109413 0.0195797 0.0278623 -0.000545698 0.00203769 -0.000917865 0.00816671 6.37826e-05 0.00825618 0.00143081 0.00653567 0.000143411 -6.1826e-05 -0.000867905
internal_weight=49260.8 11603.2 6204.26 37657.6 99.0975 37558.5 26808.8 5678.41 21130.4 13483 7647.46 1627.14 4051.27 5220.68 755.982 5398.94 81.7422 59.5181 51.1202 10749.6 1180.54 802.292 378.25 5317.2 142.911 983.58 227.79 5301.58 5154.84 9569.1
internal_count=515237 95339 51757 419898 900 418998 262556 58311 204245 127519 76726 17086 41225 46166 7688 43582 603 531 466 156442 11992 8421 3571 42979 1448 5591 1320 42842 42027 144450
cat_boundaries=0 1 2 3 4 5 6 7 8 9
cat_threshold=568155 12122120 12747028 16125972 20515 8946316 167840 12297 50987
is_linear=0
shrinkage=0.03


Tree=207
num_leaves=31
num_cat=10
split_feature=42 48 32 53 2 30 2 53 54 29 31 37 64 29 37 4 0 53 7 53 2 31 4 47 30 52 29 2 53 5
split_gain=13.1443 15.2026 13.4757 15.0532 14.7787 14.0067 13.8917 13.807 14.875 13.3298 11.6427 11.4632 12.9802 12.8065 11.1604 17.2628 16.3094 16.7982 14.0303 13.166 12.5308 11.9986 11.2247 17.3967 11.1539 10.9364 10.4525 10.3394 17.2293 12.9985
threshold=-0.79099281619513773 0.075442956021068763 0.061000981022292851 0 1 0.17529062944225365 2 3 6.1000000000000005 5.9750000000000005 0.14450379975286673 6.035000000000001 4 5.5950000000000006 3.7150000000000003 27.150000000000002 0.016194508918362351 5 755.50000000000011 6 7 0.031731224828239708 10.050000000000002 10.225000000000003 0.14076958118611738 -0.65411330439988091 6.4350000000000014 8 9 0.18500000000000003
decision_type=2 2 2 1 1 2 1 1 2 2 2 2 1 2 2 2 2 1 2 1 1 2 2 2 2 2 2 1 1 2
left_child=14 10 6 5 -5 25 11 8 -8 -9 27 13 -13 -3 15 16 -1 18 -18 20 -16 -19 -22 -24 -6 -4 -7 28 -2 -30
right_child=1 2 3 4 24 26 7 9 -10 -11 -12 12 -14 -15 19 -17 17 21 -20 -21 22 -23 23 -25 -26 -27 -28 -29 29 -31
leaf_value=-0.0046557075448723341 -0.00248739434385447 0.0017791774984952441 0.00013956744388797011 -0.0057970947056147776 -0.0020754642275865923 -0.00075677195241164884 0.013147413464870231 -0.0008104413852882352 0.0018387667111228233 0.0025238439782534049 0.0060981489050515114 0.0035519127183909916 -0.0031966152143495111 0.006253057716177424 -0.0048801623763237755 0.0059337136505882666 0.016593634178910438 0.015220181956138262 -2.8148983151818406e-05 -0.0054467267325074755 -0.0080387665583104562 -0.0050104071766590187 0.016535925977802419 0.0013300963213444489 0.0093589834086810469 0.015565702979632676 0.01246876945836424 0.00016921337360543219 9.2713639992790973e-05 -0.0051538465555128928
leaf_weight=663.71440602681969 4519.1375228349671 4057.0938953852324 56.099220616852563 201.77396355019346 126.16548553386292 198.82870608453868 113.96626533479048 8841.1239329582932 1248.7136542589565 1224.2930018621682 249.68308034536312 372.92242796519031 749.71873295865817 679.73751677402697 305.00457868126568 349.12381000771711 109.72617298005707 27.678880213724369 71.289167388784335 1097.9908443910367 67.655709149065387 211.09551270295697 87.913210543973946 298.19958875440716 178.78337346726858 213.87281729399911 69.896849335171282 14524.518041741367 7915.5979341196416 446.65357244181905
leaf_count=30940 40096 51547 746 1662 1201 1507 4386 105959 12208 9565 1693 2913 5832 6520 2907 1782 1644 510 1487 10402 1778 3621 1011 1877 1333 1929 497 132409 66900 8077
internal_value=-5.1126e-06 0.000125346 0.000795699 0.00410483 0.000244211 0.00752283 0.000593401 -1.37616e-05 0.00280387 -0.000401081 -0.000317973 0.00177929 -0.000922704 0.00242988 -0.00183713 0.000132438 -0.00171669 0.00285901 0.00943904 -0.00337144 -0.000247657 -0.00233667 0.00284722 0.00493695 0.00440432 0.0124951 0.00263914 -0.000377963 -0.000996553 -0.000184879
internal_weight=49278 45988.6 18333 1045.42 506.723 538.698 17287.6 11428.1 1362.68 10065.4 27655.6 5859.47 1122.64 4736.83 3289.39 1432.63 1083.5 419.79 181.015 1856.76 758.773 238.774 453.769 386.113 304.949 269.972 268.726 27405.9 12881.4 8362.25
internal_count=514939 456980 207805 8875 4196 4679 198930 132118 16594 115524 249175 66812 8745 58067 57959 39984 38202 7262 3131 17975 7573 4131 4666 2888 2534 2675 2004 247482 115073 74977
cat_boundaries=0 1 2 3 4 5 6 7 8 9 10
cat_threshold=8780592 72753 157712 196736 262 15753817 11675488 180381 140626 2369488
is_linear=0
shrinkage=0.03


Tree=208
num_leaves=31
num_cat=10
split_feature=28 7 33 53 2 0 28 42 53 32 53 53 29 2 53 0 14 45 14 46 61 42 2 47 36 1 53 21 2 28
split_gain=13.1763 11.9154 12.7285 17.5932 13.1795 18.4122 11.1182 12.164 16.6046 10.6899 10.687 10.4693 9.68621 21.8221 23.1993 17.5246 16.3628 15.5988 10.9713 9.89837 9.65677 9.206 9.11443 8.35513 9.99567 7.97747 15.4092 19.2989 12.696 9.45177
threshold=-1.1999999999999995 915.50000000000011 4.5000000000000009 0 1 0.025048622984470904 0.32499999999999979 -1.0093154388176206 2 0.09651168534251596 3 4 5.1450000000000005 5 6 0.036076905046371156 0.025000000000000005 5.7083333333333348 0.34500000000000003 -0.094999999999999932 0.10084745762711866 -0.33099281619513782 7 -2.4249999999999994 18.685000000000006 27.295000000000005 8 -0.040000000000000015 9 1.29
decision_type=2 2 2 1 1 2 2 2 1 2 1 1 2 1 1 2 2 2 2 2 2 2 1 2 2 2 1 2 1 2
left_child=11 2 6 4 -4 -6 7 8 -2 22 -9 20 13 15 17 16 -3 -15 -16 -17 21 -1 -8 -5 -25 26 27 -14 -28 -27
right_child=1 12 3 23 5 -7 9 10 -10 -11 -12 -13 25 14 18 19 -18 -19 -20 -21 -22 -23 -24 24 -26 29 28 -29 -30 -31
leaf_value=-0.0069924001456568366 -0.010737406034228954 0.022660746953262832 0.0082669723209189468 0.015052714145285924 -0.0098780985570574107 0.010313130598575302 -0.00057014927475056132 0.0013941958767428888 0.0002183652604204651 0.013193404553875852 8.6655429227694938e-06 -0.0029462256854647308 0.016283028969394039 -0.00089702943554309782 -0.010740894094627949 -0.012495948398684417 -0.0022826104730807066 0.035316459408132155 0.022582949876123894 0.028997949766516515 -0.0097251639698603745 0.001191478706710979 0.0023715811805674761 0.0053836064819970499 -0.0072940758707387629 -0.00018063727591435415 -0.0024363647197857335 -0.004463857013148124 0.0028926078401931843 0.0028990898489435176
leaf_weight=131.14734245000091 195.9189720768847 25.440725284508062 175.31939451351377 14.535948749107773 120.28065024585317 57.953321515956304 1204.8067336641188 7528.2650368242885 305.33478853942489 72.918427089229226 15075.396281901374 2267.3627126637011 39.025586065836251 366.90116344359876 457.26589824037274 3.8263614214956752 164.63606543338392 9.0195450950413925 6.6910185974556944 32.862185676582158 84.007871023608459 1647.8523462287867 4188.3986213430826 57.439075814152602 606.14385436142311 10400.861522812997 739.48052021725971 1428.3107305430817 850.7371643890765 978.86136428832106
leaf_count=1829 5522 718 1471 472 1074 359 15256 75454 8325 455 147815 22464 292 8354 10498 45 4425 259 195 480 839 16144 55391 875 4178 92794 6707 13311 7785 11095
internal_value=3.62487e-05 0.000185376 0.000538712 -0.00272617 0.00262334 -0.00294161 0.000657836 0.000368294 -0.00423885 0.00187564 0.000472154 -0.00158437 -0.000487321 -0.003246 -0.00545665 0.00481472 0.00110092 7.28399e-05 -0.00988883 0.0234727 7.37617e-05 0.000564146 0.00171223 -0.00551635 -0.00613876 -0.000281007 -0.00164142 -0.00384408 0.000396126 8.21019e-05
internal_weight=49237 45106.6 29602.7 1031.67 353.553 178.234 28571 23104.9 501.254 5466.12 22603.7 4130.37 15503.9 1066.64 839.878 226.765 190.077 375.921 463.957 36.6885 1863.01 1779 5393.21 678.119 663.583 14437.3 3057.55 1467.34 1590.22 11379.7
internal_count=514881 473605 316647 8429 2904 1433 308218 237116 13847 71102 223269 41276 156958 24974 19306 5668 5143 8613 10693 525 18812 17973 70647 5525 5053 131984 28095 13603 14492 103889
cat_boundaries=0 1 2 3 4 5 6 7 8 9 10
cat_threshold=15991813 113796 1428549 2153025 9356466 168002 15364744 135568 2640853 100780
is_linear=0
shrinkage=0.03


Tree=209
num_leaves=31
num_cat=9
split_feature=56 0 2 69 2 35 12 11 2 32 30 35 53 21 53 2 53 55 28 53 53 45 7 4 44 16 20 56 7 29
split_gain=13.1872 14.5275 14.3504 13.0302 13.0037 12.1103 12.0176 14.0626 14.0569 12.769 17.5577 18.0264 17.2054 12.3508 11.7755 11.4915 13.3962 13.5686 13.0469 18.9473 11.2325 12.1309 10.9855 13.8846 12.266 10.867 10.5579 10.3307 10.0471 10.9114
threshold=21.650000000000002 0.037184716741568355 0 -1.2071067811865472 1 23.820000000000004 -0.044999999999999894 -0.046153846153845497 2 0.040754063415933912 0.021933833670098466 36.205000000000005 3 0.055 4 5 6 18.250000000000004 1.2 7 8 2.291666666666667 1100.5000000000002 13.750000000000002 0.093113056223899968 1.0000536480686697 -0.18999999999999992 19.900000000000002 224.50000000000003 3.8450000000000002
decision_type=2 2 1 2 1 2 2 2 1 2 2 2 1 2 1 1 1 2 2 1 1 2 2 2 2 2 2 2 2 2
left_child=6 3 5 4 28 -3 13 8 14 22 11 -11 -12 15 -8 16 17 -1 27 -20 -10 -22 24 -24 -9 -7 -5 -17 29 -2
right_child=1 2 -4 26 -6 25 7 9 20 10 12 -13 -14 -15 -16 18 -18 -19 19 -21 21 -23 23 -25 -26 -27 -28 -29 -30 -31
leaf_value=0.0013027910046614912 0 -0.0058798148227872547 -0.0019093738218146057 -0.01440371988250664 -0.0022461370306184514 -0.0020300760397222472 -0.0032942781948176051 -3.1601803780611064e-05 0.0012530120464026137 0.016863160625234293 -0.00060179662341490893 -0.0011740760780233376 0.0027108141371162426 -0.011817285413114796 0.0017721849989399479 -0.0019253959426851813 0.0019034774431825861 -0.0035942595781433728 0.010954163946430456 -0.0015863938512881547 -0.00032697973314113561 0.0057605365079731966 -0.0067627959557174282 -0.0008429363015246623 0.0021803959838177871 0.0083607714761290055 -0.003697800947639981 0.00093962388238272786 0.0043769589193443639 0.037622958975933443
leaf_weight=981.56897738224097 11.096553445269821 84.792932053096592 729.41138284350018 88.028490671538748 339.93398961473622 109.83825623284065 674.50234643909243 14826.697056956811 1734.1069026357768 129.9927297112572 2506.1923645216184 74.987292179172073 3178.7364713339985 83.775843108918707 1020.5688233975443 6127.7642386419257 3226.2569299752213 1041.465234443001 181.41268209233658 238.29296875850014 349.80380664225277 1593.5455888335837 401.43144216178052 3279.7332271960017 2653.9469932404136 408.16446665803369 1676.527130622289 1372.8225502446285 144.41717763250426 17.242954376619309
leaf_count=10374 320 670 5627 1025 4566 796 6225 185406 16337 2122 24520 1075 31621 3379 9650 52821 28082 7960 2016 2521 2743 16232 12468 21715 20458 3203 24570 14484 1955 240
internal_value=0.000162757 -0.00158108 0.000889137 -0.00303885 0.00112167 0.00428098 0.000301275 0.000612766 0.00201551 0.00033294 0.00156816 0.0101721 0.00124919 -0.0004585 -0.000235272 -0.000382182 0.00070227 -0.00119855 -0.00110419 0.00401135 0.00305304 0.00462637 -9.55471e-06 -0.00149996 0.000302723 0.00610045 -0.00426457 -0.00139691 0.00756567 0.0239604
internal_weight=49287.1 3609.45 1332.21 2277.25 512.691 602.796 45677.6 32424.2 5372.53 27051.7 5889.91 204.98 5684.93 13253.4 1695.07 13169.6 5249.29 2023.03 7920.29 419.706 3677.46 1943.35 21161.8 3681.16 17480.6 518.003 1764.56 7500.59 172.757 28.3395
internal_count=515181 42972 10296 32676 7081 4669 472209 350572 51187 299385 59338 3197 56141 121637 15875 118258 46416 18334 71842 4537 35312 18975 240047 34183 205864 3999 25595 67305 2515 560
cat_boundaries=0 1 2 3 4 5 6 7 8 9
cat_threshold=172964 47376 3267 13287580 4491821 219283 13632405 1741682 16287239
is_linear=0
shrinkage=0.03


Tree=210
num_leaves=31
num_cat=10
split_feature=7 44 53 0 39 4 53 45 2 43 53 2 2 53 31 58 53 43 20 35 9 65 53 1 61 20 16 53 58 0
split_gain=15.0086 14.4714 14.1323 14.2518 13.7748 22.016 20.6549 14.37 14.4509 13.1618 12.9594 16.0766 12.375 13.7599 12.1391 13.9862 11.4267 11.2385 11.0959 11.0241 11.8992 10.9006 15.6547 10.4389 16.5923 14.223 10.9387 10.286 14.8308 10.1738
threshold=638.50000000000011 0.12673913043478258 0 0.045518914332114455 4.5000000000000009 5.3500000000000005 1 2.183333333333334 2 4.7363255612951702 3 4 5 6 0.027504804784110104 78.450000000000017 7 13.768482934628258 -0.22999999999999993 38.785000000000004 0.044999999999999457 0.43934197262470104 8 36.675000000000004 0.018693221523410155 0.13499999999999998 3.5766288978407794 9 64.350000000000009 0.011802308451480052
decision_type=2 2 1 2 2 2 1 2 1 2 1 1 1 1 2 2 1 2 2 2 2 2 1 2 2 2 2 1 2 2
left_child=1 4 14 -4 5 29 -6 9 -9 -7 11 23 16 -14 15 -3 -8 18 -12 20 -13 -20 -23 25 -25 -2 -27 -19 -29 -1
right_child=10 2 3 -5 6 7 12 8 -10 -11 17 19 13 -15 -16 -17 -18 27 21 -21 -22 22 -24 24 -26 26 -28 28 -30 -31
leaf_value=-0.0077814540389719786 -0.0011589973993148431 0.030701533996983152 -0.0012753840512850973 0.014937385122280289 -0.0016712131013072104 -0.0025478317453924266 0.011222285428995466 -0.00068035364537810704 0.0011475386714044603 0.016608185802920263 -0.0070102739311060161 -0.0021991616434157151 -0.0014884446615879869 0.0048381582258037823 0.0059088230222889794 -0.0023004814209436758 0.0027453915215093264 -0.0020188169592509583 -0.00010685621516752699 -0.00016074007729074079 -0.0063647913070256044 0.011194502757911416 0.00079397159372328991 -0.0037529798036355345 0.0047092495753035231 0.0062286672104082752 0.039189002396548246 0.037027018356502156 0.0042765565489959615 0.00052193984882448208
leaf_weight=460.94866355018098 2599.2186191796736 37.177757913314963 466.94203561929862 52.35822407528758 805.5642829725914 1918.6689038139721 341.58831101046815 5994.4079499295331 10989.4670084971 30.484797251096097 199.49438776073475 5425.7333060454785 517.06367729401518 729.54822489978073 450.74667813592987 13.720366383264262 300.89003400451577 40.323984760791063 12935.940035823765 2118.6975695880783 707.23638944435424 175.81904053527614 471.48687977236114 267.67711911380411 878.84492949082778 97.535636904416606 8.8332824474200589 23.82161170989275 29.805668918415904 176.68041723975034
leaf_count=13638 25984 239 3100 240 26969 12393 9528 47592 82025 195 2016 53322 14644 21494 2930 145 8918 273 134362 20632 11984 1351 3532 2906 8835 1542 86 124 215 3696
internal_value=-7.90804e-05 0.000473272 0.00396477 0.00034611 0.000311485 3.29514e-05 0.00232176 0.000219387 0.000500894 -0.00221614 -0.000575306 -0.00129218 0.00402786 0.00220103 0.00747959 0.0214876 0.00742129 4.88073e-05 -2.02118e-05 -0.00203923 -0.00268634 8.12585e-05 0.00387555 0.000301684 0.00270437 -0.000705531 0.00991539 0.0102811 0.0170983 -0.00543933
internal_weight=49266.7 23286.3 1020.95 519.3 22265.3 19570.7 2694.65 18933 16983.9 1949.15 25980.5 12103.8 1889.09 1246.61 501.645 50.8981 642.478 13876.7 13782.7 8251.67 6132.97 13583.2 647.306 3852.11 1146.52 2705.59 106.369 93.9513 53.6273 637.629
internal_count=514910 247746 6654 3340 241092 159539 81553 142205 129617 12588 267164 125291 54584 36138 3314 384 18446 141873 141261 85938 65306 139245 4883 39353 11741 27612 1628 612 339 17334
cat_boundaries=0 1 2 3 4 5 6 7 8 9 10
cat_threshold=9041225 15073798 143524 1629459 23049 141324 1614920 1614921 393376 12722240
is_linear=0
shrinkage=0.03


Tree=211
num_leaves=31
num_cat=11
split_feature=0 38 66 53 53 2 8 2 2 48 58 53 37 15 9 20 53 66 42 2 42 48 69 2 49 18 4 8 2 53
split_gain=12.1241 11.2346 11.4398 16.7499 16.6708 16.4015 12.9122 12.414 11.5737 13.8023 10.9738 16.9538 19.2746 10.9693 20.6697 11.7114 10.7007 12.7861 10.9131 13.5904 10.6844 10.3726 10.4913 23.2407 10.2079 9.86346 9.25629 9.22823 8.94574 9.70712
threshold=0.058630211415462812 0.46392239858906531 0.084798519991059071 0 1 2 24.250000000000004 3 4 0.076165517975165506 42.550000000000004 5 4.285000000000001 6.9150000000000009 0.043333333333333411 0.13999999999999999 6 0.032328377967518758 -0.77099281619513749 7 -1.6290405553612792 0.081472161244482519 -4.5961940777125578 8 0.018112296970227152 1.0000000180025095e-35 16.950000000000003 70.65000000000002 9 10
decision_type=2 2 2 1 1 1 2 1 1 2 2 1 2 2 2 2 1 2 2 1 2 2 2 1 2 2 2 2 1 1
left_child=1 2 4 5 8 24 -5 -8 9 -1 16 -12 -13 14 -6 -15 17 -2 -18 26 -3 22 23 -22 -4 -10 -20 -7 29 -23
right_child=10 20 3 6 13 27 7 -9 25 -11 11 12 -14 15 -16 -17 18 -19 19 -21 21 28 -24 -25 -26 -27 -28 -29 -30 -31
leaf_value=-0.0025289710340283692 0.01574010950845935 -0.020609873487255518 -0.0015729692806718987 0.017104627345294901 -0.0016952366927140883 -0.0034608466498490475 0.0029163860374794561 0.00022097905034660086 0.00034588117903045418 0.00042922333937103047 0.0034219610401497588 0.022294308816090302 -0.0050814151751686354 -0.00010628627545935774 -0.0072974904399557517 0.010581290122814242 -0.011424447610581335 0.0044826780202476156 -0.0026323252482831593 -5.9377637920664823e-05 -0.021939317898793324 -0.0057110748097590402 0.00053269790067607902 0.002132682143335847 0.0033274041440440817 0.0043748697433175221 0.01306056769087976 -0.019855326333924124 0.0076851242381723462 0.0044688057791424226
leaf_weight=2989.1319105147631 114.0927771925908 19.212860450148582 861.73439780660783 42.859923159295249 9512.8162758886629 1469.9426592995951 2072.9327265869783 5998.3006258690129 6751.6031183184796 2672.7879916156435 542.62393838709613 21.841172851696683 560.92423516954932 1796.3768600789917 634.8582626285679 95.018827948690159 54.279949769614177 509.43008268091853 39.381599034057217 584.92424865356679 47.905103020372735 122.65261854976416 9676.724430808832 87.443223167413635 680.20679193104797 596.07318493962066 143.95022637734201 30.569198663019051 329.93527304504096 211.49331363282545
leaf_count=33764 664 86 10481 1141 117902 17796 23020 66872 86413 37923 3376 238 3394 26492 14407 2109 379 2974 261 3361 221 556 47051 396 7267 2809 801 248 1500 965
internal_value=-0.000135116 -0.000246141 -0.000497122 0.000299899 -0.000853305 -0.00159095 0.00101352 0.000921393 -0.000105515 -0.00112557 0.0018682 -0.000329103 -0.00386527 -0.00165727 -0.00205005 0.000425395 0.00359705 0.00652988 0.00123284 0.00220942 0.000616726 0.000662444 0.000413044 -0.0078064 0.000567171 0.000676991 0.00904749 -0.0038154 0.0042901 0.000577031
internal_weight=49272 46700.6 36205.2 11156.5 25048.7 3042.45 8114.09 8071.23 13009.6 5661.92 2571.45 1125.39 582.765 12039.1 10147.7 1891.4 1446.06 623.523 822.536 768.256 10495.4 10476.2 9812.07 135.348 1541.94 7347.68 183.332 1500.51 664.081 334.146
internal_count=514867 499419 448644 126825 321819 35792 91033 89892 160909 71687 15448 7008 3632 160910 132309 28601 8440 3638 4802 4423 50775 50689 47668 617 17748 89222 1062 18044 3021 1521
cat_boundaries=0 1 2 3 4 5 6 7 8 9 10 11
cat_threshold=12716180 6426399 217690 49954 209542 5731092 11044465 22721 39319 115221 12134930
is_linear=0
shrinkage=0.03


Tree=212
num_leaves=31
num_cat=13
split_feature=34 53 2 28 45 52 53 6 53 38 53 63 53 49 13 53 52 65 53 52 64 30 53 37 2 1 53 2 65 14
split_gain=12.0389 18.9354 16.9062 10.9936 11.3748 14.546 20.4443 20.3362 15.2864 14.1251 16.7375 15.3871 13.7836 12.2312 11.7009 10.5976 10.2444 10.7735 10.0196 11.1215 12.0808 9.82236 12.3351 10.3264 9.67413 9.20157 8.43809 8.4459 10.2784 8.47125
threshold=5.5000000000000009 0 1 -1.915 3.3666666666666667 -0.60878077752809745 2 38.750000000000007 3 0.46392239858906531 4 -3.9166666666666674 5 0.0035398242409391506 5.5000000000000009 6 -1.5000000000000304 0.19279272779741721 7 -0.72336423325562238 8 0.39080023295900207 9 7.5650000000000004 10 38.365000000000002 11 12 0.26342308830367339 0.075000000000000025
decision_type=2 1 1 2 2 2 1 2 1 2 1 2 1 2 2 1 2 2 1 2 1 2 1 2 1 2 1 1 2 2
left_child=3 -2 18 26 9 6 24 15 -9 11 14 12 -5 -13 -11 -7 17 -4 19 -3 -21 23 -23 -18 -6 -12 -1 28 29 -28
right_child=1 2 16 4 5 7 -8 8 -10 10 25 13 -14 -15 -16 -17 21 -19 -20 20 -22 22 -24 -25 -26 -27 27 -29 -30 -31
leaf_value=-0.0097711085248780947 -0.0041422976074035472 -0.0087661289218913686 -0.011549709394659959 0.00033094993411043427 -0.0079483223425539044 0.00097316192676763968 0.00046067513447209905 0.0013523956930257483 -0.00085350581036624216 -0.0022250748422667174 0.0015014671540350632 -0.0011905105816347537 -0.010382454439078608 0.00079020329920316502 0.0090220008642533656 0.0033944545460606835 0.00066024698132252158 0.0078923897917061864 -0.0054354760658498775 -0.0096465535089405498 0.0040959727107785391 0.015125723701504489 0.00097308209152761481 -0.010597882334843827 -0.0022603115431111868 0.0055627564787230138 0.01634784085262431 -0.0048825239545441006 -0.019327516811002161 0
leaf_weight=158.6099327262441 1547.3526012836014 104.58235724776432 113.62911411198684 175.25094365587165 375.01150917482232 3025.9461460847542 3248.4349848174525 5545.7593744649475 5732.219729258697 1355.0818741171388 2273.360896458913 10255.363438606084 268.04504466771004 3842.0312939565774 85.908477782490081 3699.5351277622249 3773.6395059536881 29.526233196724206 800.36933168428777 55.57002560697947 369.76805056099874 83.188753681614799 162.87209700504945 72.565870779566467 1081.9256996121567 657.9954472198242 53.841802475007853 212.24056759273276 11.451722159981726 57.347718314704252
leaf_count=1628 17358 1824 2358 1858 6567 50648 52410 31963 33172 6690 11769 102331 2871 37320 384 69131 42602 413 8419 613 3919 621 1279 538 19446 3415 585 2273 105 660
internal_value=-7.69985e-05 -0.00121874 -0.000391222 0.000115172 0.000168741 0.000621814 -0.000859652 0.00101073 0.00022904 -0.000373684 0.00111817 -0.000824436 -0.00632295 -0.000648534 -0.00151171 0.00231662 0.000531125 -0.00727955 -0.00332867 -4.13733e-05 0.00206369 0.000816405 0.00661113 0.000434648 -0.00379778 0.00241825 -0.00432482 -0.00128535 0.00459736 0.00803063
internal_weight=49228.4 7113.06 5565.71 42115.4 41621.9 22708.8 4705.37 18003.5 11278 18913 4372.35 14540.7 443.296 14097.4 1440.99 6725.48 4235.42 143.155 1330.29 529.92 425.338 4092.27 246.061 3846.21 1456.94 2931.36 493.492 334.882 122.641 111.19
internal_count=515170 79944 62586 435226 429975 263337 78423 184914 65135 166638 22258 144380 4729 139651 7074 119779 47811 2771 14775 6356 4532 45040 1900 43140 26013 15184 5251 3623 1350 1245
cat_boundaries=0 1 2 3 4 5 6 7 8 9 10 11 12 13
cat_threshold=6434 1093 12996752 7230804 534105 9152533 794877 15892673 8 287241 200728 293381 236163
is_linear=0
shrinkage=0.03


Tree=213
num_leaves=31
num_cat=10
split_feature=21 53 16 26 32 53 57 9 64 28 38 53 64 53 8 66 0 53 63 35 9 35 56 14 53 1 64 6 9 53
split_gain=10.1417 13.3782 13.6362 12.1355 14.9414 14.5677 12.84 12.3556 11.9549 14.5309 10.9578 15.9719 15.3274 10.6399 10.4369 21.9384 10.0734 9.98725 9.4883 9.33176 9.3519 9.1113 11.9553 8.84978 8.83197 12.0911 8.59467 9.10978 10.3435 8.71366
threshold=0.020000000000000007 0 3.5766288978407794 26.820000000000004 0.074341649341649316 1 0.060350000000000008 -0.053333333333333142 2 0.19000000000000003 0.58040445495384219 3 4 5 36.350000000000001 0.064045761575323421 0.022005215296086001 6 -2.7499999999999996 39.505000000000003 0.05000000000000026 26.155000000000005 22.200000000000006 0.18500000000000003 7 42.830000000000005 8 22.050000000000004 0.022499999999999905 9
decision_type=2 1 2 2 2 1 2 2 1 2 2 1 1 1 2 2 2 1 2 2 2 2 2 2 1 2 1 2 2 1
left_child=3 2 -2 4 10 7 13 21 9 -8 14 -12 -13 -6 15 -1 -16 -10 24 -9 -21 -5 -23 -7 25 -3 27 29 -29 -20
right_child=1 18 -4 5 6 23 8 19 17 -11 11 12 -14 -15 16 -17 -18 -19 26 20 -22 22 -24 -25 -26 -27 -28 28 -30 -31
leaf_value=0.00012509327850477515 0.00047803681866688064 -0.0031538330759755457 0.015066500058270187 0.010964931766247686 -0.0032499019539718216 -0.0002160452887492122 0.0012920125605120189 -0.0041354695235186548 -0.0045294438684696913 0.010145663828371738 0.0045524104465089355 -0.0033707913482168808 0.0021942207299108707 0.013748456754762342 -0.00051632278261660872 0.0064524127305027774 0.00062333437543030633 0.0025860412330153001 0.0051560886703069962 -0.00087884815469621872 0.01536458446494153 -0.0010880804164588489 0.020630194077419065 0.0044482768641789855 -0.010369684090637063 0.028283257072681013 -0.0032811881318044723 0.0028159209117552637 -0.0036075741755241296 -0.006463791639683825
leaf_weight=1721.0239670260421 1414.3645644510827 114.03241128076797 58.458135004155338 79.738420990797749 39.219387125438516 3598.8353944793353 417.08391167078616 2206.71546108336 311.43467880476237 287.54526875378178 1239.9179188572589 685.5889040829943 1217.8666514641773 148.09040899155934 18576.539639507879 695.09573222432255 11168.803504394702 378.76104100510156 61.596079300758447 616.71284700913293 31.629081119550392 425.51936409136533 22.091930713504553 404.67357910496412 222.42372044919421 10.160639021778477 1623.8072018756598 867.08052078335731 299.79883992714986 289.481906037111
leaf_count=61565 31926 2683 791 480 423 25309 2947 17025 2387 2240 6325 3423 6059 1591 145637 15669 96077 2831 3007 4601 330 2614 121 2725 5939 238 37634 11676 6347 14339
internal_value=-5.59252e-06 -0.00129212 0.00108967 0.00013795 0.000360804 -0.000970771 0.00321259 -0.00241663 0.00218684 0.00489666 0.000231981 0.00192232 0.000165586 0.0105887 6.57302e-05 0.00196164 -8.73818e-05 -0.000604468 -0.0023029 -0.00320649 0 0.00175329 4.10523e-06 0.000249297 -0.00703611 0 -0.00177435 -0.000118139 0.00113656 -0.00435951
internal_weight=49234.1 4961.2 1472.82 44272.9 36887 7385.92 1582.13 3382.41 1394.82 704.629 35304.8 3143.37 1903.46 187.31 32161.5 2416.12 29745.3 690.196 3488.38 2855.06 648.342 527.35 447.611 4003.51 346.617 124.193 3141.76 1517.96 1166.88 351.078
internal_count=514959 114580 32717 400379 347174 53205 12419 25171 10405 5187 334755 15807 9482 2014 318948 77234 241714 5218 81863 21956 4931 3215 2735 28034 8860 2921 73003 35369 18023 17346
cat_boundaries=0 1 2 3 4 5 6 7 8 9 10
cat_threshold=1190406 3022064 108 11415686 100 2110113 13711637 11026441 23 118784
is_linear=0
shrinkage=0.03


Tree=214
num_leaves=31
num_cat=11
split_feature=40 63 2 53 36 36 37 28 12 64 3 44 36 53 2 2 53 52 21 53 9 53 26 28 26 53 29 2 8 62
split_gain=13.3038 15.6716 15.8924 15.0074 12.1766 11.7676 14.5053 12.4672 11.1323 18.2 10.9886 10.7279 10.7203 12.3079 12.5456 10.6011 22.4756 13.0834 11.1525 12.3348 10.6621 10.3695 10.3464 10.1481 10.0153 10.9233 9.85425 9.75717 9.10801 9.01321
threshold=2.5000000000000004 -2.7499999999999996 0 1 33.215000000000011 22.630000000000006 4.4250000000000007 -1.5549999999999999 -0.029999999999999746 2 0.20500000000000004 0.085481156724680013 13.805000000000001 3 4 5 6 1.3155060847020006 -0.054999999999999986 7 0.026666666666665905 8 24.135000000000005 1.29 31.940000000000005 9 5.6050000000000013 10 83.550000000000011 47.500000000000007
decision_type=2 2 1 1 2 2 2 2 2 1 2 2 2 1 1 1 1 2 2 1 2 1 2 2 2 1 2 1 2 2
left_child=1 12 10 5 21 6 -4 -7 9 -5 29 -10 -1 14 -14 16 17 26 19 -17 -18 -2 -19 -22 -20 -26 -6 -21 -23 -3
right_child=4 2 3 8 15 7 -8 -9 11 -11 -12 -13 13 -15 -16 18 20 22 24 27 23 28 -24 -25 25 -27 -28 -29 -30 -31
leaf_value=-0.0088531808299870101 0.00016775799232291363 0.00452937483363539 0.0019209451178573581 0.0030015923114833773 -0.0022737566608755245 -0.0057630555278511087 -0.0067437795556253947 0.0043571057493327287 0.0012530587400440393 -0.0028082586395907568 -0.005762189088629739 0.0078122281992216731 -0.0020775819207044443 -0.0026663638255471451 0.007434882765052624 -0.0042238048346542306 -0.0012454558230421112 0.00040242482416422739 0.00036520315694985657 0.016440616315897369 -0.0044875532478379039 -0.0030475538909034944 0.0079110208991654881 0.016185173036826591 0.0039264148221864288 -0.013353512506295098 0.0010171370219772113 0.0024806864368445238 -0.010440352353072207 -0.00020740734773069732
leaf_weight=178.5652022862987 875.06041482383944 383.17148268432902 1291.4201420751879 692.75825567722245 1087.5776712462916 109.40605066401986 198.11159533811633 3084.6331349535162 3456.6547218872633 1534.6743742148349 301.43302078461875 240.83768362622141 226.57819285717687 1277.8181882210879 250.27193462747402 69.556477371109395 6797.3614578170909 304.56547178683832 14229.798024012391 98.658384486104296 1358.2676545834292 1291.6792812591407 383.83235149895154 19.193085554752543 44.131358864782669 84.828334692665521 3277.4532423192327 111.73665219255417 173.95237210638788 5831.8154607529877
leaf_count=7416 8555 4370 25643 8535 10045 1396 2915 35732 52214 18164 10592 2665 2908 15397 3140 447 50955 1907 115961 609 15056 13447 2374 185 317 619 25785 661 780 76091
internal_value=6.55152e-05 0.000686644 0.00097688 0.00169246 -0.000325384 0.00296276 0.000740903 0.00399768 0.000679297 -0.00098593 -0.00018593 0.00169239 -0.00186717 -0.00112988 0.00291356 -0.000149593 -0.000765518 0.000802285 0.000405213 0.0063194 -0.00173811 -0.00240354 0.00464326 -0.00415471 0.000287234 -0.00796125 0.000189653 0.00969556 -0.00393167 8.11663e-05
internal_weight=49265.8 19058.1 17124.9 10608.5 30207.7 4683.57 1489.53 3194.04 5924.93 2227.43 6516.42 3697.49 1933.23 1754.67 476.85 27867 13228.3 5053.43 14638.7 279.952 8174.82 2340.69 688.398 1377.46 14358.8 128.96 4365.03 210.395 1465.63 6214.99
internal_count=514881 267178 238317 147264 247703 65686 28558 37128 81578 26699 91053 54879 28861 21445 6048 224921 106307 40111 118614 1717 66196 22782 4281 15241 116897 936 35830 1270 14227 80461
cat_boundaries=0 1 2 3 4 5 6 7 8 9 10 11
cat_threshold=169377 5124728 289 3541057 197486 79184 3375245 8683908 1100914 1255788 2565
is_linear=0
shrinkage=0.03


Tree=215
num_leaves=31
num_cat=10
split_feature=28 36 56 7 29 2 67 53 53 58 43 4 2 37 2 55 31 20 53 42 28 47 53 10 2 20 14 64 2 1
split_gain=13.4163 18.6757 15.0985 13.8104 14.7283 14.9321 11.7145 19.3165 11.411 12.1155 16.9082 11.7092 15.3793 11.0793 11.0056 10.6981 10.2774 9.81112 10.363 9.53795 10.4453 8.87857 8.74223 8.77901 8.28355 8.69608 8.1764 10.049 12.3968 12.3819
threshold=0.4449999999999999 9.5450000000000017 21.650000000000002 566.50000000000011 5.8650000000000011 0 2.1863732767762465 1 2 69.850000000000009 0.19880770669615003 69.65000000000002 3 5.5650000000000004 4 20.050000000000004 0.075241246208988102 0.0099999999999999516 5 -1.1809928161951373 -0.24999999999999972 -0.94999999999999973 6 0.044999999999999908 7 -0.069999999999999937 0.045000000000000005 8 9 40.455000000000005
decision_type=2 2 2 2 2 1 2 1 1 2 2 2 1 2 1 2 2 2 1 2 2 2 1 2 1 2 2 1 1 2
left_child=1 17 3 6 14 -6 15 -8 9 21 24 26 -13 -12 -5 -3 -15 -1 19 -19 -21 22 23 -2 25 -11 -10 29 -29 -28
right_child=8 2 -4 4 5 -7 7 -9 11 10 13 12 -14 16 -16 -17 -18 18 -20 20 -22 -23 -24 -25 -26 -27 27 28 -30 -31
leaf_value=-0.013674405675670229 0.026980863639131759 0.001468765937334937 -0.0023641816716283076 -0.00020249494523661232 0.0021640897573278828 -0.0005196037084503214 0.0026740622406684579 -0.0044264174166519449 -0.0015122480745902473 0.018359730849891051 -0.0057781648805759842 -0.018730568631461487 0.0042908450190032145 0.017749767640309441 -0.0024359118346104569 -0.00015658055562993493 0 -0.0018756134395796792 -0.0097684151534644711 -0.0052864853801960453 0.042082053695192953 0.002535166373867092 -0.010286355165631207 -0.0073333668108927583 -0.014193954998750681 -0.0057786361023610244 -0.0024515669682559482 -0.0005726786237493681 0.0035277141006589794 0.0054684997751236492
leaf_weight=140.57713229304738 12.225181577009836 8940.9576583842936 2800.4795721222254 3310.7466348800353 2454.3098315769348 7635.4523717436095 515.11078626612107 979.66291165215625 1803.9358453145496 14.622763155028222 75.662650879216017 54.360928729176521 38.929768905043602 56.131418054923415 5109.2133410922124 6099.0897250024718 65.449484556082098 13.544000546826284 30.814289160932958 3.9210165131040648 11.937477789964756 4684.2171378571857 80.394936638920456 9.4654693518813797 110.97378013955768 65.727613678606758 1141.1220596821317 1065.8902189650398 1701.1024353714861 206.77771087561268
leaf_count=7125 542 94946 31207 38399 19795 59564 2396 4639 20365 208 1099 300 210 516 61823 54679 604 2113 3975 531 1240 48485 5581 686 1997 1220 14059 12979 21147 2503
internal_value=-2.52681e-05 -0.000294408 -0.000244927 -7.45917e-05 -0.00063819 0.000132154 0.000554509 -0.0019709 0.000887256 0.00191785 -0.00312878 0 -0.0104359 0.00290934 -0.00156468 0.000807722 0.00856455 -0.00937811 0.000286643 0.0112569 0.0294099 0.00233896 -0.00625139 0.008006 -0.00947459 -0.000608376 0.000164553 0.000907313 0.00194173 -0.00119916
internal_weight=49232.8 38045.8 37845 35044.5 18509.7 10089.8 16534.8 1494.77 11187 5174.87 388.568 6012.12 93.2907 197.244 8419.96 15040 121.581 200.794 60.2168 29.4025 15.8585 4786.3 102.086 21.6907 191.324 80.3504 5918.83 4114.89 2766.99 1347.9
internal_count=514933 382432 367448 336241 179581 79359 156660 7035 132501 60938 5644 71563 510 2219 100222 149625 1120 14984 7859 3884 1771 55294 6809 1228 3425 1428 71053 50688 34126 16562
cat_boundaries=0 1 2 3 4 5 6 7 8 9 10
cat_threshold=151593 286749 13317220 131707 695 16272497 524320 14568 193 202050
is_linear=0
shrinkage=0.03


Tree=216
num_leaves=31
num_cat=11
split_feature=30 2 53 16 42 4 39 53 0 31 53 53 7 68 15 32 53 31 2 28 0 8 15 60 53 69 2 53 53 60
split_gain=10.0092 13.3375 13.9714 15.5363 13.4725 12.4265 17.6359 22.0762 18.0471 23.0449 19.1692 18.7036 26.4744 16.2954 16.0522 15.7267 14.1371 13.866 11.9301 13.3886 11.5415 11.3502 11.0899 10.3001 15.857 15.0189 13.0341 12.5693 9.55013 10.9792
threshold=0.30316142407584995 0 1 1.2600309597523223 0.97900718380486274 39.850000000000001 4.5000000000000009 2 0.022404053439021552 0.039142147631298356 3 4 795.50000000000011 2.5000000000000004 6.785000000000001 0.055176296986641761 5 0.052267016902695258 6 0.089999999999999913 0.006512700027769251 74.550000000000011 6.6550000000000011 160.50000000000003 7 -6.735557395310442e-16 8 9 10 154.50000000000003
decision_type=2 1 1 2 2 2 2 1 2 2 1 1 2 2 2 2 1 2 1 2 2 2 2 2 1 2 1 1 1 2
left_child=5 2 -2 4 -4 6 8 18 11 16 -11 17 -13 15 -15 -9 -10 -1 19 -8 -20 -7 -5 27 25 -25 -26 -23 29 -3
right_child=1 28 3 22 -6 21 7 13 9 10 -12 12 -14 14 -16 -17 -18 -19 20 -21 -22 23 -24 24 26 -27 -28 -29 -30 -31
leaf_value=0.00023582530035277534 -0.00088158744015024923 -0.002994537394427294 -0.00019459884456622881 -0.0048998238541614813 0.019440545092516533 0.0031771239020748549 -0.0012674577210291453 -0.0012580226057678462 0 -0.0022020212338164642 0.00047437018656072314 -0.0017440187436894982 -0.0062930760318061591 0.0077562320055957513 0.0020205322676984296 0.0055447558251998201 0.0083887354835227215 -0.0068512341935365274 -0.0061406094999497847 0.0053166203316571074 -0.00066761270010947781 -0.00069761412302816268 0.011362732445808014 -0.0027518062530837483 0.00033559259269378761 0.003431625091222178 -0.0045472491401193681 0.0016653259591940714 0.0015826557121687821 0.0018141307076456306
leaf_weight=4208.2872794970262 358.7343798360248 1168.0167556365873 337.06575779622244 37.659988339990377 32.383252274245024 1366.7179653042731 776.84512920983855 1294.2237353147507 322.74418239052511 3564.6414187566911 7335.6439955344304 5828.1463000586582 1445.7607434339825 765.2829758101218 1076.7976730432495 397.56270843658285 439.08122411305294 261.80561609823872 608.84944323778677 426.80776124081524 836.28479709588692 3076.9611972898174 417.0393499984043 538.56780244967194 767.93782429432576 1004.0471187075673 1321.2515959340708 5823.2547422703601 2620.9608040745052 663.56412215093269
leaf_count=45222 2971 9401 2366 242 215 6002 20577 41192 2822 32085 65361 63996 18202 16547 29966 4706 3776 3688 26789 14744 15166 14430 3467 2440 3564 4567 6090 28574 19760 5054
internal_value=-3.16541e-06 0.00118557 0.00400267 0.0061467 0.00154112 -0.000157947 -0.000506046 0.000916427 -0.000883116 -4.448e-05 -0.000399947 -0.0017132 -0.00265015 0.00246647 0.0044255 0.000327549 0.00499004 -0.00017503 -0.00114552 0.00103866 -0.00297889 0.000580921 0.00993456 0.000294929 -0.0010474 0.00124458 -0.00274649 0.00084616 0.000419042 -0.00122926
internal_weight=49122.9 5635.42 1182.88 824.148 369.449 43487.5 29588.8 6182.65 23406.1 11662.1 10900.3 11744 7273.91 3533.87 1842.08 1691.79 761.825 4470.09 2648.79 1203.65 1445.13 13898.7 454.699 12532 3631.8 1542.61 2089.19 8900.22 4452.54 1831.58
internal_count=513982 43476 9261 6290 2581 470506 404839 169687 235152 104044 97446 131108 82198 92411 46513 45898 6598 48910 77276 35321 41955 65667 3709 59665 16661 7007 9654 43004 34215 14455
cat_boundaries=0 1 2 3 4 5 6 7 8 9 10 11
cat_threshold=51744 12208134 2543204 426228 3048980 1740988 190540 12604949 202857 2123283 10024320
is_linear=0
shrinkage=0.03


Tree=217
num_leaves=31
num_cat=11
split_feature=29 44 20 53 43 16 53 48 20 2 42 64 35 2 53 63 53 42 35 16 53 2 49 64 28 2 37 20 58 9
split_gain=13.4507 12.1159 12.89 12.4767 12.7292 11.4014 14.2527 12.6389 12.9462 11.9272 11.2066 11.0098 10.8708 12.2874 11.7849 9.71604 16.8724 9.62449 9.38177 9.31865 8.54279 8.38133 7.87198 7.86865 9.23827 8.09222 7.34864 5.40581 5.39415 5.00213
threshold=1.9450000000000001 0.15026868024647447 -0.084999999999999937 0 0.39164710163606736 2.3271229645903335 1 0.07620560379824616 -0.079999999999999946 2 -0.25931543881762081 3 40.205000000000005 4 5 -1.4166666666666676 6 0.54900718380486213 16.725000000000005 0.026809081056414306 7 8 0.048043145379210908 9 -0.54999999999999949 10 6.2550000000000008 -0.024999999999999946 56.750000000000007 -0.061666666666666946
decision_type=2 2 2 1 2 2 1 2 2 1 2 1 2 1 1 2 1 2 2 2 1 1 2 1 2 1 2 2 2 2
left_child=-1 2 10 4 18 7 22 9 -9 -4 12 -8 13 -2 -14 16 -12 28 -3 23 -17 -20 -7 24 -5 -25 -21 -28 -6 -19
right_child=1 3 5 19 17 6 11 8 -10 -11 15 -13 14 -15 -16 20 -18 29 21 26 -22 -23 -24 25 -26 -27 27 -29 -30 -31
leaf_value=-0.01545502739645912 0.00027355339686875027 0.020050694061814138 -0.001263356812267407 -0.0052454774658141079 0.0019158090449274299 -0.0026726878091512429 0.0053422614766316431 0.0084779858582227814 0.00049739031875302138 0.0001163081057968587 0.0018166664465566818 0.0014390847492266362 0.0068252327703837087 -0.0067761800764215632 -0.0043366283435610454 0.0020182587929645905 -0.0061036833199300628 0 0.0056047072339513717 -0.0063297519338561545 -0.0011518195577998407 -0.0025192215512444545 0.0023988377609311536 -0.0058579528298895577 0.0073280534457767403 0.0014278138581420652 0 0.031941505699860998 0.012119747595774099 0.023412476937847725
leaf_weight=48.7337675550516 294.74088362269413 23.636403718963265 10530.252744113308 69.127596774140329 106.29763555154204 915.89371798410275 918.952746310973 183.8328449334349 14723.398762726176 12052.358463929928 375.86126101575792 2375.747453053295 155.98810041730758 868.78431519175047 159.28435187455034 1328.1012172427827 635.32629599543907 9.1696271598339063 198.62376676808071 7.4973294660449055 1764.8004786350821 234.99210361757468 386.29398314021137 303.89852802731821 182.49846850627091 230.52091114320319 7.276953522115952 16.793179500605216 96.178030462935567 60.466084584593773
leaf_count=10374 4277 179 96470 479 483 10598 9736 2888 174151 108323 3867 25363 1859 12203 1909 13782 6384 38 1596 62 19033 1863 3498 2035 1280 1576 47 126 498 297
internal_value=-1.59636e-05 0 -8.48919e-05 0.00261111 0.00542139 9.41366e-05 0.00150423 -7.80352e-05 0.000598942 -0.000526263 -0.00143942 0.00255226 -0.00368091 -0.00502301 0.00117805 -0.000623061 -0.0031746 0.0106414 0.00233485 0 0.000202952 0.00121267 -0.00113514 -0.000628552 0.00359948 -0.00269801 0.0155104 0.0234276 0.00698064 0.0203749
internal_weight=49265.3 49216.6 47669.6 1546.98 729.364 42086.7 4596.89 37489.8 14907.2 22582.6 5582.89 3294.7 1478.8 1163.53 315.272 4104.09 1011.19 272.111 457.252 817.613 3092.9 433.616 1302.19 786.046 251.626 534.419 31.5675 24.0701 202.476 69.6357
internal_count=515274 504900 494341 10559 4954 431027 49195 381832 177039 204793 63314 35099 20248 16480 3768 43066 10251 1316 3638 5605 32815 3459 14096 5370 1759 3611 235 173 981 335
cat_boundaries=0 1 2 3 4 5 6 7 8 9 10 11
cat_threshold=2447646 4724900 209360 224 119043 219869 4476801 3769404 47638 35 156238
is_linear=0
shrinkage=0.03


Tree=218
num_leaves=31
num_cat=1
split_feature=12 4 8 2 7 45 20 45 67 0 30 11 60 56 66 11 28 65 8 28 36 66 11 8 43 16 43 58 55 58
split_gain=15.7986 15.2114 14.2341 10.9495 13.3998 12.0993 10.6166 11.0917 16.5893 10.4177 9.87332 9.85074 9.19963 8.59271 9.62847 9.48463 9.04801 8.69195 8.54418 8.37258 14.9694 10.9812 9.95733 13.6747 10.1869 8.88622 8.22568 8.06842 8.04386 7.91733
threshold=-0.024999999999999845 1.2500000000000002 19.750000000000004 0 162.50000000000003 2.4500000000000006 -0.17499999999999993 2.183333333333334 2.0008756567425574 0.010864795993898302 0.30771187103842251 -0.046153846153845497 46.500000000000007 19.750000000000004 0.43904407567078091 -0.022499999999999448 -1.4699999999999991 0.1661315095039789 66.15000000000002 -0.10000000000000024 23.670000000000005 0.083104995408218113 0.0078989813242786502 82.450000000000017 1.7858741701303658 3.2777643948296125 0.28985731270282261 29.350000000000005 14.850000000000003 35.45000000000001
decision_type=2 2 2 1 2 2 2 2 2 2 2 2 2 2 2 2 2 2 2 2 2 2 2 2 2 2 2 2 2 2
left_child=3 -2 9 13 5 27 -4 8 -8 28 26 -9 -12 15 29 16 -1 -18 -16 20 21 -6 24 -24 -21 -22 -7 -5 -3 -15
right_child=1 2 6 4 19 10 7 11 -10 -11 12 -13 -14 14 18 -17 17 -19 -20 22 25 -23 23 -25 -26 -27 -28 -29 -30 -31
leaf_value=-0.0081219730004511419 -0.0079954588026297617 0.0075850648402325666 -0.0026051806220480315 0 -0.010335316702188284 0.0032124570021597855 -0.00060335434602741241 0.002154449778074673 -0.0097777867800936166 0.02544858391565176 -0.013435669331938932 0.00043864032849717154 0.017213106917897899 -0.0062895529414184349 0 -0.00092485949098729248 0.0043225330144993374 -0.0018895677594769815 0.037400915745999672 0.00062839434110491233 -0.0020183224579294412 0.0085819610076893829 -0.0015757635853232384 -0.010283895586523401 -0.002415783916248936 0.003088587547058905 -0.0033394858985559884 -0.014062200352301657 -0.011610246465327845 -9.5269303300346981e-05
leaf_weight=60.206108783204854 193.20980334824708 162.67808474054527 1054.9133700906095 77.386045303109086 283.0514827584002 933.28387643392216 3529.8728196797056 3509.9765557919382 185.63940172530783 26.321329292917426 7.522383037954568 21841.807859762826 65.214984550140798 293.78930818274466 11.013784216716887 824.94498306161631 1385.1011908026858 228.9585341303914 8.3995947092771512 4247.4433749487407 6748.1048233977845 27.327979476656765 898.58837306329588 200.1430335785717 1286.7230481345068 315.00270247245953 205.51229409814937 64.797095458372496 19.394576774125426 526.55135353558262
leaf_count=524 22936 8567 10439 426 5552 10783 29069 32559 845 866 55 231716 500 3330 85 7929 12147 1951 53 39542 56145 486 10678 938 13662 2807 2909 547 887 5934
internal_value=-7.50476e-05 0.000344937 0.000399579 -0.000762186 -0.00110105 0.0017368 0.000344203 0.000452446 -0.00107482 0.00818196 0.00272808 0.00067753 0.0133673 0.000788369 -0.00181471 0.00167892 0.00297933 0.00342152 0.0178953 -0.00137847 -0.00207569 -0.00852939 -0.000598484 -0.00320508 -7.45914e-05 -0.00178551 0.00199998 -0.00642245 0.00527345 -0.00236002
internal_weight=49222.9 30523.8 30330.6 18699.1 15360.1 1353.72 30122.2 29067.3 3715.51 208.394 1211.53 25351.8 72.7374 3338.96 839.754 2499.21 1674.27 1614.06 19.4134 14006.4 7373.49 310.379 6632.9 1098.73 5534.17 7063.11 1138.8 142.183 182.073 820.341
internal_count=514867 337884 314948 176983 145030 15220 304628 294189 29914 10320 14247 264275 555 31953 9402 22551 14622 14098 138 129810 64990 6038 64820 11616 53204 58952 13692 973 9454 9264
cat_boundaries=0 1
cat_threshold=196737
is_linear=0
shrinkage=0.03


Tree=219
num_leaves=31
num_cat=9
split_feature=28 38 26 8 53 58 53 58 44 53 48 20 28 37 69 5 43 64 31 67 53 53 64 67 9 4 8 4 53 53
split_gain=14.2479 10.7584 12.0201 10.9162 11.1364 9.72035 24.48 17.2213 14.0878 19.5707 14.3524 11.7042 11.2577 11.8616 9.40545 9.51901 9.26521 11.2752 10.5312 9.25029 12.8465 11.5563 10.9769 10.3928 9.84917 9.18994 18.4123 15.607 14.4794 10.9094
threshold=0.33000000000000035 0.46780709455065683 18.135000000000002 80.65000000000002 0 69.850000000000009 1 71.950000000000017 0.067232027285241719 2 0.065858241713404556 0.069999999999999965 1.1750000000000005 5.1650000000000009 3.0616169978683831e-16 0.17500000000000002 0.21668669355220896 3 0.053500038889320957 1.5598058342623562 4 5 6 3.3693957115009749 -0.076666666666665731 1.8500000000000003 31.850000000000005 5.8500000000000005 7 8
decision_type=2 2 2 2 1 2 1 2 2 1 2 2 2 2 2 2 2 1 2 2 1 1 1 2 2 2 2 2 1 1
left_child=1 3 -3 25 -5 8 7 -7 -2 10 -10 -11 -9 -14 15 -6 -8 -18 -19 21 24 -4 -23 -22 -21 29 28 -28 -27 -1
right_child=5 2 19 4 14 6 16 12 9 11 -12 -13 13 -15 -16 -17 17 18 -20 20 23 22 -24 -25 -26 26 27 -29 -30 -31
leaf_value=0.0039636765242249744 0.0007909479086261593 0.0025886317958352481 0.0030245210958986034 0 -0.019865815365199369 -0.013260280537077651 -0.0074278928398278758 0.0058382729239949424 -0.0021955708592973533 -0.0012945407240710874 0.010800364772439499 0.0091116090565224531 0.01120882346627265 0.050658175308034431 -0.001464163140685778 0 0.0040328373809271414 0.0068047881616791215 -0.01194488396353517 0.01010253928182836 -0.0048608377972393915 -0.0027107564738350965 0.001020330848708307 -0.028019320566659768 -0.00083591677120820182 -0.00074692698432579435 -0.0039896649559543725 -0.00040934898611568913 0.0057021202373756076 -0.0075629854048172452
leaf_weight=87.328301476841261 11120.935101171715 2225.2849424727337 1269.4740039606695 192.85089277972838 99.091686179365752 32.53757818415761 446.1772380468874 183.10391607382417 87.211976604536176 520.32508332643556 442.47436553784428 117.03529479447752 28.455098381907192 9.6575375935062748 72.285885521915588 29.402265816926956 184.47283870294905 32.205519534262294 106.5485574199447 82.302082651150158 543.6520647911384 1122.3572017911574 1873.53482323145 16.822209119796753 592.87613085320572 516.35822586883205 1147.0530137823516 24953.489702043906 761.59563426533805 305.82237408598394
leaf_count=6462 132633 9903 6828 834 435 349 7579 2477 555 3793 3551 977 545 95 316 128 1897 376 1053 415 2564 5770 9663 71 2730 16197 26610 221478 23221 25610
internal_value=4.94888e-05 -0.000260764 0.000729145 -0.000533413 -0.00548862 0.000888207 -0.00190788 0.00596275 0.00112374 0.00426249 0.00844513 0.000582777 0.00928517 0.0239804 -0.0101546 -0.0154945 -0.00456935 -0.000650302 -0.00685778 -1.82745e-05 -0.00230704 0.000638508 -0.000372718 -0.00560674 0.000472073 -0.000461709 -0.000394929 -0.000568138 0.00311456 -0.0050107
internal_weight=49202.7 35891.6 7726.3 28165.3 393.631 13311.1 1023.16 253.754 12288 1167.05 529.686 637.36 221.217 38.1126 200.78 128.494 769.404 323.227 138.754 5501.02 1235.65 4265.37 2995.89 560.474 675.178 27771.6 27378.5 26100.5 1277.95 393.151
internal_count=515115 359235 37944 321291 1713 155880 14371 3466 141509 8876 4106 4770 3117 640 879 563 10905 3326 1429 28041 5780 22261 15433 2635 3145 319578 287506 248088 39418 32072
cat_boundaries=0 1 2 3 4 5 6 7 8 9
cat_threshold=2316729 166448 7229780 213 12080726 13402276 84 6742657 4194379
is_linear=0
shrinkage=0.03


Tree=220
num_leaves=31
num_cat=14
split_feature=45 53 7 29 42 2 35 64 40 44 53 2 29 53 52 53 53 6 2 6 53 58 2 44 53 61 42 44 53 53
split_gain=14.1124 17.2776 15.667 13.642 12.029 15.1237 16.4526 12.0944 11.2997 17.0771 23.3038 15.5062 13.2904 19.4635 13.0389 26.5013 13.9793 11.9691 11.4448 11.3414 10.6554 10.4198 9.92676 10.637 9.6831 9.54494 9.32171 9.17261 12.0141 9.97989
threshold=4.2250000000000005 0 135.50000000000003 2.7450000000000006 -0.37099281619513785 1 39.685000000000009 2 3.5000000000000004 0.10543382543382541 3 4 6.7550000000000008 5 1.2954081178458117 6 7 37.550000000000004 8 84.050000000000011 9 82.15000000000002 10 0.16679085941381022 11 0.039607843137254913 -0.38099281619513764 0.12385138506562311 12 13
decision_type=2 1 2 2 2 1 2 1 2 2 1 1 2 1 2 1 1 2 1 2 1 2 1 2 1 2 2 2 1 1
left_child=4 -2 3 -3 5 27 -7 -8 9 12 21 -12 19 -14 16 -16 17 -10 -18 -6 -9 -11 -4 25 26 -24 -5 29 -29 -1
right_child=1 2 22 24 8 6 7 20 14 10 11 -13 13 -15 15 -17 18 -19 -20 -21 -22 -23 23 -25 -26 -27 -28 28 -30 -31
leaf_value=-0.001186496533183735 -0.0017262548745196338 -0.0021235827928338955 -0.0015743096481546153 -0.0020338830031331836 0.00010250441343418605 -0.0010046132885623087 0.009205502170413311 -0.0034480741959253994 0.0030747516913753725 0.0098987458155013475 0.0050061082947215046 -0.002141995584409691 0.013348785558121449 0.0012479986861009176 0.0054661921376242375 -0.0017781779563886988 0.00031747881612830935 -0.00062097044717237951 -0.0029579207415531324 0.012923341839973753 0.0035381248914969029 -0.0055667012686914938 0.0035986877855215082 0.022598193620880652 0.012718627294245806 0.00038387618134679067 0.010031809733415664 -0.0047856328987624921 0.0092609575131033673 -0.0044746830035888308
leaf_weight=1602.2012680336404 1232.0100071705237 119.42936372743497 727.73487766020639 115.99955450165999 20163.268799506222 3787.7029050091896 223.18208979340898 266.22334950857476 962.15735666006185 494.0843955705177 461.30757860180802 629.87339729131145 155.96192414406687 468.85640337201767 867.39353674674203 925.46205905760871 1260.3327872621535 4325.1611196405138 3858.6703919134893 60.342084676027298 647.25723436413728 38.750827972408842 1804.4366619428188 21.303051950410008 268.8813196187175 1583.0261033146667 105.67191800214277 83.533078199117881 117.97741684525045 1851.7656655667895
leaf_count=18863 20051 5776 11252 1745 212705 44391 2303 2817 12838 3807 3766 5095 1266 3621 5550 5570 9815 27510 30152 296 6714 581 27831 199 3317 23200 1015 582 852 21768
internal_value=5.13181e-05 0.0014177 0.00223937 0.00673991 -0.000136915 -0.00114282 -4.84196e-05 0.0031073 0.000111193 0.000510945 0.00347371 0.000874325 0.000278406 0.00458218 -0.000622705 0.00173271 -0.00103164 4.67051e-05 -0.00214679 0.000143516 0.00145135 0.0085416 0.00157093 0.00224975 0.00895858 0.00210631 0.00346703 -0.00260083 0.00352085 -0.00297601
internal_weight=49230 5978.49 4746.48 609.982 43251.5 8579.84 4924.37 1136.66 34671.6 22472.4 1624.02 1091.18 20848.4 624.818 12199.2 1792.86 10406.3 5287.32 5119 20223.6 913.481 532.835 4136.5 3408.77 490.553 3387.46 221.671 3655.48 201.51 3453.97
internal_count=515248 94386 74335 11853 420862 98290 56225 11834 322572 231137 13249 8861 217888 4887 91435 11120 80315 40348 39967 213001 9531 4388 62482 51230 6077 51031 2760 42065 1434 40631
cat_boundaries=0 1 2 3 4 5 6 7 8 9 10 11 12 13 14
cat_threshold=4228480 157848 66 15368232 182950 9505042 16189829 9499851 53444 542152 20741 1392718 15468615 6654565
is_linear=0
shrinkage=0.03


Tree=221
num_leaves=31
num_cat=1
split_feature=42 28 56 7 48 12 21 8 20 4 29 4 35 20 45 12 45 15 42 14 64 4 55 29 26 48 65 60 14 31
split_gain=12.6745 11.3252 14.7662 16.3999 15.4861 11.2147 13.2293 12.576 18.619 12.4321 11.8621 11.5541 10.6469 10.4226 10.7821 10.2303 14.4078 10.9233 10.092 9.93006 12.574 9.78951 9.88211 9.67429 9.86855 9.33508 9.1715 9.09326 8.65173 10.0408
threshold=-0.39099281619513743 1.0400000000000005 20.150000000000002 868.50000000000011 0.071119699814543455 -0.029999999999999746 0.050000000000000003 30.050000000000004 -0.054999999999999945 4.6500000000000012 6.0650000000000004 2.7500000000000004 32.935000000000009 -0.084999999999999937 2.0833333333333335 -0.029999999999999746 5.291666666666667 6.7250000000000005 -1.2657179327387962 0.19500000000000003 0 1.2500000000000002 7.8000000000000007 4.6950000000000012 8.2100000000000026 0.096656267517906166 0.073510112706499861 160.50000000000003 0.045000000000000005 0.064979088833837725
decision_type=2 2 2 2 2 2 2 2 2 2 2 2 2 2 2 2 2 2 2 2 1 2 2 2 2 2 2 2 2 2
left_child=1 13 15 23 12 6 -2 8 21 10 -10 -9 -5 -1 27 16 17 -3 -16 20 -17 -7 -23 -4 -25 -20 -11 -15 29 -13
right_child=5 2 3 4 -6 7 -8 11 9 26 -12 28 -14 14 18 19 -18 -19 25 -21 -22 22 -24 24 -26 -27 -28 -29 -30 -31
leaf_value=-0.0044612940078386553 -0.00039811991577511357 0.0079439303685740221 0.00074701750639639627 0.019543407407248841 -0.0064338879242192264 -0.0027859495082807849 -0.010471179368630722 -0.013997295498276999 -0.0020093303379073906 0.018776063935021323 0.015735375912747953 0.00025905186306430589 8.2672499565037853e-06 -0.0024667656560633279 -0.0054132525987497368 0.00087063211955372747 0.023984833689917464 -0.0012883405850703496 -0.00056688715355014999 0.0058746284620742571 -0.0070350051179099765 0.023538461493288663 0.0083019560318912927 0.025285823213695432 0.0039469349899428014 0.0093983009471789759 0 -0.01047892210913997 0.00086025961512518412 -0.0022778477673067407
leaf_weight=936.48028655488633 14229.767841730989 169.9168318205011 38.92665249363472 48.151273060469975 110.69719050795175 30.742526340298355 116.61339965194747 47.610043399083224 433.6547743932656 55.952329221955551 34.634311224679095 5669.6421341051682 56.540124814136107 473.04264783552708 387.81641102984395 311.93502965172922 26.121211159151244 337.77681811506227 6223.6504826775554 110.43986940817558 404.3591612945678 70.055910768685862 109.91750242025591 71.764790814247135 32.55671788007021 83.506427570256164 42.201367496993043 181.96092781104244 16592.938447399727 1858.1727085714592
leaf_count=13710 122350 1666 869 682 2241 1879 3602 1826 22072 1504 986 51925 754 4232 12941 4792 784 4037 74763 2104 6181 2631 2802 955 286 2963 793 1590 152410 15182
internal_value=-5.84901e-05 -0.00101208 0.00119314 0.00659306 0.00117545 0.000183617 -0.000483537 0.000568513 0.00432439 0.00141683 -0.000571818 0.00044615 0.00947228 -0.00147339 -0.00108751 -0.000215837 0.00299064 0.00176174 -0.000722088 -0.00232465 -0.00364344 0.0119126 0.0145912 0.0144041 0.019108 -0.000427256 0.0110261 -0.00476334 0.000477061 -0.000363613
internal_weight=49297.5 10005.6 1719.19 358.637 215.389 39291.9 14346.4 24945.5 777.159 566.443 468.289 24168.4 104.691 8286.46 7349.98 1360.55 533.815 507.694 6694.97 826.734 716.294 210.716 179.973 143.248 104.322 6307.16 98.1537 655.004 24120.8 7527.81
internal_count=515512 135550 25351 5787 3677 379962 125952 254010 32667 25355 23058 221343 1436 110199 96489 19564 6487 5703 90667 13077 10973 7312 5433 2110 1241 77726 2297 5822 219517 67107
cat_boundaries=0 1
cat_threshold=150
is_linear=0
shrinkage=0.03


Tree=222
num_leaves=31
num_cat=7
split_feature=45 28 36 7 42 53 21 45 12 53 53 26 53 28 47 53 47 36 53 68 30 57 53 14 15 43 54 30 46 7
split_gain=11.9468 10.3912 11.6827 11.5445 10.3031 10.5306 12.5602 11.7341 10.5077 20.903 20.2391 9.45773 13.3935 11.0233 14.1685 9.40425 9.01822 8.9789 11.7794 8.72443 11.7326 9.49767 8.4004 11.8693 8.53869 8.23307 8.17797 10.7694 8.02413 11.1179
threshold=1.7750000000000001 -0.18000000000000033 7.7300000000000013 1105.5000000000002 0.78068456118237928 0 -0.069999999999999993 3.5500000000000003 1.0000000180025095e-35 1 2 5.785000000000001 3 1.5550000000000006 5.325000000000002 4 -0.14499999999999999 23.155000000000005 5 1.0000000180025095e-35 0.15759789345808067 0.16280000000000003 6 0.115 6.7650000000000006 1.2950701567806788 2.0500000000000003 0.046717446527135019 -0.16749999999999993 828.50000000000011
decision_type=2 2 2 2 2 1 2 2 2 1 1 2 1 2 2 1 2 2 1 2 2 2 1 2 2 2 2 2 2 2
left_child=15 2 -2 11 5 6 -4 -7 10 -10 -6 12 16 -13 -15 19 -3 18 -5 20 21 -1 23 -19 -24 -14 27 -21 29 -17
right_child=1 3 4 17 8 7 -8 -9 9 -11 -12 13 25 14 -16 28 -18 22 -20 26 -22 -23 24 -25 -26 -27 -28 -29 -30 -31
leaf_value=0.03578549642664277 -0.016124518273347592 -0.0097735365341808014 0.013976302333410727 0.0032680035752752704 -0.0039391874091861852 -0.00069878998111450594 -0.0017262736825602229 0.0014340960778941841 0.0077638865290800153 0.00046519320379858226 0.0018889599090196163 0.00096568259816065159 -0.0037284576476955987 0.017538290476953742 0.003032144699256611 0.022105383997650989 0.0050412693400196549 -0.00016795189276954721 -0.0060393588636332143 0 -0.0056952939478898852 0.0022689300401665235 0.0012183301902331191 0.0041981306982206553 -0.001852579761057141 -0.014973405312009094 -0.00097072117487628339 0.028471210552501149 -0.0036552326932967161 -0.0083665992226338512
leaf_weight=18.357931620674208 40.546470597702864 40.621620869651395 43.784717321467724 151.02735151344405 843.62501975016926 8630.5015793308066 6682.7664331494716 3170.2809136781525 518.45484761975035 1105.3318097118192 1421.4738191092358 15450.03750093523 382.54680730943284 77.23316788589409 298.42393629257231 23.740706827491522 242.15564497649552 1804.7845080030415 496.35570631745031 28.099910887274746 18.669895160011947 15.89590150862932 1107.3358576315904 802.90305612131488 2981.2767145792118 71.545912800153019 1039.2110833375195 18.026232724543661 1697.7662751763523 15.314145063981412
leaf_count=190 3819 5787 300 3017 7343 79090 66090 37651 5163 11071 12572 164442 15620 2116 2671 145 3942 15764 10122 686 118 91 8758 7357 28498 1374 7336 265 13283 94
internal_value=-5.53586e-05 6.04182e-05 -0.000402219 0.000496257 -0.000371007 -0.000666661 -0.00161308 -0.000122998 0.00102945 0.00287133 -0.000279076 0.000935829 -0.00236944 0.0010919 0.00617106 -0.00193152 0.00266062 -0.00049103 -0.00386115 0.000175387 0.0118601 0.0220424 -0.00015968 0.00116259 -0.00101088 -0.0055032 -0.000385953 0.0116582 -0.00331017 0.00960051
internal_weight=49238.1 46363 22456.8 23906.2 22416.2 18527.3 6726.55 11800.8 3888.89 1623.79 2265.1 16562.6 736.87 15825.7 375.657 2875.08 282.777 7343.68 647.383 1138.26 52.9237 34.2538 6696.3 2607.69 4088.61 454.093 1085.34 46.1261 1736.82 39.0549
internal_count=514775 492567 223099 269468 219280 183131 66390 116741 36149 16234 19915 195952 26723 169229 4787 22208 9729 73516 13139 8686 399 281 60377 23121 37256 16994 8287 951 13522 239
cat_boundaries=0 1 2 3 4 5 6 7
cat_threshold=8665196 11292677 6869253 9308707 12821592 8684612 11076707
is_linear=0
shrinkage=0.03


Tree=223
num_leaves=31
num_cat=4
split_feature=28 7 53 29 15 29 8 53 53 45 28 66 11 49 28 3 48 53 46 49 35 1 48 42 32 33 58 15 35 63
split_gain=11.8291 12.6066 18.7253 15.5176 15.2829 15.6599 17.1445 14.4452 13.2195 13.0549 10.7009 11.258 10.4678 11.7737 10.4001 12.0752 10.2416 9.80118 9.30881 8.86764 8.65099 10.5324 8.59132 9.15845 8.39497 8.38278 8.31345 7.72632 7.63779 7.50706
threshold=-1.915 638.50000000000011 0 5.1450000000000005 6.7150000000000007 3.8850000000000002 21.250000000000004 1 2 1.8166666666666669 1.6300000000000008 0.027526650076143053 1.0000000180025095e-35 0.033529134392556663 -0.45000000000000001 0.18500000000000003 0.070557773796565873 3 0.052499999999999956 0.040302804595066855 38.785000000000004 26.330000000000002 0.073337017659465764 1.6790071838048626 0.053685256932170307 -1.4999999999999998 79.550000000000011 6.6550000000000011 38.335000000000008 3.7500000000000004
decision_type=2 2 1 2 2 2 2 1 1 2 2 2 2 2 2 2 2 1 2 2 2 2 2 2 2 2 2 2 2 2
left_child=17 2 4 7 29 24 -7 26 20 22 18 -12 16 -14 19 -16 -10 -1 -11 -9 28 -22 25 -24 -6 -4 -3 -19 -5 -2
right_child=1 3 9 8 5 6 -8 14 12 10 11 -13 13 -15 15 -17 -18 27 -20 -21 21 -23 23 -25 -26 -27 -28 -29 -30 -31
leaf_value=-0.00025438969815902733 -0.00076325306150344923 -5.5005531001283423e-05 0.010894361158808524 -0.001438684180901153 -0.0021910354462629511 0.014362853746575388 0.0022949917019031282 -0.0094806937915410134 9.9126031660106095e-05 -0.00063088144625013062 0.017428962412139436 -0.0010459931707986763 -0.0013379492927999333 0.002026483523727612 -0.000582168590498944 -0.0060530363624864639 0.0023426795667619129 0.0070423713862790369 0.0016901368587681001 0.0051865628984625253 -0.0040431174318900373 0.0014499808387794099 -0.0087660536262465887 0.017026312166470776 0.018596154209780433 -0.0029287322259861702 -0.015861418760235467 -0.010108612560659987 -0.008032386356169173 0.0087672966945437948
leaf_weight=286.87336488970664 2855.0014867027885 1781.828261559267 44.413873278379015 6900.7462219427007 860.4112028993577 106.70997130914657 7041.9727626253243 405.59410118225514 3997.1606573849494 9201.6628130725185 61.553433410153048 49.910571914689172 4236.6859019225485 1194.374942938477 886.56572883214676 630.22800038316154 3424.1431937712914 22.515047079743454 1865.5852576986672 36.811972182455975 373.33193293304703 1886.6099768018803 329.94474792954497 10.308827297063543 15.607419722931807 252.48773176492841 28.541382815706129 256.07094104691919 162.2414223663136 74.021982732258039
leaf_count=3173 24504 30284 362 65174 22428 4919 60199 6362 32630 97909 1205 814 41718 10694 11506 15000 31485 172 24185 390 3176 16377 2725 78 215 1729 728 2838 1473 758
internal_value=-0.000119729 -6.8937e-05 0.000445488 -0.00052156 0.00133881 0.00201765 0.00248329 -0.00230135 -0.00021748 -0.000381009 -0.000140114 0.00901936 0.000404689 -0.000592063 -0.0040773 -0.00288004 0.00113868 -0.00442697 -0.000236687 -0.0081749 -0.00107759 0.000526511 -0.0045528 -0.00780203 -0.001745 -0.000701491 -0.000336128 -0.00828015 -0.00159662 -0.000506345
internal_weight=49279.9 48714.5 22769.6 25944.9 10953.7 8024.7 7148.68 3769.57 22175.3 11815.9 11178.7 111.464 12852.4 5431.06 1959.2 1516.79 7421.3 565.459 11067.2 442.406 9322.93 2259.94 637.155 340.254 876.019 296.902 1810.37 278.586 7062.99 2929.02
internal_count=515210 509027 242030 266997 113023 87761 65118 64270 202727 129007 124113 2019 116527 52412 33258 26506 64115 6183 122094 6752 86200 19553 4894 2803 22643 2091 31012 3010 66647 25262
cat_boundaries=0 1 2 3 4
cat_threshold=85915 15083188 577425 10065306
is_linear=0
shrinkage=0.03


Tree=224
num_leaves=31
num_cat=11
split_feature=7 2 53 53 1 4 7 64 65 45 2 0 8 2 53 38 39 61 30 67 68 63 11 47 7 53 53 64 2 47
split_gain=11.5636 15.3582 13.7996 12.3672 10.2752 10.0318 9.47554 11.9068 10.4151 9.33222 13.3383 9.64943 20.6342 16.6733 15.4861 11.0484 18.1129 13.2061 9.28458 10.4687 9.85187 9.16025 8.97425 9.10565 8.97411 11.6017 8.95843 8.16673 8.90286 8.121
threshold=1024.5000000000002 0 1 2 43.275000000000013 1.0000000180025095e-35 1068.5000000000002 3 0.16430617555865829 1.7750000000000001 4 0.025048622984470904 41.550000000000004 5 6 0.45921518608845163 4.5000000000000009 0.018693221523410155 0.12372728693619052 1.0711981566820277 1.5000000000000002 -3.2499999999999996 0.053333333333334058 12.975000000000003 597.50000000000011 7 8 9 10 9.7050000000000036
decision_type=2 1 1 1 2 2 2 1 2 2 1 2 2 1 1 2 2 2 2 2 2 2 2 2 2 1 1 1 1 2
left_child=5 3 -3 27 22 -1 7 8 -4 10 24 15 14 -14 -13 16 -11 -17 19 -6 -20 -8 23 -5 25 -7 29 28 -2 -12
right_child=1 2 6 4 18 9 21 -9 -10 11 26 12 13 -15 -16 17 -18 -19 20 -21 -22 -23 -24 -25 -26 -27 -28 -29 -30 -31
leaf_value=-0.017954930437197182 0.0078363495517084405 -0.003236339744765877 0.0070799703759322407 -0.0031557550797170399 -0.0048708286523931636 -0.00025748411142800207 -0.0086329832575105184 -0.0082083721946865675 -0.0097205515398514179 -0.00077575605240790815 -0.0069960603553753803 0.01080269456241866 -0.0027412019710238169 0.0012734764549870682 0.001087586117621098 0.0043724403940501146 0.0014536626203849609 0.00058291629069747656 -0.0022362062082721974 0.0097767718907166637 0.015962222802386697 0.00027214071793851352 -0.0042613877423257384 0.00082815335056866306 -0.0010226596363306728 -0.0096786235680903186 0.0032847013996225049 0.00049051573568861708 0.0010694396711084493 0.00098380419293964583
leaf_weight=25.051098146745062 418.40576862310218 2988.1213628196942 110.96264300851954 703.17106595279529 119.90784029487668 192.81827946975409 105.24258087296039 280.32817019420327 44.201517025008798 14380.899150802408 192.9559716629592 329.16296991067429 1027.3192212267991 8727.4796468387303 293.220761478653 991.03402434597774 4241.2733072709343 5161.1236551266138 33.064302026215955 66.424457426493973 91.647793339099735 3395.3014444225955 618.1641488075461 1913.8114594664726 495.31888878929203 363.43285933601146 567.17486012576501 786.00972638493568 337.54580425457607 265.30533776930679
leaf_count=13111 4127 28994 1223 13125 1466 1452 1019 2919 407 139643 2147 3875 7601 66453 3613 4903 116887 24751 352 300 968 32819 6939 12257 3971 2672 4504 8048 3455 1459
internal_value=2.77997e-05 -0.000780854 -0.00169973 0.000466287 -0.000503044 0.000289381 -0.000519283 -0.00468321 0.00191828 0.000303427 -0.00164671 0.000419596 0.00118776 0.000845619 0.00648228 9.65566e-05 -0.000266285 0.00119946 0.00466897 0.000239885 0.0109415 0 -0.00101371 -0.000232442 -0.00400068 -0.00665724 0.000772548 0.00270152 0.00491779 -0.00227735
internal_weight=49265.9 12012.3 6924.16 5088.15 3546.19 37253.6 3936.04 435.492 155.164 37228.5 2077.01 35151.5 10377.2 9754.8 622.384 24774.3 18622.2 6152.16 311.044 186.332 124.712 3500.54 3235.15 2616.98 1051.57 556.251 1025.44 1541.96 755.952 458.261
internal_count=515460 118418 67381 51037 35407 397042 38387 4549 1630 383931 16205 367726 81542 74054 7488 286184 256530 29654 3086 1766 1320 33838 32321 25382 8095 4124 8110 15630 7582 3606
cat_boundaries=0 1 2 3 4 5 6 7 8 9 10 11
cat_threshold=170635 1457171 932896 452 141657 4353 16032147 9112384 15771790 23 6665
is_linear=0
shrinkage=0.03


Tree=225
num_leaves=31
num_cat=12
split_feature=36 34 52 12 2 14 2 47 53 1 53 53 26 60 67 2 64 67 53 57 68 53 60 55 53 60 2 53 0 44
split_gain=10.0711 9.55737 11.3323 10.2544 12.173 10.1929 12.0375 12.1922 15.5402 11.107 14.5031 12.6905 9.99655 9.38447 12.0323 12.2184 10.5449 9.92044 28.5535 12.1965 8.99532 8.85094 15.585 8.67435 8.45814 11.7861 9.27399 8.07274 7.87526 7.54348
threshold=1.0000000180025095e-35 4.5000000000000009 -1.6323215627475218 0.2799999999999998 0 0.17500000000000002 1 21.525000000000006 2 45.015000000000008 3 4 8.490000000000002 52.500000000000007 1.3674341182031704 5 6 1.5598058342623562 7 0.5616000000000001 1.5000000000000002 8 115.00000000000001 6.8500000000000005 9 218.00000000000003 10 11 0.043730704130604252 0.012741975771200151
decision_type=2 2 2 2 1 2 1 2 1 2 1 1 2 2 2 1 1 2 1 2 2 1 2 2 1 2 1 1 2 2
left_child=20 5 24 21 -5 13 9 8 -8 11 -11 -7 -9 14 16 -16 -2 19 -19 -15 27 22 -4 -23 25 -3 -26 -1 -28 -6
right_child=1 2 3 4 29 6 7 12 -10 10 -12 -13 -14 17 15 -17 -18 18 -20 -21 -22 23 -24 -25 26 -27 28 -29 -30 -31
leaf_value=0.016926537558804723 0.00026180028414162475 -0.018498036172446396 -0.0019615456549265677 -0.007185845808671102 0.0052111889972465643 0.0024185890100955516 0.0037689596549926561 0.012387045726515222 -0.0010864237328887111 0.018402581966463664 -0.0017672055024008306 -0.0029035762187980671 0.003899282095022528 0.00034009511600787453 -0.00094641531129064781 0.011560984738776961 -0.0023546831209079154 -0.0039372486777180431 0.0013101914178210903 0.002800989389732405 -0.01571313440458269 -0.0064151123098568743 0.0048765898283571543 -0.0007077406795619847 -0.0097081586548787655 0.014680529122789141 0 -0.0092451191413179794 0.021665530219672366 0.028286972423427162
leaf_weight=9.5003572549466622 2298.375580350159 84.291522203508066 526.67071085419229 22.956307075301993 28.923395430319033 599.78306640400569 1121.0014162006501 146.11992366611958 1225.8366649313684 50.568207581411116 63.859673442930216 1158.9922910309188 1041.5940061490983 17465.748096013765 141.76829558384838 123.19541428367279 3416.8520708031301 1705.4126463322382 2025.198471659799 2027.9343129544759 64.378534694595089 243.85324040102932 679.4505860862273 12774.276348077754 70.669919873456024 8.3320208494499166 88.552728766013956 10.07513678958651 16.244412595406175 30.699017121734869
leaf_count=1119 23221 1664 6193 258 335 6475 15913 744 16412 558 674 12576 4881 199742 666 590 35744 7865 9395 10158 8563 12692 7307 126252 1309 153 1822 1748 154 337
internal_value=-1.4877e-05 2.44236e-06 -0.000641321 -0.000524041 0.00987143 0.000274414 0.00147075 0.00249805 0.0012327 -0.00046311 0.00848042 -0.00107363 0.00498778 5.17769e-05 -0.00100658 0.0051972 -0.00130116 0.000325655 -0.00108845 0.000597903 -0.010275 -0.00058788 0.00185215 -0.000817296 -0.00673875 -0.0135203 -0.00200317 0.00601791 0.00339943 0.0155832
internal_weight=49271.1 49187.2 14574.9 14306.8 82.5787 34612.2 5407.76 3534.55 2346.84 1873.2 114.428 1758.78 1187.71 29204.5 5980.19 264.964 5715.23 23224.3 3730.61 19493.7 83.954 14224.3 1206.12 13018.1 268.091 92.6235 175.467 19.5755 104.797 59.6224
internal_count=515520 504090 158476 153374 930 345614 58233 37950 32325 20283 1232 19051 5625 287381 60221 1256 58965 227160 17260 209900 11430 152444 13500 138944 5102 1817 3285 2867 1976 672
cat_boundaries=0 1 2 3 4 5 6 7 8 9 10 11 12
cat_threshold=190 137891 13865859 2726708 9990219 44848 131 6154498 1064960 202096 127296 283374
is_linear=0
shrinkage=0.03


Tree=226
num_leaves=31
num_cat=9
split_feature=12 2 53 53 7 36 68 44 53 58 2 53 1 2 21 8 35 0 38 53 48 53 29 20 26 36 9 14 43 45
split_gain=12.3192 12.586 15.2998 13.2064 12.3361 11.3689 14.4901 10.4958 14.9337 13.9292 11.8292 11.4633 10.9 10.3928 20.7597 14.5328 10.2516 12.2708 10.0781 10.552 10.2795 9.0801 9.02989 8.52981 8.43072 7.91601 7.82707 8.34849 8.0547 7.71312
threshold=-0.050000000000000246 0 1 2 130.50000000000003 3.4700000000000006 1.5000000000000002 0.15026868024647447 3 80.65000000000002 4 5 40.585000000000008 6 0.060000000000000012 12.65 42.120000000000012 0.015682429752870906 0.64813677036180362 7 0.065366326066829752 8 7.0150000000000006 -0.11499999999999994 28.180000000000003 52.735000000000007 -0.036666666666665647 0.32500000000000007 0.59406826317431183 4.2250000000000005
decision_type=2 1 1 1 2 2 2 2 1 2 1 1 2 1 2 2 2 2 2 1 2 1 2 2 2 2 2 2 2 2
left_child=1 3 4 24 -3 6 21 9 -9 13 12 -12 -11 14 -7 -15 17 -10 22 20 -20 -2 25 -5 26 -4 28 -28 -1 -25
right_child=5 2 18 23 -6 7 -8 8 16 10 11 -13 -14 15 -16 -17 -18 -19 19 -21 -22 -23 -24 29 -26 -27 27 -29 -30 -31
leaf_value=0.0025866303462006328 -0.0079729366408464279 0.0077760515826219801 -0.0030949560356784574 -0.0059248367212480875 -0.00038514881298857705 -0.00033627750631168188 -0.014000164056967126 -0.000707210639157448 -0.0063524624099488228 -0.0019041619138222964 0.0015561701301169703 -0.010682654322252277 0.014583423530421037 0.013656743173930619 0.020262112538213303 0.00070789179710711164 -0.0026480778649235065 0.0091155403826971119 0.0090170877136994104 0.010578176320280722 -0.012994063448192292 0.017736862719085564 -0.010110609700226519 -0.00086772182314408979 -0.0052767597307013534 0.0019269736935687467 0.0042457645476525864 0.023025648401698628 -0.0050750354744388271 0.0034286877390442591
leaf_weight=417.88596764774957 13.046385057153428 176.59758617402076 3841.2143988565213 262.59438485605688 2466.3767027552631 15743.159068854184 100.60437654719414 513.2320319500609 47.010076082121941 215.64277494528096 88.895880107733319 271.5051914157325 41.024657825706527 76.609149342548335 42.119262197487842 19020.951150168807 95.322347760785306 508.48913537342924 28.387928389012814 91.486811578273773 46.183433666825294 16.816099693188963 156.5832692911481 2966.410112706656 112.67431986507381 296.03691333118877 954.92322135291079 20.758177005769539 172.31110655007524 427.26695285310416
leaf_count=2754 1759 1969 36385 2634 23982 163228 10408 3717 439 3409 1371 4560 650 7032 2061 195312 601 3300 150 502 245 1721 1109 25653 782 2091 9831 275 1441 5732
internal_value=-3.31287e-06 -0.000820061 -0.00164626 0.000277104 0.000153708 0.000271988 -0.00849317 0.000304459 0.00310696 0.000211549 -0.00424599 -0.00763042 0.000681213 0.0002915 -0.00027668 0.000762432 0.00607152 0.00773463 -0.0027172 0.00441879 -0.00372049 0.00883214 -0.00300841 -0.000728302 0.00247448 -0.00272761 0.00307316 0.00472229 0.000289523 -0.000316264
internal_weight=49232.1 12437.7 7102.87 5334.82 2642.97 36794.4 130.467 36664 1164.05 35499.9 617.069 360.401 256.667 34882.8 15785.3 19097.6 650.822 555.499 4459.89 166.058 74.5714 29.8625 4293.83 3656.27 1678.55 4137.25 1565.88 975.681 590.197 3393.68
internal_count=515103 115535 66433 49102 25951 399568 13888 385680 8057 377623 9990 5931 4059 367633 165289 202344 4340 3739 40482 897 395 3480 39585 34019 15083 38476 14301 10106 4195 31385
cat_boundaries=0 1 2 3 4 5 6 7 8 9
cat_threshold=217498 11928482 798924 14593088 151932 4195977 136659 550936 11700145
is_linear=0
shrinkage=0.03


Tree=227
num_leaves=31
num_cat=6
split_feature=56 56 43 2 0 48 65 53 36 37 42 53 53 48 52 37 21 29 4 54 7 4 68 65 2 47 48 2 7 29
split_gain=11.0496 11.8085 13.8116 13.4982 11.6957 10.9846 13.3601 21.2755 12.6233 16.5506 15.4024 13.4846 12.6423 10.8953 10.7622 11.8836 10.6094 10.3436 10.2067 15.148 10.156 9.90654 9.66197 9.09672 13.581 14.0086 12.2153 10.9623 10.5212 8.55565
threshold=21.650000000000002 20.950000000000003 0.26111555311570528 0 0.018872901199703956 0.071211673716734855 0.43934197262470104 1 13.360000000000001 3.9650000000000003 -0.52099281619513726 2 3 0.088178294059399018 0.79757903402837238 6.7950000000000008 0.01999999999999998 5.8650000000000011 6.0500000000000007 5.4500000000000011 714.50000000000011 25.250000000000004 2.5000000000000004 0.17394906523540218 4 16.505000000000006 0.070174921054974262 5 1148.5000000000002 5.2250000000000005
decision_type=2 2 2 1 2 2 2 1 2 2 2 1 1 2 2 2 2 2 2 2 2 2 2 2 1 2 2 1 2 2
left_child=1 5 14 22 -5 6 18 -8 12 11 -11 -10 13 -7 15 -3 -6 -9 19 -1 -20 -14 29 24 -2 -26 -25 -28 -29 -4
right_child=23 2 3 4 16 8 7 17 9 10 -12 -13 21 -15 -16 -17 -18 -19 20 -21 -22 -23 -24 26 25 -27 27 28 -30 -31
leaf_value=-0.0017175765120810676 -0.0063192651298114317 -0.00029696736077162414 -0.0047907806270583398 -0.0027483690470382059 0.0019549434678569565 -0.0011206975793762325 -0.0037177979171032164 -0.0023337372067916335 0.0069524514143041215 -0.0019075788402461058 0.00060085765062111308 0.00086892656478722329 -0.0066901715528672441 0.011959107393166952 -0.0062187981405806038 0.013635817104986325 0.011217754141813863 0.0093892461725426559 0.00044207796666683352 -0.011976091514938236 -0.0011585956012337114 0.0011403208742730465 0.010315414796806584 -0.0029788318555210003 -0.0019127365644889583 0.010769442962743278 0.0078633682382755615 0.0018536282913871769 -0.0092569509780225049 0.0060146312646930707
leaf_weight=538.56593496355208 689.06318082571715 545.15225746848319 87.160186879330467 388.9722547811707 692.17897826578292 177.65697924041069 234.84119626638221 76.852843815106098 621.58256125116282 2456.7922933345435 20890.267941622682 731.64595693143451 592.72808645377631 80.179902013603908 258.131581347664 58.86876262483338 134.42784399247739 378.39785208334888 5419.9079209065221 173.20331198982376 10310.328412031527 183.59455470695139 359.52130136781852 651.98228719750296 1283.6074563027905 81.016692833528396 230.70962287517023 571.78003180368341 86.320563462364589 232.03674837160816
leaf_count=18659 9499 8623 1259 6659 5400 5463 1623 633 9549 23433 210161 11986 25519 4578 2504 548 1559 2580 38499 3731 82284 984 3582 5637 18211 656 2423 5502 1082 2112
internal_value=-8.03865e-06 0.000117548 0.00202016 0.00345552 0.00147686 -4.18439e-06 -0.000593419 0.00348208 0.000386935 0.000524003 0.000335471 0.00374928 -0.00285259 0.00278486 -0.00109957 0.00105196 0.00352096 0.00718592 -0.0007667 -0.0042825 -0.000605185 -0.00474069 0.00681861 -0.00160957 -0.00291639 -0.00111504 0.000114343 0.0024186 0.000322333 0.00295924
internal_weight=49217.5 45623 2756.45 1894.3 1215.58 42866.5 17132.1 690.092 25734.4 24700.3 23347.1 1353.23 1034.16 257.837 862.153 604.021 826.607 455.251 16442 711.769 15730.2 776.323 678.718 3594.48 2053.69 1364.62 1540.79 888.81 658.101 319.197
internal_count=514938 471928 32246 20571 13618 439682 148009 4836 291673 255129 233594 21535 36544 10041 11675 9171 6959 3213 143173 22390 120783 26503 6953 43010 28366 18867 14644 9007 6584 3371
cat_boundaries=0 1 2 3 4 5 6
cat_threshold=141604 6881364 11936309 6180864 217288 168832
is_linear=0
shrinkage=0.03


Tree=228
num_leaves=31
num_cat=3
split_feature=4 8 36 12 21 2 47 42 70 63 20 2 54 10 43 65 9 2 54 54 1 55 34 35 66 34 58 21 55 11
split_gain=13.1902 15.2239 10.8956 11.3921 11.3414 10.945 10.7121 15.112 10.3769 10.1861 10.3092 10.1307 10.0166 9.4074 8.40221 13.3908 8.85038 7.64932 7.5522 7.30575 11.6705 6.99475 6.28586 8.11525 5.83729 10.1836 6.05881 5.49924 7.18769 8.20574
threshold=1.2500000000000002 13.550000000000002 12.885000000000002 -0.029999999999999746 0.045000000000000019 0 22.935000000000006 -0.56571793273879611 -2.4748737341529154 0.58333333333333226 -0.024999999999999946 1 1.6500000000000001 0.13000000000000031 10.026631158455395 0.16011548296282721 0.026666666666666752 2 15.550000000000002 1.2000000000000004 32.150000000000006 22.350000000000005 2.5000000000000004 30.785000000000004 0.032328377967518758 1.5000000000000002 24.150000000000002 0.0099999999999999967 6.6500000000000012 0.033181818181818611
decision_type=2 2 2 2 2 1 2 2 2 2 2 1 2 2 2 2 2 1 2 2 2 2 2 2 2 2 2 2 2 2
left_child=19 9 6 4 5 -4 11 8 -8 17 -11 21 -12 -14 16 -16 -5 -2 -6 20 27 -3 -19 -24 -21 26 -26 -1 -29 -30
right_child=1 2 3 14 18 -7 7 -9 -10 10 12 -13 13 -15 15 -17 -18 22 -20 24 -22 -23 23 -25 25 -27 -28 28 29 -31
leaf_value=0 -0.0057495309498865619 -0.002849103704567044 0.001186858496362699 0.00075701881539751799 -0.008992319748919753 -0.00071146698549377459 -0.016690374514507431 0.018437991398842311 0.0020300187155774742 0 0 -0.0074638927992398173 0.060256616841545235 -0.0027666162848190329 0.01298027254434528 -0.00049293810094351565 -0.00048086059011950063 0 0.0051893834074223568 -0.0097883972482237184 -0.0077876102649632644 0.0073997572999182273 0.0012450634152990194 0.048267963413355514 0.062714753336612264 -0.0038265375068005083 0 0.00063504873692448274 0.065847261691348788 0
leaf_weight=8.3349560552334214 27.266122179320519 263.9369124018765 3382.8422119200786 23388.394627444384 211.59197043210315 13890.469610467628 29.702024565654938 42.323416404426098 159.02348857556171 9.6323612680425885 4.0218972736493042 454.21617621330802 11.447115057962945 1.2806407415018828 123.18504182156175 132.38103835470974 6650.7277608295008 9.8045958435407119 35.948521478777366 224.56593538364899 27.803875515362392 74.894063985314006 7.3677967800138031 7.4702669398393482 1.8545977402245655 15.635429290932732 1.4525099422169203 5.7068082644671545 4.5181795029202476 1.5759304745006373
leaf_count=836 1571 5922 28607 210201 5993 117136 164 228 825 505 304 10204 662 122 946 924 93221 541 588 26461 3545 1502 515 505 91 985 93 1012 485 200
internal_value=9.39554e-05 0.000132591 0.000110509 0.000176733 -0.000431192 -0.000337589 -0.00294658 0.00263892 -0.000903067 0.0131883 0.0278981 -0.00461416 0.0409023 0.0523638 0.00052932 0.00593515 0.000481937 0.00439811 -0.00678751 -0.0062453 0.00391566 -0.00045231 0.0134504 0.0296218 -0.0083835 0.00618348 0.0427691 0.0206745 0.0323141 0.0507864
internal_weight=49209.4 48917.9 48839.6 47815.5 17520.9 17273.3 1024.1 231.049 188.726 78.2908 26.382 793.047 16.7497 12.7278 30294.7 255.566 30039.1 51.9088 247.54 291.448 47.9397 338.831 24.6427 14.8381 243.508 18.9425 3.30711 20.1359 11.8009 6.09411
internal_count=514894 481186 476461 457616 152324 145743 18845 1217 989 4725 1593 17628 1088 784 305292 1870 303422 3132 6581 33708 6078 7424 1561 1020 27630 1169 184 2533 1697 685
cat_boundaries=0 1 2 3
cat_threshold=131217 258051 11596
is_linear=0
shrinkage=0.03


Tree=229
num_leaves=31
num_cat=4
split_feature=28 42 53 6 1 55 63 32 6 53 61 38 61 57 48 7 29 34 28 48 58 58 26 6 38 64 64 46 7 1
split_gain=15.6654 13.4869 10.2794 11.987 11.6159 14.5315 8.95015 8.80148 12.0765 15.2586 9.52215 8.86222 11.5434 14.7558 14.735 9.71086 14.6726 11.1152 8.10211 7.79805 14.7446 9.51922 10.6505 12.9756 9.42403 13.3277 8.28307 7.71978 7.54191 7.49862
threshold=-1.1599999999999993 -1.6290405553612792 0 85.500000000000014 28.600000000000005 24.400000000000002 -1.4166666666666676 0.10025125786361543 50.250000000000007 1 0.019803921568627456 0.51145538075456043 0.042109929078014162 0.16280000000000003 0.068006760807710814 638.50000000000011 4.1650000000000009 1.5000000000000002 -2.2849999999999997 0.083771638130459805 28.150000000000002 26.950000000000003 23.780000000000005 38.750000000000007 0.61689534570890514 2 3 0.16999999999999998 482.50000000000006 31.235000000000003
decision_type=2 2 1 2 2 2 2 2 2 1 2 2 2 2 2 2 2 2 2 2 2 2 2 2 2 1 1 2 2 2
left_child=2 -2 19 4 18 -6 -7 11 -9 10 -10 15 13 -13 -14 17 -17 -3 -4 21 26 24 28 -24 25 -1 -21 -22 -23 -28
right_child=1 7 3 -5 5 6 -8 8 9 -11 -12 12 14 -15 -16 16 -18 -19 -20 20 27 22 23 -25 -26 -27 29 -29 -30 -31
leaf_value=0.0015429839983071513 -0.0058937146228591588 0.0020514436709475666 -0.019953792772200239 0.02002885918516609 -0.0025044671553144755 -0.0040375220050087885 0.010346348486941279 0.0066003384691656368 -0.0067093588371756529 -0.0062031988025451502 0.016571035818252491 -0.013988641877337504 -0.0026021332238646529 0.0024275675753833515 0.0015097692248004758 -0.0077448704636086446 -0.0003329001661048706 0.00015105797911850712 -0.0053328814800419153 0.018148371829678121 -0.0047492441732606711 0.0030977500928265687 0.0066559017340938522 -0.0063540053100193256 0.0033597805171629394 -0.0081797292434903739 0.013987301567866357 0.025196370555013569 0.014547524188573057 -0.0033987666168743594
leaf_weight=184.97849905347221 319.51027114956378 3533.9575062341246 36.154131486280676 18.427933752536774 1963.5953838098403 49.899772654753178 133.01472776812579 443.29193656502321 18.530075561255217 179.27419154345989 54.56812552548945 47.41471729427667 1324.9643889541376 4052.2995067872362 1912.5433521634677 241.85248015799152 19509.791770922951 12989.075607858402 696.65478128446375 65.708606787386941 117.80957600822694 330.26852625758647 96.68702320425291 219.21206940650018 150.42801198363304 365.06311267508136 33.433033961719104 6.0922336792573324 63.137733981691781 54.405173771763657
leaf_count=1664 8198 36573 391 104 19297 453 1170 3122 120 1195 338 223 6416 20915 8986 6805 225655 150897 6703 729 2044 4363 1293 1608 788 3125 370 122 775 593
internal_value=5.22915e-05 0.00022447 -0.00161641 -0.00269557 -0.00287458 -0.0017386 0.00625891 0.00026953 0.00361523 -0.00152085 0.00904424 0.000215311 0.00116612 0.00222367 -0.000164352 2.21117e-05 -0.000425951 0.000559528 -0.0061474 0.000234819 0.00482765 -0.000651711 0.00176878 -0.00226088 -0.0031435 -0.00498212 0.0110204 -0.00266168 0.00507548 0.00274348
internal_weight=49212 44627.1 4584.97 2897.75 2879.32 2146.51 182.915 44307.6 695.664 252.372 73.0982 43611.9 7337.22 4099.71 3237.51 36274.7 19751.6 16523 732.809 1687.22 277.449 1409.77 709.305 315.899 700.47 550.042 153.547 123.902 393.406 87.8382
internal_count=515035 469443 45592 28118 28014 20920 1623 461245 4775 1653 458 456470 36540 21138 15402 419930 232460 187470 7094 17474 3858 13616 8039 2901 5577 4789 1692 2166 5138 963
cat_boundaries=0 1 2 3 4
cat_threshold=14025880 3671189 259 356
is_linear=0
shrinkage=0.03


Tree=230
num_leaves=31
num_cat=10
split_feature=45 52 53 43 0 26 34 53 7 67 53 56 2 32 42 2 47 2 45 2 15 12 45 53 16 2 49 53 47 14
split_gain=14.354 14.8161 14.809 20.5175 14.6034 14.5576 13.2087 13.1572 11.531 11.3976 17.0649 11.1858 10.7565 10.7444 10.192 9.13295 8.83809 13.3299 10.0568 8.8193 8.81002 8.73511 11.5944 14.9842 12.1941 11.1923 13.1623 12.0313 10.7996 12.7069
threshold=4.291666666666667 -1.3355123249178034 0 1.4310701586184302 0.013074373632927051 27.460000000000004 4.5000000000000009 1 203.50000000000003 2.8855647642791369 2 18.900000000000002 3 0.039422743356691804 0.80068456118237907 4 28.285000000000004 5 2.0833333333333335 6 6.5750000000000011 -0.055000000000000139 2.7083333333333335 7 3.7281470257322256 8 0.010327531144103902 9 49.595000000000006 0.03500000000000001
decision_type=2 2 1 2 2 2 2 1 2 2 1 2 1 2 2 1 2 1 2 1 2 2 2 1 2 1 2 1 2 2
left_child=9 6 3 5 11 -3 7 -2 15 21 16 14 -10 -13 -4 -6 17 -11 -18 -5 -12 22 23 24 -1 27 -27 -24 29 -23
right_child=1 2 4 19 8 -7 -8 -9 12 10 20 13 -14 -15 -16 -17 18 -19 -20 -21 -22 28 25 -25 -26 26 -28 -29 -30 -31
leaf_value=-0.0059579015465925193 0.0077283634735241585 0.00067465814069803814 0.0016393380935969008 -0.0003754692115362479 0.0021308248550265785 0.01515093616611672 -0.012173200982142989 -0.0066147788324381809 0.0074930023907325847 0 0.020007645327424096 -0.0077329916742197389 0.0012484363619084879 0.0072794952686683814 0.0101912533296323 0.017281340654493677 -0.019490586339793919 -0.017515768298360199 -0.0027509220275157842 -0.010148981277783712 -0.00035681293850774577 -0.001237950702006033 0.0033967871755336333 -0.00079573565119880636 0.011733797240551602 -0.0020771864905184587 0.0024939199615655839 -0.0003131624824917999 0.0014171207424064089 0.00028157797537996411
leaf_weight=1018.229661619303 95.621338117159894 1519.7256151513038 1535.4156519995545 152.79521310878181 76.217989886619762 63.615602241148736 126.63821000826488 111.7225701751604 502.0981456693562 63.04521053051576 17.581119358543219 193.91806261304009 536.98820342190902 51.285122652852806 137.04178807579365 115.81422156176131 34.208886109292507 115.6999442705519 413.70869286705965 218.98148935337849 778.02239729426492 6521.9629551941362 1240.6507307713168 1869.8959422469638 33.407497385516763 3289.7905400326217 677.71593955160643 2082.6808685740593 5125.9059043125271 20528.793521479984
leaf_count=8208 2383 22991 22042 2372 1161 475 3453 2937 7263 334 79 6839 7566 976 1355 1751 152 601 1829 3297 3631 71314 11581 14223 275 29391 7049 19896 25877 234014
internal_value=3.08195e-06 0.00145713 0.00186239 -0.00018063 0.0031304 0.00129359 -0.00462108 0 0.00569637 -0.000176768 -0.00281716 0.00147954 0.00438726 -0.00443823 0.00236934 0.0125071 -0.00646011 -0.0122632 -0.00417702 -0.00651753 0.00010333 -8.73395e-05 -0.000852128 -0.00244925 -0.00529594 -0.000207531 -0.00128471 0.00107006 0.000154498 -8.37373e-05
internal_weight=49249.2 5437.88 5103.9 1955.12 3148.78 1583.34 333.982 207.344 1231.12 43811.3 1422.27 1917.66 1039.09 245.203 1672.46 192.032 626.663 178.745 447.918 371.777 795.604 42389 10212.4 2921.53 1051.64 7290.84 3967.51 3323.33 32176.7 27050.8
internal_count=515315 86861 78088 29135 48953 23466 8773 5320 17741 428454 6626 31212 14829 7815 23397 2912 2916 935 1981 5669 3710 421828 90623 22706 8483 67917 36440 31477 331205 305328
cat_boundaries=0 1 2 3 4 5 6 7 8 9 10
cat_threshold=4834380 10042375 5951968 179297 201844 28949 172198 9031701 256131 4994578
is_linear=0
shrinkage=0.03


Tree=231
num_leaves=31
num_cat=8
split_feature=34 53 2 9 45 45 53 35 43 46 2 64 69 47 8 1 53 2 28 4 54 45 38 11 56 11 53 28 28 7
split_gain=14.3445 15.6489 17.4913 15.6582 11.5506 10.1511 11.2204 11.8259 10.911 10.461 10.4178 9.87953 9.68288 9.18993 19.0063 13.2368 8.98117 9.02973 10.3895 8.98641 12.999 9.61804 15.4552 14.511 9.21714 8.94515 8.84414 11.1043 8.68841 11.4876
threshold=3.5000000000000004 0 1 0.075000000000000552 1.4500000000000002 5.4500000000000011 2 36.115000000000002 1.2471420202093522 0.36249999999999999 3 4 -9.184850993605146e-16 6.5150000000000015 53.350000000000001 36.850000000000009 5 6 1.3900000000000003 3.6500000000000008 3.3000000000000003 2.6333333333333337 0.59063046413535736 -0.046153846153845497 19.900000000000002 -0.069941176470587937 7 1.6300000000000008 1.3900000000000003 1157.5000000000002
decision_type=2 1 1 2 2 2 1 2 2 2 1 1 2 2 2 2 1 1 2 2 2 2 2 2 2 2 1 2 2 2
left_child=16 2 4 28 -2 9 10 8 -8 13 -7 25 -11 15 -15 -3 17 18 -1 24 -21 22 -22 -23 26 -6 27 -18 -4 -30
right_child=1 5 3 -5 11 6 7 -9 -10 12 -12 -13 -14 14 -16 -17 19 -19 -20 20 21 23 -24 -25 -26 -27 -28 -29 29 -31
leaf_value=0.00038090593596545896 0.007725826586525898 -0.0028432387700959533 -0.00014372167801008756 -0.012007220822650464 0 0.008824480120120954 0.01376819473622478 -0.018401363341867618 -0.002424212458624825 0.055658304206597897 -0.011388214249903829 -0.0028469008311335533 0.0033100974735094926 0.004396695398142119 -0.00016308678465535057 0.0012755075459513041 -0.0082135599127416761 0.0017849884973402716 -0.0067373455299734727 0.00664063759439337 -0.0022632468462733322 0.0021857548168670062 0.0036146751433500947 -0.00030876019294753153 -0.017592860067232298 -0.010182756699490664 0.001978751496911858 0.029722460772438463 0.017757532917455705 -0.004033235088504397
leaf_weight=5481.0121750271701 81.31961950406685 2329.190762487483 3324.2631799818951 96.944099966531667 95.636756121079088 24.755067015835436 176.08467195646341 11.053095830458913 42.951926614398872 3.7523177069379008 51.874933477991135 3170.9392080364887 10.953614729340186 888.41098727621647 10729.233679059013 992.02334208451703 214.7338490885486 6432.7592315593747 188.79228869716917 261.96346673212793 2962.6588887339794 2875.3691494274535 460.61834978607749 7706.7535100909517 41.166810291860656 339.46330711026212 185.25357215293889 4.9356116529670535 53.728267248546217 31.57786369882524
leaf_count=54930 773 52850 35809 1921 920 632 4391 284 847 76 1175 36016 164 11007 72102 21764 11242 65120 2440 7069 21664 22616 2643 69316 1713 4197 10168 305 951 376
internal_value=-5.68724e-05 -0.000616776 -0.00176906 -0.000239286 -0.0032102 -7.02451e-05 0.00531116 0.00843793 0.010464 -0.000183374 -0.00420938 -0.00347818 0.0235271 -0.000211869 0.000183718 -0.00160394 0.00041085 0.00101588 0.000136062 -8.54786e-05 4.3759e-05 -7.84209e-05 -0.00146194 0.000366499 -0.00426951 -0.00773403 -0.00276145 -0.00666472 9.26591e-05 0.00943999
internal_weight=49270.2 22454.2 7193.87 3506.51 3687.36 15260.3 306.72 230.09 219.037 14953.6 76.63 3606.04 14.7059 14938.9 11617.6 3321.21 26816 12102.6 5669.8 14713.5 14267.4 14005.4 3423.28 10582.1 446.09 435.1 404.923 219.669 3409.57 85.3061
internal_count=515481 246255 80963 39057 41906 165292 7329 5522 5238 157963 1807 41133 240 157723 83109 74614 269226 122490 57370 146736 123308 116239 24307 91932 23428 5117 21715 11547 37136 1327
cat_boundaries=0 1 2 3 4 5 6 7 8
cat_threshold=700752 74992 1541 150209 384 767313 80267 10748430
is_linear=0
shrinkage=0.03


Tree=232
num_leaves=31
num_cat=12
split_feature=48 0 2 48 64 55 53 58 53 29 2 53 30 70 28 2 28 10 61 53 5 54 4 53 53 2 12 12 57 2
split_gain=13.6614 12.5563 16.6828 13.5769 13.1172 13.9696 12.6713 12.5986 12.2778 12.2307 12.7487 15.044 11.9011 11.5082 10.6613 10.5216 10.2427 11.4996 9.5273 9.37862 8.85752 11.3599 20.0987 17.6925 10.911 12.9853 10.0221 8.70258 8.19053 9.48774
threshold=0.070557773796565873 0.046166891998943409 0 0.073017783199734565 1 16.200000000000006 2 42.550000000000004 3 6.6150000000000011 4 5 0.48133481774382408 2.9142135623730954 0.69499999999999995 6 -0.47000000000000036 0.11499999999999977 0.07889822595704947 7 0.21500000000000002 5.9000000000000012 2.2500000000000004 8 9 10 0.09000000000000026 0.064999999999999961 0.5616000000000001 11
decision_type=2 2 1 2 1 2 1 2 1 2 1 1 2 2 2 1 2 2 2 1 2 2 2 1 1 1 2 2 2 1
left_child=28 9 12 7 5 -5 -6 13 -9 20 19 15 16 -4 -13 -12 18 -18 -3 -11 21 23 -23 -2 25 -22 -26 -21 -1 -30
right_child=1 2 3 4 6 -7 -8 8 -10 10 11 14 -14 -15 -16 -17 17 -19 -20 27 24 22 -24 -25 26 -27 -28 -29 29 -31
leaf_value=-0.00095938927102190256 0.0055880162137657433 0.0058348062358717576 0.012283067833702976 -0.010666845727809021 -0.0054007660600889976 0.004402670838559785 0.00074569897377295055 0.0095044690024257538 -0.0045635312393021788 -0.0067328067827611094 0.0076776382403232072 0.0064158690398718448 -0.0029807406852902195 -0.0045510342704824054 0.017729528707035751 -0.0021697909723854929 0.014616671758311738 -0.00067329952160235932 -0.013781888544574223 -5.5015614537644894e-05 0.011319235953711097 -0.011890603967436256 -2.4843893681903856e-05 -0.00034117477088086817 -0.010363427077042985 -0.007370659246963473 0.0073856273968517898 0.0091337409543012504 0.0042021033902101676 -6.8834979414744224e-05
leaf_weight=14999.207924108985 820.76743001632497 121.13863681147632 237.60391155222396 57.401037229289614 524.21863987668075 675.78987954186414 674.10824957081195 72.413093113340437 152.53418159603825 142.52069313286029 133.10475294751768 307.58138429799419 83.849730970465316 39.195602781548587 107.2814865397313 282.87503472101253 259.45112441179481 48.630094492248645 24.722734939306974 517.28912593196083 63.041025589900528 127.19145763611232 24450.035737873273 978.54060974776655 225.79965473262706 48.622635099882245 29.272530692266116 109.39691070383742 570.15954928360225 2330.7951232393971
leaf_count=141514 33798 727 1539 446 3542 4559 4738 537 1104 1140 984 2354 592 233 835 2136 1905 466 144 3916 2334 7746 230076 39883 8480 2423 1283 876 2831 11895
internal_value=-1.46467e-05 0.000362625 0.00221822 0.00112182 -2.01559e-06 0.00311392 -0.00194523 0.00551276 9.44922e-05 0.000166913 0.00271311 0.00525363 0.00695128 0.00977616 0.00926233 0.001038 0.00900915 0.0121177 0.00216554 -6.58679e-05 1.32615e-05 7.89249e-05 -8.84344e-05 0.00237914 -0.00460286 0.00301284 -0.00786236 0.00150137 -0.000676285 0.000776805
internal_weight=49214.5 31314.4 2971.06 2433.26 1931.52 733.191 1198.33 501.747 224.947 28343.3 1600.05 830.843 537.792 276.8 414.863 415.98 453.943 308.081 145.861 769.207 26743.3 26376.5 24577.2 1799.31 366.736 111.664 255.072 626.686 17900.2 2900.95
internal_count=515036 358796 20532 16698 13285 5005 8280 3413 1641 338264 12241 6309 3834 1772 3189 3120 3242 2371 871 5932 326023 311503 237822 73681 14520 4757 9763 4792 156240 14726
cat_boundaries=0 1 2 3 4 5 6 7 8 9 10 11 12
cat_threshold=34858 276 2704229 9715747 172390 4919052 6153 656514 6099403 429952 142424 40192
is_linear=0
shrinkage=0.03


Tree=233
num_leaves=31
num_cat=12
split_feature=29 48 7 45 28 53 47 53 53 32 2 2 28 29 47 53 10 58 53 8 47 53 60 2 53 14 53 35 2 37
split_gain=10.4988 10.8414 13.4982 24.0788 15.2607 14.2436 14.0759 12.2068 11.7321 11.041 12.2958 10.3105 9.71044 9.3188 13.4562 12.0807 10.7442 10.4875 10.3365 9.20114 20.6818 19.2269 12.5206 10.2966 9.90955 8.79613 8.33344 14.8713 14.2656 8.21219
threshold=1.635 0.076748515649190968 344.50000000000006 3.183333333333334 -1.8199999999999996 0 1.8450000000000004 1 2 0.057890928478939709 3 4 0.50000000000000022 5.2950000000000008 4.7550000000000017 5 0.25499999999999995 35.650000000000013 6 57.250000000000007 9.235000000000003 7 202.00000000000003 8 9 0.085000000000000006 10 21.065000000000001 11 8.2550000000000008
decision_type=2 2 2 2 2 1 2 1 1 2 1 1 2 2 2 1 2 2 1 2 2 1 2 1 1 2 1 2 1 2
left_child=-1 13 3 5 7 11 -7 -5 -6 26 -11 -3 -12 14 18 17 -17 -16 25 21 24 23 -23 -15 -21 -2 28 -28 -4 -22
right_child=1 2 9 4 8 6 -8 -9 -10 10 12 -13 -14 19 15 16 -18 -19 -20 20 29 22 -24 -25 -26 -27 27 -29 -30 -31
leaf_value=-0.022650425254367883 -0.0035775195971271437 0.0056103198372779205 -0.0020518254639068402 0.0037119669454869228 0.0056913933718353623 -0.010486121990080723 -0.0016742698763649686 -0.010416612685131365 0.0021983967873950875 -0.0010230735549248411 0.0049204607833632733 -0.0018946820963064977 0.019049929111264151 0.0091501526925069597 -0.00079916374012588168 0.00043300212455320351 0.03127651137563553 -0.0052160113810845914 -0.0051172714154489232 -0.0076339404632959594 -2.5686675055543177e-05 -0.00068262904994463428 0.0034404110645189687 0.0019833538557845263 -0.001909826336051195 0.002883983445782425 -0.0055048621705781472 -0.00052927412693624172 0.0022735516037624619 -0.010906126200628101
leaf_weight=16.43523714542971 407.67830501582534 372.04448017547656 995.35332965610132 82.044719663139517 1190.371520336924 193.14736254608965 1096.7447002678377 127.73302825233247 3533.4624330379693 329.35739664178664 394.05141637202678 275.61257412736109 50.304427273149486 361.33035873310973 1489.2561582086792 3734.266545428286 8.2259407695382816 730.70348970888062 1189.85912860755 442.69926567194398 18518.185110157276 2835.9547286566944 861.25877161468134 415.63549635281515 792.00972317559444 348.15943520108522 599.60153131960033 5590.9846536562063 2122.1407407282181 60.675690516829491
leaf_count=6224 9144 3199 12562 1189 18718 4067 7719 1515 49049 2994 3455 2420 583 5791 9069 29645 101 9019 28928 4514 121218 47480 12986 6427 7275 8478 7922 68583 24276 354
internal_value=-1.4738e-05 -5.63697e-06 0.000607723 0.00163313 0.00274759 -0.00118907 -0.00300788 -0.00508294 0.00310369 -8.83469e-05 0.00334649 0.0023947 0.00651937 -0.000329555 -0.00122399 -0.000510676 0.000524077 -0.00225969 -0.00339171 -3.7014e-05 -0.000315708 0.00119005 0.000270325 0.0054428 -0.00407264 -0.000554516 -0.00037774 -0.00101602 0.000880387 -6.40052e-05
internal_weight=49165.3 49148.9 16953 6871.16 4933.61 1937.55 1289.89 209.778 4723.83 10081.8 773.713 647.657 444.356 32195.9 7908.15 5962.45 3742.49 2219.96 1945.7 24287.7 19813.6 4474.18 3697.21 776.966 1234.71 755.838 9308.08 6190.59 3117.49 18578.9
internal_count=514904 508680 208251 87876 70471 17405 11786 2704 67767 120375 7032 5619 4038 300429 94384 47834 29746 18088 46550 206045 133361 72684 60466 12218 11789 17622 113343 76505 36838 121572
cat_boundaries=0 1 2 3 4 5 6 7 8 9 10 11 12
cat_threshold=599633 14586880 9572993 21657 96786 5702021 5813000 1052675 23659 9656368 467590 201603
is_linear=0
shrinkage=0.03


Tree=234
num_leaves=31
num_cat=10
split_feature=34 53 12 63 15 58 2 31 2 1 63 1 53 2 28 28 53 2 8 47 32 53 16 2 9 49 65 53 0 52
split_gain=9.52992 15.3802 15.0468 13.4444 14.2582 13.8634 12.0956 11.481 10.653 11.2078 11.0932 10.47 23.7991 16.1872 13.2061 10.6711 14.8915 11.6347 10.5559 16.1773 12.9392 13.621 11.7189 10.5408 10.4369 10.8587 10.2464 14.8054 10.1836 10.0982
threshold=4.5000000000000009 0 0.25499999999999995 1.4166666666666681 6.7550000000000008 39.850000000000001 1 0.15487018208459163 2 22.255000000000003 -1.2499999999999998 28.135000000000002 3 4 -1.6649999999999998 0.4449999999999999 5 6 41.550000000000004 1.1200000000000006 0.025866917497381754 7 0.017753024240270653 8 -0.016666666666666996 0.080833083308330819 0.38878024609169626 9 0.039215972624902458 1.3880858307767052
decision_type=2 1 2 2 2 2 1 2 1 2 2 2 1 1 2 2 1 1 2 2 2 1 2 1 2 2 2 1 2 2
left_child=11 7 3 8 5 -5 -4 -2 9 -3 -10 12 13 24 -14 18 17 -17 20 23 22 -22 -13 -20 -1 -26 -18 -28 -8 -21
right_child=1 2 6 4 -6 -7 28 -9 10 -11 -12 15 14 -15 -16 16 26 -19 19 29 21 -23 -24 -25 25 -27 27 -29 -30 -31
leaf_value=0.0013289003714376658 -0.0019493337473454058 0.005439852423102986 -0.0066342412222362935 0.0044560415199300409 -0.003791506696543474 -0.0050828692522412108 0.022912937280498872 0.017302179000014833 -0.00046815332963960171 -0.0013051243689782108 0.0027585873234257318 0.006344913392446621 -0.0093627598524089421 -0.0050036157323430945 0.0010504261125149968 0.0058198478388820354 0.00022026310627051873 0.0013274168626993107 -0.012533252972091818 -8.1330557225670495e-05 0.010164246913116829 0.0011424393279032016 -0.00032260630777966148 -0.00055264292436872848 -0.0032876829561919651 0.010369679814207049 -0.0013561665676905959 0.013441646505254206 -0.0037398397661554199 0.0021710491642917456
leaf_weight=1059.2421518043125 5354.2517568189942 238.84098955550508 22.163552919270842 453.32650319840923 1406.0281044560197 192.19797303226824 64.748358088686473 25.742191785946488 1451.8559176476851 2646.8939651104488 2739.0076360586331 283.34566269170364 109.73121503433867 1343.1527832792081 4768.0994293627737 1145.9685102948388 3629.8045150507587 1017.9379610650685 137.69379335976737 15468.956756126765 314.65779397198503 316.6586005040599 1368.518493464082 142.03251709232973 1217.3033828640891 51.884676817967375 110.76796320131507 118.75889374996041 13.0704731605947 2021.3659471143146
leaf_count=8480 60911 2509 261 4152 17655 2239 757 157 15855 28532 29062 9448 1182 14165 49148 13120 41716 11953 2394 116367 5791 5674 42312 2405 14870 399 934 1005 98 11600
internal_value=7.31433e-05 -0.000568628 0.000172443 4.12926e-05 -0.00209231 0.00156268 0.0116333 -0.00184183 0.000664494 -0.000730569 0.00163 0.00034478 -0.000564324 -0.00238634 0.000804634 0.000644009 0.0017522 0.0037393 0.000309513 6.09547e-05 0.00222917 0.00588285 0.000809229 -0.00706812 -0.000845841 -0.00269033 0.000617636 0.00674272 0.0160661 0.000177482
internal_weight=49234 14608.1 9228.13 9128.15 2051.55 645.524 99.9824 5379.99 7076.6 2885.73 4190.86 34625.9 8549.41 3671.58 4877.83 26076.5 6023.24 2163.91 20053.2 17770 2283.18 631.316 1651.86 279.726 2328.43 1269.19 3859.33 229.527 77.8188 17490.3
internal_count=515151 162188 101120 100004 24046 6391 1116 61068 75958 31041 44917 352963 88244 37914 50330 264719 68728 25073 195991 132766 63225 11465 51760 4799 23749 15269 43655 1939 855 127967
cat_boundaries=0 1 2 3 4 5 6 7 8 9 10
cat_threshold=8558898 32954 213699 15208069 26451 10689029 202300 8138520 205116 1843480
is_linear=0
shrinkage=0.03


Tree=235
num_leaves=31
num_cat=6
split_feature=28 20 45 42 53 34 53 58 58 45 46 0 29 65 64 28 28 69 53 21 44 45 53 21 54 53 14 26 35 13
split_gain=12.5077 13.577 14.38 9.12727 14.4867 10.1068 13.1804 12.366 11.6775 10.2308 16.7708 11.3863 9.50506 14.1045 9.59543 9.42946 9.55098 9.07585 8.92202 11.3142 9.79534 8.56524 12.1134 9.24795 16.9915 16.3671 10.681 8.43118 8.42585 10.0234
threshold=0.43500000000000011 -0.084999999999999937 5.0833333333333348 0.30428206726120394 0 3.5000000000000004 1 42.550000000000004 69.350000000000009 3.5500000000000003 0.094999999999999959 0.076304869078820156 7.1650000000000009 0.37883908920918075 2 0.39500000000000002 -0.71500000000000019 6.1819805153394656 3 -1.0000000180025095e-35 0.033471763595929606 1.7750000000000001 4 -0.034999999999999996 9.4000000000000021 5 0.13500000000000004 28.260000000000002 35.990000000000002 2.5000000000000004
decision_type=2 2 2 2 1 2 1 2 2 2 2 2 2 2 1 2 2 2 1 2 2 2 1 2 2 1 2 2 2 2
left_child=1 2 18 5 12 9 8 -8 -7 11 -11 -3 14 -14 -5 16 -6 21 28 20 -20 22 -2 24 26 -26 -23 -21 29 -1
right_child=17 3 -4 4 15 6 7 -9 -10 10 -12 -13 13 -15 -16 -17 -18 -19 19 27 -22 23 -24 -25 25 -27 -28 -29 -30 -31
leaf_value=0.00090299619578374348 0.0013148616706575088 -0.00037315498556586866 0.0093421751469097685 -0.0044530829235924592 -0.0015877560873783737 0.00033220551102253524 -0.0032969445669086455 5.186586537758172e-05 -0.0054771592122759656 0.00085748340677348743 0.0090515020547228577 -0.010202229698489813 -0.0052157875172668617 0.015193241550735679 0.0022042102492150321 -0.0099629090814497123 0.00060361708359523076 0.013523685428307631 -0.0034275474191154862 -0.0064214555636203539 0.0017529941453365669 0.0086340379667802485 -0.0071434224139082635 0.00067992961351482381 -0.0063643392057115078 0.0062625161934894815 0.029972212487525074 0.0030841821225134685 0.0019383917919227449 -0.0046160199604326239
leaf_weight=518.46238298197113 303.07037775021854 8049.8889271439957 96.559842239163117 190.04977660486838 3032.1564149311489 4076.2840211599914 3578.4428189635323 1348.6498108239616 334.93308344616798 2629.2963640436792 245.56648167685489 105.81533136769849 310.26770588300224 31.264589298516512 4920.4631845404392 90.176832077971085 4341.7462369834457 48.025602876850826 910.73444789948007 1021.827088176527 503.07905023400963 91.490251435347545 283.37248614466444 10236.877960703492 134.62864211160695 235.94425068524288 30.110255552630406 85.87460951320827 714.19367149436903 664.11859116889536
leaf_count=4372 2492 73199 2298 1914 27421 43292 38206 16658 4624 32820 4300 515 2268 191 46154 843 39319 501 8976 14137 3028 1480 2429 124231 1075 1739 549 791 6857 8209
internal_value=-0.000130739 -0.00039362 -0.0019377 -0.000183173 0.000439323 -0.000579381 -0.00130564 -0.00236976 -0.000104134 3.28647e-05 0.00157364 -0.000506829 0.00161403 -0.0031826 0.00194473 -0.000416514 -0.000293597 0.000740989 -0.00219512 -0.00336153 -0.00156309 0.000681705 -0.00283069 0.000876977 0.0048954 0.0015824 0.0145599 -0.00565327 -0.000605927 -0.00217363
internal_weight=49163.4 37799.9 4514.85 33285 12916.1 20368.9 9338.31 4927.09 4411.22 11030.6 2874.86 8155.7 5452.05 341.532 5110.51 7464.08 7373.9 11363.5 4418.29 2521.52 1413.81 11315.5 586.443 10729.1 492.173 370.573 121.601 1107.7 1896.77 1182.58
internal_count=514888 380392 48668 331724 118110 213614 102780 54864 47916 110834 37120 73714 50527 2459 48068 67583 66740 134496 46370 26932 12004 133995 4921 129074 4843 2814 2029 14928 19438 12581
cat_boundaries=0 1 2 3 4 5 6
cat_threshold=12739552 1857691 2 1394846 11577062 1370306
is_linear=0
shrinkage=0.03


end of trees

feature_importances:
venue_code_y=1190
branch=677
local_perf_diff=326
course_run_count=278
course_1st_rate=234
rank_skill_gap=232
local_win_rate=220
specialist_score=192
course_trifecta_rate=185
ex_diff_from_race_mean=182
anti_nige_potential=171
series_avg_rank=166
nige_rate=150
tenji_z_score=149
st_std_dev=141
exhibition_start_timing=127
wind_makurizashi_cross=119
level_adjusted_win_rate=115
wind_nige_vulnerability=104
ex_momentum_diff=98
motor_rate=98
sashi_rate=97
inner_st_gap=88
wall_strength=87
sashi_potential=85
makurizashi_rate=84
wind_direction=78
venue_course_2nd_rate=70
slit_formation=67
racer_rank_num=66
inner_st_gap_corrected=65
wind_makuri_cross=63
boat_rate=61
makuri_potential=61
ex_momentum_deviation=60
motor_rank=59
venue_course_1st_rate=53
wave_weight_prod=52
nat_quinella_rate=50
venue_frame_win_rate=50
course_quinella_rate=47
weight_diff=47
exhibition_time=46
follow_potential=45
nat_win_rate=43
venue_course_3rd_rate=42
ex_diff_from_race_min=41
wave_weight_ratio=41
makuri_rate=37
course_avg_st=33
strong_wind_makuri=32
pred_course=27
wind_vector_long=25
wind_vector_lat=22
corrected_st=21
rank_numeric=20
wind_speed=16
ex_rank_in_race=11
motor_gap=11
weight=11
linear_rank=4
high_wave_heavy_penalty=2
high_wave_inner_risk=2
is_strong_wind=2
strong_wind_outer_adv=1
tenji_rank=1

parameters:
[boosting: gbdt]
[objective: binary]
[metric: binary_logloss]
[tree_learner: serial]
[device_type: cpu]
[data_sample_strategy: bagging]
[data: ]
[valid: ]
[num_iterations: 1000]
[learning_rate: 0.03]
[num_leaves: 31]
[num_threads: -1]
[seed: 42]
[deterministic: 0]
[force_col_wise: 0]
[force_row_wise: 0]
[histogram_pool_size: -1]
[max_depth: 6]
[min_data_in_leaf: 50]
[min_sum_hessian_in_leaf: 0.001]
[bagging_fraction: 0.8]
[pos_bagging_fraction: 1]
[neg_bagging_fraction: 1]
[bagging_freq: 1]
[bagging_seed: 400]
[bagging_by_query: 0]
[feature_fraction: 0.8]
[feature_fraction_bynode: 1]
[feature_fraction_seed: 30056]
[extra_trees: 0]
[extra_seed: 12879]
[early_stopping_round: 0]
[early_stopping_min_delta: 0]
[first_metric_only: 0]
[max_delta_step: 0]
[lambda_l1: 1]
[lambda_l2: 2]
[linear_lambda: 0]
[min_gain_to_split: 0]
[drop_rate: 0.1]
[max_drop: 50]
[skip_drop: 0.5]
[xgboost_dart_mode: 0]
[uniform_drop: 0]
[drop_seed: 17869]
[top_rate: 0.2]
[other_rate: 0.1]
[min_data_per_group: 100]
[max_cat_threshold: 32]
[cat_l2: 10]
[cat_smooth: 10]
[max_cat_to_onehot: 4]
[top_k: 20]
[monotone_constraints: ]
[monotone_constraints_method: basic]
[monotone_penalty: 0]
[feature_contri: ]
[forcedsplits_filename: ]
[refit_decay_rate: 0.9]
[cegb_tradeoff: 1]
[cegb_penalty_split: 0]
[cegb_penalty_feature_lazy: ]
[cegb_penalty_feature_coupled: ]
[path_smooth: 0]
[interaction_constraints: ]
[verbosity: -1]
[saved_feature_importance_type: 0]
[use_quantized_grad: 0]
[num_grad_quant_bins: 4]
[quant_train_renew_leaf: 0]
[stochastic_rounding: 1]
[linear_tree: 0]
[max_bin: 255]
[max_bin_by_feature: ]
[min_data_in_bin: 3]
[bin_construct_sample_cnt: 200000]
[data_random_seed: 175]
[is_enable_sparse: 1]
[enable_bundle: 1]
[use_missing: 1]
[zero_as_missing: 0]
[feature_pre_filter: 1]
[pre_partition: 0]
[two_round: 0]
[header: 0]
[label_column: ]
[weight_column: ]
[group_column: ]
[ignore_column: ]
[categorical_feature: 2,53,64]
[forcedbins_filename: ]
[precise_float_parser: 0]
[parser_config_file: ]
[objective_seed: 16083]
[num_class: 1]
[is_unbalance: 0]
[scale_pos_weight: 1]
[sigmoid: 1]
[boost_from_average: 1]
[reg_sqrt: 0]
[alpha: 0.9]
[fair_c: 1]
[poisson_max_delta_step: 0.7]
[tweedie_variance_power: 1.5]
[lambdarank_truncation_level: 30]
[lambdarank_norm: 1]
[label_gain: ]
[lambdarank_position_bias_regularization: 0]
[eval_at: ]
[multi_error_top_k: 1]
[auc_mu_weights: ]
[num_machines: 1]
[local_listen_port: 12400]
[time_out: 120]
[machine_list_filename: ]
[machines: ]
[gpu_platform_id: -1]
[gpu_device_id: -1]
[gpu_use_dp: 0]
[num_gpu: 1]

end of parameters

pandas_categorical:[["\u4e09\u91cd", "\u4f50\u8cc0", "\u5175\u5eab", "\u57fc\u7389", "\u5927\u962a", "\u5c71\u53e3", "\u5ca1\u5c71", "\u5e83\u5cf6", "\u5fb3\u5cf6", "\u611b\u77e5", "\u6771\u4eac", "\u6ecb\u8cc0", "\u798f\u4e95", "\u798f\u5ca1", "\u7fa4\u99ac", "\u9577\u5d0e", "\u9759\u5ca1", "\u9999\u5ddd"], ["01", "02", "03", "04", "05", "06", "07", "08", "09", "10", "11", "12", "13", "14", "15", "16", "17", "18", "19", "20", "21", "22", "23", "24"], ["\u5317", "\u5317\u6771", "\u5317\u897f", "\u5357", "\u5357\u6771", "\u5357\u897f", "\u6771", "\u7121\u98a8", "\u897f"]]
